msg_id,text,timestamp,source_type
0,quick compress data quick lazy o,0.06492785331728958,SYNTHETIC_ROBUSTNESS
1,quick fox jumps data compress th,0.4457824737188407,SYNTHETIC_ROBUSTNESS
2,brown brown brown over brown laz,0.6155219449914036,SYNTHETIC_ROBUSTNESS
3,brown brown brown over brown laz,0.7754184004070479,SYNTHETIC_ROBUSTNESS
4,fox stream fox fox over dogaaaaa,0.863056485472762,SYNTHETIC_ROBUSTNESS
5,stream over brown stream quick d,0.9248883376334663,SYNTHETIC_ROBUSTNESS
6,quick fox jumps data compress th,1.1498977510585613,SYNTHETIC_ROBUSTNESS
7,stream over brown stream quick d,1.3131463816214397,SYNTHETIC_ROBUSTNESS
8,brown compress lazy fox the over,1.3858765492164076,SYNTHETIC_ROBUSTNESS
9,compress over quick jumps the fo,1.4174148794591235,SYNTHETIC_ROBUSTNESS
10,stream compress compress over fo,1.433347213420182,SYNTHETIC_ROBUSTNESS
11,over stream quick quick jumps br,1.5138010665077037,SYNTHETIC_ROBUSTNESS
12,jumps lazy jumps fox lazy compre,1.5489030230597178,SYNTHETIC_ROBUSTNESS
13,quick compress data quick lazy o,1.5795848621546291,SYNTHETIC_ROBUSTNESS
14,quick compress data quick lazy o,1.5907659042484168,SYNTHETIC_ROBUSTNESS
15,over fox stream quick compress l,1.594273996509442,SYNTHETIC_ROBUSTNESS
16,stream over brown stream quick d,1.7472229740030694,SYNTHETIC_ROBUSTNESS
17,quick compress data quick lazy o,1.7586502145227931,SYNTHETIC_ROBUSTNESS
18,stream quick data stream dog fox,1.9781215079353034,SYNTHETIC_ROBUSTNESS
19,over fox stream quick compress l,2.002173727786116,SYNTHETIC_ROBUSTNESS
20,lazy lazy over over jumps dataaa,2.144750326398666,SYNTHETIC_ROBUSTNESS
21,quick compress data quick lazy o,2.3179105873734183,SYNTHETIC_ROBUSTNESS
22,dog lazy dog quick brown streama,2.475199935346045,SYNTHETIC_ROBUSTNESS
23,quick compress data quick lazy o,2.6814432914856767,SYNTHETIC_ROBUSTNESS
24,data compress lazy stream dog th,2.7229525504346417,SYNTHETIC_ROBUSTNESS
25,over fox brown the data lazyaaaa,3.1490289034806724,SYNTHETIC_ROBUSTNESS
26,compress stream the dog data ove,3.1818230344337186,SYNTHETIC_ROBUSTNESS
27,data compress data stream lazy b,3.4540857625160535,SYNTHETIC_ROBUSTNESS
28,dog lazy dog quick brown streama,3.511611527770096,SYNTHETIC_ROBUSTNESS
29,dog brown the brown dog dataaaaa,3.5174732159160156,SYNTHETIC_ROBUSTNESS
30,lazy quick compress the jumps da,3.6711460970606695,SYNTHETIC_ROBUSTNESS
31,quick compress data quick lazy o,3.8259854739603734,SYNTHETIC_ROBUSTNESS
32,lazy quick brown compress quick ,3.847962635039551,SYNTHETIC_ROBUSTNESS
33,quick fox jumps data compress th,4.021413128315523,SYNTHETIC_ROBUSTNESS
34,over fox stream quick compress l,4.038560715117981,SYNTHETIC_ROBUSTNESS
35,brown brown brown over brown laz,4.054981180538126,SYNTHETIC_ROBUSTNESS
36,lazy fox over dog over brownaaaa,4.2204871169314995,SYNTHETIC_ROBUSTNESS
37,brown brown brown over brown laz,4.254767015168178,SYNTHETIC_ROBUSTNESS
38,over stream quick quick jumps br,4.2627663848648085,SYNTHETIC_ROBUSTNESS
39,quick compress data quick lazy o,4.575907807531063,SYNTHETIC_ROBUSTNESS
40,quick the data fox dog streamaaa,4.657335423379457,SYNTHETIC_ROBUSTNESS
41,compress over quick jumps the fo,4.71677018557601,SYNTHETIC_ROBUSTNESS
42,fox stream fox fox over dogaaaaa,4.786910309525557,SYNTHETIC_ROBUSTNESS
43,brown brown brown over brown laz,4.897913112784138,SYNTHETIC_ROBUSTNESS
44,dog lazy dog quick brown streama,5.095721524930826,SYNTHETIC_ROBUSTNESS
45,brown compress lazy fox the over,5.2073723382559916,SYNTHETIC_ROBUSTNESS
46,compress quick jumps over lazy o,5.341897712206303,SYNTHETIC_ROBUSTNESS
47,brown brown brown over brown laz,5.361761476121264,SYNTHETIC_ROBUSTNESS
48,quick compress data quick lazy o,5.410227417539342,SYNTHETIC_ROBUSTNESS
49,dog lazy dog quick brown streama,5.498129270905201,SYNTHETIC_ROBUSTNESS
50,over fox stream quick compress l,5.594731609499155,SYNTHETIC_ROBUSTNESS
51,fox stream fox fox over dogaaaaa,5.626297675898723,SYNTHETIC_ROBUSTNESS
52,brown compress lazy fox the over,5.995114654097192,SYNTHETIC_ROBUSTNESS
53,over fox stream quick compress l,6.007692063897034,SYNTHETIC_ROBUSTNESS
54,fox quick over compress jumps la,6.0196017679228815,SYNTHETIC_ROBUSTNESS
55,stream over brown stream quick d,6.04562794140465,SYNTHETIC_ROBUSTNESS
56,over fox stream quick compress l,6.185835063899005,SYNTHETIC_ROBUSTNESS
57,over stream quick quick jumps br,6.189558666293798,SYNTHETIC_ROBUSTNESS
58,brown compress lazy fox the over,6.630731226661146,SYNTHETIC_ROBUSTNESS
59,dog lazy dog quick brown streama,7.070786518002209,SYNTHETIC_ROBUSTNESS
60,over fox stream quick compress l,7.088184268142473,SYNTHETIC_ROBUSTNESS
61,dog lazy dog quick brown streama,7.139467577594277,SYNTHETIC_ROBUSTNESS
62,brown compress lazy fox the over,7.162272802958817,SYNTHETIC_ROBUSTNESS
63,over fox brown lazy quick theaaa,7.2147002370565625,SYNTHETIC_ROBUSTNESS
64,brown quick stream jumps quick b,7.290813467538433,SYNTHETIC_ROBUSTNESS
65,compress over quick jumps the fo,7.463822696731361,SYNTHETIC_ROBUSTNESS
66,fox stream fox fox over dogaaaaa,7.46746910731223,SYNTHETIC_ROBUSTNESS
67,compress over quick jumps the fo,7.900965636489841,SYNTHETIC_ROBUSTNESS
68,stream over brown stream quick d,8.183249404055761,SYNTHETIC_ROBUSTNESS
69,over fox stream quick compress l,8.267743504470488,SYNTHETIC_ROBUSTNESS
70,over quick brown stream over str,8.333308680498064,SYNTHETIC_ROBUSTNESS
71,over stream quick quick jumps br,8.413302831410098,SYNTHETIC_ROBUSTNESS
72,over quick quick data the stream,8.415164139414014,SYNTHETIC_ROBUSTNESS
73,quick compress data quick lazy o,8.548984180288391,SYNTHETIC_ROBUSTNESS
74,quick fox jumps data compress th,8.617588623643439,SYNTHETIC_ROBUSTNESS
75,quick fox jumps data compress th,8.651281446425855,SYNTHETIC_ROBUSTNESS
76,quick fox jumps data compress th,8.71318631391029,SYNTHETIC_ROBUSTNESS
77,over fox stream quick compress l,8.747797662670724,SYNTHETIC_ROBUSTNESS
78,brown compress lazy fox the over,8.868178535275469,SYNTHETIC_ROBUSTNESS
79,brown compress lazy fox the over,8.963482877564381,SYNTHETIC_ROBUSTNESS
80,brown brown brown over brown laz,9.01260030892642,SYNTHETIC_ROBUSTNESS
81,brown compress lazy fox the over,9.050323348784694,SYNTHETIC_ROBUSTNESS
82,data over stream fox fox lazyaaa,9.26072681309459,SYNTHETIC_ROBUSTNESS
83,brown compress lazy fox the over,9.375372276060197,SYNTHETIC_ROBUSTNESS
84,fox stream fox dog dog brownaaaa,9.501173584697275,SYNTHETIC_ROBUSTNESS
85,stream brown brown brown quick d,9.597565709448203,SYNTHETIC_ROBUSTNESS
86,over stream quick quick jumps br,9.605386791051496,SYNTHETIC_ROBUSTNESS
87,brown compress lazy fox the over,9.611495903324398,SYNTHETIC_ROBUSTNESS
88,stream over brown stream quick d,9.6675625530193,SYNTHETIC_ROBUSTNESS
89,data quick lazy the brown theaaa,9.934205343870227,SYNTHETIC_ROBUSTNESS
90,quick fox jumps data compress th,10.008587953168117,SYNTHETIC_ROBUSTNESS
91,data stream jumps dog over lazya,10.217242233247113,SYNTHETIC_ROBUSTNESS
92,over fox stream quick compress l,10.22739566684502,SYNTHETIC_ROBUSTNESS
93,over compress dog data the compr,10.356225745305963,SYNTHETIC_ROBUSTNESS
94,brown brown brown over brown laz,10.38437425729606,SYNTHETIC_ROBUSTNESS
95,over fox stream quick compress l,10.458712289386458,SYNTHETIC_ROBUSTNESS
96,over stream quick quick jumps br,10.493373587294677,SYNTHETIC_ROBUSTNESS
97,quick fox jumps data compress th,10.61796888422207,SYNTHETIC_ROBUSTNESS
98,quick compress data quick lazy o,10.669199731948826,SYNTHETIC_ROBUSTNESS
99,over stream quick quick jumps br,10.731220727044542,SYNTHETIC_ROBUSTNESS
100,over over jumps jumps fox overaa,10.759370235276231,SYNTHETIC_ROBUSTNESS
101,stream over brown stream quick d,10.7924233494121,SYNTHETIC_ROBUSTNESS
102,compress jumps data lazy brown s,10.812204523560096,SYNTHETIC_ROBUSTNESS
103,quick compress data quick lazy o,10.892902997702786,SYNTHETIC_ROBUSTNESS
104,over fox stream quick compress l,10.908568022688243,SYNTHETIC_ROBUSTNESS
105,over stream quick quick jumps br,10.939793182211934,SYNTHETIC_ROBUSTNESS
106,quick fox jumps data compress th,11.015393649412193,SYNTHETIC_ROBUSTNESS
107,brown brown brown over brown laz,11.047528745439026,SYNTHETIC_ROBUSTNESS
108,compress over quick jumps the fo,11.136323288636456,SYNTHETIC_ROBUSTNESS
109,lazy dog quick brown fox compres,11.137749815770086,SYNTHETIC_ROBUSTNESS
110,quick fox jumps data compress th,11.499770219817684,SYNTHETIC_ROBUSTNESS
111,over stream quick quick jumps br,11.630699424634726,SYNTHETIC_ROBUSTNESS
112,quick fox jumps data compress th,11.700780900488962,SYNTHETIC_ROBUSTNESS
113,brown brown brown over brown laz,11.95440668861241,SYNTHETIC_ROBUSTNESS
114,brown brown brown over brown laz,12.158248995424438,SYNTHETIC_ROBUSTNESS
115,stream over brown stream quick d,12.203907098291667,SYNTHETIC_ROBUSTNESS
116,stream over brown stream quick d,12.216251533929373,SYNTHETIC_ROBUSTNESS
117,data dog compress stream compres,12.245317837316845,SYNTHETIC_ROBUSTNESS
118,brown brown brown over brown laz,12.268724292898558,SYNTHETIC_ROBUSTNESS
119,quick compress over jumps the qu,12.407376705866893,SYNTHETIC_ROBUSTNESS
120,stream over brown stream quick d,12.486808331240729,SYNTHETIC_ROBUSTNESS
121,data dog over quick the streamaa,12.676585806599649,SYNTHETIC_ROBUSTNESS
122,over fox stream quick compress l,12.743861602754308,SYNTHETIC_ROBUSTNESS
123,brown compress lazy fox the over,12.890727101859314,SYNTHETIC_ROBUSTNESS
124,fox quick compress compress quic,12.929797979526242,SYNTHETIC_ROBUSTNESS
125,brown compress lazy fox the over,13.021966204281542,SYNTHETIC_ROBUSTNESS
126,brown brown brown over brown laz,13.123964851831161,SYNTHETIC_ROBUSTNESS
127,over fox stream quick compress l,13.266379882287403,SYNTHETIC_ROBUSTNESS
128,dog lazy dog quick brown streama,13.42706820035116,SYNTHETIC_ROBUSTNESS
129,brown brown brown over brown laz,13.45943409414136,SYNTHETIC_ROBUSTNESS
130,over stream quick quick jumps br,13.508056826844422,SYNTHETIC_ROBUSTNESS
131,brown brown brown over brown laz,13.531267069447075,SYNTHETIC_ROBUSTNESS
132,quick compress data quick lazy o,13.669033984198386,SYNTHETIC_ROBUSTNESS
133,stream over brown stream quick d,13.700604870622183,SYNTHETIC_ROBUSTNESS
134,brown brown brown over brown laz,13.750201724801139,SYNTHETIC_ROBUSTNESS
135,lazy stream quick stream lazy co,13.912670320102485,SYNTHETIC_ROBUSTNESS
136,the jumps the brown dog jumpsaaa,13.954191965999549,SYNTHETIC_ROBUSTNESS
137,jumps the compress the over foxa,13.988652531621645,SYNTHETIC_ROBUSTNESS
138,brown brown brown over brown laz,14.093972867362453,SYNTHETIC_ROBUSTNESS
139,lazy quick data quick quick thea,14.464366433684457,SYNTHETIC_ROBUSTNESS
140,dog lazy dog quick brown streama,14.470833510044839,SYNTHETIC_ROBUSTNESS
141,fox stream fox fox over dogaaaaa,14.650886333061576,SYNTHETIC_ROBUSTNESS
142,compress fox over jumps stream t,14.663852204234127,SYNTHETIC_ROBUSTNESS
143,over stream quick quick jumps br,14.706148655161359,SYNTHETIC_ROBUSTNESS
144,dog lazy dog quick brown streama,14.760057094072193,SYNTHETIC_ROBUSTNESS
145,stream over brown stream quick d,14.886904443616674,SYNTHETIC_ROBUSTNESS
146,over fox stream quick compress l,15.148041172986492,SYNTHETIC_ROBUSTNESS
147,dog lazy dog quick brown streama,15.158800914583356,SYNTHETIC_ROBUSTNESS
148,brown compress lazy fox the over,15.295374999347914,SYNTHETIC_ROBUSTNESS
149,brown compress lazy fox the over,15.334278933925368,SYNTHETIC_ROBUSTNESS
150,dog lazy dog quick brown streama,15.566466934451048,SYNTHETIC_ROBUSTNESS
151,brown compress lazy fox the over,15.599069983481705,SYNTHETIC_ROBUSTNESS
152,dog lazy dog quick brown streama,15.71744189686341,SYNTHETIC_ROBUSTNESS
153,brown brown brown over brown laz,15.735445011086592,SYNTHETIC_ROBUSTNESS
154,over stream quick quick jumps br,16.052327653299045,SYNTHETIC_ROBUSTNESS
155,brown brown brown over brown laz,16.05276102485796,SYNTHETIC_ROBUSTNESS
156,the over over data over foxaaaaa,16.07926857556523,SYNTHETIC_ROBUSTNESS
157,brown brown brown over brown laz,16.1919525052332,SYNTHETIC_ROBUSTNESS
158,over stream quick quick jumps br,16.384042030827068,SYNTHETIC_ROBUSTNESS
159,over stream quick quick jumps br,16.888522932289433,SYNTHETIC_ROBUSTNESS
160,brown compress lazy fox the over,16.907549511606593,SYNTHETIC_ROBUSTNESS
161,quick compress over fox stream b,16.944242797828192,SYNTHETIC_ROBUSTNESS
162,fox stream fox fox over dogaaaaa,17.16666827924312,SYNTHETIC_ROBUSTNESS
163,compress over quick jumps the fo,17.169972255952956,SYNTHETIC_ROBUSTNESS
164,quick fox jumps data compress th,17.302143523408976,SYNTHETIC_ROBUSTNESS
165,over stream quick quick jumps br,17.357143823851942,SYNTHETIC_ROBUSTNESS
166,jumps stream brown over over laz,17.47388156313678,SYNTHETIC_ROBUSTNESS
167,over over jumps dog quick dataaa,17.54830458586083,SYNTHETIC_ROBUSTNESS
168,stream over brown stream quick d,17.646952272766462,SYNTHETIC_ROBUSTNESS
169,brown compress lazy fox the over,17.756812614709055,SYNTHETIC_ROBUSTNESS
170,over fox stream quick compress l,17.856575152131793,SYNTHETIC_ROBUSTNESS
171,stream over brown stream quick d,17.965807257521092,SYNTHETIC_ROBUSTNESS
172,over stream quick quick jumps br,18.0498207990077,SYNTHETIC_ROBUSTNESS
173,the over compress lazy dog dataa,18.174960564530167,SYNTHETIC_ROBUSTNESS
174,brown compress lazy fox the over,18.32458196690636,SYNTHETIC_ROBUSTNESS
175,quick data over quick data lazya,18.47966840914357,SYNTHETIC_ROBUSTNESS
176,quick quick jumps quick over ove,18.67175033575138,SYNTHETIC_ROBUSTNESS
177,over stream quick quick jumps br,18.709788922607817,SYNTHETIC_ROBUSTNESS
178,quick compress data quick lazy o,18.846741863109163,SYNTHETIC_ROBUSTNESS
179,stream stream brown stream over ,19.139851159990556,SYNTHETIC_ROBUSTNESS
180,compress over quick jumps the fo,19.185653619147278,SYNTHETIC_ROBUSTNESS
181,compress quick lazy quick stream,19.33599987980636,SYNTHETIC_ROBUSTNESS
182,over stream quick quick jumps br,19.370455148279827,SYNTHETIC_ROBUSTNESS
183,data data dog over fox streamaaa,19.389761363233497,SYNTHETIC_ROBUSTNESS
184,compress over quick jumps the fo,19.44889750850262,SYNTHETIC_ROBUSTNESS
185,lazy brown fox the fox theaaaaaa,19.613161906231852,SYNTHETIC_ROBUSTNESS
186,over fox stream quick compress l,19.649852115378135,SYNTHETIC_ROBUSTNESS
187,over stream quick quick jumps br,19.68479926311209,SYNTHETIC_ROBUSTNESS
188,quick compress data quick lazy o,19.717327278268215,SYNTHETIC_ROBUSTNESS
189,stream over brown stream quick d,19.74193280450094,SYNTHETIC_ROBUSTNESS
190,stream over brown stream quick d,19.836378934967456,SYNTHETIC_ROBUSTNESS
191,fox stream fox fox over dogaaaaa,19.864262650096272,SYNTHETIC_ROBUSTNESS
192,over fox stream quick compress l,20.13745005814301,SYNTHETIC_ROBUSTNESS
193,dog lazy dog quick brown streama,20.17990430813897,SYNTHETIC_ROBUSTNESS
194,dog lazy dog quick brown streama,20.258080020390988,SYNTHETIC_ROBUSTNESS
195,fox stream fox fox over dogaaaaa,20.31070279371082,SYNTHETIC_ROBUSTNESS
196,dog lazy dog quick brown streama,20.639621180392645,SYNTHETIC_ROBUSTNESS
197,quick compress data quick lazy o,20.694787939361202,SYNTHETIC_ROBUSTNESS
198,over fox stream quick compress l,20.777729186787912,SYNTHETIC_ROBUSTNESS
199,data jumps the lazy dog foxaaaaa,20.921877450948624,SYNTHETIC_ROBUSTNESS
200,over fox quick fox quick jumpsaa,20.94066674020503,SYNTHETIC_ROBUSTNESS
201,over fox compress quick over qui,20.943985383282246,SYNTHETIC_ROBUSTNESS
202,brown compress lazy fox the over,21.00466763835086,SYNTHETIC_ROBUSTNESS
203,over stream quick quick jumps br,21.084660969090148,SYNTHETIC_ROBUSTNESS
204,fox stream fox fox over dogaaaaa,21.118496916141147,SYNTHETIC_ROBUSTNESS
205,quick fox jumps data compress th,21.180580436105412,SYNTHETIC_ROBUSTNESS
206,over fox stream quick compress l,21.276073316102273,SYNTHETIC_ROBUSTNESS
207,dog lazy dog quick brown streama,21.63828125521889,SYNTHETIC_ROBUSTNESS
208,data fox the dog the lazyaaaaaaa,21.73035560725303,SYNTHETIC_ROBUSTNESS
209,fox stream fox fox over dogaaaaa,21.789931758560886,SYNTHETIC_ROBUSTNESS
210,brown brown brown over brown laz,21.792210372299014,SYNTHETIC_ROBUSTNESS
211,stream fox the brown stream foxa,21.829401302548302,SYNTHETIC_ROBUSTNESS
212,dog dog dog data jumps dataaaaaa,21.873793724015723,SYNTHETIC_ROBUSTNESS
213,brown brown brown over brown laz,21.938600507531724,SYNTHETIC_ROBUSTNESS
214,quick fox jumps data compress th,22.091005029114797,SYNTHETIC_ROBUSTNESS
215,stream over brown stream quick d,22.240565685971262,SYNTHETIC_ROBUSTNESS
216,stream compress fox data data da,22.427183378038208,SYNTHETIC_ROBUSTNESS
217,brown compress lazy fox the over,22.461431360891407,SYNTHETIC_ROBUSTNESS
218,compress over quick jumps the fo,22.50396641402681,SYNTHETIC_ROBUSTNESS
219,quick compress data quick lazy o,22.520246415700136,SYNTHETIC_ROBUSTNESS
220,quick compress data quick lazy o,22.715028656654614,SYNTHETIC_ROBUSTNESS
221,compress over quick jumps the fo,22.820651535596333,SYNTHETIC_ROBUSTNESS
222,compress over quick jumps the fo,22.828723735894528,SYNTHETIC_ROBUSTNESS
223,compress over quick jumps the fo,22.864915027976274,SYNTHETIC_ROBUSTNESS
224,jumps over lazy stream stream qu,22.881488030202906,SYNTHETIC_ROBUSTNESS
225,jumps fox data the compress data,23.22960354786289,SYNTHETIC_ROBUSTNESS
226,compress over quick jumps the fo,23.26884898080403,SYNTHETIC_ROBUSTNESS
227,brown brown brown over brown laz,23.337459646846792,SYNTHETIC_ROBUSTNESS
228,stream over brown stream quick d,23.375717842783097,SYNTHETIC_ROBUSTNESS
229,quick fox jumps data compress th,23.440019640263742,SYNTHETIC_ROBUSTNESS
230,dog lazy dog quick brown streama,24.098742429618216,SYNTHETIC_ROBUSTNESS
231,fox stream fox fox over dogaaaaa,24.13262435714949,SYNTHETIC_ROBUSTNESS
232,brown brown brown over brown laz,24.1658396026621,SYNTHETIC_ROBUSTNESS
233,quick lazy quick quick the dataa,24.2122623682907,SYNTHETIC_ROBUSTNESS
234,stream over brown stream quick d,24.230813043509983,SYNTHETIC_ROBUSTNESS
235,brown compress lazy fox the over,24.365133366248152,SYNTHETIC_ROBUSTNESS
236,over fox stream quick compress l,24.412830599884764,SYNTHETIC_ROBUSTNESS
237,brown brown brown over brown laz,24.49978533676641,SYNTHETIC_ROBUSTNESS
238,over fox stream quick compress l,24.608050300480922,SYNTHETIC_ROBUSTNESS
239,compress dog fox dog data compre,24.61165900109159,SYNTHETIC_ROBUSTNESS
240,quick compress data quick lazy o,24.714942240214487,SYNTHETIC_ROBUSTNESS
241,the compress quick jumps data br,24.791035466774495,SYNTHETIC_ROBUSTNESS
242,over stream quick quick jumps br,24.799683935842136,SYNTHETIC_ROBUSTNESS
243,brown compress lazy fox the over,24.812978408976395,SYNTHETIC_ROBUSTNESS
244,brown compress lazy fox the over,24.87110293602992,SYNTHETIC_ROBUSTNESS
245,stream over brown stream quick d,24.913614791023768,SYNTHETIC_ROBUSTNESS
246,compress over stream jumps fox c,24.97115045973647,SYNTHETIC_ROBUSTNESS
247,stream over brown stream quick d,25.072077471019387,SYNTHETIC_ROBUSTNESS
248,dog over the quick dog theaaaaaa,25.088851289668163,SYNTHETIC_ROBUSTNESS
249,fox stream fox fox over dogaaaaa,25.19745385742592,SYNTHETIC_ROBUSTNESS
250,lazy stream stream fox the strea,25.36789818327881,SYNTHETIC_ROBUSTNESS
251,quick fox jumps data compress th,25.36819143605391,SYNTHETIC_ROBUSTNESS
252,dog lazy dog quick brown streama,25.414151405943848,SYNTHETIC_ROBUSTNESS
253,the lazy lazy quick compress qui,25.446332886948998,SYNTHETIC_ROBUSTNESS
254,brown brown brown over brown laz,25.502896233801977,SYNTHETIC_ROBUSTNESS
255,fox stream fox fox over dogaaaaa,25.598419848383283,SYNTHETIC_ROBUSTNESS
256,dog lazy dog quick brown streama,25.619192314618175,SYNTHETIC_ROBUSTNESS
257,quick fox jumps data compress th,25.63359039366517,SYNTHETIC_ROBUSTNESS
258,dog lazy dog quick brown streama,25.764094430129525,SYNTHETIC_ROBUSTNESS
259,over stream quick quick jumps br,25.879852072685498,SYNTHETIC_ROBUSTNESS
260,over fox stream quick compress l,25.941627196815247,SYNTHETIC_ROBUSTNESS
261,stream over brown stream quick d,26.01120681095529,SYNTHETIC_ROBUSTNESS
262,compress over quick jumps the fo,26.04265887930135,SYNTHETIC_ROBUSTNESS
263,over fox stream quick compress l,26.082584192687804,SYNTHETIC_ROBUSTNESS
264,compress over quick jumps the fo,26.1211625851477,SYNTHETIC_ROBUSTNESS
265,over stream quick quick jumps br,26.250747679684334,SYNTHETIC_ROBUSTNESS
266,stream over brown stream quick d,26.331860401150358,SYNTHETIC_ROBUSTNESS
267,fox stream fox quick over quicka,26.462604530528843,SYNTHETIC_ROBUSTNESS
268,stream over brown stream quick d,26.551939290301917,SYNTHETIC_ROBUSTNESS
269,data the quick fox jumps foxaaaa,26.630825022275395,SYNTHETIC_ROBUSTNESS
270,compress brown lazy lazy fox bro,26.66947688839292,SYNTHETIC_ROBUSTNESS
271,stream over fox dog brown lazyaa,26.71980659349794,SYNTHETIC_ROBUSTNESS
272,over stream quick quick jumps br,26.938196063596905,SYNTHETIC_ROBUSTNESS
273,over stream data data dog quicka,27.023981738060634,SYNTHETIC_ROBUSTNESS
274,quick dog jumps stream the quick,27.098311177021525,SYNTHETIC_ROBUSTNESS
275,over fox dog data quick dogaaaaa,27.10377068003346,SYNTHETIC_ROBUSTNESS
276,compress over quick jumps the fo,27.214906751525525,SYNTHETIC_ROBUSTNESS
277,dog lazy dog quick brown streama,27.330748537655925,SYNTHETIC_ROBUSTNESS
278,stream over brown stream quick d,27.448078857130067,SYNTHETIC_ROBUSTNESS
279,quick fox jumps data compress th,27.457644313609094,SYNTHETIC_ROBUSTNESS
280,lazy the stream data compress st,27.493376866306363,SYNTHETIC_ROBUSTNESS
281,brown compress lazy fox the over,27.539775212392126,SYNTHETIC_ROBUSTNESS
282,stream dog fox compress quick th,27.714931191277202,SYNTHETIC_ROBUSTNESS
283,quick compress data quick lazy o,28.109555035270976,SYNTHETIC_ROBUSTNESS
284,quick compress data quick lazy o,28.163126241336986,SYNTHETIC_ROBUSTNESS
285,brown brown brown over brown laz,28.243932832711796,SYNTHETIC_ROBUSTNESS
286,fox the compress brown compress ,28.24466926358738,SYNTHETIC_ROBUSTNESS
287,brown brown brown over brown laz,28.24555106822384,SYNTHETIC_ROBUSTNESS
288,over fox stream quick compress l,28.25329320767006,SYNTHETIC_ROBUSTNESS
289,fox stream fox fox over dogaaaaa,28.380399400238137,SYNTHETIC_ROBUSTNESS
290,dog lazy dog quick brown streama,28.400017507751414,SYNTHETIC_ROBUSTNESS
291,brown data lazy data over dataaa,28.541836890197676,SYNTHETIC_ROBUSTNESS
292,brown stream jumps compress the ,28.598378474286246,SYNTHETIC_ROBUSTNESS
293,over stream quick quick jumps br,28.788069814046867,SYNTHETIC_ROBUSTNESS
294,stream over brown stream quick d,28.99233555782123,SYNTHETIC_ROBUSTNESS
295,jumps lazy jumps jumps quick jum,29.204222765091675,SYNTHETIC_ROBUSTNESS
296,fox stream fox fox over dogaaaaa,29.28264000087995,SYNTHETIC_ROBUSTNESS
297,stream over brown stream quick d,29.437996542103434,SYNTHETIC_ROBUSTNESS
298,quick fox jumps data compress th,29.546441517460778,SYNTHETIC_ROBUSTNESS
299,quick over compress dog dog stre,29.567108663043253,SYNTHETIC_ROBUSTNESS
300,brown compress lazy fox the over,29.615157176000153,SYNTHETIC_ROBUSTNESS
301,quick fox jumps data compress th,29.94313222152744,SYNTHETIC_ROBUSTNESS
302,compress over quick jumps the fo,30.09122116980974,SYNTHETIC_ROBUSTNESS
303,fox stream fox fox over dogaaaaa,30.12173707768564,SYNTHETIC_ROBUSTNESS
304,jumps jumps stream jumps data th,30.1547229006843,SYNTHETIC_ROBUSTNESS
305,lazy dog dog quick fox quickaaaa,30.184050150711858,SYNTHETIC_ROBUSTNESS
306,brown compress lazy fox the over,30.223921201721907,SYNTHETIC_ROBUSTNESS
307,fox stream fox fox over dogaaaaa,30.487457943064392,SYNTHETIC_ROBUSTNESS
308,stream over brown stream quick d,30.544293228427332,SYNTHETIC_ROBUSTNESS
309,over stream quick quick jumps br,30.589588595248397,SYNTHETIC_ROBUSTNESS
310,stream over brown stream quick d,30.616924750204817,SYNTHETIC_ROBUSTNESS
311,compress over quick jumps the fo,30.839865708828707,SYNTHETIC_ROBUSTNESS
312,quick compress data quick lazy o,31.155400804003357,SYNTHETIC_ROBUSTNESS
313,quick fox jumps data compress th,31.194489214539345,SYNTHETIC_ROBUSTNESS
314,stream over over lazy fox compre,31.290370794423325,SYNTHETIC_ROBUSTNESS
315,fox stream fox fox over dogaaaaa,31.608416499852968,SYNTHETIC_ROBUSTNESS
316,quick compress data quick lazy o,31.677627272153778,SYNTHETIC_ROBUSTNESS
317,fox stream fox fox over dogaaaaa,31.740863033363667,SYNTHETIC_ROBUSTNESS
318,compress stream dog data brown b,31.815875906059564,SYNTHETIC_ROBUSTNESS
319,fox stream fox fox over dogaaaaa,31.81924916940323,SYNTHETIC_ROBUSTNESS
320,stream compress quick jumps over,31.85493366676473,SYNTHETIC_ROBUSTNESS
321,compress over quick jumps the fo,31.974995582924848,SYNTHETIC_ROBUSTNESS
322,fox stream fox fox over dogaaaaa,32.31530416758332,SYNTHETIC_ROBUSTNESS
323,over stream quick quick jumps br,32.399409674349954,SYNTHETIC_ROBUSTNESS
324,compress over quick jumps the fo,32.4205405398178,SYNTHETIC_ROBUSTNESS
325,jumps data lazy the brown compre,32.476194913450385,SYNTHETIC_ROBUSTNESS
326,stream data compress over dog do,32.54353322869866,SYNTHETIC_ROBUSTNESS
327,quick fox jumps data compress th,32.56004719534401,SYNTHETIC_ROBUSTNESS
328,over fox stream quick compress l,32.599987964639105,SYNTHETIC_ROBUSTNESS
329,over fox stream quick compress l,32.658878311081764,SYNTHETIC_ROBUSTNESS
330,over fox stream quick compress l,32.68924620316248,SYNTHETIC_ROBUSTNESS
331,quick compress data quick lazy o,32.732924196925445,SYNTHETIC_ROBUSTNESS
332,fox stream fox fox over dogaaaaa,32.765254342729065,SYNTHETIC_ROBUSTNESS
333,fox stream fox fox over dogaaaaa,32.860141293740725,SYNTHETIC_ROBUSTNESS
334,dog lazy dog quick brown streama,32.94655919332285,SYNTHETIC_ROBUSTNESS
335,over fox stream quick compress l,33.026787399017834,SYNTHETIC_ROBUSTNESS
336,quick fox jumps data compress th,33.03696136459683,SYNTHETIC_ROBUSTNESS
337,dog compress dog fox compress do,33.05724126174736,SYNTHETIC_ROBUSTNESS
338,fox stream fox fox over dogaaaaa,33.06898762692193,SYNTHETIC_ROBUSTNESS
339,dog lazy dog quick brown streama,33.07552481687412,SYNTHETIC_ROBUSTNESS
340,quick compress data quick lazy o,33.10387123227426,SYNTHETIC_ROBUSTNESS
341,quick compress data quick lazy o,33.12550310550754,SYNTHETIC_ROBUSTNESS
342,dog lazy dog quick brown streama,33.25460021419387,SYNTHETIC_ROBUSTNESS
343,dog lazy dog quick brown streama,33.37363574841953,SYNTHETIC_ROBUSTNESS
344,dog lazy dog quick brown streama,33.396117641171024,SYNTHETIC_ROBUSTNESS
345,quick fox jumps data compress th,33.41421753115416,SYNTHETIC_ROBUSTNESS
346,brown compress lazy fox the over,33.429870720330634,SYNTHETIC_ROBUSTNESS
347,stream over brown stream quick d,33.46844431730279,SYNTHETIC_ROBUSTNESS
348,stream over brown stream quick d,33.50328479356389,SYNTHETIC_ROBUSTNESS
349,quick compress data quick lazy o,33.50618006594244,SYNTHETIC_ROBUSTNESS
350,quick compress data quick lazy o,33.590083055267506,SYNTHETIC_ROBUSTNESS
351,quick fox jumps data compress th,33.81839215902675,SYNTHETIC_ROBUSTNESS
352,brown quick brown the data quick,33.89579679510369,SYNTHETIC_ROBUSTNESS
353,compress over quick jumps the fo,33.90239027878688,SYNTHETIC_ROBUSTNESS
354,brown compress lazy fox the over,33.99390715348909,SYNTHETIC_ROBUSTNESS
355,over stream quick quick jumps br,34.06025745497934,SYNTHETIC_ROBUSTNESS
356,quick fox jumps data compress th,34.297696551838214,SYNTHETIC_ROBUSTNESS
357,stream lazy data stream lazy the,34.342829570132395,SYNTHETIC_ROBUSTNESS
358,dog over lazy brown data brownaa,34.48225497788448,SYNTHETIC_ROBUSTNESS
359,quick compress data quick lazy o,34.48617483536592,SYNTHETIC_ROBUSTNESS
360,brown brown brown over brown laz,34.614006074563555,SYNTHETIC_ROBUSTNESS
361,over stream quick quick jumps br,34.61824742121078,SYNTHETIC_ROBUSTNESS
362,quick fox jumps data compress th,34.66051596593748,SYNTHETIC_ROBUSTNESS
363,over fox stream quick compress l,34.95633230399259,SYNTHETIC_ROBUSTNESS
364,brown compress lazy fox the over,35.07780359907388,SYNTHETIC_ROBUSTNESS
365,brown brown brown over brown laz,35.33686112844656,SYNTHETIC_ROBUSTNESS
366,the dog compress stream compress,35.4053498610936,SYNTHETIC_ROBUSTNESS
367,brown compress lazy fox the over,35.498545294226524,SYNTHETIC_ROBUSTNESS
368,brown compress lazy fox the over,35.571474205584366,SYNTHETIC_ROBUSTNESS
369,lazy compress data data lazy laz,35.63664874160011,SYNTHETIC_ROBUSTNESS
370,over fox stream quick compress l,35.72297840479195,SYNTHETIC_ROBUSTNESS
371,compress over quick jumps the fo,35.72694601940547,SYNTHETIC_ROBUSTNESS
372,over compress lazy brown data ju,35.7474866899664,SYNTHETIC_ROBUSTNESS
373,quick compress data quick lazy o,35.771645647664336,SYNTHETIC_ROBUSTNESS
374,compress over dog stream lazy fo,35.819909791826895,SYNTHETIC_ROBUSTNESS
375,stream over brown stream quick d,35.87692404186558,SYNTHETIC_ROBUSTNESS
376,data jumps over lazy quick lazya,36.01152305690864,SYNTHETIC_ROBUSTNESS
377,quick compress data quick lazy o,36.02962011327524,SYNTHETIC_ROBUSTNESS
378,over fox stream quick compress l,36.11399212130981,SYNTHETIC_ROBUSTNESS
379,jumps over stream jumps brown qu,36.145777269708404,SYNTHETIC_ROBUSTNESS
380,compress data brown compress dat,36.21827279210356,SYNTHETIC_ROBUSTNESS
381,brown the the stream lazy overaa,36.31678740165697,SYNTHETIC_ROBUSTNESS
382,fox stream fox fox over dogaaaaa,36.404122627577365,SYNTHETIC_ROBUSTNESS
383,brown compress lazy fox the over,36.42837830476416,SYNTHETIC_ROBUSTNESS
384,over stream quick quick jumps br,36.551977341924086,SYNTHETIC_ROBUSTNESS
385,over stream quick quick jumps br,36.658047698198324,SYNTHETIC_ROBUSTNESS
386,over stream quick quick jumps br,36.92687728408242,SYNTHETIC_ROBUSTNESS
387,brown jumps fox compress lazy qu,37.02743099669259,SYNTHETIC_ROBUSTNESS
388,dog lazy dog quick brown streama,37.15484349145592,SYNTHETIC_ROBUSTNESS
389,quick compress data quick lazy o,37.32145895009178,SYNTHETIC_ROBUSTNESS
390,brown brown brown over brown laz,37.332664379527564,SYNTHETIC_ROBUSTNESS
391,dog lazy dog quick brown streama,37.45184715565189,SYNTHETIC_ROBUSTNESS
392,quick compress data quick lazy o,37.49020483177441,SYNTHETIC_ROBUSTNESS
393,quick over fox data brown compre,37.663449475618734,SYNTHETIC_ROBUSTNESS
394,dog lazy dog quick brown streama,37.72887684191693,SYNTHETIC_ROBUSTNESS
395,dog dog dog stream lazy compress,37.8157736383889,SYNTHETIC_ROBUSTNESS
396,fox stream fox fox over dogaaaaa,37.84592977620471,SYNTHETIC_ROBUSTNESS
397,over fox stream quick compress l,37.95107358159698,SYNTHETIC_ROBUSTNESS
398,brown brown brown over brown laz,37.95470361010106,SYNTHETIC_ROBUSTNESS
399,fox stream fox fox over dogaaaaa,38.092764379898284,SYNTHETIC_ROBUSTNESS
400,quick compress data quick lazy o,38.11059285251601,SYNTHETIC_ROBUSTNESS
401,stream over brown stream quick d,38.13641483064463,SYNTHETIC_ROBUSTNESS
402,compress over data fox stream la,38.136505898384,SYNTHETIC_ROBUSTNESS
403,compress over quick jumps the fo,38.17407342021962,SYNTHETIC_ROBUSTNESS
404,over stream quick quick jumps br,38.22321645006569,SYNTHETIC_ROBUSTNESS
405,over stream quick quick jumps br,38.24987372144798,SYNTHETIC_ROBUSTNESS
406,fox stream fox fox over dogaaaaa,38.276037527842526,SYNTHETIC_ROBUSTNESS
407,compress over quick jumps the fo,38.49951240576231,SYNTHETIC_ROBUSTNESS
408,quick fox jumps data compress th,38.539032082213026,SYNTHETIC_ROBUSTNESS
409,compress over quick jumps the fo,38.667147027947586,SYNTHETIC_ROBUSTNESS
410,over fox stream quick compress l,38.69424676433097,SYNTHETIC_ROBUSTNESS
411,fox stream fox fox over dogaaaaa,38.85981653721345,SYNTHETIC_ROBUSTNESS
412,fox stream fox fox over dogaaaaa,38.97305681568673,SYNTHETIC_ROBUSTNESS
413,dog lazy dog quick brown streama,39.11419915943072,SYNTHETIC_ROBUSTNESS
414,stream over brown stream quick d,39.17209832325581,SYNTHETIC_ROBUSTNESS
415,compress over quick jumps the fo,39.38376247131606,SYNTHETIC_ROBUSTNESS
416,the dog jumps dog lazy foxaaaaaa,39.430604946768256,SYNTHETIC_ROBUSTNESS
417,brown compress lazy fox the over,39.5224580331903,SYNTHETIC_ROBUSTNESS
418,fox stream fox fox over dogaaaaa,39.624643191684264,SYNTHETIC_ROBUSTNESS
419,data quick quick data quick doga,39.9288237154922,SYNTHETIC_ROBUSTNESS
420,quick fox jumps data compress th,39.94327112747231,SYNTHETIC_ROBUSTNESS
421,over fox stream quick compress l,39.95784368836791,SYNTHETIC_ROBUSTNESS
422,fox stream fox fox over dogaaaaa,40.019842917707976,SYNTHETIC_ROBUSTNESS
423,compress over quick jumps the fo,40.26979495246815,SYNTHETIC_ROBUSTNESS
424,quick fox jumps data compress th,40.271987320996246,SYNTHETIC_ROBUSTNESS
425,stream over brown stream quick d,40.30432178420982,SYNTHETIC_ROBUSTNESS
426,brown compress lazy fox the over,40.337671536129,SYNTHETIC_ROBUSTNESS
427,brown compress lazy fox the over,40.37404905996254,SYNTHETIC_ROBUSTNESS
428,quick fox jumps data compress th,40.37655058576012,SYNTHETIC_ROBUSTNESS
429,brown stream lazy jumps quick st,40.551194594073614,SYNTHETIC_ROBUSTNESS
430,stream over brown stream quick d,40.55208953198953,SYNTHETIC_ROBUSTNESS
431,quick compress data quick lazy o,40.61704160338121,SYNTHETIC_ROBUSTNESS
432,compress over quick jumps the fo,40.62284255400055,SYNTHETIC_ROBUSTNESS
433,over fox stream quick compress l,40.783110648042395,SYNTHETIC_ROBUSTNESS
434,brown compress lazy fox the over,40.92038366011486,SYNTHETIC_ROBUSTNESS
435,brown brown brown over brown laz,41.04822846407806,SYNTHETIC_ROBUSTNESS
436,stream over brown stream quick d,41.18150948967047,SYNTHETIC_ROBUSTNESS
437,brown brown brown over brown laz,41.46325061901032,SYNTHETIC_ROBUSTNESS
438,brown quick over dog data compre,41.51717500005289,SYNTHETIC_ROBUSTNESS
439,over stream quick quick jumps br,41.714917520033254,SYNTHETIC_ROBUSTNESS
440,dog lazy dog quick brown streama,41.73528007887116,SYNTHETIC_ROBUSTNESS
441,brown compress lazy fox the over,41.7952939532972,SYNTHETIC_ROBUSTNESS
442,brown brown brown over brown laz,41.796188855066355,SYNTHETIC_ROBUSTNESS
443,dog lazy dog quick brown streama,41.82961596222624,SYNTHETIC_ROBUSTNESS
444,brown data lazy dog lazy foxaaaa,41.89089431794881,SYNTHETIC_ROBUSTNESS
445,quick compress data quick lazy o,42.13090290726259,SYNTHETIC_ROBUSTNESS
446,fox stream fox fox over dogaaaaa,42.169021857983466,SYNTHETIC_ROBUSTNESS
447,dog fox compress lazy the quicka,42.28062066143604,SYNTHETIC_ROBUSTNESS
448,quick compress data quick lazy o,42.46017741573976,SYNTHETIC_ROBUSTNESS
449,stream over brown stream quick d,42.49970855859783,SYNTHETIC_ROBUSTNESS
450,quick brown brown the the dogaaa,42.51824857187623,SYNTHETIC_ROBUSTNESS
451,brown compress lazy fox the over,42.607700063441406,SYNTHETIC_ROBUSTNESS
452,brown compress lazy fox the over,42.641161199130245,SYNTHETIC_ROBUSTNESS
453,dog lazy dog quick brown streama,42.746846479949255,SYNTHETIC_ROBUSTNESS
454,compress over quick jumps the fo,42.761314501661246,SYNTHETIC_ROBUSTNESS
455,brown compress lazy fox the over,42.77775419952177,SYNTHETIC_ROBUSTNESS
456,quick compress data quick lazy o,42.89043163433471,SYNTHETIC_ROBUSTNESS
457,quick compress data quick lazy o,43.25371724264785,SYNTHETIC_ROBUSTNESS
458,fox quick brown fox the lazyaaaa,43.282072479016755,SYNTHETIC_ROBUSTNESS
459,fox lazy stream brown over theaa,43.40721835296604,SYNTHETIC_ROBUSTNESS
460,brown brown brown over brown laz,43.48315572938478,SYNTHETIC_ROBUSTNESS
461,dog lazy dog quick brown streama,43.66884412662119,SYNTHETIC_ROBUSTNESS
462,dog lazy dog quick brown streama,43.718091301157465,SYNTHETIC_ROBUSTNESS
463,fox stream fox fox over dogaaaaa,44.07463011675898,SYNTHETIC_ROBUSTNESS
464,quick jumps brown brown data dog,44.08322914684881,SYNTHETIC_ROBUSTNESS
465,brown data stream fox compress d,44.500879036752394,SYNTHETIC_ROBUSTNESS
466,quick fox jumps data compress th,44.68811352156167,SYNTHETIC_ROBUSTNESS
467,over stream quick quick jumps br,44.88944754161062,SYNTHETIC_ROBUSTNESS
468,stream over brown stream quick d,45.074219232995,SYNTHETIC_ROBUSTNESS
469,quick compress data quick lazy o,45.27217065767224,SYNTHETIC_ROBUSTNESS
470,over stream fox compress over qu,45.44099312105525,SYNTHETIC_ROBUSTNESS
471,brown compress lazy fox the over,45.67076992862984,SYNTHETIC_ROBUSTNESS
472,over stream quick quick jumps br,45.73253693806505,SYNTHETIC_ROBUSTNESS
473,stream over brown stream quick d,46.01270318296634,SYNTHETIC_ROBUSTNESS
474,compress over quick jumps the fo,46.06131044411562,SYNTHETIC_ROBUSTNESS
475,jumps quick the fox compress ove,46.19169588140731,SYNTHETIC_ROBUSTNESS
476,stream over brown stream quick d,46.315604969124806,SYNTHETIC_ROBUSTNESS
477,lazy stream brown jumps data dat,46.48758411324251,SYNTHETIC_ROBUSTNESS
478,fox stream fox compress the quic,46.62167134171749,SYNTHETIC_ROBUSTNESS
479,brown brown brown over brown laz,46.62527339436414,SYNTHETIC_ROBUSTNESS
480,stream over brown stream quick d,46.759655455232526,SYNTHETIC_ROBUSTNESS
481,over fox stream quick compress l,46.76201269781374,SYNTHETIC_ROBUSTNESS
482,quick fox jumps data compress th,46.8382046294392,SYNTHETIC_ROBUSTNESS
483,over stream quick quick jumps br,47.02080823944892,SYNTHETIC_ROBUSTNESS
484,quick fox jumps data compress th,47.197754329881874,SYNTHETIC_ROBUSTNESS
485,stream brown dog the brown strea,47.38183648140983,SYNTHETIC_ROBUSTNESS
486,stream over brown stream quick d,47.47407003484781,SYNTHETIC_ROBUSTNESS
487,compress over quick jumps the fo,47.494381096285615,SYNTHETIC_ROBUSTNESS
488,over fox stream quick compress l,47.5653043050674,SYNTHETIC_ROBUSTNESS
489,fox stream fox fox over dogaaaaa,47.63791513078921,SYNTHETIC_ROBUSTNESS
490,quick fox jumps data compress th,47.677184988242,SYNTHETIC_ROBUSTNESS
491,compress over quick jumps the fo,47.7323669869584,SYNTHETIC_ROBUSTNESS
492,quick fox jumps data compress th,47.938077605963244,SYNTHETIC_ROBUSTNESS
493,brown compress lazy fox the over,48.011043751732835,SYNTHETIC_ROBUSTNESS
494,over stream quick quick jumps br,48.13303494123154,SYNTHETIC_ROBUSTNESS
495,quick fox jumps data compress th,48.20151544423482,SYNTHETIC_ROBUSTNESS
496,over stream quick quick jumps br,48.29761060310906,SYNTHETIC_ROBUSTNESS
497,brown compress lazy fox the over,48.30732636137388,SYNTHETIC_ROBUSTNESS
498,the stream fox the compress stre,48.575255446087965,SYNTHETIC_ROBUSTNESS
499,over stream quick quick jumps br,48.63251368187907,SYNTHETIC_ROBUSTNESS
500,quick fox jumps data compress th,48.77046648007226,SYNTHETIC_ROBUSTNESS
501,compress over quick jumps the fo,48.880458131860486,SYNTHETIC_ROBUSTNESS
502,stream over brown stream quick d,49.041038675457735,SYNTHETIC_ROBUSTNESS
503,compress over quick jumps the fo,49.04458822379397,SYNTHETIC_ROBUSTNESS
504,quick fox jumps data compress th,49.3184678262962,SYNTHETIC_ROBUSTNESS
505,quick fox jumps data compress th,49.49551470637768,SYNTHETIC_ROBUSTNESS
506,stream over brown stream quick d,49.674947920490155,SYNTHETIC_ROBUSTNESS
507,quick fox jumps data compress th,49.737892591957404,SYNTHETIC_ROBUSTNESS
508,over fox stream quick compress l,49.89701502503555,SYNTHETIC_ROBUSTNESS
509,compress fox quick stream data j,49.982624477053896,SYNTHETIC_ROBUSTNESS
510,quick compress data quick lazy o,50.052637232927786,SYNTHETIC_ROBUSTNESS
511,compress over quick jumps the fo,50.20631267356549,SYNTHETIC_ROBUSTNESS
512,brown brown brown over brown laz,50.305145075890756,SYNTHETIC_ROBUSTNESS
513,data stream jumps dog brown over,50.31317506180417,SYNTHETIC_ROBUSTNESS
514,compress over quick jumps the fo,50.35093714338869,SYNTHETIC_ROBUSTNESS
515,quick fox jumps data compress th,50.44824777980115,SYNTHETIC_ROBUSTNESS
516,jumps jumps lazy jumps compress ,50.6823813235438,SYNTHETIC_ROBUSTNESS
517,over fox stream quick compress l,50.95268883724324,SYNTHETIC_ROBUSTNESS
518,stream dog stream fox over brown,51.13526905075277,SYNTHETIC_ROBUSTNESS
519,dog lazy dog quick brown streama,51.16461392279276,SYNTHETIC_ROBUSTNESS
520,brown compress lazy fox the over,51.22874188412359,SYNTHETIC_ROBUSTNESS
521,over stream quick quick jumps br,51.28555035803923,SYNTHETIC_ROBUSTNESS
522,quick compress data quick lazy o,51.343297714841334,SYNTHETIC_ROBUSTNESS
523,brown compress lazy fox the over,51.348404371360175,SYNTHETIC_ROBUSTNESS
524,data compress quick quick brown ,51.36747661011758,SYNTHETIC_ROBUSTNESS
525,fox stream fox fox over dogaaaaa,51.38411279760947,SYNTHETIC_ROBUSTNESS
526,quick compress data quick lazy o,51.480154972135466,SYNTHETIC_ROBUSTNESS
527,dog the stream over jumps quicka,51.533223519215085,SYNTHETIC_ROBUSTNESS
528,dog lazy dog quick brown streama,51.5724371528345,SYNTHETIC_ROBUSTNESS
529,jumps quick over quick the compr,51.63111878269224,SYNTHETIC_ROBUSTNESS
530,over fox stream quick compress l,51.670306672149295,SYNTHETIC_ROBUSTNESS
531,dog lazy dog quick brown streama,51.811969584275516,SYNTHETIC_ROBUSTNESS
532,quick fox jumps data compress th,51.830246782220826,SYNTHETIC_ROBUSTNESS
533,quick fox jumps data compress th,51.836023967210984,SYNTHETIC_ROBUSTNESS
534,stream over brown stream quick d,51.9412079323576,SYNTHETIC_ROBUSTNESS
535,stream over brown stream quick d,51.967419651584805,SYNTHETIC_ROBUSTNESS
536,brown compress lazy fox the over,52.07052088770078,SYNTHETIC_ROBUSTNESS
537,brown brown brown over brown laz,52.07655341779201,SYNTHETIC_ROBUSTNESS
538,quick compress data quick lazy o,52.10493532188002,SYNTHETIC_ROBUSTNESS
539,dog lazy dog quick brown streama,52.12164518623686,SYNTHETIC_ROBUSTNESS
540,compress lazy quick fox brown th,52.15598909463202,SYNTHETIC_ROBUSTNESS
541,dog lazy dog quick brown streama,52.195866139346165,SYNTHETIC_ROBUSTNESS
542,quick fox jumps data compress th,52.2642248032385,SYNTHETIC_ROBUSTNESS
543,brown brown brown over brown laz,52.337650609356366,SYNTHETIC_ROBUSTNESS
544,stream quick jumps fox data brow,52.437102337210284,SYNTHETIC_ROBUSTNESS
545,fox stream fox fox over dogaaaaa,52.47739698371991,SYNTHETIC_ROBUSTNESS
546,quick fox jumps data compress th,52.55333022118611,SYNTHETIC_ROBUSTNESS
547,brown compress lazy fox the over,53.01502744943455,SYNTHETIC_ROBUSTNESS
548,brown compress lazy fox the over,53.03868063654536,SYNTHETIC_ROBUSTNESS
549,fox stream fox fox over dogaaaaa,53.05525136756513,SYNTHETIC_ROBUSTNESS
550,over fox stream quick compress l,53.240125057780475,SYNTHETIC_ROBUSTNESS
551,quick fox jumps data compress th,53.29295031711955,SYNTHETIC_ROBUSTNESS
552,quick the stream brown dog theaa,53.48060605932209,SYNTHETIC_ROBUSTNESS
553,compress data compress data quic,53.5358905126587,SYNTHETIC_ROBUSTNESS
554,quick compress data quick lazy o,53.53808285602875,SYNTHETIC_ROBUSTNESS
555,brown brown brown over brown laz,53.58506290707925,SYNTHETIC_ROBUSTNESS
556,brown compress lazy fox the over,53.67925727494539,SYNTHETIC_ROBUSTNESS
557,brown brown brown over brown laz,53.73859737168883,SYNTHETIC_ROBUSTNESS
558,over stream quick quick jumps br,53.800094387102995,SYNTHETIC_ROBUSTNESS
559,quick over compress brown data c,54.43874928198448,SYNTHETIC_ROBUSTNESS
560,stream over brown stream quick d,54.517303420426344,SYNTHETIC_ROBUSTNESS
561,brown compress lazy fox the over,54.636685786972755,SYNTHETIC_ROBUSTNESS
562,fox stream fox fox over dogaaaaa,54.76433043163478,SYNTHETIC_ROBUSTNESS
563,brown brown brown over brown laz,54.764347558638164,SYNTHETIC_ROBUSTNESS
564,over stream quick quick jumps br,54.84474671318856,SYNTHETIC_ROBUSTNESS
565,stream over brown stream quick d,55.1745826617361,SYNTHETIC_ROBUSTNESS
566,quick compress data quick lazy o,55.31354176980053,SYNTHETIC_ROBUSTNESS
567,dog compress the compress quick ,55.35515809585092,SYNTHETIC_ROBUSTNESS
568,fox stream fox fox over dogaaaaa,55.40050362074503,SYNTHETIC_ROBUSTNESS
569,quick dog quick quick fox compre,55.43668919741139,SYNTHETIC_ROBUSTNESS
570,quick compress data quick lazy o,55.53617072984229,SYNTHETIC_ROBUSTNESS
571,fox stream fox fox over dogaaaaa,55.546408946454285,SYNTHETIC_ROBUSTNESS
572,stream over brown stream quick d,55.580658035631075,SYNTHETIC_ROBUSTNESS
573,stream over brown stream quick d,55.64961628493762,SYNTHETIC_ROBUSTNESS
574,brown the compress the data foxa,55.72623476497151,SYNTHETIC_ROBUSTNESS
575,stream over brown stream quick d,55.819733118258114,SYNTHETIC_ROBUSTNESS
576,over fox stream quick compress l,55.979298940281964,SYNTHETIC_ROBUSTNESS
577,compress over quick jumps the fo,55.99712031205116,SYNTHETIC_ROBUSTNESS
578,jumps data lazy stream lazy quic,56.02261150132641,SYNTHETIC_ROBUSTNESS
579,fox stream fox fox over dogaaaaa,56.228428679347225,SYNTHETIC_ROBUSTNESS
580,dog lazy dog quick brown streama,56.406308418848624,SYNTHETIC_ROBUSTNESS
581,dog brown stream dog quick strea,56.578664716101116,SYNTHETIC_ROBUSTNESS
582,compress over quick jumps the fo,56.60206188493016,SYNTHETIC_ROBUSTNESS
583,stream over brown stream quick d,56.60806413667733,SYNTHETIC_ROBUSTNESS
584,over fox stream quick compress l,56.68217502582144,SYNTHETIC_ROBUSTNESS
585,brown compress lazy fox the over,56.88623003316701,SYNTHETIC_ROBUSTNESS
586,quick compress data quick lazy o,56.91334752442876,SYNTHETIC_ROBUSTNESS
587,over data over jumps brown compr,57.14789709822232,SYNTHETIC_ROBUSTNESS
588,fox stream fox fox over dogaaaaa,57.163157744035686,SYNTHETIC_ROBUSTNESS
589,quick compress data quick lazy o,57.19855363616404,SYNTHETIC_ROBUSTNESS
590,dog lazy dog quick brown streama,57.23397689150677,SYNTHETIC_ROBUSTNESS
591,brown brown brown over brown laz,57.25035830004142,SYNTHETIC_ROBUSTNESS
592,quick fox jumps data compress th,57.456540604600896,SYNTHETIC_ROBUSTNESS
593,quick compress data quick lazy o,57.50974381847869,SYNTHETIC_ROBUSTNESS
594,brown brown brown over brown laz,57.53089712140789,SYNTHETIC_ROBUSTNESS
595,quick fox jumps data compress th,57.546825332764875,SYNTHETIC_ROBUSTNESS
596,over stream quick quick jumps br,57.60145577856884,SYNTHETIC_ROBUSTNESS
597,brown compress lazy fox the over,57.60319973657088,SYNTHETIC_ROBUSTNESS
598,over stream quick quick jumps br,57.616103156485096,SYNTHETIC_ROBUSTNESS
599,stream over brown stream quick d,57.61647365051896,SYNTHETIC_ROBUSTNESS
600,dog stream jumps dog jumps quick,57.61894242206844,SYNTHETIC_ROBUSTNESS
601,jumps over brown over stream bro,58.213161371091886,SYNTHETIC_ROBUSTNESS
602,compress over quick jumps the fo,58.27274331411073,SYNTHETIC_ROBUSTNESS
603,brown compress lazy fox the over,58.40327920676824,SYNTHETIC_ROBUSTNESS
604,fox stream fox fox over dogaaaaa,58.5368700390841,SYNTHETIC_ROBUSTNESS
605,fox stream fox fox over dogaaaaa,58.74923653382669,SYNTHETIC_ROBUSTNESS
606,quick fox jumps data compress th,58.760189652133356,SYNTHETIC_ROBUSTNESS
607,over fox stream quick compress l,58.834775379285745,SYNTHETIC_ROBUSTNESS
608,quick fox jumps data compress th,58.873594794737,SYNTHETIC_ROBUSTNESS
609,dog lazy dog quick brown streama,58.953108873063535,SYNTHETIC_ROBUSTNESS
610,fox dog lazy over the dataaaaaaa,58.99347347840604,SYNTHETIC_ROBUSTNESS
611,brown over jumps compress the qu,59.01376566141918,SYNTHETIC_ROBUSTNESS
612,compress over quick jumps the fo,59.12549235039839,SYNTHETIC_ROBUSTNESS
613,compress over quick jumps the fo,59.12941103162123,SYNTHETIC_ROBUSTNESS
614,over fox stream quick compress l,59.355158368653754,SYNTHETIC_ROBUSTNESS
615,brown compress lazy fox the over,59.37097186546503,SYNTHETIC_ROBUSTNESS
616,quick fox jumps data compress th,59.466460528753515,SYNTHETIC_ROBUSTNESS
617,over fox stream quick compress l,59.60678617393637,SYNTHETIC_ROBUSTNESS
618,fox stream fox fox over dogaaaaa,59.61435852201044,SYNTHETIC_ROBUSTNESS
619,over stream quick quick jumps br,59.8479670924156,SYNTHETIC_ROBUSTNESS
620,compress lazy stream lazy data j,59.89200026484087,SYNTHETIC_ROBUSTNESS
621,brown compress lazy fox the over,60.46418754938422,SYNTHETIC_ROBUSTNESS
622,jumps lazy jumps data lazy strea,60.47131372807079,SYNTHETIC_ROBUSTNESS
623,quick compress data quick lazy o,60.59746452564011,SYNTHETIC_ROBUSTNESS
624,brown brown stream fox dog quick,60.614984953363,SYNTHETIC_ROBUSTNESS
625,quick fox jumps data compress th,60.666517294183635,SYNTHETIC_ROBUSTNESS
626,brown compress lazy fox the over,60.72507445054621,SYNTHETIC_ROBUSTNESS
627,stream over brown stream quick d,60.77718811820935,SYNTHETIC_ROBUSTNESS
628,over jumps jumps data brown quic,60.81837262085103,SYNTHETIC_ROBUSTNESS
629,brown brown brown over brown laz,60.96413426691257,SYNTHETIC_ROBUSTNESS
630,dog lazy dog quick brown streama,61.135552755834624,SYNTHETIC_ROBUSTNESS
631,stream over brown stream quick d,61.17644198075568,SYNTHETIC_ROBUSTNESS
632,quick fox jumps data compress th,61.24234456229196,SYNTHETIC_ROBUSTNESS
633,fox stream fox fox over dogaaaaa,61.29712084316343,SYNTHETIC_ROBUSTNESS
634,stream over brown stream quick d,61.38714212714844,SYNTHETIC_ROBUSTNESS
635,dog lazy dog quick brown streama,61.40342532208571,SYNTHETIC_ROBUSTNESS
636,stream over brown stream quick d,61.56725276431842,SYNTHETIC_ROBUSTNESS
637,data quick brown compress stream,61.72671395959765,SYNTHETIC_ROBUSTNESS
638,fox stream fox fox over dogaaaaa,61.81597459271842,SYNTHETIC_ROBUSTNESS
639,over stream quick quick jumps br,61.95307349269426,SYNTHETIC_ROBUSTNESS
640,over stream quick quick jumps br,62.399659265437656,SYNTHETIC_ROBUSTNESS
641,data over brown lazy brown dataa,62.655417333166795,SYNTHETIC_ROBUSTNESS
642,brown brown brown over brown laz,62.749950404372456,SYNTHETIC_ROBUSTNESS
643,over fox stream quick compress l,62.821571807784686,SYNTHETIC_ROBUSTNESS
644,brown compress lazy fox the over,62.898041939585596,SYNTHETIC_ROBUSTNESS
645,lazy data stream over jumps over,62.96089302539894,SYNTHETIC_ROBUSTNESS
646,over stream quick quick jumps br,63.02632913881279,SYNTHETIC_ROBUSTNESS
647,stream over brown stream quick d,63.15801977958915,SYNTHETIC_ROBUSTNESS
648,dog lazy dog quick brown streama,63.64238321511632,SYNTHETIC_ROBUSTNESS
649,quick compress data quick lazy o,63.64702052509,SYNTHETIC_ROBUSTNESS
650,quick fox jumps data compress th,63.67318143591093,SYNTHETIC_ROBUSTNESS
651,brown brown brown over brown laz,63.69677995586362,SYNTHETIC_ROBUSTNESS
652,over stream quick quick jumps br,63.87567001987391,SYNTHETIC_ROBUSTNESS
653,compress the fox dog stream brow,63.93009513679368,SYNTHETIC_ROBUSTNESS
654,quick fox jumps data compress th,64.00456703387589,SYNTHETIC_ROBUSTNESS
655,quick compress data quick lazy o,64.06789505214478,SYNTHETIC_ROBUSTNESS
656,quick fox jumps data compress th,64.2600918591367,SYNTHETIC_ROBUSTNESS
657,quick compress data quick lazy o,64.32935055310661,SYNTHETIC_ROBUSTNESS
658,stream jumps compress stream the,64.43956620681159,SYNTHETIC_ROBUSTNESS
659,over stream quick quick jumps br,64.44153378925465,SYNTHETIC_ROBUSTNESS
660,dog lazy dog quick brown streama,64.5472197420345,SYNTHETIC_ROBUSTNESS
661,brown compress lazy fox the over,64.57478873072895,SYNTHETIC_ROBUSTNESS
662,compress over quick jumps the fo,64.77643060202641,SYNTHETIC_ROBUSTNESS
663,jumps over lazy jumps fox quicka,64.91568365400828,SYNTHETIC_ROBUSTNESS
664,dog brown fox fox lazy lazyaaaaa,64.92725694408786,SYNTHETIC_ROBUSTNESS
665,fox stream fox fox over dogaaaaa,64.93817947525694,SYNTHETIC_ROBUSTNESS
666,quick compress data quick lazy o,64.97285169432627,SYNTHETIC_ROBUSTNESS
667,dog lazy over data quick brownaa,64.98629213970385,SYNTHETIC_ROBUSTNESS
668,dog lazy dog quick brown streama,65.12112570033337,SYNTHETIC_ROBUSTNESS
669,quick compress data quick lazy o,65.55400460164839,SYNTHETIC_ROBUSTNESS
670,jumps brown over fox lazy foxaaa,65.6605001308063,SYNTHETIC_ROBUSTNESS
671,fox stream fox fox over dogaaaaa,65.68914131149322,SYNTHETIC_ROBUSTNESS
672,quick fox jumps data compress th,65.77221510974566,SYNTHETIC_ROBUSTNESS
673,brown compress lazy fox the over,65.93602412355341,SYNTHETIC_ROBUSTNESS
674,dog brown compress the quick dat,66.26358843754193,SYNTHETIC_ROBUSTNESS
675,dog lazy dog quick brown streama,66.26409690179824,SYNTHETIC_ROBUSTNESS
676,compress over quick jumps the fo,66.33826560058928,SYNTHETIC_ROBUSTNESS
677,stream over brown stream quick d,66.3986354294017,SYNTHETIC_ROBUSTNESS
678,the compress jumps the lazy data,66.45216309670242,SYNTHETIC_ROBUSTNESS
679,compress over quick jumps the fo,66.52224831678097,SYNTHETIC_ROBUSTNESS
680,brown compress lazy fox the over,66.57391693005566,SYNTHETIC_ROBUSTNESS
681,fox stream fox fox over dogaaaaa,66.61607874226236,SYNTHETIC_ROBUSTNESS
682,over fox stream quick compress l,66.62827378613443,SYNTHETIC_ROBUSTNESS
683,jumps data over quick stream laz,66.69755762951301,SYNTHETIC_ROBUSTNESS
684,over fox stream quick compress l,66.86962330455182,SYNTHETIC_ROBUSTNESS
685,fox stream fox fox over dogaaaaa,66.88068655799826,SYNTHETIC_ROBUSTNESS
686,brown brown brown over brown laz,67.01481535356756,SYNTHETIC_ROBUSTNESS
687,stream over brown stream quick d,67.04598088414889,SYNTHETIC_ROBUSTNESS
688,fox stream fox fox over dogaaaaa,67.09398520041822,SYNTHETIC_ROBUSTNESS
689,quick fox jumps data compress th,67.53697842323048,SYNTHETIC_ROBUSTNESS
690,brown brown brown over brown laz,67.64943650723869,SYNTHETIC_ROBUSTNESS
691,over stream quick quick jumps br,67.77641654762067,SYNTHETIC_ROBUSTNESS
692,dog lazy dog quick brown streama,67.86864514843245,SYNTHETIC_ROBUSTNESS
693,compress jumps jumps data stream,67.90755957504675,SYNTHETIC_ROBUSTNESS
694,quick fox jumps data compress th,68.01998824747234,SYNTHETIC_ROBUSTNESS
695,over fox stream quick compress l,68.0811022703683,SYNTHETIC_ROBUSTNESS
696,over stream quick quick jumps br,68.25953069990224,SYNTHETIC_ROBUSTNESS
697,over data over stream fox theaaa,68.34417386079431,SYNTHETIC_ROBUSTNESS
698,fox stream fox fox over dogaaaaa,68.49168029872521,SYNTHETIC_ROBUSTNESS
699,brown brown brown over brown laz,68.68040261615245,SYNTHETIC_ROBUSTNESS
700,over brown dog fox data compress,68.85250642400551,SYNTHETIC_ROBUSTNESS
701,lazy jumps dog data data dogaaaa,68.90394081552866,SYNTHETIC_ROBUSTNESS
702,brown brown brown over brown laz,68.94994718708853,SYNTHETIC_ROBUSTNESS
703,fox lazy quick jumps fox foxaaaa,69.15325456430678,SYNTHETIC_ROBUSTNESS
704,fox stream fox fox over dogaaaaa,69.16869798815077,SYNTHETIC_ROBUSTNESS
705,data jumps jumps lazy fox browna,69.20146562083758,SYNTHETIC_ROBUSTNESS
706,stream over brown stream quick d,69.21436374403271,SYNTHETIC_ROBUSTNESS
707,compress over quick jumps the fo,69.21866402780056,SYNTHETIC_ROBUSTNESS
708,over fox stream quick compress l,69.31433912397276,SYNTHETIC_ROBUSTNESS
709,lazy compress jumps quick fox ju,69.54538124007368,SYNTHETIC_ROBUSTNESS
710,fox stream fox fox over dogaaaaa,69.55924034363885,SYNTHETIC_ROBUSTNESS
711,quick fox jumps data compress th,69.71806133925625,SYNTHETIC_ROBUSTNESS
712,over fox stream quick compress l,69.76575850986947,SYNTHETIC_ROBUSTNESS
713,fox lazy data over the dogaaaaaa,69.86202834874157,SYNTHETIC_ROBUSTNESS
714,stream stream the lazy lazy lazy,70.00631131841378,SYNTHETIC_ROBUSTNESS
715,over stream quick quick jumps br,70.13012621090985,SYNTHETIC_ROBUSTNESS
716,stream jumps quick fox fox foxaa,70.14482597106336,SYNTHETIC_ROBUSTNESS
717,quick compress data quick lazy o,70.1570863379922,SYNTHETIC_ROBUSTNESS
718,stream the quick over over dataa,70.41504329202128,SYNTHETIC_ROBUSTNESS
719,dog lazy dog quick brown streama,70.42332398573879,SYNTHETIC_ROBUSTNESS
720,over fox stream quick compress l,70.44796516419784,SYNTHETIC_ROBUSTNESS
721,data fox data stream dog brownaa,70.505652347566,SYNTHETIC_ROBUSTNESS
722,stream over brown stream quick d,70.67769549663021,SYNTHETIC_ROBUSTNESS
723,over stream quick quick jumps br,70.76998322341892,SYNTHETIC_ROBUSTNESS
724,quick compress data quick lazy o,70.85465581358676,SYNTHETIC_ROBUSTNESS
725,over stream quick quick jumps br,70.97240670224151,SYNTHETIC_ROBUSTNESS
726,stream over brown stream quick d,71.13443562933845,SYNTHETIC_ROBUSTNESS
727,quick fox jumps data compress th,71.16090023880663,SYNTHETIC_ROBUSTNESS
728,brown compress lazy fox the over,71.16280846854977,SYNTHETIC_ROBUSTNESS
729,data data lazy dog dog theaaaaaa,71.17641302934858,SYNTHETIC_ROBUSTNESS
730,brown brown brown over brown laz,71.1944650230379,SYNTHETIC_ROBUSTNESS
731,stream over brown stream quick d,71.19854962233273,SYNTHETIC_ROBUSTNESS
732,over fox over brown the quickaaa,71.33619116880284,SYNTHETIC_ROBUSTNESS
733,dog lazy dog quick brown streama,71.55240801159873,SYNTHETIC_ROBUSTNESS
734,quick fox jumps the fox theaaaaa,71.67641978781089,SYNTHETIC_ROBUSTNESS
735,over fox stream quick compress l,71.69732206281788,SYNTHETIC_ROBUSTNESS
736,stream over brown stream quick d,71.79057545804255,SYNTHETIC_ROBUSTNESS
737,quick fox jumps data compress th,71.86409822105587,SYNTHETIC_ROBUSTNESS
738,dog lazy dog quick brown streama,72.03555775327483,SYNTHETIC_ROBUSTNESS
739,over stream quick quick jumps br,72.32080538029486,SYNTHETIC_ROBUSTNESS
740,dog lazy dog quick brown streama,72.45664795257059,SYNTHETIC_ROBUSTNESS
741,quick compress data quick lazy o,72.52850237335858,SYNTHETIC_ROBUSTNESS
742,lazy data stream brown data stre,72.60005152158678,SYNTHETIC_ROBUSTNESS
743,dog lazy dog quick brown streama,72.7649665671199,SYNTHETIC_ROBUSTNESS
744,over stream quick quick jumps br,72.77803603509906,SYNTHETIC_ROBUSTNESS
745,brown brown brown over brown laz,72.79467854438975,SYNTHETIC_ROBUSTNESS
746,dog lazy dog quick brown streama,72.83676374417675,SYNTHETIC_ROBUSTNESS
747,stream over brown stream quick d,72.97425527763473,SYNTHETIC_ROBUSTNESS
748,stream over brown stream quick d,72.98108066454296,SYNTHETIC_ROBUSTNESS
749,stream stream lazy brown quick q,73.02328946349913,SYNTHETIC_ROBUSTNESS
750,compress lazy the fox lazy dogaa,73.06164130281299,SYNTHETIC_ROBUSTNESS
751,brown brown brown over brown laz,73.12814346845863,SYNTHETIC_ROBUSTNESS
752,over stream quick quick jumps br,73.19045270422988,SYNTHETIC_ROBUSTNESS
753,dog lazy dog quick brown streama,73.31577082552984,SYNTHETIC_ROBUSTNESS
754,quick fox jumps data compress th,73.41400348286587,SYNTHETIC_ROBUSTNESS
755,dog quick brown brown over dataa,73.64707106402102,SYNTHETIC_ROBUSTNESS
756,quick stream the stream brown do,73.66699624290307,SYNTHETIC_ROBUSTNESS
757,over fox stream quick compress l,73.72357388085251,SYNTHETIC_ROBUSTNESS
758,quick fox jumps data compress th,73.77467237931617,SYNTHETIC_ROBUSTNESS
759,data lazy jumps the dog jumpsaaa,73.78660913888731,SYNTHETIC_ROBUSTNESS
760,over stream quick quick jumps br,73.80462085391152,SYNTHETIC_ROBUSTNESS
761,over compress data quick dog str,73.84566318303193,SYNTHETIC_ROBUSTNESS
762,stream over brown stream quick d,73.97839116219158,SYNTHETIC_ROBUSTNESS
763,brown compress lazy fox the over,73.9946620253067,SYNTHETIC_ROBUSTNESS
764,fox stream fox fox over dogaaaaa,74.02549383338406,SYNTHETIC_ROBUSTNESS
765,quick fox jumps data compress th,74.13832482483275,SYNTHETIC_ROBUSTNESS
766,compress over quick jumps the fo,74.22912088567755,SYNTHETIC_ROBUSTNESS
767,stream over brown stream quick d,74.2401463398215,SYNTHETIC_ROBUSTNESS
768,brown compress lazy fox the over,74.52786137289918,SYNTHETIC_ROBUSTNESS
769,the lazy data dog dog compressaa,74.54388164322103,SYNTHETIC_ROBUSTNESS
770,lazy stream stream the data stre,74.55021899772873,SYNTHETIC_ROBUSTNESS
771,quick compress data quick lazy o,74.5864959776353,SYNTHETIC_ROBUSTNESS
772,stream over brown stream quick d,74.58917838948366,SYNTHETIC_ROBUSTNESS
773,quick over over data stream foxa,74.5922989555876,SYNTHETIC_ROBUSTNESS
774,over quick compress fox lazy laz,74.67874760882597,SYNTHETIC_ROBUSTNESS
775,over fox stream quick compress l,74.90219425158088,SYNTHETIC_ROBUSTNESS
776,quick fox jumps data compress th,74.95370178147965,SYNTHETIC_ROBUSTNESS
777,over fox stream quick compress l,74.98967581464242,SYNTHETIC_ROBUSTNESS
778,quick compress data quick lazy o,75.23574865160667,SYNTHETIC_ROBUSTNESS
779,fox stream fox fox over dogaaaaa,75.24209177050054,SYNTHETIC_ROBUSTNESS
780,fox stream fox fox over dogaaaaa,75.30620657442067,SYNTHETIC_ROBUSTNESS
781,brown compress lazy fox the over,75.33532236385396,SYNTHETIC_ROBUSTNESS
782,brown brown brown over brown laz,75.38340231723403,SYNTHETIC_ROBUSTNESS
783,compress over quick jumps the fo,75.43630024505067,SYNTHETIC_ROBUSTNESS
784,stream over brown stream quick d,75.5150762819808,SYNTHETIC_ROBUSTNESS
785,dog lazy dog quick brown streama,75.57545281880323,SYNTHETIC_ROBUSTNESS
786,fox stream fox fox over dogaaaaa,76.01815044416149,SYNTHETIC_ROBUSTNESS
787,stream over brown stream quick d,76.02073466847824,SYNTHETIC_ROBUSTNESS
788,stream over brown stream quick d,76.16247555945188,SYNTHETIC_ROBUSTNESS
789,brown compress lazy fox the over,76.16770971309792,SYNTHETIC_ROBUSTNESS
790,quick compress data quick lazy o,76.22410955268064,SYNTHETIC_ROBUSTNESS
791,brown compress lazy fox the over,76.24665503062324,SYNTHETIC_ROBUSTNESS
792,quick fox jumps data compress th,76.53724839341048,SYNTHETIC_ROBUSTNESS
793,quick fox jumps data compress th,76.66543836599247,SYNTHETIC_ROBUSTNESS
794,over data dog jumps compress the,76.7275856270979,SYNTHETIC_ROBUSTNESS
795,compress over quick jumps the fo,77.03174674154657,SYNTHETIC_ROBUSTNESS
796,jumps quick stream over over dog,77.15950674571894,SYNTHETIC_ROBUSTNESS
797,brown brown brown over brown laz,77.46303803906807,SYNTHETIC_ROBUSTNESS
798,quick fox jumps data compress th,77.58497202403059,SYNTHETIC_ROBUSTNESS
799,stream over brown stream quick d,77.59306166899934,SYNTHETIC_ROBUSTNESS
800,fox stream fox fox over dogaaaaa,77.68885249669405,SYNTHETIC_ROBUSTNESS
801,over fox stream quick compress l,78.0818187912758,SYNTHETIC_ROBUSTNESS
802,quick compress data quick lazy o,78.10592181061071,SYNTHETIC_ROBUSTNESS
803,brown compress lazy fox the over,78.26329978169895,SYNTHETIC_ROBUSTNESS
804,over fox stream quick compress l,78.28371136296524,SYNTHETIC_ROBUSTNESS
805,over compress quick lazy data do,78.34390265338814,SYNTHETIC_ROBUSTNESS
806,the brown compress data over com,78.35274902971103,SYNTHETIC_ROBUSTNESS
807,over fox stream quick compress l,78.39438942311837,SYNTHETIC_ROBUSTNESS
808,over fox stream quick compress l,78.54410150500544,SYNTHETIC_ROBUSTNESS
809,jumps jumps fox lazy lazy foxaaa,78.54873397064364,SYNTHETIC_ROBUSTNESS
810,quick compress data quick lazy o,78.58732913989378,SYNTHETIC_ROBUSTNESS
811,brown jumps fox jumps compress l,78.68668744778937,SYNTHETIC_ROBUSTNESS
812,dog lazy dog quick brown streama,78.98341635518825,SYNTHETIC_ROBUSTNESS
813,the stream compress brown quick ,79.01156671107334,SYNTHETIC_ROBUSTNESS
814,dog lazy dog quick brown streama,79.03057991012761,SYNTHETIC_ROBUSTNESS
815,fox stream fox fox over dogaaaaa,79.05335414992989,SYNTHETIC_ROBUSTNESS
816,compress over quick jumps the fo,79.08037881058543,SYNTHETIC_ROBUSTNESS
817,quick the quick compress the qui,79.18207878419054,SYNTHETIC_ROBUSTNESS
818,quick fox jumps data compress th,79.84417502804902,SYNTHETIC_ROBUSTNESS
819,over fox stream quick compress l,79.91832294205527,SYNTHETIC_ROBUSTNESS
820,quick fox jumps data compress th,79.9499902062608,SYNTHETIC_ROBUSTNESS
821,brown brown brown over brown laz,80.08741088568836,SYNTHETIC_ROBUSTNESS
822,quick compress data quick lazy o,80.10463830268739,SYNTHETIC_ROBUSTNESS
823,quick fox quick fox dog brownaaa,80.10768568458528,SYNTHETIC_ROBUSTNESS
824,quick fox jumps data compress th,80.20063973925308,SYNTHETIC_ROBUSTNESS
825,quick compress data quick lazy o,80.22424939153682,SYNTHETIC_ROBUSTNESS
826,dog lazy dog quick brown streama,80.27520490994966,SYNTHETIC_ROBUSTNESS
827,the dog fox lazy brown theaaaaaa,80.30148911100338,SYNTHETIC_ROBUSTNESS
828,data over lazy dog quick foxaaaa,80.55166802653545,SYNTHETIC_ROBUSTNESS
829,quick fox jumps data compress th,80.59291528309008,SYNTHETIC_ROBUSTNESS
830,dog lazy jumps the the compressa,80.65253066822436,SYNTHETIC_ROBUSTNESS
831,brown compress lazy fox the over,80.67929808877281,SYNTHETIC_ROBUSTNESS
832,compress over quick jumps the fo,80.68816492858491,SYNTHETIC_ROBUSTNESS
833,quick compress data quick lazy o,80.76002304217873,SYNTHETIC_ROBUSTNESS
834,brown compress lazy fox the over,80.96306781569213,SYNTHETIC_ROBUSTNESS
835,quick fox jumps data compress th,81.00640515767313,SYNTHETIC_ROBUSTNESS
836,dog lazy dog quick brown streama,81.15825917766192,SYNTHETIC_ROBUSTNESS
837,quick fox jumps data compress th,81.16157477338757,SYNTHETIC_ROBUSTNESS
838,over stream quick quick jumps br,81.18842922966549,SYNTHETIC_ROBUSTNESS
839,quick fox jumps data compress th,81.20252746094963,SYNTHETIC_ROBUSTNESS
840,over fox compress stream fox fox,81.25409158059072,SYNTHETIC_ROBUSTNESS
841,quick compress data quick lazy o,81.47883777704709,SYNTHETIC_ROBUSTNESS
842,stream over brown stream quick d,81.5256003318379,SYNTHETIC_ROBUSTNESS
843,fox stream fox fox over dogaaaaa,81.61806378355223,SYNTHETIC_ROBUSTNESS
844,quick compress data quick lazy o,81.84648145988453,SYNTHETIC_ROBUSTNESS
845,quick compress data quick lazy o,81.89107682432117,SYNTHETIC_ROBUSTNESS
846,quick compress data quick lazy o,81.93660891934053,SYNTHETIC_ROBUSTNESS
847,fox stream fox fox over dogaaaaa,81.94581858868462,SYNTHETIC_ROBUSTNESS
848,brown compress lazy fox the over,81.98875077960824,SYNTHETIC_ROBUSTNESS
849,stream lazy data compress the ov,82.12585584600852,SYNTHETIC_ROBUSTNESS
850,brown compress lazy fox the over,82.31205003708537,SYNTHETIC_ROBUSTNESS
851,stream the dog compress over dat,82.44033378824692,SYNTHETIC_ROBUSTNESS
852,over stream quick quick jumps br,82.44102873287468,SYNTHETIC_ROBUSTNESS
853,stream over brown stream quick d,82.45346911334107,SYNTHETIC_ROBUSTNESS
854,quick fox jumps data compress th,82.58476681129909,SYNTHETIC_ROBUSTNESS
855,compress over quick jumps the fo,82.87018428158575,SYNTHETIC_ROBUSTNESS
856,stream over brown stream quick d,82.98904710534812,SYNTHETIC_ROBUSTNESS
857,brown data brown data quick stre,83.0146787947332,SYNTHETIC_ROBUSTNESS
858,stream over brown stream quick d,83.02605821048208,SYNTHETIC_ROBUSTNESS
859,brown fox jumps lazy jumps lazya,83.23562854238317,SYNTHETIC_ROBUSTNESS
860,dog lazy dog quick brown streama,83.2460569310326,SYNTHETIC_ROBUSTNESS
861,quick brown dog brown compress c,83.26243089419233,SYNTHETIC_ROBUSTNESS
862,over over quick brown stream the,83.35323654719004,SYNTHETIC_ROBUSTNESS
863,stream data lazy lazy jumps comp,83.37430828958533,SYNTHETIC_ROBUSTNESS
864,fox compress stream quick compre,83.40013270225248,SYNTHETIC_ROBUSTNESS
865,over stream quick quick jumps br,83.41547796097606,SYNTHETIC_ROBUSTNESS
866,over stream quick quick jumps br,83.70430252213319,SYNTHETIC_ROBUSTNESS
867,quick compress data quick lazy o,83.71764711104441,SYNTHETIC_ROBUSTNESS
868,brown compress lazy fox the over,83.98549440017767,SYNTHETIC_ROBUSTNESS
869,fox stream fox fox over dogaaaaa,84.02497614644727,SYNTHETIC_ROBUSTNESS
870,over fox stream quick compress l,84.19732614754041,SYNTHETIC_ROBUSTNESS
871,over stream quick quick jumps br,84.49689451398858,SYNTHETIC_ROBUSTNESS
872,brown compress lazy fox the over,84.57013691574606,SYNTHETIC_ROBUSTNESS
873,fox stream fox fox over dogaaaaa,84.71717937758642,SYNTHETIC_ROBUSTNESS
874,over stream quick quick jumps br,84.74810542866672,SYNTHETIC_ROBUSTNESS
875,over stream quick quick jumps br,84.79638825088237,SYNTHETIC_ROBUSTNESS
876,over fox stream quick compress l,84.87690494969135,SYNTHETIC_ROBUSTNESS
877,brown compress lazy fox the over,85.06692487289924,SYNTHETIC_ROBUSTNESS
878,quick lazy dog over data foxaaaa,85.16387768534767,SYNTHETIC_ROBUSTNESS
879,quick fox jumps data compress th,85.16611235145781,SYNTHETIC_ROBUSTNESS
880,jumps fox dog the over compressa,85.20246570184615,SYNTHETIC_ROBUSTNESS
881,stream over brown stream quick d,85.40269289074921,SYNTHETIC_ROBUSTNESS
882,brown brown brown over brown laz,85.43016774095555,SYNTHETIC_ROBUSTNESS
883,brown brown brown over brown laz,85.476042964618,SYNTHETIC_ROBUSTNESS
884,jumps quick jumps fox jumps jump,85.52540945659831,SYNTHETIC_ROBUSTNESS
885,brown brown brown over brown laz,85.54218657755925,SYNTHETIC_ROBUSTNESS
886,fox stream fox fox over dogaaaaa,85.58523595786401,SYNTHETIC_ROBUSTNESS
887,brown compress lazy fox the over,85.75529303623749,SYNTHETIC_ROBUSTNESS
888,compress over quick jumps the fo,85.94440276430882,SYNTHETIC_ROBUSTNESS
889,stream over the brown the jumpsa,86.03136675072383,SYNTHETIC_ROBUSTNESS
890,dog data over compress quick fox,86.14491707924618,SYNTHETIC_ROBUSTNESS
891,compress dog dog dog jumps dataa,86.2213970170527,SYNTHETIC_ROBUSTNESS
892,brown compress lazy fox the over,86.22592526863879,SYNTHETIC_ROBUSTNESS
893,fox stream fox fox over dogaaaaa,86.34522356564871,SYNTHETIC_ROBUSTNESS
894,brown over stream the jumps thea,86.91218705347741,SYNTHETIC_ROBUSTNESS
895,dog lazy dog quick brown streama,86.93804124373548,SYNTHETIC_ROBUSTNESS
896,dog lazy dog quick brown streama,87.34062313775127,SYNTHETIC_ROBUSTNESS
897,quick fox jumps data compress th,87.9513601003372,SYNTHETIC_ROBUSTNESS
898,compress over quick jumps the fo,87.96661866149597,SYNTHETIC_ROBUSTNESS
899,dog lazy compress stream jumps c,88.22717052319973,SYNTHETIC_ROBUSTNESS
900,stream over fox jumps quick thea,88.33972755486363,SYNTHETIC_ROBUSTNESS
901,quick fox jumps data compress th,88.40253315316653,SYNTHETIC_ROBUSTNESS
902,over stream quick quick jumps br,88.44479337205516,SYNTHETIC_ROBUSTNESS
903,dog lazy dog quick brown streama,88.5441649904166,SYNTHETIC_ROBUSTNESS
904,brown brown brown over brown laz,88.72918015558243,SYNTHETIC_ROBUSTNESS
905,lazy stream stream dog quick dog,88.73264989687188,SYNTHETIC_ROBUSTNESS
906,brown brown brown over brown laz,88.80932114684138,SYNTHETIC_ROBUSTNESS
907,brown compress lazy fox the over,88.9143788118428,SYNTHETIC_ROBUSTNESS
908,brown brown brown over brown laz,88.91697248786029,SYNTHETIC_ROBUSTNESS
909,brown compress lazy fox the over,89.13686492962438,SYNTHETIC_ROBUSTNESS
910,compress compress quick fox quic,89.44008364363674,SYNTHETIC_ROBUSTNESS
911,compress over quick jumps the fo,89.53488534507362,SYNTHETIC_ROBUSTNESS
912,quick compress data quick lazy o,89.54732847459472,SYNTHETIC_ROBUSTNESS
913,dog lazy dog quick brown streama,89.8167605286549,SYNTHETIC_ROBUSTNESS
914,quick compress data quick lazy o,89.98023974044656,SYNTHETIC_ROBUSTNESS
915,stream over brown stream quick d,89.98313610597678,SYNTHETIC_ROBUSTNESS
916,compress over quick jumps the fo,90.06968579882691,SYNTHETIC_ROBUSTNESS
917,over fox stream quick compress l,90.08185029525082,SYNTHETIC_ROBUSTNESS
918,quick compress data quick lazy o,90.09705666072611,SYNTHETIC_ROBUSTNESS
919,over over over data data compres,90.11843911469317,SYNTHETIC_ROBUSTNESS
920,brown brown brown over brown laz,90.1688884354479,SYNTHETIC_ROBUSTNESS
921,quick fox jumps data compress th,90.37794504318114,SYNTHETIC_ROBUSTNESS
922,compress over quick jumps the fo,90.38110189271876,SYNTHETIC_ROBUSTNESS
923,brown compress lazy fox the over,90.49796598840496,SYNTHETIC_ROBUSTNESS
924,data jumps fox quick dog theaaaa,90.8319314168432,SYNTHETIC_ROBUSTNESS
925,compress lazy data lazy fox lazy,90.93443975317123,SYNTHETIC_ROBUSTNESS
926,quick compress data quick lazy o,91.10350729370789,SYNTHETIC_ROBUSTNESS
927,dog lazy dog quick brown streama,91.33555401235539,SYNTHETIC_ROBUSTNESS
928,brown brown brown over brown laz,91.46100970170059,SYNTHETIC_ROBUSTNESS
929,stream over brown stream quick d,91.56884444272573,SYNTHETIC_ROBUSTNESS
930,dog lazy dog quick brown streama,91.57065745327795,SYNTHETIC_ROBUSTNESS
931,quick fox jumps data compress th,91.64382319841063,SYNTHETIC_ROBUSTNESS
932,stream over brown stream quick d,91.70716505426364,SYNTHETIC_ROBUSTNESS
933,brown compress lazy fox the over,91.78112723870228,SYNTHETIC_ROBUSTNESS
934,dog lazy dog quick brown streama,91.83777523626046,SYNTHETIC_ROBUSTNESS
935,quick compress data quick lazy o,92.07481615249374,SYNTHETIC_ROBUSTNESS
936,quick fox jumps data compress th,92.29466577164142,SYNTHETIC_ROBUSTNESS
937,over fox stream quick compress l,92.30809877768762,SYNTHETIC_ROBUSTNESS
938,compress over quick jumps the fo,92.38421842752946,SYNTHETIC_ROBUSTNESS
939,over fox stream quick compress l,92.7050095031814,SYNTHETIC_ROBUSTNESS
940,quick compress data quick lazy o,92.79630517169602,SYNTHETIC_ROBUSTNESS
941,compress over quick jumps the fo,92.95808667199891,SYNTHETIC_ROBUSTNESS
942,over stream quick quick jumps br,93.00482498211565,SYNTHETIC_ROBUSTNESS
943,fox compress quick fox brown com,93.05218583330432,SYNTHETIC_ROBUSTNESS
944,quick compress data quick lazy o,93.0915919637429,SYNTHETIC_ROBUSTNESS
945,quick compress data quick lazy o,93.09380072472318,SYNTHETIC_ROBUSTNESS
946,dog lazy dog quick brown streama,93.35262978667392,SYNTHETIC_ROBUSTNESS
947,dog lazy dog quick brown streama,93.39565297025216,SYNTHETIC_ROBUSTNESS
948,brown compress lazy fox the over,93.4413953520626,SYNTHETIC_ROBUSTNESS
949,brown compress lazy fox the over,93.58391858537982,SYNTHETIC_ROBUSTNESS
950,stream brown stream the over com,93.65876198134953,SYNTHETIC_ROBUSTNESS
951,compress over quick jumps the fo,93.70371028850431,SYNTHETIC_ROBUSTNESS
952,brown compress lazy fox the over,93.91879753817544,SYNTHETIC_ROBUSTNESS
953,over fox stream quick compress l,94.09331139722632,SYNTHETIC_ROBUSTNESS
954,fox stream fox fox over dogaaaaa,94.46967847147923,SYNTHETIC_ROBUSTNESS
955,fox jumps lazy compress dog lazy,94.57212778744129,SYNTHETIC_ROBUSTNESS
956,brown brown brown over brown laz,94.68927725529551,SYNTHETIC_ROBUSTNESS
957,over stream quick quick jumps br,94.72850739689883,SYNTHETIC_ROBUSTNESS
958,over stream quick quick jumps br,94.73899679140106,SYNTHETIC_ROBUSTNESS
959,dog lazy dog quick brown streama,94.75019242842433,SYNTHETIC_ROBUSTNESS
960,over stream quick quick jumps br,94.8540214477529,SYNTHETIC_ROBUSTNESS
961,compress over quick jumps the fo,94.86604310634524,SYNTHETIC_ROBUSTNESS
962,fox stream fox fox over dogaaaaa,95.10315794675867,SYNTHETIC_ROBUSTNESS
963,quick fox jumps data compress th,95.22485316546035,SYNTHETIC_ROBUSTNESS
964,the lazy dog stream lazy dogaaaa,95.25049822015804,SYNTHETIC_ROBUSTNESS
965,over fox stream quick compress l,95.28323919522897,SYNTHETIC_ROBUSTNESS
966,brown compress lazy fox the over,95.40701756828054,SYNTHETIC_ROBUSTNESS
967,over fox stream quick compress l,95.5808128648223,SYNTHETIC_ROBUSTNESS
968,over fox stream quick compress l,95.7637153863435,SYNTHETIC_ROBUSTNESS
969,fox stream fox fox over dogaaaaa,95.8556015828476,SYNTHETIC_ROBUSTNESS
970,quick compress data quick lazy o,95.87247090577782,SYNTHETIC_ROBUSTNESS
971,quick fox jumps data compress th,96.04304348852817,SYNTHETIC_ROBUSTNESS
972,quick fox jumps data compress th,96.19989397468123,SYNTHETIC_ROBUSTNESS
973,data brown dog dog quick theaaaa,96.38029190913213,SYNTHETIC_ROBUSTNESS
974,brown compress lazy fox the over,96.39744951251923,SYNTHETIC_ROBUSTNESS
975,brown compress lazy fox the over,96.51276409400363,SYNTHETIC_ROBUSTNESS
976,quick fox jumps data compress th,96.83526337719111,SYNTHETIC_ROBUSTNESS
977,brown brown brown over brown laz,96.86484307965688,SYNTHETIC_ROBUSTNESS
978,over stream quick quick jumps br,96.99097786030674,SYNTHETIC_ROBUSTNESS
979,brown brown brown over brown laz,97.02094218344331,SYNTHETIC_ROBUSTNESS
980,over stream quick quick jumps br,97.05762862418659,SYNTHETIC_ROBUSTNESS
981,stream over brown stream quick d,97.12403952917808,SYNTHETIC_ROBUSTNESS
982,fox over compress the brown lazy,97.34937526362636,SYNTHETIC_ROBUSTNESS
983,over data fox fox brown overaaaa,97.35331816553993,SYNTHETIC_ROBUSTNESS
984,quick lazy fox brown the compres,97.81031112321439,SYNTHETIC_ROBUSTNESS
985,brown brown brown over brown laz,97.9581859314914,SYNTHETIC_ROBUSTNESS
986,compress jumps over jumps over d,98.00278010045595,SYNTHETIC_ROBUSTNESS
987,jumps dog fox quick stream dataa,98.04650048037276,SYNTHETIC_ROBUSTNESS
988,brown compress lazy fox the over,98.11246809150944,SYNTHETIC_ROBUSTNESS
989,over stream quick quick jumps br,98.3207958172526,SYNTHETIC_ROBUSTNESS
990,fox compress stream fox lazy com,98.32260379723974,SYNTHETIC_ROBUSTNESS
991,over stream quick quick jumps br,98.40206635486742,SYNTHETIC_ROBUSTNESS
992,dog lazy dog quick brown streama,98.40783842389368,SYNTHETIC_ROBUSTNESS
993,dog lazy dog quick brown streama,98.42012309139638,SYNTHETIC_ROBUSTNESS
994,quick compress data quick lazy o,98.53745641553147,SYNTHETIC_ROBUSTNESS
995,fox stream fox fox over dogaaaaa,98.56415405902047,SYNTHETIC_ROBUSTNESS
996,brown brown brown over brown laz,98.56840252216045,SYNTHETIC_ROBUSTNESS
997,compress over quick jumps the fo,98.58634357556286,SYNTHETIC_ROBUSTNESS
998,over stream quick quick jumps br,98.60974356286002,SYNTHETIC_ROBUSTNESS
999,the over fox jumps brown streama,98.75661642028425,SYNTHETIC_ROBUSTNESS
1000,dog lazy dog quick brown streama,98.854679116022,SYNTHETIC_ROBUSTNESS
1001,over fox stream quick compress l,98.98752846951254,SYNTHETIC_ROBUSTNESS
1002,the dog the data data brownaaaaa,99.03370380986316,SYNTHETIC_ROBUSTNESS
1003,dog lazy dog quick brown streama,99.04570980957685,SYNTHETIC_ROBUSTNESS
1004,stream over brown stream quick d,99.20933426338983,SYNTHETIC_ROBUSTNESS
1005,stream over brown stream quick d,99.22446387037687,SYNTHETIC_ROBUSTNESS
1006,brown compress lazy fox the over,99.27270093169021,SYNTHETIC_ROBUSTNESS
1007,over stream quick quick jumps br,99.30311978635976,SYNTHETIC_ROBUSTNESS
1008,over fox stream quick compress l,99.33829348105021,SYNTHETIC_ROBUSTNESS
1009,quick fox jumps data compress th,99.43038780026477,SYNTHETIC_ROBUSTNESS
1010,stream lazy quick compress strea,99.44834259921652,SYNTHETIC_ROBUSTNESS
1011,brown compress lazy fox the over,99.50737889754161,SYNTHETIC_ROBUSTNESS
1012,brown compress fox over compress,99.6091803485082,SYNTHETIC_ROBUSTNESS
1013,compress over the fox lazy jumps,99.81236990421482,SYNTHETIC_ROBUSTNESS
1014,brown brown brown over brown laz,99.85876848464127,SYNTHETIC_ROBUSTNESS
1015,jumps quick over stream data fox,99.89714253246714,SYNTHETIC_ROBUSTNESS
1016,brown compress lazy fox the over,99.94300495061151,SYNTHETIC_ROBUSTNESS
1017,the stream brown over the foxaaa,100.0124792099651,SYNTHETIC_ROBUSTNESS
1018,the quick quick dog brown dogaaa,100.05003507869472,SYNTHETIC_ROBUSTNESS
1019,dog compress brown fox fox lazya,100.07886357945107,SYNTHETIC_ROBUSTNESS
1020,compress over quick jumps the fo,100.12591244887925,SYNTHETIC_ROBUSTNESS
1021,dog lazy dog quick brown streama,100.27634336040144,SYNTHETIC_ROBUSTNESS
1022,stream over brown stream quick d,100.3054875786156,SYNTHETIC_ROBUSTNESS
1023,dog lazy dog quick brown streama,100.49168193340886,SYNTHETIC_ROBUSTNESS
1024,stream over brown stream quick d,100.52524410904597,SYNTHETIC_ROBUSTNESS
1025,brown brown brown over brown laz,100.61764538024478,SYNTHETIC_ROBUSTNESS
1026,over fox stream quick compress l,100.97160957327871,SYNTHETIC_ROBUSTNESS
1027,data fox data dog stream overaaa,101.27483438633179,SYNTHETIC_ROBUSTNESS
1028,stream over brown stream quick d,101.33186240619774,SYNTHETIC_ROBUSTNESS
1029,dog lazy dog quick brown streama,101.33885271003612,SYNTHETIC_ROBUSTNESS
1030,brown brown brown over brown laz,101.57177510210047,SYNTHETIC_ROBUSTNESS
1031,compress compress compress fox l,101.58534745077604,SYNTHETIC_ROBUSTNESS
1032,quick stream data fox dog dogaaa,101.84245828225721,SYNTHETIC_ROBUSTNESS
1033,fox stream fox fox over dogaaaaa,101.97437069020842,SYNTHETIC_ROBUSTNESS
1034,lazy brown stream data fox theaa,102.24654370565763,SYNTHETIC_ROBUSTNESS
1035,quick compress data quick lazy o,102.35602320757403,SYNTHETIC_ROBUSTNESS
1036,quick fox jumps data compress th,102.88813425361573,SYNTHETIC_ROBUSTNESS
1037,quick fox jumps data compress th,102.9510579544726,SYNTHETIC_ROBUSTNESS
1038,stream over brown stream quick d,102.99104923570042,SYNTHETIC_ROBUSTNESS
1039,fox stream fox fox over dogaaaaa,103.04102329095437,SYNTHETIC_ROBUSTNESS
1040,quick compress data quick lazy o,103.08414604354063,SYNTHETIC_ROBUSTNESS
1041,the lazy the over dog dogaaaaaaa,103.13536157514201,SYNTHETIC_ROBUSTNESS
1042,over fox stream quick compress l,103.35181978905366,SYNTHETIC_ROBUSTNESS
1043,over quick dog dog lazy jumpsaaa,103.44148358474172,SYNTHETIC_ROBUSTNESS
1044,over stream quick quick jumps br,103.5708361147812,SYNTHETIC_ROBUSTNESS
1045,the dog stream data brown compre,103.60478605254178,SYNTHETIC_ROBUSTNESS
1046,compress quick quick brown brown,104.06401819280823,SYNTHETIC_ROBUSTNESS
1047,over data dog compress over foxa,104.09697069913373,SYNTHETIC_ROBUSTNESS
1048,fox stream fox fox over dogaaaaa,104.11429005104075,SYNTHETIC_ROBUSTNESS
1049,over stream quick quick jumps br,104.26488553022331,SYNTHETIC_ROBUSTNESS
1050,compress data dog over the lazya,104.44756742446343,SYNTHETIC_ROBUSTNESS
1051,compress over quick jumps the fo,104.49762117505757,SYNTHETIC_ROBUSTNESS
1052,fox stream fox fox over dogaaaaa,104.57550732199908,SYNTHETIC_ROBUSTNESS
1053,quick compress data quick lazy o,104.62897271353056,SYNTHETIC_ROBUSTNESS
1054,quick compress data quick lazy o,104.66377566389673,SYNTHETIC_ROBUSTNESS
1055,dog over data fox quick quickaaa,104.83164215494969,SYNTHETIC_ROBUSTNESS
1056,compress over quick jumps the fo,104.97312691261159,SYNTHETIC_ROBUSTNESS
1057,stream over brown stream quick d,105.0395495824103,SYNTHETIC_ROBUSTNESS
1058,brown compress lazy fox the over,105.10034766864808,SYNTHETIC_ROBUSTNESS
1059,dog compress brown dog dog quick,105.12021272729085,SYNTHETIC_ROBUSTNESS
1060,dog over over lazy quick streama,105.22162330592806,SYNTHETIC_ROBUSTNESS
1061,fox stream fox fox over dogaaaaa,105.47890237253615,SYNTHETIC_ROBUSTNESS
1062,quick compress data quick lazy o,105.60578689459103,SYNTHETIC_ROBUSTNESS
1063,compress over quick jumps the fo,105.67636364169337,SYNTHETIC_ROBUSTNESS
1064,over stream quick quick jumps br,105.68030620004905,SYNTHETIC_ROBUSTNESS
1065,brown stream jumps jumps compres,105.94663708559727,SYNTHETIC_ROBUSTNESS
1066,dog lazy dog quick brown streama,105.98346042536832,SYNTHETIC_ROBUSTNESS
1067,quick fox the compress lazy data,106.01912113727641,SYNTHETIC_ROBUSTNESS
1068,fox stream fox fox over dogaaaaa,106.08253277726699,SYNTHETIC_ROBUSTNESS
1069,stream over brown stream quick d,106.13859844676169,SYNTHETIC_ROBUSTNESS
1070,compress over quick jumps the fo,106.46653934336304,SYNTHETIC_ROBUSTNESS
1071,fox stream fox fox over dogaaaaa,106.48457259157337,SYNTHETIC_ROBUSTNESS
1072,brown compress fox lazy brown da,106.60140811403244,SYNTHETIC_ROBUSTNESS
1073,stream over brown stream quick d,106.61269846986076,SYNTHETIC_ROBUSTNESS
1074,stream over brown stream quick d,106.64511891036317,SYNTHETIC_ROBUSTNESS
1075,over fox stream quick compress l,106.77318168382,SYNTHETIC_ROBUSTNESS
1076,dog lazy dog quick brown streama,106.93616790838297,SYNTHETIC_ROBUSTNESS
1077,brown brown brown over brown laz,106.999453019027,SYNTHETIC_ROBUSTNESS
1078,jumps jumps the dog dog dataaaaa,107.155206425985,SYNTHETIC_ROBUSTNESS
1079,quick compress data quick lazy o,107.42873888118353,SYNTHETIC_ROBUSTNESS
1080,brown compress lazy fox the over,107.70329451790984,SYNTHETIC_ROBUSTNESS
1081,stream fox dog data brown stream,107.74522168437305,SYNTHETIC_ROBUSTNESS
1082,stream over brown stream quick d,107.78263865633416,SYNTHETIC_ROBUSTNESS
1083,brown brown brown over brown laz,107.91226378723508,SYNTHETIC_ROBUSTNESS
1084,over stream quick quick jumps br,108.01842275429706,SYNTHETIC_ROBUSTNESS
1085,over fox stream quick compress l,108.0682244068417,SYNTHETIC_ROBUSTNESS
1086,over fox stream quick compress l,108.0941887333552,SYNTHETIC_ROBUSTNESS
1087,compress quick compress lazy fox,108.19053532394615,SYNTHETIC_ROBUSTNESS
1088,quick compress data quick lazy o,108.24678915304548,SYNTHETIC_ROBUSTNESS
1089,over the the over lazy brownaaaa,108.26095857964212,SYNTHETIC_ROBUSTNESS
1090,stream quick data the over overa,108.36291524174833,SYNTHETIC_ROBUSTNESS
1091,compress over quick jumps the fo,108.48254031531815,SYNTHETIC_ROBUSTNESS
1092,quick compress data quick lazy o,108.52783247310921,SYNTHETIC_ROBUSTNESS
1093,brown brown brown over brown laz,108.706184468124,SYNTHETIC_ROBUSTNESS
1094,dog lazy dog quick brown streama,108.7138372746046,SYNTHETIC_ROBUSTNESS
1095,brown compress lazy fox the over,108.78233727650193,SYNTHETIC_ROBUSTNESS
1096,lazy fox jumps data compress the,109.09545691002769,SYNTHETIC_ROBUSTNESS
1097,lazy the jumps fox dog overaaaaa,109.1165862068836,SYNTHETIC_ROBUSTNESS
1098,stream brown jumps fox over foxa,109.13549958666573,SYNTHETIC_ROBUSTNESS
1099,over fox stream quick compress l,109.1830931754259,SYNTHETIC_ROBUSTNESS
1100,dog lazy dog quick brown streama,109.21430213381375,SYNTHETIC_ROBUSTNESS
1101,brown compress lazy fox the over,109.23934505216553,SYNTHETIC_ROBUSTNESS
1102,over fox stream quick compress l,109.5386048941507,SYNTHETIC_ROBUSTNESS
1103,brown brown brown over brown laz,109.58089366046028,SYNTHETIC_ROBUSTNESS
1104,over fox stream quick compress l,109.58706397622001,SYNTHETIC_ROBUSTNESS
1105,brown brown brown over brown laz,109.81710443855127,SYNTHETIC_ROBUSTNESS
1106,the compress jumps brown compres,109.8765697456083,SYNTHETIC_ROBUSTNESS
1107,fox stream fox fox over dogaaaaa,110.00972830587196,SYNTHETIC_ROBUSTNESS
1108,dog lazy dog quick brown streama,110.05551166399391,SYNTHETIC_ROBUSTNESS
1109,dog lazy dog quick brown streama,110.32910886055973,SYNTHETIC_ROBUSTNESS
1110,over fox stream quick compress l,110.36304854723979,SYNTHETIC_ROBUSTNESS
1111,brown brown brown over brown laz,110.47174656073132,SYNTHETIC_ROBUSTNESS
1112,quick compress data quick lazy o,110.64566986137253,SYNTHETIC_ROBUSTNESS
1113,compress compress brown dog stre,110.67284191316041,SYNTHETIC_ROBUSTNESS
1114,quick compress data quick lazy o,110.83454399282589,SYNTHETIC_ROBUSTNESS
1115,compress over quick jumps the fo,110.9916984984888,SYNTHETIC_ROBUSTNESS
1116,brown compress lazy lazy fox bro,111.3247451857301,SYNTHETIC_ROBUSTNESS
1117,over data the dog quick foxaaaaa,111.5808962035423,SYNTHETIC_ROBUSTNESS
1118,quick fox jumps data compress th,111.63009801756796,SYNTHETIC_ROBUSTNESS
1119,over fox stream quick compress l,111.7193905405337,SYNTHETIC_ROBUSTNESS
1120,brown quick data quick over doga,111.97881045787264,SYNTHETIC_ROBUSTNESS
1121,quick fox jumps data compress th,111.97924898528642,SYNTHETIC_ROBUSTNESS
1122,quick fox jumps data compress th,112.07796058717801,SYNTHETIC_ROBUSTNESS
1123,fox stream fox fox over dogaaaaa,112.10221406104662,SYNTHETIC_ROBUSTNESS
1124,over fox stream quick compress l,112.23644793713508,SYNTHETIC_ROBUSTNESS
1125,brown brown brown over brown laz,112.39564197185052,SYNTHETIC_ROBUSTNESS
1126,brown brown brown over brown laz,112.52045507605955,SYNTHETIC_ROBUSTNESS
1127,brown compress lazy fox the over,113.07457048201044,SYNTHETIC_ROBUSTNESS
1128,the over stream fox fox dataaaaa,113.1398204663302,SYNTHETIC_ROBUSTNESS
1129,dog lazy dog quick brown streama,113.22222478033191,SYNTHETIC_ROBUSTNESS
1130,stream over brown stream quick d,113.27481742437338,SYNTHETIC_ROBUSTNESS
1131,fox stream fox fox over dogaaaaa,113.63971852774769,SYNTHETIC_ROBUSTNESS
1132,quick compress data quick lazy o,113.89579758578458,SYNTHETIC_ROBUSTNESS
1133,jumps lazy fox data lazy jumpsaa,114.32732249910426,SYNTHETIC_ROBUSTNESS
1134,compress over quick jumps the fo,114.7465703093589,SYNTHETIC_ROBUSTNESS
1135,over fox stream quick compress l,114.97238578430903,SYNTHETIC_ROBUSTNESS
1136,compress over quick jumps the fo,115.23957332359463,SYNTHETIC_ROBUSTNESS
1137,jumps lazy brown compress fox st,115.25234315856979,SYNTHETIC_ROBUSTNESS
1138,over stream quick quick jumps br,115.27140208683372,SYNTHETIC_ROBUSTNESS
1139,stream quick quick fox data jump,115.4878476483955,SYNTHETIC_ROBUSTNESS
1140,jumps jumps compress compress la,115.61760293266512,SYNTHETIC_ROBUSTNESS
1141,quick compress data quick lazy o,115.82553805665893,SYNTHETIC_ROBUSTNESS
1142,stream over brown stream quick d,115.97252022675872,SYNTHETIC_ROBUSTNESS
1143,compress over quick jumps the fo,115.9875541033788,SYNTHETIC_ROBUSTNESS
1144,quick compress data quick lazy o,116.23592368510101,SYNTHETIC_ROBUSTNESS
1145,over stream quick quick jumps br,116.38342685501739,SYNTHETIC_ROBUSTNESS
1146,over fox stream quick compress l,116.46801152583454,SYNTHETIC_ROBUSTNESS
1147,brown brown brown over brown laz,116.54401751221559,SYNTHETIC_ROBUSTNESS
1148,dog lazy dog quick brown streama,116.62930185744133,SYNTHETIC_ROBUSTNESS
1149,over stream quick quick jumps br,116.67879986433144,SYNTHETIC_ROBUSTNESS
1150,fox stream fox fox over dogaaaaa,116.84136642122915,SYNTHETIC_ROBUSTNESS
1151,quick fox jumps data compress th,117.08107523196202,SYNTHETIC_ROBUSTNESS
1152,quick compress data quick lazy o,117.11023286598284,SYNTHETIC_ROBUSTNESS
1153,over stream quick quick jumps br,117.11411185606849,SYNTHETIC_ROBUSTNESS
1154,brown compress lazy fox the over,117.13679280784805,SYNTHETIC_ROBUSTNESS
1155,brown compress lazy fox the over,117.27840164747188,SYNTHETIC_ROBUSTNESS
1156,stream over brown stream quick d,117.48120127371357,SYNTHETIC_ROBUSTNESS
1157,quick compress data quick lazy o,117.52405911812714,SYNTHETIC_ROBUSTNESS
1158,brown brown brown over brown laz,117.54059223149957,SYNTHETIC_ROBUSTNESS
1159,quick compress data quick lazy o,117.7361618566072,SYNTHETIC_ROBUSTNESS
1160,dog brown brown compress data do,117.76032352721975,SYNTHETIC_ROBUSTNESS
1161,over fox stream quick compress l,117.78801411978954,SYNTHETIC_ROBUSTNESS
1162,over stream quick quick jumps br,117.79773269823741,SYNTHETIC_ROBUSTNESS
1163,the the dog compress quick jumps,118.03888815443813,SYNTHETIC_ROBUSTNESS
1164,fox stream fox fox over dogaaaaa,118.07844804946424,SYNTHETIC_ROBUSTNESS
1165,dog lazy dog quick brown streama,118.09730310345856,SYNTHETIC_ROBUSTNESS
1166,quick fox jumps data compress th,118.40444554562825,SYNTHETIC_ROBUSTNESS
1167,stream jumps data lazy lazy jump,118.44532065880199,SYNTHETIC_ROBUSTNESS
1168,jumps over lazy compress dog the,118.58294945738982,SYNTHETIC_ROBUSTNESS
1169,brown compress lazy fox the over,118.60913732216575,SYNTHETIC_ROBUSTNESS
1170,compress quick compress jumps la,118.73890187242351,SYNTHETIC_ROBUSTNESS
1171,compress quick data over over ov,118.76531955161695,SYNTHETIC_ROBUSTNESS
1172,brown brown brown over brown laz,118.86685885625926,SYNTHETIC_ROBUSTNESS
1173,brown brown brown over brown laz,118.92499493722728,SYNTHETIC_ROBUSTNESS
1174,stream over brown stream quick d,119.08529966953006,SYNTHETIC_ROBUSTNESS
1175,compress over quick jumps the fo,119.21633373040092,SYNTHETIC_ROBUSTNESS
1176,over stream quick quick jumps br,119.49042045029654,SYNTHETIC_ROBUSTNESS
1177,brown compress lazy fox the over,119.53768072002977,SYNTHETIC_ROBUSTNESS
1178,stream fox lazy stream stream co,119.67805941756563,SYNTHETIC_ROBUSTNESS
1179,stream over brown stream quick d,120.02493275829868,SYNTHETIC_ROBUSTNESS
1180,fox stream fox fox over dogaaaaa,120.06592662237996,SYNTHETIC_ROBUSTNESS
1181,over fox stream quick compress l,120.10017625099674,SYNTHETIC_ROBUSTNESS
1182,over fox stream quick compress l,120.24673199584643,SYNTHETIC_ROBUSTNESS
1183,brown fox quick data lazy browna,120.30570470288434,SYNTHETIC_ROBUSTNESS
1184,brown brown brown over brown laz,120.35656281141824,SYNTHETIC_ROBUSTNESS
1185,stream lazy stream compress comp,120.43544330658683,SYNTHETIC_ROBUSTNESS
1186,quick quick stream jumps jumps f,120.70959998084993,SYNTHETIC_ROBUSTNESS
1187,brown compress lazy fox the over,120.71835751785491,SYNTHETIC_ROBUSTNESS
1188,over stream quick quick jumps br,120.78103465216451,SYNTHETIC_ROBUSTNESS
1189,brown compress lazy fox the over,120.79270388055488,SYNTHETIC_ROBUSTNESS
1190,quick compress data quick lazy o,121.0077641794445,SYNTHETIC_ROBUSTNESS
1191,brown compress lazy fox the over,121.02246362560194,SYNTHETIC_ROBUSTNESS
1192,fox stream fox fox over dogaaaaa,121.03186210402913,SYNTHETIC_ROBUSTNESS
1193,compress over quick jumps the fo,121.36360582307215,SYNTHETIC_ROBUSTNESS
1194,dog lazy dog quick brown streama,121.44646651569383,SYNTHETIC_ROBUSTNESS
1195,brown compress lazy fox the over,121.62127499867856,SYNTHETIC_ROBUSTNESS
1196,quick fox jumps data compress th,121.6848112872566,SYNTHETIC_ROBUSTNESS
1197,dog lazy dog quick brown streama,121.74201790848414,SYNTHETIC_ROBUSTNESS
1198,stream over brown stream quick d,121.98461728037736,SYNTHETIC_ROBUSTNESS
1199,over stream quick quick jumps br,122.44386804738023,SYNTHETIC_ROBUSTNESS
1200,fox stream fox fox over dogaaaaa,122.54024084729441,SYNTHETIC_ROBUSTNESS
1201,over stream quick quick jumps br,122.79057439842688,SYNTHETIC_ROBUSTNESS
1202,dog the compress the lazy quicka,122.98914664975405,SYNTHETIC_ROBUSTNESS
1203,compress over quick jumps the fo,123.06767506524677,SYNTHETIC_ROBUSTNESS
1204,brown lazy stream dog dog overaa,123.35087275679616,SYNTHETIC_ROBUSTNESS
1205,compress the fox fox dog dogaaaa,123.37445209954186,SYNTHETIC_ROBUSTNESS
1206,quick compress data quick lazy o,123.59059978014464,SYNTHETIC_ROBUSTNESS
1207,brown brown brown over brown laz,123.62761291798354,SYNTHETIC_ROBUSTNESS
1208,brown brown brown over brown laz,123.63071200270161,SYNTHETIC_ROBUSTNESS
1209,over stream quick quick jumps br,123.78539942841218,SYNTHETIC_ROBUSTNESS
1210,dog lazy dog quick brown streama,124.05135045988365,SYNTHETIC_ROBUSTNESS
1211,brown stream brown data brown ov,124.07578494256464,SYNTHETIC_ROBUSTNESS
1212,compress data stream brown brown,124.1521602751293,SYNTHETIC_ROBUSTNESS
1213,fox stream fox fox over dogaaaaa,124.2905287305948,SYNTHETIC_ROBUSTNESS
1214,the compress the compress the co,124.33081910790973,SYNTHETIC_ROBUSTNESS
1215,brown compress lazy fox the over,124.34670910980614,SYNTHETIC_ROBUSTNESS
1216,brown brown brown over brown laz,124.39650763413543,SYNTHETIC_ROBUSTNESS
1217,compress over quick jumps the fo,124.45749308420974,SYNTHETIC_ROBUSTNESS
1218,dog lazy dog quick brown streama,124.593058321735,SYNTHETIC_ROBUSTNESS
1219,stream brown stream quick over b,124.61520829488721,SYNTHETIC_ROBUSTNESS
1220,jumps over jumps over over lazya,124.78400890407129,SYNTHETIC_ROBUSTNESS
1221,brown compress lazy fox the over,124.85376039654616,SYNTHETIC_ROBUSTNESS
1222,fox stream fox fox over dogaaaaa,125.08798712466566,SYNTHETIC_ROBUSTNESS
1223,lazy compress compress quick laz,125.17140888693957,SYNTHETIC_ROBUSTNESS
1224,over fox stream quick compress l,125.23062232188212,SYNTHETIC_ROBUSTNESS
1225,brown brown brown over brown laz,125.2644207702948,SYNTHETIC_ROBUSTNESS
1226,quick fox jumps data compress th,125.27565283879818,SYNTHETIC_ROBUSTNESS
1227,the jumps data brown compress th,125.32212711684062,SYNTHETIC_ROBUSTNESS
1228,dog lazy dog quick brown streama,125.37550639540642,SYNTHETIC_ROBUSTNESS
1229,over dog over quick quick quicka,125.45950580742237,SYNTHETIC_ROBUSTNESS
1230,stream lazy stream brown compres,125.65601083660542,SYNTHETIC_ROBUSTNESS
1231,over stream quick quick jumps br,125.71833843860759,SYNTHETIC_ROBUSTNESS
1232,brown brown brown over brown laz,125.75606768824255,SYNTHETIC_ROBUSTNESS
1233,fox stream fox fox over dogaaaaa,125.96262834668323,SYNTHETIC_ROBUSTNESS
1234,the lazy quick fox fox dataaaaaa,126.09502343569679,SYNTHETIC_ROBUSTNESS
1235,over fox stream quick compress l,126.1317002437936,SYNTHETIC_ROBUSTNESS
1236,stream over dog brown data lazya,126.14996588891427,SYNTHETIC_ROBUSTNESS
1237,over stream quick quick jumps br,126.18435972957386,SYNTHETIC_ROBUSTNESS
1238,fox stream fox fox over dogaaaaa,126.1975572889245,SYNTHETIC_ROBUSTNESS
1239,dog lazy dog quick brown streama,126.43129185670563,SYNTHETIC_ROBUSTNESS
1240,compress over quick jumps the fo,126.52589648137256,SYNTHETIC_ROBUSTNESS
1241,dog lazy dog quick brown streama,126.72504873937552,SYNTHETIC_ROBUSTNESS
1242,brown brown brown over brown laz,126.8967292678747,SYNTHETIC_ROBUSTNESS
1243,compress over quick jumps the fo,126.91336254378939,SYNTHETIC_ROBUSTNESS
1244,the jumps lazy brown fox theaaaa,126.97188177483802,SYNTHETIC_ROBUSTNESS
1245,quick compress data quick lazy o,127.3296635149966,SYNTHETIC_ROBUSTNESS
1246,lazy compress lazy stream over q,127.35629397603749,SYNTHETIC_ROBUSTNESS
1247,fox compress fox stream jumps co,127.36144845598666,SYNTHETIC_ROBUSTNESS
1248,stream over brown stream quick d,127.40391480038406,SYNTHETIC_ROBUSTNESS
1249,quick fox jumps data compress th,127.47544299748347,SYNTHETIC_ROBUSTNESS
1250,over stream quick quick jumps br,127.48119292732649,SYNTHETIC_ROBUSTNESS
1251,over fox stream quick compress l,127.53682296676585,SYNTHETIC_ROBUSTNESS
1252,fox stream fox fox over dogaaaaa,127.56604723456563,SYNTHETIC_ROBUSTNESS
1253,fox stream fox fox over dogaaaaa,127.58988792362784,SYNTHETIC_ROBUSTNESS
1254,quick fox jumps data compress th,127.62052782264624,SYNTHETIC_ROBUSTNESS
1255,compress over quick jumps the fo,127.63166554136691,SYNTHETIC_ROBUSTNESS
1256,brown brown brown over brown laz,127.63964000088501,SYNTHETIC_ROBUSTNESS
1257,over fox stream quick compress l,127.73023580103573,SYNTHETIC_ROBUSTNESS
1258,quick compress data quick lazy o,128.02556194838203,SYNTHETIC_ROBUSTNESS
1259,fox stream fox fox over dogaaaaa,128.18890431097105,SYNTHETIC_ROBUSTNESS
1260,jumps compress fox brown quick s,128.36842002613577,SYNTHETIC_ROBUSTNESS
1261,the compress jumps dog compress ,128.5012533691403,SYNTHETIC_ROBUSTNESS
1262,quick compress data quick lazy o,128.81357086154824,SYNTHETIC_ROBUSTNESS
1263,dog lazy dog quick brown streama,129.11425115375667,SYNTHETIC_ROBUSTNESS
1264,brown compress lazy fox the over,129.26489557353946,SYNTHETIC_ROBUSTNESS
1265,stream over brown stream quick d,129.39075475637645,SYNTHETIC_ROBUSTNESS
1266,dog lazy dog quick brown streama,129.4271793260145,SYNTHETIC_ROBUSTNESS
1267,quick compress data quick lazy o,129.43673865118183,SYNTHETIC_ROBUSTNESS
1268,dog lazy dog quick brown streama,129.44648537878925,SYNTHETIC_ROBUSTNESS
1269,dog lazy dog quick brown streama,129.57976493773194,SYNTHETIC_ROBUSTNESS
1270,quick fox jumps data compress th,129.58264335562643,SYNTHETIC_ROBUSTNESS
1271,fox stream fox fox over dogaaaaa,129.75214797339743,SYNTHETIC_ROBUSTNESS
1272,stream data stream jumps brown c,129.79779378382187,SYNTHETIC_ROBUSTNESS
1273,over stream quick quick jumps br,129.81912307406495,SYNTHETIC_ROBUSTNESS
1274,quick compress data quick lazy o,129.87147845327794,SYNTHETIC_ROBUSTNESS
1275,quick compress data quick lazy o,129.99297246840584,SYNTHETIC_ROBUSTNESS
1276,quick compress data quick lazy o,130.02514608907597,SYNTHETIC_ROBUSTNESS
1277,lazy lazy quick dog compress bro,130.04421594875262,SYNTHETIC_ROBUSTNESS
1278,brown brown brown over brown laz,130.1781128669812,SYNTHETIC_ROBUSTNESS
1279,over stream quick quick jumps br,130.39070859240334,SYNTHETIC_ROBUSTNESS
1280,quick compress data quick lazy o,130.47878763172645,SYNTHETIC_ROBUSTNESS
1281,brown compress lazy fox the over,130.55299103872804,SYNTHETIC_ROBUSTNESS
1282,quick brown compress the compres,130.69358992203104,SYNTHETIC_ROBUSTNESS
1283,the jumps jumps data dog jumpsaa,130.8255082861039,SYNTHETIC_ROBUSTNESS
1284,compress over quick jumps the fo,130.82613810556398,SYNTHETIC_ROBUSTNESS
1285,quick fox jumps data compress th,130.85924502133352,SYNTHETIC_ROBUSTNESS
1286,stream stream over the the compr,131.12808888535787,SYNTHETIC_ROBUSTNESS
1287,quick compress data quick lazy o,131.45048316699166,SYNTHETIC_ROBUSTNESS
1288,fox stream fox fox over dogaaaaa,131.52187677642695,SYNTHETIC_ROBUSTNESS
1289,brown brown brown over brown laz,131.6039952917233,SYNTHETIC_ROBUSTNESS
1290,stream over brown stream quick d,131.60406096542968,SYNTHETIC_ROBUSTNESS
1291,brown brown brown over brown laz,131.71563884962853,SYNTHETIC_ROBUSTNESS
1292,over stream quick quick jumps br,131.73951989444154,SYNTHETIC_ROBUSTNESS
1293,brown brown brown over brown laz,131.75320637574885,SYNTHETIC_ROBUSTNESS
1294,brown compress lazy fox the over,131.78954528048564,SYNTHETIC_ROBUSTNESS
1295,compress over quick jumps the fo,131.8988755780064,SYNTHETIC_ROBUSTNESS
1296,quick fox jumps data compress th,131.95620480659588,SYNTHETIC_ROBUSTNESS
1297,the the fox lazy lazy theaaaaaaa,131.99913832415825,SYNTHETIC_ROBUSTNESS
1298,brown brown brown over brown laz,132.12889625994953,SYNTHETIC_ROBUSTNESS
1299,brown compress lazy fox the over,132.29694674425494,SYNTHETIC_ROBUSTNESS
1300,over brown fox the stream lazyaa,132.50035721516883,SYNTHETIC_ROBUSTNESS
1301,dog the lazy the over theaaaaaaa,132.55919140395895,SYNTHETIC_ROBUSTNESS
1302,over stream quick quick jumps br,132.685715222754,SYNTHETIC_ROBUSTNESS
1303,dog lazy dog quick brown streama,132.9021832780806,SYNTHETIC_ROBUSTNESS
1304,the the brown the data dataaaaaa,133.14177004997,SYNTHETIC_ROBUSTNESS
1305,over the dog compress lazy theaa,133.20952133071785,SYNTHETIC_ROBUSTNESS
1306,brown brown brown over brown laz,133.25342246963882,SYNTHETIC_ROBUSTNESS
1307,fox brown fox dog lazy lazyaaaaa,133.48386722352393,SYNTHETIC_ROBUSTNESS
1308,brown compress lazy fox the over,133.5141712264028,SYNTHETIC_ROBUSTNESS
1309,quick compress data quick lazy o,133.67355103283703,SYNTHETIC_ROBUSTNESS
1310,over stream quick quick jumps br,133.91286209837762,SYNTHETIC_ROBUSTNESS
1311,quick fox jumps data compress th,134.04746136764345,SYNTHETIC_ROBUSTNESS
1312,fox stream fox fox over dogaaaaa,134.161361106576,SYNTHETIC_ROBUSTNESS
1313,fox stream fox fox over dogaaaaa,134.1665617414089,SYNTHETIC_ROBUSTNESS
1314,brown brown brown over brown laz,134.18931116530607,SYNTHETIC_ROBUSTNESS
1315,brown brown brown over brown laz,134.2991432858498,SYNTHETIC_ROBUSTNESS
1316,compress over quick jumps the fo,134.45294602364334,SYNTHETIC_ROBUSTNESS
1317,quick fox jumps data compress th,134.4594949581073,SYNTHETIC_ROBUSTNESS
1318,brown brown brown over brown laz,134.4614193007543,SYNTHETIC_ROBUSTNESS
1319,over stream quick quick jumps br,134.49874512312527,SYNTHETIC_ROBUSTNESS
1320,stream over brown stream quick d,134.60229621797325,SYNTHETIC_ROBUSTNESS
1321,over fox stream quick compress l,134.67404894399186,SYNTHETIC_ROBUSTNESS
1322,brown brown brown over brown laz,134.67488838906448,SYNTHETIC_ROBUSTNESS
1323,stream over brown stream quick d,134.69133012898806,SYNTHETIC_ROBUSTNESS
1324,quick compress data quick lazy o,134.83084380492332,SYNTHETIC_ROBUSTNESS
1325,over fox stream quick compress l,134.86617781386585,SYNTHETIC_ROBUSTNESS
1326,quick jumps the the over foxaaaa,134.87864219524272,SYNTHETIC_ROBUSTNESS
1327,stream over brown stream quick d,134.88386245294356,SYNTHETIC_ROBUSTNESS
1328,brown brown brown over brown laz,135.07386970085122,SYNTHETIC_ROBUSTNESS
1329,compress over quick jumps the fo,135.13767236211268,SYNTHETIC_ROBUSTNESS
1330,fox stream fox fox over dogaaaaa,135.20772552928904,SYNTHETIC_ROBUSTNESS
1331,compress lazy fox over over quic,135.21405585816285,SYNTHETIC_ROBUSTNESS
1332,quick compress data quick lazy o,135.28111225438835,SYNTHETIC_ROBUSTNESS
1333,fox stream fox fox over dogaaaaa,135.38489403086706,SYNTHETIC_ROBUSTNESS
1334,brown brown brown over brown laz,135.3979959028204,SYNTHETIC_ROBUSTNESS
1335,over stream quick quick jumps br,135.63080230921187,SYNTHETIC_ROBUSTNESS
1336,dog lazy brown the quick theaaaa,135.78374858674798,SYNTHETIC_ROBUSTNESS
1337,stream over brown stream quick d,135.94563938965354,SYNTHETIC_ROBUSTNESS
1338,fox stream fox fox over dogaaaaa,136.02254141568415,SYNTHETIC_ROBUSTNESS
1339,quick compress data quick lazy o,136.06317624763338,SYNTHETIC_ROBUSTNESS
1340,dog lazy dog quick brown streama,136.16546706864588,SYNTHETIC_ROBUSTNESS
1341,dog over fox lazy lazy brownaaaa,136.19100406605503,SYNTHETIC_ROBUSTNESS
1342,over fox stream quick compress l,136.2057247673397,SYNTHETIC_ROBUSTNESS
1343,dog lazy dog quick brown streama,136.28301539414682,SYNTHETIC_ROBUSTNESS
1344,quick fox jumps data compress th,136.34814419468248,SYNTHETIC_ROBUSTNESS
1345,the dog dog fox the jumpsaaaaaaa,136.3644293161643,SYNTHETIC_ROBUSTNESS
1346,stream lazy lazy brown stream ju,136.44001754191535,SYNTHETIC_ROBUSTNESS
1347,compress over quick jumps the fo,136.51908654661273,SYNTHETIC_ROBUSTNESS
1348,fox the over stream over dataaaa,136.72428068314565,SYNTHETIC_ROBUSTNESS
1349,fox stream fox fox over dogaaaaa,136.86666371599523,SYNTHETIC_ROBUSTNESS
1350,compress over quick jumps the fo,136.89119824362817,SYNTHETIC_ROBUSTNESS
1351,lazy quick brown stream compress,137.0615357591755,SYNTHETIC_ROBUSTNESS
1352,quick compress data quick lazy o,137.40895826098298,SYNTHETIC_ROBUSTNESS
1353,over fox data compress stream fo,137.53505474158445,SYNTHETIC_ROBUSTNESS
1354,dog lazy dog quick brown streama,137.6897025354453,SYNTHETIC_ROBUSTNESS
1355,dog quick jumps jumps quick brow,137.7206857352661,SYNTHETIC_ROBUSTNESS
1356,brown brown brown over brown laz,138.20230633348504,SYNTHETIC_ROBUSTNESS
1357,over fox stream quick compress l,138.2217127012266,SYNTHETIC_ROBUSTNESS
1358,compress over quick jumps the fo,138.36068676005448,SYNTHETIC_ROBUSTNESS
1359,over fox stream quick compress l,138.41097569620945,SYNTHETIC_ROBUSTNESS
1360,brown compress lazy fox the over,138.4551163909374,SYNTHETIC_ROBUSTNESS
1361,stream over brown stream quick d,138.48868593692404,SYNTHETIC_ROBUSTNESS
1362,compress fox lazy dog jumps over,138.54685739410627,SYNTHETIC_ROBUSTNESS
1363,over stream quick quick jumps br,138.70333951627563,SYNTHETIC_ROBUSTNESS
1364,brown compress lazy fox the over,138.98631483610967,SYNTHETIC_ROBUSTNESS
1365,over fox stream quick compress l,139.04014106916196,SYNTHETIC_ROBUSTNESS
1366,brown compress lazy fox the over,139.14560203753138,SYNTHETIC_ROBUSTNESS
1367,quick compress data quick lazy o,139.30082472173933,SYNTHETIC_ROBUSTNESS
1368,compress over quick jumps the fo,139.31133146300843,SYNTHETIC_ROBUSTNESS
1369,brown brown brown over brown laz,139.6345875332921,SYNTHETIC_ROBUSTNESS
1370,fox stream fox fox over dogaaaaa,139.6583667484001,SYNTHETIC_ROBUSTNESS
1371,stream over brown stream quick d,139.90497049207124,SYNTHETIC_ROBUSTNESS
1372,over stream quick quick jumps br,140.33624180324225,SYNTHETIC_ROBUSTNESS
1373,quick compress data quick lazy o,140.34682282118243,SYNTHETIC_ROBUSTNESS
1374,brown brown brown over brown laz,140.57007955094087,SYNTHETIC_ROBUSTNESS
1375,the the quick data the overaaaaa,140.67249757123312,SYNTHETIC_ROBUSTNESS
1376,data the fox over compress lazya,140.84283218376402,SYNTHETIC_ROBUSTNESS
1377,dog lazy dog quick brown streama,140.85438422984086,SYNTHETIC_ROBUSTNESS
1378,stream over brown stream quick d,141.03411892358258,SYNTHETIC_ROBUSTNESS
1379,quick compress data quick lazy o,141.1324780482758,SYNTHETIC_ROBUSTNESS
1380,quick compress data quick lazy o,141.20393938534943,SYNTHETIC_ROBUSTNESS
1381,lazy jumps quick brown jumps dat,141.28604486814066,SYNTHETIC_ROBUSTNESS
1382,over the the fox over streamaaaa,141.42248550693247,SYNTHETIC_ROBUSTNESS
1383,quick compress data quick lazy o,141.45781595981248,SYNTHETIC_ROBUSTNESS
1384,stream over brown stream quick d,141.74512715246763,SYNTHETIC_ROBUSTNESS
1385,fox stream fox fox over dogaaaaa,141.78189158007015,SYNTHETIC_ROBUSTNESS
1386,quick brown jumps over the theaa,141.99151385464245,SYNTHETIC_ROBUSTNESS
1387,over fox stream quick compress l,141.99273239818064,SYNTHETIC_ROBUSTNESS
1388,over fox stream quick compress l,142.2409993923657,SYNTHETIC_ROBUSTNESS
1389,dog data data brown lazy dataaaa,142.43176884203854,SYNTHETIC_ROBUSTNESS
1390,quick compress data quick lazy o,142.4450283591735,SYNTHETIC_ROBUSTNESS
1391,lazy jumps dog lazy stream overa,142.57855918408413,SYNTHETIC_ROBUSTNESS
1392,brown brown brown over brown laz,142.625418060267,SYNTHETIC_ROBUSTNESS
1393,brown brown brown over brown laz,142.69076807529032,SYNTHETIC_ROBUSTNESS
1394,stream over brown stream quick d,142.6978739942633,SYNTHETIC_ROBUSTNESS
1395,quick fox jumps data compress th,142.72177255595145,SYNTHETIC_ROBUSTNESS
1396,over fox compress brown jumps ov,143.02891739963815,SYNTHETIC_ROBUSTNESS
1397,over stream quick quick jumps br,143.08303737574627,SYNTHETIC_ROBUSTNESS
1398,dog lazy dog quick brown streama,143.0856748890266,SYNTHETIC_ROBUSTNESS
1399,over fox stream quick compress l,143.15805163411852,SYNTHETIC_ROBUSTNESS
1400,over stream quick quick jumps br,143.68204013438304,SYNTHETIC_ROBUSTNESS
1401,lazy over data fox dog overaaaaa,143.7225097687847,SYNTHETIC_ROBUSTNESS
1402,fox stream fox fox over dogaaaaa,143.73773326937896,SYNTHETIC_ROBUSTNESS
1403,brown brown brown over brown laz,143.8408903614358,SYNTHETIC_ROBUSTNESS
1404,dog lazy dog quick brown streama,144.09324389309637,SYNTHETIC_ROBUSTNESS
1405,brown brown brown over brown laz,144.2892494677051,SYNTHETIC_ROBUSTNESS
1406,data data jumps dog jumps dataaa,144.39624831145156,SYNTHETIC_ROBUSTNESS
1407,quick compress data quick lazy o,144.41660047603165,SYNTHETIC_ROBUSTNESS
1408,the brown over data over compres,144.57001490609983,SYNTHETIC_ROBUSTNESS
1409,brown brown brown over brown laz,144.7433009375443,SYNTHETIC_ROBUSTNESS
1410,brown compress lazy fox the over,144.9327119098971,SYNTHETIC_ROBUSTNESS
1411,compress data over lazy dog foxa,144.98445352384087,SYNTHETIC_ROBUSTNESS
1412,brown brown brown over brown laz,145.03702358563876,SYNTHETIC_ROBUSTNESS
1413,compress over quick jumps the fo,145.05388404489025,SYNTHETIC_ROBUSTNESS
1414,compress over quick jumps the fo,145.20202667661616,SYNTHETIC_ROBUSTNESS
1415,stream the over compress quick b,145.33567285583663,SYNTHETIC_ROBUSTNESS
1416,the dog fox over the dogaaaaaaaa,145.34618110171772,SYNTHETIC_ROBUSTNESS
1417,compress over quick jumps the fo,145.34821506940352,SYNTHETIC_ROBUSTNESS
1418,dog lazy dog quick brown streama,145.65128870447342,SYNTHETIC_ROBUSTNESS
1419,fox stream fox fox over dogaaaaa,145.65303062915945,SYNTHETIC_ROBUSTNESS
1420,quick compress data quick lazy o,145.75207783116215,SYNTHETIC_ROBUSTNESS
1421,stream over brown stream quick d,145.8125258249742,SYNTHETIC_ROBUSTNESS
1422,brown compress lazy fox the over,145.9627697682457,SYNTHETIC_ROBUSTNESS
1423,compress over quick jumps the fo,145.97195155790038,SYNTHETIC_ROBUSTNESS
1424,fox quick the fox fox brownaaaaa,146.08663949932105,SYNTHETIC_ROBUSTNESS
1425,over fox stream quick compress l,146.18207577317668,SYNTHETIC_ROBUSTNESS
1426,over stream quick quick jumps br,146.3742130627029,SYNTHETIC_ROBUSTNESS
1427,over stream quick quick jumps br,146.4473073415752,SYNTHETIC_ROBUSTNESS
1428,stream over brown stream quick d,146.57761010353636,SYNTHETIC_ROBUSTNESS
1429,fox stream fox fox over dogaaaaa,146.6351612857662,SYNTHETIC_ROBUSTNESS
1430,compress stream data lazy quick ,147.0485438442877,SYNTHETIC_ROBUSTNESS
1431,dog lazy dog quick brown streama,147.13050814046665,SYNTHETIC_ROBUSTNESS
1432,brown compress lazy fox the over,147.270563361648,SYNTHETIC_ROBUSTNESS
1433,quick fox jumps data compress th,147.28031749440726,SYNTHETIC_ROBUSTNESS
1434,stream over brown stream quick d,147.34244777197281,SYNTHETIC_ROBUSTNESS
1435,fox stream fox fox over dogaaaaa,147.34910852328886,SYNTHETIC_ROBUSTNESS
1436,dog lazy dog quick brown streama,147.36208647897138,SYNTHETIC_ROBUSTNESS
1437,brown brown brown over brown laz,147.43263586389511,SYNTHETIC_ROBUSTNESS
1438,fox stream fox fox over dogaaaaa,147.47606937448572,SYNTHETIC_ROBUSTNESS
1439,fox stream fox fox over dogaaaaa,147.53765521911527,SYNTHETIC_ROBUSTNESS
1440,quick over stream stream data qu,147.60620173296132,SYNTHETIC_ROBUSTNESS
1441,brown compress lazy fox the over,147.62360733842854,SYNTHETIC_ROBUSTNESS
1442,over stream quick quick jumps br,147.66915138413376,SYNTHETIC_ROBUSTNESS
1443,compress over quick jumps the fo,147.86619038183292,SYNTHETIC_ROBUSTNESS
1444,lazy lazy the compress compress ,148.06040977327444,SYNTHETIC_ROBUSTNESS
1445,over stream quick quick jumps br,148.12786527963812,SYNTHETIC_ROBUSTNESS
1446,brown quick jumps over brown bro,148.26615372437215,SYNTHETIC_ROBUSTNESS
1447,over fox stream quick compress l,148.40621444044973,SYNTHETIC_ROBUSTNESS
1448,brown compress lazy fox the over,148.41072534507518,SYNTHETIC_ROBUSTNESS
1449,fox stream fox fox over dogaaaaa,148.50511497512332,SYNTHETIC_ROBUSTNESS
1450,over fox stream quick compress l,148.66834805477458,SYNTHETIC_ROBUSTNESS
1451,quick fox jumps data compress th,148.75848117387704,SYNTHETIC_ROBUSTNESS
1452,stream over brown stream quick d,148.83647218817214,SYNTHETIC_ROBUSTNESS
1453,fox stream fox fox over dogaaaaa,148.912233443787,SYNTHETIC_ROBUSTNESS
1454,compress over quick jumps the fo,148.98315077198657,SYNTHETIC_ROBUSTNESS
1455,brown brown brown over brown laz,149.13379747703766,SYNTHETIC_ROBUSTNESS
1456,jumps jumps stream lazy fox data,149.23664052601598,SYNTHETIC_ROBUSTNESS
1457,compress over quick jumps the fo,149.26091176160676,SYNTHETIC_ROBUSTNESS
1458,quick compress data quick lazy o,149.3177127953175,SYNTHETIC_ROBUSTNESS
1459,stream over brown stream quick d,149.39292298078107,SYNTHETIC_ROBUSTNESS
1460,stream over brown stream quick d,149.44721497505375,SYNTHETIC_ROBUSTNESS
1461,stream over brown stream quick d,149.47434094229962,SYNTHETIC_ROBUSTNESS
1462,quick compress data quick lazy o,149.48766445345655,SYNTHETIC_ROBUSTNESS
1463,stream over brown stream quick d,149.50014283852687,SYNTHETIC_ROBUSTNESS
1464,quick fox jumps data compress th,149.5352814345388,SYNTHETIC_ROBUSTNESS
1465,lazy over quick over the lazyaaa,149.58680750446328,SYNTHETIC_ROBUSTNESS
1466,quick fox jumps data compress th,149.70165426433755,SYNTHETIC_ROBUSTNESS
1467,stream fox data dog fox dogaaaaa,150.1210726277596,SYNTHETIC_ROBUSTNESS
1468,quick fox jumps data compress th,150.34872142463936,SYNTHETIC_ROBUSTNESS
1469,over jumps stream over jumps com,150.5167599339834,SYNTHETIC_ROBUSTNESS
1470,brown data stream jumps quick ju,150.68481899741977,SYNTHETIC_ROBUSTNESS
1471,fox stream fox fox over dogaaaaa,150.7754691197647,SYNTHETIC_ROBUSTNESS
1472,quick quick fox stream quick com,150.80460596279514,SYNTHETIC_ROBUSTNESS
1473,fox stream fox fox over dogaaaaa,150.86846053898057,SYNTHETIC_ROBUSTNESS
1474,brown brown brown over brown laz,150.88384024805896,SYNTHETIC_ROBUSTNESS
1475,compress over quick jumps the fo,150.96741058879826,SYNTHETIC_ROBUSTNESS
1476,over fox stream quick compress l,150.96973752534674,SYNTHETIC_ROBUSTNESS
1477,over fox stream quick compress l,150.9907436159844,SYNTHETIC_ROBUSTNESS
1478,jumps lazy the brown brown lazya,151.1153254825787,SYNTHETIC_ROBUSTNESS
1479,quick fox jumps data compress th,151.14774520054905,SYNTHETIC_ROBUSTNESS
1480,fox stream fox fox over dogaaaaa,151.20221140840013,SYNTHETIC_ROBUSTNESS
1481,dog data data stream lazy lazyaa,151.38062683496025,SYNTHETIC_ROBUSTNESS
1482,data brown over dog fox overaaaa,151.38518496227434,SYNTHETIC_ROBUSTNESS
1483,brown brown brown over brown laz,151.38748460655643,SYNTHETIC_ROBUSTNESS
1484,dog lazy dog quick brown streama,151.41348963036754,SYNTHETIC_ROBUSTNESS
1485,brown compress lazy fox the over,151.52883134243308,SYNTHETIC_ROBUSTNESS
1486,brown brown brown over brown laz,151.55576590880827,SYNTHETIC_ROBUSTNESS
1487,stream over brown stream quick d,151.75505443407835,SYNTHETIC_ROBUSTNESS
1488,dog lazy dog quick brown streama,151.79841746896966,SYNTHETIC_ROBUSTNESS
1489,dog lazy dog quick brown streama,151.83175673454807,SYNTHETIC_ROBUSTNESS
1490,stream over brown stream quick d,151.85827225297038,SYNTHETIC_ROBUSTNESS
1491,compress over quick jumps the fo,151.94359688754264,SYNTHETIC_ROBUSTNESS
1492,over stream quick data lazy jump,152.13760748437784,SYNTHETIC_ROBUSTNESS
1493,quick compress data quick lazy o,152.1897055705442,SYNTHETIC_ROBUSTNESS
1494,lazy the quick compress dog lazy,152.2188099412244,SYNTHETIC_ROBUSTNESS
1495,quick fox jumps data compress th,152.2734321206323,SYNTHETIC_ROBUSTNESS
1496,fox stream fox fox over dogaaaaa,152.50859889210662,SYNTHETIC_ROBUSTNESS
1497,stream over brown stream quick d,152.54932620353438,SYNTHETIC_ROBUSTNESS
1498,quick fox jumps data compress th,152.65596431114474,SYNTHETIC_ROBUSTNESS
1499,dog lazy dog quick brown streama,152.69597319956884,SYNTHETIC_ROBUSTNESS
1500,over stream quick quick jumps br,152.80829172305582,SYNTHETIC_ROBUSTNESS
1501,over over over jumps brown quick,153.02116393456285,SYNTHETIC_ROBUSTNESS
1502,quick fox jumps data compress th,153.11243334851787,SYNTHETIC_ROBUSTNESS
1503,over stream quick quick jumps br,153.4070171034519,SYNTHETIC_ROBUSTNESS
1504,compress over quick jumps the fo,153.4990261954776,SYNTHETIC_ROBUSTNESS
1505,dog lazy dog quick brown streama,153.86741894281434,SYNTHETIC_ROBUSTNESS
1506,dog lazy dog quick brown streama,153.99605676724192,SYNTHETIC_ROBUSTNESS
1507,brown brown brown over brown laz,154.1018388298557,SYNTHETIC_ROBUSTNESS
1508,compress brown the quick lazy fo,154.27893648026378,SYNTHETIC_ROBUSTNESS
1509,fox stream fox fox over dogaaaaa,154.28005195628603,SYNTHETIC_ROBUSTNESS
1510,fox stream fox fox over dogaaaaa,154.3097914605379,SYNTHETIC_ROBUSTNESS
1511,brown brown brown over brown laz,154.33413764805397,SYNTHETIC_ROBUSTNESS
1512,stream over brown stream quick d,154.34589198714684,SYNTHETIC_ROBUSTNESS
1513,over stream quick quick jumps br,154.62361053536108,SYNTHETIC_ROBUSTNESS
1514,over fox stream quick compress l,154.637651996015,SYNTHETIC_ROBUSTNESS
1515,fox stream fox fox over dogaaaaa,154.6681465754618,SYNTHETIC_ROBUSTNESS
1516,brown brown brown over brown laz,154.70896806134382,SYNTHETIC_ROBUSTNESS
1517,fox stream fox fox over dogaaaaa,154.8069518262369,SYNTHETIC_ROBUSTNESS
1518,dog lazy dog quick brown streama,154.9528229535302,SYNTHETIC_ROBUSTNESS
1519,quick compress data quick lazy o,155.0456279112115,SYNTHETIC_ROBUSTNESS
1520,brown compress lazy fox the over,155.18383997494186,SYNTHETIC_ROBUSTNESS
1521,over stream quick quick jumps br,155.23527719954996,SYNTHETIC_ROBUSTNESS
1522,over fox stream quick compress l,155.78202744420307,SYNTHETIC_ROBUSTNESS
1523,brown compress lazy fox the over,155.8006715260663,SYNTHETIC_ROBUSTNESS
1524,jumps quick lazy stream compress,155.85171413122876,SYNTHETIC_ROBUSTNESS
1525,dog the the brown over foxaaaaaa,156.03020225759744,SYNTHETIC_ROBUSTNESS
1526,over fox stream quick compress l,156.05853942153712,SYNTHETIC_ROBUSTNESS
1527,lazy the compress compress strea,156.19750663370993,SYNTHETIC_ROBUSTNESS
1528,over fox stream quick compress l,156.2428064020505,SYNTHETIC_ROBUSTNESS
1529,dog lazy dog quick brown streama,156.26235878758192,SYNTHETIC_ROBUSTNESS
1530,stream over brown stream quick d,156.31399964966215,SYNTHETIC_ROBUSTNESS
1531,quick fox jumps data compress th,156.4676130540173,SYNTHETIC_ROBUSTNESS
1532,quick fox jumps data compress th,156.4794863567832,SYNTHETIC_ROBUSTNESS
1533,fox fox quick lazy fox compressa,156.55207437818387,SYNTHETIC_ROBUSTNESS
1534,brown brown brown over brown laz,156.6873048078508,SYNTHETIC_ROBUSTNESS
1535,quick fox jumps data compress th,156.82656504720424,SYNTHETIC_ROBUSTNESS
1536,quick fox jumps data compress th,156.8759269505417,SYNTHETIC_ROBUSTNESS
1537,brown brown brown over brown laz,156.93874502173915,SYNTHETIC_ROBUSTNESS
1538,over fox stream quick compress l,157.13307254664838,SYNTHETIC_ROBUSTNESS
1539,over fox stream quick compress l,157.15643965375136,SYNTHETIC_ROBUSTNESS
1540,stream over brown stream quick d,157.64696544583347,SYNTHETIC_ROBUSTNESS
1541,the stream the lazy stream lazya,157.70130672759433,SYNTHETIC_ROBUSTNESS
1542,brown compress lazy fox the over,157.73352736027985,SYNTHETIC_ROBUSTNESS
1543,lazy data stream jumps dog strea,157.73378763385074,SYNTHETIC_ROBUSTNESS
1544,dog lazy dog quick brown streama,157.74714341361846,SYNTHETIC_ROBUSTNESS
1545,quick fox jumps data compress th,157.88841095338333,SYNTHETIC_ROBUSTNESS
1546,quick fox jumps data compress th,157.99317364689972,SYNTHETIC_ROBUSTNESS
1547,quick fox jumps data compress th,158.0214771225967,SYNTHETIC_ROBUSTNESS
1548,dog lazy dog quick brown streama,158.28321097665625,SYNTHETIC_ROBUSTNESS
1549,jumps brown quick data jumps jum,158.46380980229003,SYNTHETIC_ROBUSTNESS
1550,over stream quick quick jumps br,158.49518145105944,SYNTHETIC_ROBUSTNESS
1551,data dog brown the quick foxaaaa,158.53524232379013,SYNTHETIC_ROBUSTNESS
1552,compress over quick jumps the fo,158.55566881631609,SYNTHETIC_ROBUSTNESS
1553,over fox stream quick compress l,158.65854727056922,SYNTHETIC_ROBUSTNESS
1554,compress over quick jumps the fo,158.77932441189895,SYNTHETIC_ROBUSTNESS
1555,quick compress data quick lazy o,158.82972283802573,SYNTHETIC_ROBUSTNESS
1556,compress over quick jumps the fo,158.96334332414767,SYNTHETIC_ROBUSTNESS
1557,brown compress lazy fox the over,159.44089946171863,SYNTHETIC_ROBUSTNESS
1558,quick fox jumps data compress th,159.53556110791868,SYNTHETIC_ROBUSTNESS
1559,over stream dog lazy stream foxa,159.6403389167751,SYNTHETIC_ROBUSTNESS
1560,dog lazy dog quick brown streama,159.6871542327081,SYNTHETIC_ROBUSTNESS
1561,over stream quick quick jumps br,159.6882185116373,SYNTHETIC_ROBUSTNESS
1562,stream over brown stream quick d,159.9959591092208,SYNTHETIC_ROBUSTNESS
1563,quick fox jumps data compress th,160.14395137520427,SYNTHETIC_ROBUSTNESS
1564,compress over quick jumps the fo,160.26288217005117,SYNTHETIC_ROBUSTNESS
1565,brown over brown quick jumps laz,160.26590856247805,SYNTHETIC_ROBUSTNESS
1566,brown compress lazy fox the over,160.40820943655496,SYNTHETIC_ROBUSTNESS
1567,brown brown brown over brown laz,160.51910123045684,SYNTHETIC_ROBUSTNESS
1568,over fox stream quick compress l,160.60324416983076,SYNTHETIC_ROBUSTNESS
1569,quick fox jumps data compress th,160.70095464548808,SYNTHETIC_ROBUSTNESS
1570,brown brown brown over brown laz,160.95150577366726,SYNTHETIC_ROBUSTNESS
1571,fox stream fox fox over dogaaaaa,160.95217706123398,SYNTHETIC_ROBUSTNESS
1572,data stream brown lazy lazy quic,160.9692525911589,SYNTHETIC_ROBUSTNESS
1573,over stream quick quick jumps br,161.19440110991422,SYNTHETIC_ROBUSTNESS
1574,compress dog stream the lazy dog,161.1952255658819,SYNTHETIC_ROBUSTNESS
1575,fox stream fox fox over dogaaaaa,161.42918797326186,SYNTHETIC_ROBUSTNESS
1576,brown brown brown over brown laz,161.432195947793,SYNTHETIC_ROBUSTNESS
1577,brown compress lazy fox the over,161.5833081668758,SYNTHETIC_ROBUSTNESS
1578,brown compress lazy fox the over,161.80487848285816,SYNTHETIC_ROBUSTNESS
1579,dog lazy dog quick brown streama,161.89968946059068,SYNTHETIC_ROBUSTNESS
1580,over stream quick quick jumps br,162.0022556810886,SYNTHETIC_ROBUSTNESS
1581,compress over quick jumps the fo,162.00744436834376,SYNTHETIC_ROBUSTNESS
1582,brown compress lazy fox the over,162.03112947786397,SYNTHETIC_ROBUSTNESS
1583,over stream quick quick jumps br,162.26086115547403,SYNTHETIC_ROBUSTNESS
1584,fox stream fox fox over dogaaaaa,162.4344270631264,SYNTHETIC_ROBUSTNESS
1585,compress over quick jumps the fo,162.4405664953966,SYNTHETIC_ROBUSTNESS
1586,stream over brown stream quick d,162.60822319989563,SYNTHETIC_ROBUSTNESS
1587,over fox stream quick compress l,162.66329850649507,SYNTHETIC_ROBUSTNESS
1588,over stream quick quick jumps br,162.74556093937622,SYNTHETIC_ROBUSTNESS
1589,fox stream fox fox over dogaaaaa,162.75703531927996,SYNTHETIC_ROBUSTNESS
1590,quick compress data quick lazy o,162.80789214316036,SYNTHETIC_ROBUSTNESS
1591,quick fox jumps data compress th,162.86496926096288,SYNTHETIC_ROBUSTNESS
1592,over stream quick quick jumps br,162.9756805966027,SYNTHETIC_ROBUSTNESS
1593,brown brown brown over brown laz,163.08283926680645,SYNTHETIC_ROBUSTNESS
1594,compress over quick jumps the fo,163.16244023322076,SYNTHETIC_ROBUSTNESS
1595,quick compress data quick lazy o,163.1656353359878,SYNTHETIC_ROBUSTNESS
1596,compress over brown compress laz,163.18324953275376,SYNTHETIC_ROBUSTNESS
1597,quick fox jumps data compress th,163.2007169209719,SYNTHETIC_ROBUSTNESS
1598,quick fox jumps data compress th,163.4194039471374,SYNTHETIC_ROBUSTNESS
1599,compress over quick jumps the fo,163.65138691526047,SYNTHETIC_ROBUSTNESS
1600,over stream quick quick jumps br,163.81563379002813,SYNTHETIC_ROBUSTNESS
1601,quick compress data quick lazy o,163.834856358623,SYNTHETIC_ROBUSTNESS
1602,over stream quick quick jumps br,164.01820931486552,SYNTHETIC_ROBUSTNESS
1603,jumps brown compress quick strea,164.03898486969237,SYNTHETIC_ROBUSTNESS
1604,dog lazy dog quick brown streama,164.1198700143206,SYNTHETIC_ROBUSTNESS
1605,brown compress lazy fox the over,164.2522494390268,SYNTHETIC_ROBUSTNESS
1606,over fox stream quick compress l,164.2575432199767,SYNTHETIC_ROBUSTNESS
1607,quick fox jumps data compress th,164.3486559572397,SYNTHETIC_ROBUSTNESS
1608,fox stream fox fox over dogaaaaa,164.3775754148886,SYNTHETIC_ROBUSTNESS
1609,quick compress data quick lazy o,164.44646234412676,SYNTHETIC_ROBUSTNESS
1610,over fox stream quick compress l,164.49489730966357,SYNTHETIC_ROBUSTNESS
1611,over dog quick brown quick jumps,164.61091794192257,SYNTHETIC_ROBUSTNESS
1612,brown fox fox fox compress foxaa,164.67809376464666,SYNTHETIC_ROBUSTNESS
1613,dog lazy dog quick brown streama,164.7139944205475,SYNTHETIC_ROBUSTNESS
1614,quick compress data quick lazy o,164.95518838279457,SYNTHETIC_ROBUSTNESS
1615,brown brown brown over brown laz,165.27473757658845,SYNTHETIC_ROBUSTNESS
1616,brown brown brown over brown laz,165.43663977015103,SYNTHETIC_ROBUSTNESS
1617,brown brown brown over brown laz,165.52356641035504,SYNTHETIC_ROBUSTNESS
1618,dog data jumps stream stream laz,165.73932876292523,SYNTHETIC_ROBUSTNESS
1619,quick lazy jumps the brown jumps,165.83137703599024,SYNTHETIC_ROBUSTNESS
1620,brown brown brown over brown laz,165.84749138771295,SYNTHETIC_ROBUSTNESS
1621,dog lazy dog quick brown streama,165.8492494898227,SYNTHETIC_ROBUSTNESS
1622,quick fox jumps data compress th,165.97868103201884,SYNTHETIC_ROBUSTNESS
1623,fox brown quick compress the the,166.11830961459535,SYNTHETIC_ROBUSTNESS
1624,jumps lazy over compress the fox,166.37844375660703,SYNTHETIC_ROBUSTNESS
1625,lazy quick over stream stream da,166.55230592860667,SYNTHETIC_ROBUSTNESS
1626,over stream quick quick jumps br,166.65435511215625,SYNTHETIC_ROBUSTNESS
1627,fox stream fox fox over dogaaaaa,166.6754646834799,SYNTHETIC_ROBUSTNESS
1628,fox stream fox fox over dogaaaaa,166.76561733033066,SYNTHETIC_ROBUSTNESS
1629,brown compress lazy fox the over,166.82265457636439,SYNTHETIC_ROBUSTNESS
1630,over stream quick quick jumps br,166.84906525554754,SYNTHETIC_ROBUSTNESS
1631,quick compress data quick lazy o,167.00957454593066,SYNTHETIC_ROBUSTNESS
1632,over fox stream quick compress l,167.02577420382158,SYNTHETIC_ROBUSTNESS
1633,the the quick jumps dog lazyaaaa,167.12529114176138,SYNTHETIC_ROBUSTNESS
1634,brown compress lazy fox the over,167.21964549501513,SYNTHETIC_ROBUSTNESS
1635,jumps brown quick compress lazy ,167.25583059733674,SYNTHETIC_ROBUSTNESS
1636,fox stream fox fox over dogaaaaa,167.31190909413647,SYNTHETIC_ROBUSTNESS
1637,lazy jumps over lazy brown jumps,167.32430361237994,SYNTHETIC_ROBUSTNESS
1638,dog quick compress quick jumps d,167.3268900663472,SYNTHETIC_ROBUSTNESS
1639,fox stream fox fox over dogaaaaa,167.32820049434662,SYNTHETIC_ROBUSTNESS
1640,the jumps stream jumps lazy brow,167.34735560652413,SYNTHETIC_ROBUSTNESS
1641,quick compress data quick lazy o,167.54907597408175,SYNTHETIC_ROBUSTNESS
1642,dog brown the lazy data dogaaaaa,167.62301786105823,SYNTHETIC_ROBUSTNESS
1643,fox stream fox fox over dogaaaaa,167.63547400143878,SYNTHETIC_ROBUSTNESS
1644,quick compress data quick lazy o,167.87138434467482,SYNTHETIC_ROBUSTNESS
1645,brown compress lazy fox the over,167.95552325886794,SYNTHETIC_ROBUSTNESS
1646,dog lazy dog quick brown streama,167.95835143012053,SYNTHETIC_ROBUSTNESS
1647,stream over brown stream quick d,168.1022066274323,SYNTHETIC_ROBUSTNESS
1648,jumps lazy dog quick data dogaaa,168.16634470634963,SYNTHETIC_ROBUSTNESS
1649,compress over quick jumps the fo,168.2424580123165,SYNTHETIC_ROBUSTNESS
1650,brown brown brown over brown laz,168.33744970712272,SYNTHETIC_ROBUSTNESS
1651,lazy over dog data dog dataaaaaa,168.34737102917984,SYNTHETIC_ROBUSTNESS
1652,compress fox data the brown lazy,168.64252378736074,SYNTHETIC_ROBUSTNESS
1653,fox stream fox fox over dogaaaaa,168.67201358664573,SYNTHETIC_ROBUSTNESS
1654,data the the compress compress d,168.76925531926338,SYNTHETIC_ROBUSTNESS
1655,compress fox dog fox data lazyaa,168.96274648125964,SYNTHETIC_ROBUSTNESS
1656,compress over quick jumps the fo,169.00308084751288,SYNTHETIC_ROBUSTNESS
1657,fox stream fox fox over dogaaaaa,169.1018468900406,SYNTHETIC_ROBUSTNESS
1658,over stream quick quick jumps br,169.55172223374865,SYNTHETIC_ROBUSTNESS
1659,brown brown brown over brown laz,169.74264096165209,SYNTHETIC_ROBUSTNESS
1660,stream over brown stream quick d,169.89372911853604,SYNTHETIC_ROBUSTNESS
1661,stream over brown stream quick d,169.9515860820019,SYNTHETIC_ROBUSTNESS
1662,quick fox jumps data compress th,170.01160087424688,SYNTHETIC_ROBUSTNESS
1663,brown compress lazy fox the over,170.07806460075665,SYNTHETIC_ROBUSTNESS
1664,compress over quick jumps the fo,170.19532222782414,SYNTHETIC_ROBUSTNESS
1665,dog lazy dog quick brown streama,170.2109101215288,SYNTHETIC_ROBUSTNESS
1666,over fox stream quick compress l,170.40825841998486,SYNTHETIC_ROBUSTNESS
1667,fox over dog fox quick compressa,170.4100828666774,SYNTHETIC_ROBUSTNESS
1668,dog lazy dog quick brown streama,170.42871499795837,SYNTHETIC_ROBUSTNESS
1669,stream over brown stream quick d,170.49445716874698,SYNTHETIC_ROBUSTNESS
1670,over stream quick quick jumps br,170.52350803369728,SYNTHETIC_ROBUSTNESS
1671,lazy brown dog brown brown brown,170.56901270975058,SYNTHETIC_ROBUSTNESS
1672,the lazy quick data dog overaaaa,170.60944674762655,SYNTHETIC_ROBUSTNESS
1673,over fox stream quick compress l,170.64077610513607,SYNTHETIC_ROBUSTNESS
1674,brown compress lazy fox the over,170.6886242687209,SYNTHETIC_ROBUSTNESS
1675,dog lazy dog quick brown streama,170.7590022937789,SYNTHETIC_ROBUSTNESS
1676,compress stream the compress fox,170.8236971502327,SYNTHETIC_ROBUSTNESS
1677,brown compress lazy fox the over,170.99078721010778,SYNTHETIC_ROBUSTNESS
1678,brown brown brown over brown laz,171.02762510708058,SYNTHETIC_ROBUSTNESS
1679,jumps dog lazy compress data the,171.0607412102029,SYNTHETIC_ROBUSTNESS
1680,brown compress lazy fox the over,171.13094966828928,SYNTHETIC_ROBUSTNESS
1681,compress over quick jumps the fo,171.13586179654448,SYNTHETIC_ROBUSTNESS
1682,data brown stream fox dog lazyaa,171.1477187890765,SYNTHETIC_ROBUSTNESS
1683,quick fox jumps data compress th,171.3102186179985,SYNTHETIC_ROBUSTNESS
1684,over stream quick quick jumps br,171.37828307684282,SYNTHETIC_ROBUSTNESS
1685,the over lazy dog data compressa,171.38516829876673,SYNTHETIC_ROBUSTNESS
1686,fox jumps over data over brownaa,171.4432185509609,SYNTHETIC_ROBUSTNESS
1687,compress over quick jumps the fo,171.49401225909168,SYNTHETIC_ROBUSTNESS
1688,brown fox the over data compress,171.52226638756449,SYNTHETIC_ROBUSTNESS
1689,brown brown brown over brown laz,171.56880434050845,SYNTHETIC_ROBUSTNESS
1690,quick compress data quick lazy o,171.58967361282552,SYNTHETIC_ROBUSTNESS
1691,over quick fox jumps lazy browna,171.64928647078634,SYNTHETIC_ROBUSTNESS
1692,dog lazy dog quick brown streama,171.70180058303376,SYNTHETIC_ROBUSTNESS
1693,fox stream fox fox over dogaaaaa,171.79532254646355,SYNTHETIC_ROBUSTNESS
1694,compress over quick jumps the fo,172.08023362063037,SYNTHETIC_ROBUSTNESS
1695,over fox stream quick compress l,172.1007471029679,SYNTHETIC_ROBUSTNESS
1696,stream over brown stream quick d,172.15477957236277,SYNTHETIC_ROBUSTNESS
1697,over stream quick quick jumps br,172.23738357161307,SYNTHETIC_ROBUSTNESS
1698,over stream quick quick jumps br,172.316567954059,SYNTHETIC_ROBUSTNESS
1699,dog lazy dog quick brown streama,172.4248440027011,SYNTHETIC_ROBUSTNESS
1700,brown compress lazy fox the over,172.45603196861973,SYNTHETIC_ROBUSTNESS
1701,quick fox jumps data compress th,172.55669476638292,SYNTHETIC_ROBUSTNESS
1702,brown brown brown over brown laz,172.57915549649528,SYNTHETIC_ROBUSTNESS
1703,jumps brown lazy dog dog dogaaaa,172.59256071169784,SYNTHETIC_ROBUSTNESS
1704,over stream quick quick jumps br,172.77072875521054,SYNTHETIC_ROBUSTNESS
1705,brown brown brown over brown laz,172.83492472682872,SYNTHETIC_ROBUSTNESS
1706,stream over brown stream quick d,172.8855545366876,SYNTHETIC_ROBUSTNESS
1707,over fox stream quick compress l,173.14938079712138,SYNTHETIC_ROBUSTNESS
1708,brown over brown quick stream th,173.2730846085584,SYNTHETIC_ROBUSTNESS
1709,over quick jumps quick the theaa,173.3861347797069,SYNTHETIC_ROBUSTNESS
1710,brown brown brown over brown laz,173.40773416275366,SYNTHETIC_ROBUSTNESS
1711,dog lazy dog quick brown streama,173.43121254254132,SYNTHETIC_ROBUSTNESS
1712,stream over brown stream quick d,173.4972033895286,SYNTHETIC_ROBUSTNESS
1713,over the data fox compress brown,173.6028459974117,SYNTHETIC_ROBUSTNESS
1714,quick fox jumps data compress th,173.65314373441907,SYNTHETIC_ROBUSTNESS
1715,brown compress lazy fox the over,173.65977751019688,SYNTHETIC_ROBUSTNESS
1716,the fox brown the quick dogaaaaa,173.77467198782864,SYNTHETIC_ROBUSTNESS
1717,quick fox jumps data compress th,173.92328401329468,SYNTHETIC_ROBUSTNESS
1718,over stream quick quick jumps br,174.2120659728595,SYNTHETIC_ROBUSTNESS
1719,stream over brown stream quick d,174.2646206046426,SYNTHETIC_ROBUSTNESS
1720,over stream quick quick jumps br,174.29446768491093,SYNTHETIC_ROBUSTNESS
1721,brown brown brown over brown laz,174.55457758740863,SYNTHETIC_ROBUSTNESS
1722,quick compress data quick lazy o,174.68015292549313,SYNTHETIC_ROBUSTNESS
1723,over fox stream quick compress l,174.68676544235547,SYNTHETIC_ROBUSTNESS
1724,jumps jumps over the dog lazyaaa,174.77352200900404,SYNTHETIC_ROBUSTNESS
1725,over fox stream quick compress l,174.77641615420805,SYNTHETIC_ROBUSTNESS
1726,dog the lazy lazy stream quickaa,174.80210222177303,SYNTHETIC_ROBUSTNESS
1727,dog lazy dog quick brown streama,174.80946180478716,SYNTHETIC_ROBUSTNESS
1728,fox stream fox fox over dogaaaaa,174.83238945887962,SYNTHETIC_ROBUSTNESS
1729,stream over brown stream quick d,174.89970875909142,SYNTHETIC_ROBUSTNESS
1730,fox stream fox fox over dogaaaaa,174.93521445371562,SYNTHETIC_ROBUSTNESS
1731,brown brown brown over brown laz,174.94442736755065,SYNTHETIC_ROBUSTNESS
1732,jumps over quick compress lazy d,175.01021701410227,SYNTHETIC_ROBUSTNESS
1733,brown brown brown over brown laz,175.13348453894739,SYNTHETIC_ROBUSTNESS
1734,brown brown brown over brown laz,175.1389433881839,SYNTHETIC_ROBUSTNESS
1735,compress over quick jumps the fo,175.3529921023469,SYNTHETIC_ROBUSTNESS
1736,compress dog data compress fox f,175.45885527942303,SYNTHETIC_ROBUSTNESS
1737,over fox stream quick compress l,175.5321359053209,SYNTHETIC_ROBUSTNESS
1738,lazy quick data data compress fo,175.58260648695708,SYNTHETIC_ROBUSTNESS
1739,dog lazy dog quick brown streama,175.63257654775404,SYNTHETIC_ROBUSTNESS
1740,brown brown brown over brown laz,175.67345743407733,SYNTHETIC_ROBUSTNESS
1741,compress over quick jumps the fo,175.6857566444282,SYNTHETIC_ROBUSTNESS
1742,quick brown over jumps compress ,175.69401243571411,SYNTHETIC_ROBUSTNESS
1743,jumps over brown brown quick jum,175.73094942349078,SYNTHETIC_ROBUSTNESS
1744,stream over brown stream quick d,175.84092993678368,SYNTHETIC_ROBUSTNESS
1745,the stream quick dog stream quic,175.8749530761879,SYNTHETIC_ROBUSTNESS
1746,the fox quick the jumps foxaaaaa,176.0422254394577,SYNTHETIC_ROBUSTNESS
1747,compress over quick jumps the fo,176.09007590879833,SYNTHETIC_ROBUSTNESS
1748,quick fox jumps data compress th,176.18982424806433,SYNTHETIC_ROBUSTNESS
1749,compress over quick jumps the fo,176.2463723961757,SYNTHETIC_ROBUSTNESS
1750,dog brown compress jumps over do,176.31525335467566,SYNTHETIC_ROBUSTNESS
1751,fox fox compress jumps over stre,176.34404297352987,SYNTHETIC_ROBUSTNESS
1752,lazy over dog lazy jumps foxaaaa,176.41617070405385,SYNTHETIC_ROBUSTNESS
1753,quick fox jumps data compress th,176.42789749130506,SYNTHETIC_ROBUSTNESS
1754,over fox stream quick compress l,176.47679861780037,SYNTHETIC_ROBUSTNESS
1755,dog quick dog quick over streama,176.53627387836443,SYNTHETIC_ROBUSTNESS
1756,fox lazy the stream the jumpsaaa,176.65801209108005,SYNTHETIC_ROBUSTNESS
1757,the quick over over data brownaa,176.70913152323183,SYNTHETIC_ROBUSTNESS
1758,lazy brown stream lazy quick jum,176.8186242336798,SYNTHETIC_ROBUSTNESS
1759,quick fox jumps data compress th,176.83781490421507,SYNTHETIC_ROBUSTNESS
1760,over fox stream quick compress l,176.84036987190996,SYNTHETIC_ROBUSTNESS
1761,dog lazy dog quick brown streama,176.91088121525016,SYNTHETIC_ROBUSTNESS
1762,dog lazy dog quick brown streama,176.97510205884626,SYNTHETIC_ROBUSTNESS
1763,compress over quick jumps the fo,177.08589334789767,SYNTHETIC_ROBUSTNESS
1764,quick fox jumps data compress th,177.12351484672504,SYNTHETIC_ROBUSTNESS
1765,over fox stream quick compress l,177.1265468879439,SYNTHETIC_ROBUSTNESS
1766,brown brown brown over brown laz,177.25512651045835,SYNTHETIC_ROBUSTNESS
1767,dog dog compress compress data t,177.54022322280497,SYNTHETIC_ROBUSTNESS
1768,over fox stream quick compress l,177.59035425119174,SYNTHETIC_ROBUSTNESS
1769,compress over quick jumps the fo,177.68480469859895,SYNTHETIC_ROBUSTNESS
1770,over fox stream quick compress l,177.76348176370962,SYNTHETIC_ROBUSTNESS
1771,fox stream fox fox over dogaaaaa,177.84695317426775,SYNTHETIC_ROBUSTNESS
1772,stream over brown stream quick d,178.0489770574226,SYNTHETIC_ROBUSTNESS
1773,dog lazy dog quick brown streama,178.18228532170622,SYNTHETIC_ROBUSTNESS
1774,jumps brown the compress dog qui,178.3291600975033,SYNTHETIC_ROBUSTNESS
1775,over fox stream quick compress l,178.33859528700177,SYNTHETIC_ROBUSTNESS
1776,fox stream fox fox over dogaaaaa,178.3544605716375,SYNTHETIC_ROBUSTNESS
1777,fox stream fox fox over dogaaaaa,178.46331823837522,SYNTHETIC_ROBUSTNESS
1778,dog lazy dog quick brown streama,178.5410706854085,SYNTHETIC_ROBUSTNESS
1779,over data dog lazy brown dogaaaa,178.68991593988878,SYNTHETIC_ROBUSTNESS
1780,stream over brown stream quick d,178.69968530687288,SYNTHETIC_ROBUSTNESS
1781,quick compress data quick lazy o,178.78326868429733,SYNTHETIC_ROBUSTNESS
1782,over stream quick quick jumps br,178.84983538796425,SYNTHETIC_ROBUSTNESS
1783,fox lazy the dog quick dataaaaaa,179.04272182724992,SYNTHETIC_ROBUSTNESS
1784,fox stream fox fox over dogaaaaa,179.06344256971488,SYNTHETIC_ROBUSTNESS
1785,stream jumps data stream data qu,179.10632307847428,SYNTHETIC_ROBUSTNESS
1786,stream over brown stream quick d,179.12263045279317,SYNTHETIC_ROBUSTNESS
1787,over stream quick quick jumps br,179.18272964994443,SYNTHETIC_ROBUSTNESS
1788,quick compress data quick lazy o,179.39593443033476,SYNTHETIC_ROBUSTNESS
1789,quick fox the dog fox lazyaaaaaa,179.50690179773767,SYNTHETIC_ROBUSTNESS
1790,data brown compress stream jumps,179.64327636130798,SYNTHETIC_ROBUSTNESS
1791,dog lazy dog quick brown streama,179.65307479311775,SYNTHETIC_ROBUSTNESS
1792,over fox stream quick compress l,179.71322752502996,SYNTHETIC_ROBUSTNESS
1793,fox stream fox fox over dogaaaaa,179.895658078153,SYNTHETIC_ROBUSTNESS
1794,stream over brown stream quick d,180.07735325811888,SYNTHETIC_ROBUSTNESS
1795,dog lazy dog quick brown streama,180.51980654706188,SYNTHETIC_ROBUSTNESS
1796,compress over quick jumps the fo,180.59446995689447,SYNTHETIC_ROBUSTNESS
1797,compress jumps the data brown fo,180.59467731465068,SYNTHETIC_ROBUSTNESS
1798,brown brown brown over brown laz,180.82400070575073,SYNTHETIC_ROBUSTNESS
1799,stream over brown stream quick d,181.13680535275,SYNTHETIC_ROBUSTNESS
1800,fox stream fox fox over dogaaaaa,181.3995623935248,SYNTHETIC_ROBUSTNESS
1801,brown brown brown over brown laz,181.54736444373935,SYNTHETIC_ROBUSTNESS
1802,fox stream fox fox over dogaaaaa,181.5711793702017,SYNTHETIC_ROBUSTNESS
1803,quick quick lazy fox over overaa,181.58615207679938,SYNTHETIC_ROBUSTNESS
1804,brown brown brown over brown laz,181.70684512869713,SYNTHETIC_ROBUSTNESS
1805,brown compress lazy fox the over,181.72197661681838,SYNTHETIC_ROBUSTNESS
1806,stream over brown stream quick d,182.02841127762952,SYNTHETIC_ROBUSTNESS
1807,quick fox jumps data compress th,182.08743925337816,SYNTHETIC_ROBUSTNESS
1808,over stream quick quick jumps br,182.09056923625175,SYNTHETIC_ROBUSTNESS
1809,over stream quick quick jumps br,182.106890988954,SYNTHETIC_ROBUSTNESS
1810,quick fox jumps data compress th,182.14120781458257,SYNTHETIC_ROBUSTNESS
1811,compress lazy compress compress ,182.26286456040023,SYNTHETIC_ROBUSTNESS
1812,quick fox jumps data compress th,182.39653589701177,SYNTHETIC_ROBUSTNESS
1813,stream over brown stream quick d,182.4204918025533,SYNTHETIC_ROBUSTNESS
1814,brown compress lazy fox the over,182.5250621590172,SYNTHETIC_ROBUSTNESS
1815,brown the data stream the dataaa,182.5282966459335,SYNTHETIC_ROBUSTNESS
1816,fox quick data the quick lazyaaa,182.53915019266563,SYNTHETIC_ROBUSTNESS
1817,over stream quick quick jumps br,182.61572427571775,SYNTHETIC_ROBUSTNESS
1818,quick fox jumps data compress th,182.73740429480654,SYNTHETIC_ROBUSTNESS
1819,stream over brown stream quick d,182.98317305084947,SYNTHETIC_ROBUSTNESS
1820,stream over brown stream quick d,183.04075436008924,SYNTHETIC_ROBUSTNESS
1821,compress over quick jumps the fo,183.053532363388,SYNTHETIC_ROBUSTNESS
1822,brown lazy fox lazy dog quickaaa,183.31800699472228,SYNTHETIC_ROBUSTNESS
1823,fox lazy brown over stream compr,183.37553233165636,SYNTHETIC_ROBUSTNESS
1824,over stream quick quick jumps br,183.44434294259915,SYNTHETIC_ROBUSTNESS
1825,brown brown brown over brown laz,183.6370524229877,SYNTHETIC_ROBUSTNESS
1826,fox stream fox fox over dogaaaaa,183.7251881535522,SYNTHETIC_ROBUSTNESS
1827,fox stream fox fox over dogaaaaa,183.76106304211325,SYNTHETIC_ROBUSTNESS
1828,data stream dog quick over strea,183.8388857255264,SYNTHETIC_ROBUSTNESS
1829,over stream quick quick jumps br,183.93693161708993,SYNTHETIC_ROBUSTNESS
1830,over stream quick quick jumps br,184.15747735514043,SYNTHETIC_ROBUSTNESS
1831,over stream quick quick jumps br,184.18424366428212,SYNTHETIC_ROBUSTNESS
1832,dog lazy dog quick brown streama,184.26620068957698,SYNTHETIC_ROBUSTNESS
1833,quick compress data quick lazy o,184.51939930599428,SYNTHETIC_ROBUSTNESS
1834,quick fox jumps data compress th,184.524053218965,SYNTHETIC_ROBUSTNESS
1835,quick fox jumps data compress th,184.54569084568166,SYNTHETIC_ROBUSTNESS
1836,the brown lazy quick lazy compre,184.5882038020771,SYNTHETIC_ROBUSTNESS
1837,jumps jumps data stream lazy bro,184.70166974702954,SYNTHETIC_ROBUSTNESS
1838,lazy data lazy the data foxaaaaa,184.88608915512074,SYNTHETIC_ROBUSTNESS
1839,quick compress data quick lazy o,184.9082999200302,SYNTHETIC_ROBUSTNESS
1840,compress over quick jumps the fo,184.93662968690242,SYNTHETIC_ROBUSTNESS
1841,quick fox jumps data compress th,185.10995163511666,SYNTHETIC_ROBUSTNESS
1842,stream the quick fox lazy jumpsa,185.1260088361348,SYNTHETIC_ROBUSTNESS
1843,dog compress fox dog the overaaa,185.15627851832045,SYNTHETIC_ROBUSTNESS
1844,stream over brown stream quick d,185.28821448434866,SYNTHETIC_ROBUSTNESS
1845,quick compress data quick lazy o,185.30638571398688,SYNTHETIC_ROBUSTNESS
1846,over fox stream quick compress l,185.48243128719938,SYNTHETIC_ROBUSTNESS
1847,fox stream fox fox over dogaaaaa,185.54986708751716,SYNTHETIC_ROBUSTNESS
1848,stream over brown stream quick d,185.60921031828295,SYNTHETIC_ROBUSTNESS
1849,brown brown brown over brown laz,185.62374240290714,SYNTHETIC_ROBUSTNESS
1850,quick fox jumps data compress th,185.73757910254386,SYNTHETIC_ROBUSTNESS
1851,fox the quick brown quick quicka,185.95299650631904,SYNTHETIC_ROBUSTNESS
1852,stream over brown stream quick d,186.07079708942197,SYNTHETIC_ROBUSTNESS
1853,over fox stream quick compress l,186.10890623716023,SYNTHETIC_ROBUSTNESS
1854,fox jumps over jumps stream foxa,186.22890387264113,SYNTHETIC_ROBUSTNESS
1855,stream over brown stream quick d,186.3002271190979,SYNTHETIC_ROBUSTNESS
1856,compress over quick jumps the fo,186.49245752379107,SYNTHETIC_ROBUSTNESS
1857,brown brown brown over brown laz,186.55401080709024,SYNTHETIC_ROBUSTNESS
1858,jumps the compress stream fox fo,186.58110020576976,SYNTHETIC_ROBUSTNESS
1859,stream compress data over over o,186.591775934995,SYNTHETIC_ROBUSTNESS
1860,stream lazy lazy data the stream,186.62477461292468,SYNTHETIC_ROBUSTNESS
1861,compress over quick jumps the fo,186.7076804413607,SYNTHETIC_ROBUSTNESS
1862,stream over brown stream quick d,186.72631852347888,SYNTHETIC_ROBUSTNESS
1863,brown stream quick data over str,186.7303758441438,SYNTHETIC_ROBUSTNESS
1864,fox stream fox fox over dogaaaaa,186.78994941100314,SYNTHETIC_ROBUSTNESS
1865,fox stream fox fox over dogaaaaa,186.8326334222434,SYNTHETIC_ROBUSTNESS
1866,compress over quick jumps the fo,186.88717351162097,SYNTHETIC_ROBUSTNESS
1867,the data the dog dog jumpsaaaaaa,186.94771157910887,SYNTHETIC_ROBUSTNESS
1868,lazy fox lazy jumps stream dogaa,187.09298511570444,SYNTHETIC_ROBUSTNESS
1869,stream over brown stream quick d,187.4172171041085,SYNTHETIC_ROBUSTNESS
1870,quick compress data quick lazy o,187.4476367986171,SYNTHETIC_ROBUSTNESS
1871,dog lazy dog quick brown streama,187.73305812448766,SYNTHETIC_ROBUSTNESS
1872,the stream jumps quick compress ,187.75898386469532,SYNTHETIC_ROBUSTNESS
1873,jumps over data quick fox foxaaa,187.89961116857808,SYNTHETIC_ROBUSTNESS
1874,quick fox jumps data compress th,188.01397612423403,SYNTHETIC_ROBUSTNESS
1875,over stream dog dog fox theaaaaa,188.01933964521123,SYNTHETIC_ROBUSTNESS
1876,data over fox stream brown theaa,188.14840963212393,SYNTHETIC_ROBUSTNESS
1877,brown brown brown over brown laz,188.37979718284808,SYNTHETIC_ROBUSTNESS
1878,fox stream fox fox over dogaaaaa,188.64604125863343,SYNTHETIC_ROBUSTNESS
1879,fox stream fox fox over dogaaaaa,188.76162093972619,SYNTHETIC_ROBUSTNESS
1880,quick fox jumps data compress th,188.916074027758,SYNTHETIC_ROBUSTNESS
1881,over fox stream quick compress l,188.9234970249503,SYNTHETIC_ROBUSTNESS
1882,over stream quick quick jumps br,188.94108159950636,SYNTHETIC_ROBUSTNESS
1883,quick compress data quick lazy o,188.97152776098662,SYNTHETIC_ROBUSTNESS
1884,over fox stream quick compress l,189.04731518580493,SYNTHETIC_ROBUSTNESS
1885,compress over quick jumps the fo,189.09613108966477,SYNTHETIC_ROBUSTNESS
1886,brown compress lazy fox the over,189.2031729496423,SYNTHETIC_ROBUSTNESS
1887,compress over quick jumps the fo,189.2621758490041,SYNTHETIC_ROBUSTNESS
1888,quick fox jumps data compress th,189.41135122177073,SYNTHETIC_ROBUSTNESS
1889,dog lazy dog quick brown streama,189.53638364493526,SYNTHETIC_ROBUSTNESS
1890,over stream compress jumps over ,189.67393151021494,SYNTHETIC_ROBUSTNESS
1891,over fox stream quick compress l,189.8504523026119,SYNTHETIC_ROBUSTNESS
1892,brown brown brown over brown laz,190.0301631263826,SYNTHETIC_ROBUSTNESS
1893,quick compress data quick lazy o,190.1813726429445,SYNTHETIC_ROBUSTNESS
1894,brown compress lazy fox the over,190.18819266675374,SYNTHETIC_ROBUSTNESS
1895,over fox stream quick compress l,190.28579762984327,SYNTHETIC_ROBUSTNESS
1896,stream over brown stream quick d,190.28779641635057,SYNTHETIC_ROBUSTNESS
1897,fox dog jumps the data dataaaaaa,190.4239601189281,SYNTHETIC_ROBUSTNESS
1898,brown stream the the over overaa,190.43026024818144,SYNTHETIC_ROBUSTNESS
1899,over stream quick quick jumps br,190.83898718382542,SYNTHETIC_ROBUSTNESS
1900,quick fox jumps data compress th,190.93419923832386,SYNTHETIC_ROBUSTNESS
1901,brown compress lazy fox the over,190.95428829983533,SYNTHETIC_ROBUSTNESS
1902,over compress stream data data l,191.01745203199803,SYNTHETIC_ROBUSTNESS
1903,brown compress lazy fox the over,191.1927118553128,SYNTHETIC_ROBUSTNESS
1904,over fox stream quick compress l,191.21255670080114,SYNTHETIC_ROBUSTNESS
1905,over stream quick quick jumps br,191.28951104054065,SYNTHETIC_ROBUSTNESS
1906,compress over quick jumps the fo,191.2898697599276,SYNTHETIC_ROBUSTNESS
1907,quick over jumps data jumps over,191.44518792354725,SYNTHETIC_ROBUSTNESS
1908,lazy lazy the data fox streamaaa,191.46683049038177,SYNTHETIC_ROBUSTNESS
1909,dog lazy dog quick brown streama,191.5157985977,SYNTHETIC_ROBUSTNESS
1910,compress over quick jumps the fo,191.59135272076105,SYNTHETIC_ROBUSTNESS
1911,over fox stream quick compress l,191.6070019095215,SYNTHETIC_ROBUSTNESS
1912,compress over quick jumps the fo,191.8682816120324,SYNTHETIC_ROBUSTNESS
1913,over stream quick quick jumps br,191.931544435763,SYNTHETIC_ROBUSTNESS
1914,quick compress data quick lazy o,191.95791281234966,SYNTHETIC_ROBUSTNESS
1915,compress over quick jumps the fo,192.0907692479865,SYNTHETIC_ROBUSTNESS
1916,brown compress lazy fox the over,192.31540241598074,SYNTHETIC_ROBUSTNESS
1917,fox stream fox fox over dogaaaaa,192.55920958692357,SYNTHETIC_ROBUSTNESS
1918,over fox stream quick compress l,192.61562061366723,SYNTHETIC_ROBUSTNESS
1919,fox brown jumps lazy jumps dogaa,192.66016518337284,SYNTHETIC_ROBUSTNESS
1920,brown brown brown over brown laz,192.92503594240665,SYNTHETIC_ROBUSTNESS
1921,quick compress data quick lazy o,192.93046447270146,SYNTHETIC_ROBUSTNESS
1922,brown compress lazy fox the over,193.06931018521044,SYNTHETIC_ROBUSTNESS
1923,fox over dog data quick theaaaaa,193.08885193795027,SYNTHETIC_ROBUSTNESS
1924,quick fox jumps data compress th,193.15149453443016,SYNTHETIC_ROBUSTNESS
1925,fox stream fox fox over dogaaaaa,193.45873913226862,SYNTHETIC_ROBUSTNESS
1926,dog lazy dog quick brown streama,193.545762926669,SYNTHETIC_ROBUSTNESS
1927,brown brown brown over brown laz,193.61987924887725,SYNTHETIC_ROBUSTNESS
1928,quick compress data quick lazy o,193.6262585430422,SYNTHETIC_ROBUSTNESS
1929,quick fox jumps data compress th,193.6587402617712,SYNTHETIC_ROBUSTNESS
1930,jumps over lazy dog quick quicka,193.65904583847393,SYNTHETIC_ROBUSTNESS
1931,fox compress the quick stream br,193.86699458055372,SYNTHETIC_ROBUSTNESS
1932,quick fox over fox data dataaaaa,193.97051740199598,SYNTHETIC_ROBUSTNESS
1933,brown compress lazy fox the over,193.98307686099363,SYNTHETIC_ROBUSTNESS
1934,over fox stream quick compress l,194.02824965637402,SYNTHETIC_ROBUSTNESS
1935,fox stream fox fox over dogaaaaa,194.19507048183343,SYNTHETIC_ROBUSTNESS
1936,fox stream fox fox over dogaaaaa,194.21018803263217,SYNTHETIC_ROBUSTNESS
1937,dog lazy dog quick brown streama,194.2363589700855,SYNTHETIC_ROBUSTNESS
1938,compress over quick jumps the fo,194.31431808335034,SYNTHETIC_ROBUSTNESS
1939,compress over quick jumps the fo,194.3299772243487,SYNTHETIC_ROBUSTNESS
1940,dog lazy dog quick brown streama,194.37821826620157,SYNTHETIC_ROBUSTNESS
1941,fox jumps compress stream lazy q,194.78066874770755,SYNTHETIC_ROBUSTNESS
1942,compress over quick jumps the fo,194.8591623967942,SYNTHETIC_ROBUSTNESS
1943,fox stream quick jumps dog strea,194.98007023879288,SYNTHETIC_ROBUSTNESS
1944,brown compress lazy fox the over,195.0889209055578,SYNTHETIC_ROBUSTNESS
1945,quick compress data quick lazy o,195.11271059351714,SYNTHETIC_ROBUSTNESS
1946,compress compress the jumps jump,195.29986451615764,SYNTHETIC_ROBUSTNESS
1947,compress over quick jumps the fo,195.31288109728567,SYNTHETIC_ROBUSTNESS
1948,over fox stream quick compress l,195.56746802749814,SYNTHETIC_ROBUSTNESS
1949,quick fox jumps data compress th,195.5918118219267,SYNTHETIC_ROBUSTNESS
1950,quick fox jumps data compress th,195.90135445704925,SYNTHETIC_ROBUSTNESS
1951,quick compress data quick lazy o,196.0612851292918,SYNTHETIC_ROBUSTNESS
1952,lazy jumps stream compress the l,196.08003662021986,SYNTHETIC_ROBUSTNESS
1953,over fox stream quick compress l,196.09751990978336,SYNTHETIC_ROBUSTNESS
1954,fox stream fox fox over dogaaaaa,196.10635161695552,SYNTHETIC_ROBUSTNESS
1955,fox stream fox fox over dogaaaaa,196.13476782967646,SYNTHETIC_ROBUSTNESS
1956,fox stream fox fox over dogaaaaa,196.24238642147162,SYNTHETIC_ROBUSTNESS
1957,compress over quick jumps the fo,196.31584637120645,SYNTHETIC_ROBUSTNESS
1958,brown compress lazy fox the over,196.41087011429215,SYNTHETIC_ROBUSTNESS
1959,brown compress lazy fox the over,196.41403369228348,SYNTHETIC_ROBUSTNESS
1960,quick fox jumps data compress th,196.42236874251304,SYNTHETIC_ROBUSTNESS
1961,fox stream fox fox over dogaaaaa,196.54012586589695,SYNTHETIC_ROBUSTNESS
1962,brown compress lazy fox the over,196.7284530594774,SYNTHETIC_ROBUSTNESS
1963,jumps quick compress over jumps ,196.7729914631691,SYNTHETIC_ROBUSTNESS
1964,quick fox jumps data compress th,196.79120151024978,SYNTHETIC_ROBUSTNESS
1965,the stream dog stream stream the,196.82806983103785,SYNTHETIC_ROBUSTNESS
1966,the dog brown dog over overaaaaa,196.88117776038723,SYNTHETIC_ROBUSTNESS
1967,jumps data over dog compress bro,196.9806397317519,SYNTHETIC_ROBUSTNESS
1968,dog lazy dog quick brown streama,197.03331379569408,SYNTHETIC_ROBUSTNESS
1969,dog lazy dog quick brown streama,197.2606563595097,SYNTHETIC_ROBUSTNESS
1970,quick quick dog fox quick lazyaa,197.3119411921028,SYNTHETIC_ROBUSTNESS
1971,over stream quick quick jumps br,197.33195392872983,SYNTHETIC_ROBUSTNESS
1972,compress over quick jumps the fo,197.36050166009488,SYNTHETIC_ROBUSTNESS
1973,brown compress lazy fox the over,197.42308159514573,SYNTHETIC_ROBUSTNESS
1974,over jumps the fox stream foxaaa,197.57562007849847,SYNTHETIC_ROBUSTNESS
1975,dog lazy dog quick brown streama,197.77918694248865,SYNTHETIC_ROBUSTNESS
1976,quick fox jumps data compress th,197.7996793365189,SYNTHETIC_ROBUSTNESS
1977,over fox stream quick compress l,197.80002713139658,SYNTHETIC_ROBUSTNESS
1978,stream over brown stream quick d,198.00359548492887,SYNTHETIC_ROBUSTNESS
1979,brown brown brown over brown laz,198.02949801016646,SYNTHETIC_ROBUSTNESS
1980,fox stream fox fox over dogaaaaa,198.2019058902865,SYNTHETIC_ROBUSTNESS
1981,lazy the dog dog stream theaaaaa,198.28192300027558,SYNTHETIC_ROBUSTNESS
1982,fox stream fox fox over dogaaaaa,198.3336938497541,SYNTHETIC_ROBUSTNESS
1983,compress brown over over quick l,198.34956494964837,SYNTHETIC_ROBUSTNESS
1984,fox stream fox fox over dogaaaaa,198.46105042529967,SYNTHETIC_ROBUSTNESS
1985,quick fox jumps data compress th,198.63151178779995,SYNTHETIC_ROBUSTNESS
1986,stream over brown stream quick d,198.69333322125127,SYNTHETIC_ROBUSTNESS
1987,over fox stream quick compress l,198.7524564432739,SYNTHETIC_ROBUSTNESS
1988,quick fox jumps data compress th,198.8932201330343,SYNTHETIC_ROBUSTNESS
1989,quick compress data quick lazy o,198.9625585765076,SYNTHETIC_ROBUSTNESS
1990,the quick the quick lazy theaaaa,199.11655563141082,SYNTHETIC_ROBUSTNESS
1991,quick compress data quick lazy o,199.1221192096795,SYNTHETIC_ROBUSTNESS
1992,over stream quick quick jumps br,199.31705224084678,SYNTHETIC_ROBUSTNESS
1993,quick fox jumps data compress th,199.34744295914587,SYNTHETIC_ROBUSTNESS
1994,the quick data dog fox quickaaaa,199.3659789306958,SYNTHETIC_ROBUSTNESS
1995,quick fox jumps data compress th,199.36926157548373,SYNTHETIC_ROBUSTNESS
1996,fox the data quick quick overaaa,199.54888236981304,SYNTHETIC_ROBUSTNESS
1997,brown brown brown over brown laz,199.55508217592384,SYNTHETIC_ROBUSTNESS
1998,fox stream fox fox over dogaaaaa,199.8639336557792,SYNTHETIC_ROBUSTNESS
1999,stream over brown stream quick d,199.94713826902066,SYNTHETIC_ROBUSTNESS
