msg_id,text,timestamp,source_type
0,jumps over the lazy lazy overaaa,0.056060397774659536,SYNTHETIC_ROBUSTNESS
1,compress lazy over data brown da,0.06114222187180578,SYNTHETIC_ROBUSTNESS
2,fox stream stream quick jumps ju,0.08359763022559863,SYNTHETIC_ROBUSTNESS
3,the dog over fox lazy lazyaaaaaa,0.08553990465266999,SYNTHETIC_ROBUSTNESS
4,fox dog the the stream brownaaaa,0.11494912504835718,SYNTHETIC_ROBUSTNESS
5,fox stream data the over compres,0.24948933449262578,SYNTHETIC_ROBUSTNESS
6,lazy jumps the over over lazyaaa,0.2709719822181977,SYNTHETIC_ROBUSTNESS
7,fox dog the the stream brownaaaa,0.3460615569600647,SYNTHETIC_ROBUSTNESS
8,jumps compress data data fox ove,0.46699484427870513,SYNTHETIC_ROBUSTNESS
9,quick data the brown dog brownaa,0.546553245579924,SYNTHETIC_ROBUSTNESS
10,compress over the dog dog quicka,0.5481022345334557,SYNTHETIC_ROBUSTNESS
11,compress jumps data lazy dog ove,0.593254495888025,SYNTHETIC_ROBUSTNESS
12,quick brown over lazy quick quic,0.6515279309771422,SYNTHETIC_ROBUSTNESS
13,fox dog the the stream brownaaaa,0.6934975223199114,SYNTHETIC_ROBUSTNESS
14,dog fox the stream over theaaaaa,0.7725214476399183,SYNTHETIC_ROBUSTNESS
15,compress fox brown over brown ov,0.8445021249397583,SYNTHETIC_ROBUSTNESS
16,stream the brown jumps dog jumps,0.8652599374174599,SYNTHETIC_ROBUSTNESS
17,the fox over stream fox lazyaaaa,1.0046821208966867,SYNTHETIC_ROBUSTNESS
18,data brown data stream brown qui,1.0222560930626257,SYNTHETIC_ROBUSTNESS
19,compress fox brown over brown ov,1.0836832922161177,SYNTHETIC_ROBUSTNESS
20,compress the fox data fox stream,1.2248659270180564,SYNTHETIC_ROBUSTNESS
21,data over stream compress over c,1.3443547750302733,SYNTHETIC_ROBUSTNESS
22,brown fox over over the dogaaaaa,1.4009508925943062,SYNTHETIC_ROBUSTNESS
23,jumps brown compress fox fox laz,1.556502893567261,SYNTHETIC_ROBUSTNESS
24,stream over the compress lazy th,1.6815946243794755,SYNTHETIC_ROBUSTNESS
25,fox data data the dog compressaa,1.7301324933490743,SYNTHETIC_ROBUSTNESS
26,compress quick quick over fox fo,1.9560021185352832,SYNTHETIC_ROBUSTNESS
27,brown fox data dog jumps brownaa,1.9713125188337457,SYNTHETIC_ROBUSTNESS
28,data fox lazy fox the streamaaaa,2.0157043413858355,SYNTHETIC_ROBUSTNESS
29,data dog jumps dog jumps overaaa,2.135374164629732,SYNTHETIC_ROBUSTNESS
30,quick data the brown dog brownaa,2.3417132302611394,SYNTHETIC_ROBUSTNESS
31,fox over the quick fox foxaaaaaa,2.380659571784689,SYNTHETIC_ROBUSTNESS
32,the the the lazy quick jumpsaaaa,2.4630403899208613,SYNTHETIC_ROBUSTNESS
33,quick data the brown dog brownaa,2.4642314297067847,SYNTHETIC_ROBUSTNESS
34,compress fox brown over brown ov,2.5105688423332313,SYNTHETIC_ROBUSTNESS
35,quick data dog the compress stre,2.5507562496940643,SYNTHETIC_ROBUSTNESS
36,brown fox dog quick data jumpsaa,2.7355707613534874,SYNTHETIC_ROBUSTNESS
37,data lazy dog jumps lazy streama,2.743256348601661,SYNTHETIC_ROBUSTNESS
38,jumps over the lazy lazy overaaa,2.74966909685601,SYNTHETIC_ROBUSTNESS
39,fox stream quick jumps compress ,2.808134621023929,SYNTHETIC_ROBUSTNESS
40,the jumps over jumps jumps brown,2.860456329890754,SYNTHETIC_ROBUSTNESS
41,dog over stream the jumps overaa,2.878077547269697,SYNTHETIC_ROBUSTNESS
42,compress stream jumps brown lazy,2.908640999030042,SYNTHETIC_ROBUSTNESS
43,compress fox brown over brown ov,3.2743577103498254,SYNTHETIC_ROBUSTNESS
44,over over brown lazy the overaaa,3.3463443205157746,SYNTHETIC_ROBUSTNESS
45,quick dog fox brown over dogaaaa,3.3555397407942205,SYNTHETIC_ROBUSTNESS
46,data stream fox jumps jumps stre,3.3606424235100087,SYNTHETIC_ROBUSTNESS
47,jumps dog fox over data quickaaa,3.3649266884060287,SYNTHETIC_ROBUSTNESS
48,brown dog stream stream stream d,3.4141956367686417,SYNTHETIC_ROBUSTNESS
49,jumps stream dog data quick jump,3.614902049064903,SYNTHETIC_ROBUSTNESS
50,fox lazy lazy jumps lazy overaaa,3.793828264079891,SYNTHETIC_ROBUSTNESS
51,fox over dog compress dog theaaa,3.8396968789348547,SYNTHETIC_ROBUSTNESS
52,compress lazy the dog data quick,3.9886065097040744,SYNTHETIC_ROBUSTNESS
53,the stream over dog brown dogaaa,4.128139397484376,SYNTHETIC_ROBUSTNESS
54,over over the data lazy lazyaaaa,4.194109756722379,SYNTHETIC_ROBUSTNESS
55,lazy stream fox fox quick foxaaa,4.245926283022028,SYNTHETIC_ROBUSTNESS
56,fox dog the the stream brownaaaa,4.265838304287627,SYNTHETIC_ROBUSTNESS
57,stream dog jumps over dog foxaaa,4.298518160314255,SYNTHETIC_ROBUSTNESS
58,data dog dog dog stream overaaaa,4.339872238609745,SYNTHETIC_ROBUSTNESS
59,stream quick jumps data brown ju,4.5073861307017165,SYNTHETIC_ROBUSTNESS
60,quick data the brown dog brownaa,4.587895278422072,SYNTHETIC_ROBUSTNESS
61,dog the data stream jumps stream,4.610324014807798,SYNTHETIC_ROBUSTNESS
62,compress over quick brown over o,4.620397538890043,SYNTHETIC_ROBUSTNESS
63,brown dog data stream fox quicka,4.689047238618875,SYNTHETIC_ROBUSTNESS
64,compress fox brown over brown ov,4.798803503033652,SYNTHETIC_ROBUSTNESS
65,dog data jumps quick the quickaa,4.969665046183679,SYNTHETIC_ROBUSTNESS
66,fox dog the the stream brownaaaa,5.129275105877228,SYNTHETIC_ROBUSTNESS
67,compress lazy the dog data quick,5.303090749882787,SYNTHETIC_ROBUSTNESS
68,quick quick brown compress fox b,5.362483822978951,SYNTHETIC_ROBUSTNESS
69,quick data the brown dog brownaa,5.563220105799195,SYNTHETIC_ROBUSTNESS
70,fox dog the the stream brownaaaa,5.622028261812512,SYNTHETIC_ROBUSTNESS
71,jumps stream quick brown lazy fo,5.6404351248866105,SYNTHETIC_ROBUSTNESS
72,dog stream quick dog quick strea,5.691081730543525,SYNTHETIC_ROBUSTNESS
73,jumps data brown data compress o,5.7326370746313415,SYNTHETIC_ROBUSTNESS
74,data brown compress dog the lazy,5.782424203031934,SYNTHETIC_ROBUSTNESS
75,brown fox brown brown over lazya,5.889899892424194,SYNTHETIC_ROBUSTNESS
76,compress lazy the dog data quick,5.996878039456202,SYNTHETIC_ROBUSTNESS
77,lazy jumps the quick stream data,6.022354558049897,SYNTHETIC_ROBUSTNESS
78,quick data the brown dog brownaa,6.060324143958202,SYNTHETIC_ROBUSTNESS
79,over lazy fox compress fox brown,6.150798632435031,SYNTHETIC_ROBUSTNESS
80,stream jumps lazy compress lazy ,6.159586548925335,SYNTHETIC_ROBUSTNESS
81,brown compress fox brown compres,6.276274868364257,SYNTHETIC_ROBUSTNESS
82,over jumps compress data stream ,6.295984968672032,SYNTHETIC_ROBUSTNESS
83,quick compress data data lazy co,6.486172186204336,SYNTHETIC_ROBUSTNESS
84,brown fox stream dog fox dogaaaa,6.537519708863169,SYNTHETIC_ROBUSTNESS
85,dog compress compress dog brown ,6.56246921441556,SYNTHETIC_ROBUSTNESS
86,dog compress data quick stream s,6.672677166252402,SYNTHETIC_ROBUSTNESS
87,jumps quick jumps the brown stre,6.753427706288428,SYNTHETIC_ROBUSTNESS
88,fox brown brown stream data jump,6.772294144658301,SYNTHETIC_ROBUSTNESS
89,compress stream lazy the stream ,6.947833643442409,SYNTHETIC_ROBUSTNESS
90,compress lazy the dog data quick,7.008217152356423,SYNTHETIC_ROBUSTNESS
91,brown over fox data the streamaa,7.024733496407728,SYNTHETIC_ROBUSTNESS
92,the fox quick compress fox brown,7.183786257970894,SYNTHETIC_ROBUSTNESS
93,data brown compress dog the lazy,7.198108013984744,SYNTHETIC_ROBUSTNESS
94,data over data jumps fox jumpsaa,7.542430342159823,SYNTHETIC_ROBUSTNESS
95,brown dog the lazy compress lazy,7.600735895096432,SYNTHETIC_ROBUSTNESS
96,the fox over stream fox lazyaaaa,7.731012965555266,SYNTHETIC_ROBUSTNESS
97,fox compress brown quick over co,7.791155076192367,SYNTHETIC_ROBUSTNESS
98,lazy brown stream the stream jum,7.811926725954953,SYNTHETIC_ROBUSTNESS
99,compress quick over fox fox thea,7.953855612852138,SYNTHETIC_ROBUSTNESS
100,data dog stream quick stream bro,7.988014124347042,SYNTHETIC_ROBUSTNESS
101,fox stream compress data the the,8.102715994376908,SYNTHETIC_ROBUSTNESS
102,compress dog quick data compress,8.132472094373057,SYNTHETIC_ROBUSTNESS
103,stream data compress quick fox b,8.160061711415302,SYNTHETIC_ROBUSTNESS
104,data brown compress dog the lazy,8.221208406858231,SYNTHETIC_ROBUSTNESS
105,fox brown dog the jumps quickaaa,8.390620534248734,SYNTHETIC_ROBUSTNESS
106,data fox over data over theaaaaa,8.485717306110168,SYNTHETIC_ROBUSTNESS
107,jumps over the lazy lazy overaaa,8.492402771253026,SYNTHETIC_ROBUSTNESS
108,data brown quick quick lazy quic,8.624777815174593,SYNTHETIC_ROBUSTNESS
109,data jumps dog data compress the,8.711473363294006,SYNTHETIC_ROBUSTNESS
110,stream dog compress fox over the,8.809174492999556,SYNTHETIC_ROBUSTNESS
111,quick lazy brown fox quick strea,8.852804791636185,SYNTHETIC_ROBUSTNESS
112,compress data dog fox jumps brow,8.934034277812891,SYNTHETIC_ROBUSTNESS
113,data quick lazy lazy stream over,8.980538067477912,SYNTHETIC_ROBUSTNESS
114,quick the quick over quick theaa,8.989040022349783,SYNTHETIC_ROBUSTNESS
115,stream the brown jumps dog jumps,9.175106151439458,SYNTHETIC_ROBUSTNESS
116,over brown jumps the jumps jumps,9.288434824123703,SYNTHETIC_ROBUSTNESS
117,compress the data quick quick th,9.399434209123605,SYNTHETIC_ROBUSTNESS
118,the fox over stream fox lazyaaaa,9.420961515203222,SYNTHETIC_ROBUSTNESS
119,the data over jumps stream theaa,9.529905929262867,SYNTHETIC_ROBUSTNESS
120,compress fox brown over brown ov,9.556306471405678,SYNTHETIC_ROBUSTNESS
121,fox over dog compress dog theaaa,9.672632652875738,SYNTHETIC_ROBUSTNESS
122,compress lazy the dog data quick,9.713208740753274,SYNTHETIC_ROBUSTNESS
123,lazy the quick quick the overaaa,9.730348538850006,SYNTHETIC_ROBUSTNESS
124,stream the the compress quick th,9.967076207994733,SYNTHETIC_ROBUSTNESS
125,stream the brown jumps dog jumps,9.97813030180536,SYNTHETIC_ROBUSTNESS
126,compress compress the the the ov,10.121589649371293,SYNTHETIC_ROBUSTNESS
127,over brown compress over compres,10.132323192369217,SYNTHETIC_ROBUSTNESS
128,over dog stream stream lazy comp,10.247752493766695,SYNTHETIC_ROBUSTNESS
129,jumps over the lazy lazy overaaa,10.259449210022915,SYNTHETIC_ROBUSTNESS
130,fox over dog compress dog theaaa,10.330544582165794,SYNTHETIC_ROBUSTNESS
131,fox quick data lazy brown browna,10.351369545489064,SYNTHETIC_ROBUSTNESS
132,brown lazy data over the overaaa,10.552796054932214,SYNTHETIC_ROBUSTNESS
133,fox over lazy data the foxaaaaaa,10.604126352136936,SYNTHETIC_ROBUSTNESS
134,stream lazy compress jumps lazy ,10.60568100950147,SYNTHETIC_ROBUSTNESS
135,the dog over fox lazy lazyaaaaaa,10.704610508732971,SYNTHETIC_ROBUSTNESS
136,the fox over stream fox lazyaaaa,10.763514298473298,SYNTHETIC_ROBUSTNESS
137,the fox over stream fox lazyaaaa,10.959939540917343,SYNTHETIC_ROBUSTNESS
138,fox fox brown stream dog overaaa,11.016704569856506,SYNTHETIC_ROBUSTNESS
139,the jumps compress brown data st,11.06966133284968,SYNTHETIC_ROBUSTNESS
140,compress compress brown compress,11.130192037014258,SYNTHETIC_ROBUSTNESS
141,compress lazy the dog data quick,11.326699104281461,SYNTHETIC_ROBUSTNESS
142,brown brown fox stream brown laz,11.415086918799394,SYNTHETIC_ROBUSTNESS
143,compress brown data lazy fox jum,11.52576016166506,SYNTHETIC_ROBUSTNESS
144,jumps dog compress jumps quick q,11.653203582077996,SYNTHETIC_ROBUSTNESS
145,the quick jumps brown data quick,11.930487293291648,SYNTHETIC_ROBUSTNESS
146,compress fox brown over brown ov,12.112207694208124,SYNTHETIC_ROBUSTNESS
147,fox over dog compress dog theaaa,12.374327437636566,SYNTHETIC_ROBUSTNESS
148,stream the brown jumps dog jumps,12.416380988492056,SYNTHETIC_ROBUSTNESS
149,compress the fox dog fox overaaa,12.440567769889501,SYNTHETIC_ROBUSTNESS
150,compress lazy the dog data quick,12.463306714117413,SYNTHETIC_ROBUSTNESS
151,dog stream brown jumps brown dog,12.658359558320099,SYNTHETIC_ROBUSTNESS
152,jumps stream lazy quick brown st,12.835903631554931,SYNTHETIC_ROBUSTNESS
153,fox the brown the jumps compress,12.941003516467894,SYNTHETIC_ROBUSTNESS
154,compress fox compress over compr,12.947504567344495,SYNTHETIC_ROBUSTNESS
155,jumps fox jumps the jumps dataaa,12.985784190907498,SYNTHETIC_ROBUSTNESS
156,stream the dog brown fox dogaaaa,13.118285788666741,SYNTHETIC_ROBUSTNESS
157,quick stream stream lazy stream ,13.14686334759278,SYNTHETIC_ROBUSTNESS
158,jumps brown jumps lazy stream th,13.24469563279814,SYNTHETIC_ROBUSTNESS
159,the brown lazy dog brown dataaaa,13.322946212222684,SYNTHETIC_ROBUSTNESS
160,compress fox brown over brown ov,13.353418506785287,SYNTHETIC_ROBUSTNESS
161,stream dog stream brown over jum,13.625742044487101,SYNTHETIC_ROBUSTNESS
162,compress lazy the dog data quick,13.655412852849425,SYNTHETIC_ROBUSTNESS
163,dog brown compress jumps brown t,13.880593643413206,SYNTHETIC_ROBUSTNESS
164,stream the brown jumps dog jumps,13.958449318977872,SYNTHETIC_ROBUSTNESS
165,data stream jumps lazy data foxa,13.968081469512414,SYNTHETIC_ROBUSTNESS
166,over quick quick quick the theaa,14.147432422684732,SYNTHETIC_ROBUSTNESS
167,quick data the brown dog brownaa,14.304181459068056,SYNTHETIC_ROBUSTNESS
168,the fox over stream fox lazyaaaa,14.481952045659813,SYNTHETIC_ROBUSTNESS
169,fox dog the the stream brownaaaa,14.583604195503955,SYNTHETIC_ROBUSTNESS
170,compress quick dog compress the ,14.707950301289722,SYNTHETIC_ROBUSTNESS
171,lazy lazy compress over jumps co,14.945528243577625,SYNTHETIC_ROBUSTNESS
172,data data jumps fox compress qui,14.959190241846972,SYNTHETIC_ROBUSTNESS
173,data data compress jumps over ju,14.967859149579086,SYNTHETIC_ROBUSTNESS
174,jumps over fox lazy fox quickaaa,14.981220933670697,SYNTHETIC_ROBUSTNESS
175,jumps over the lazy lazy overaaa,15.18529814147225,SYNTHETIC_ROBUSTNESS
176,compress over brown quick compre,15.268065292830908,SYNTHETIC_ROBUSTNESS
177,quick data fox the fox lazyaaaaa,15.287431690536161,SYNTHETIC_ROBUSTNESS
178,fox over dog compress dog theaaa,15.302713255646628,SYNTHETIC_ROBUSTNESS
179,data brown compress dog the lazy,15.361668317587815,SYNTHETIC_ROBUSTNESS
180,fox dog the the stream brownaaaa,15.530805839244984,SYNTHETIC_ROBUSTNESS
181,data over over brown compress st,15.694372077792686,SYNTHETIC_ROBUSTNESS
182,data stream data brown the dogaa,15.884922964425241,SYNTHETIC_ROBUSTNESS
183,data brown compress dog the lazy,16.031432799202545,SYNTHETIC_ROBUSTNESS
184,compress jumps brown fox the jum,16.037792808393448,SYNTHETIC_ROBUSTNESS
185,over jumps fox data brown browna,16.165149002402927,SYNTHETIC_ROBUSTNESS
186,data the fox quick lazy brownaaa,16.238329755879462,SYNTHETIC_ROBUSTNESS
187,the dog over fox lazy lazyaaaaaa,16.36794302920826,SYNTHETIC_ROBUSTNESS
188,jumps fox jumps the compress qui,16.434162690078715,SYNTHETIC_ROBUSTNESS
189,compress fox brown over brown ov,16.500238250122617,SYNTHETIC_ROBUSTNESS
190,quick data the brown dog brownaa,16.513721149078325,SYNTHETIC_ROBUSTNESS
191,fox over jumps jumps stream brow,16.749346365798345,SYNTHETIC_ROBUSTNESS
192,lazy dog brown data over foxaaaa,16.79628622805534,SYNTHETIC_ROBUSTNESS
193,lazy data jumps compress over fo,16.883603148550055,SYNTHETIC_ROBUSTNESS
194,compress lazy compress lazy over,16.90681606195649,SYNTHETIC_ROBUSTNESS
195,lazy lazy stream lazy stream str,16.952843397965022,SYNTHETIC_ROBUSTNESS
196,quick data the brown dog brownaa,17.15731064187122,SYNTHETIC_ROBUSTNESS
197,jumps the brown stream over quic,17.180832174814476,SYNTHETIC_ROBUSTNESS
198,quick data the brown dog brownaa,17.203912658901196,SYNTHETIC_ROBUSTNESS
199,the quick compress jumps over da,17.23409063826898,SYNTHETIC_ROBUSTNESS
200,dog the fox quick fox overaaaaaa,17.31957753703982,SYNTHETIC_ROBUSTNESS
201,stream dog dog dog data overaaaa,17.39311793681496,SYNTHETIC_ROBUSTNESS
202,data brown compress dog the lazy,17.412394164230466,SYNTHETIC_ROBUSTNESS
203,compress brown brown fox jumps b,17.530149656188105,SYNTHETIC_ROBUSTNESS
204,brown fox over lazy data dogaaaa,17.76824760370047,SYNTHETIC_ROBUSTNESS
205,brown fox quick lazy over quicka,17.79041567554462,SYNTHETIC_ROBUSTNESS
206,compress fox brown over brown ov,17.902181066696343,SYNTHETIC_ROBUSTNESS
207,data stream quick quick the doga,17.990462936744542,SYNTHETIC_ROBUSTNESS
208,quick data the brown dog brownaa,18.03035245456945,SYNTHETIC_ROBUSTNESS
209,the over jumps the lazy jumpsaaa,18.12654159077009,SYNTHETIC_ROBUSTNESS
210,fox over dog compress dog theaaa,18.150102291648977,SYNTHETIC_ROBUSTNESS
211,brown brown fox over compress do,18.329651835642544,SYNTHETIC_ROBUSTNESS
212,the dog compress over compress l,18.33189808462709,SYNTHETIC_ROBUSTNESS
213,quick lazy over stream compress ,18.41561438507246,SYNTHETIC_ROBUSTNESS
214,data quick data data over stream,18.454001408838693,SYNTHETIC_ROBUSTNESS
215,over brown data dog compress ove,18.66716817376971,SYNTHETIC_ROBUSTNESS
216,compress lazy the dog data quick,18.736356225689303,SYNTHETIC_ROBUSTNESS
217,the fox over stream fox lazyaaaa,18.8985518392714,SYNTHETIC_ROBUSTNESS
218,jumps the over compress the stre,19.156017923744972,SYNTHETIC_ROBUSTNESS
219,dog fox fox the over compressaaa,19.19671698357221,SYNTHETIC_ROBUSTNESS
220,compress fox brown over brown ov,19.409028624225147,SYNTHETIC_ROBUSTNESS
221,fox fox the quick dog theaaaaaaa,19.538593191901846,SYNTHETIC_ROBUSTNESS
222,brown compress jumps dog dog qui,19.550041659698852,SYNTHETIC_ROBUSTNESS
223,quick the data brown jumps dataa,19.561014212409738,SYNTHETIC_ROBUSTNESS
224,compress data stream quick strea,19.731030041508358,SYNTHETIC_ROBUSTNESS
225,data compress jumps over dog str,19.79420065346959,SYNTHETIC_ROBUSTNESS
226,quick quick jumps dog stream dog,19.862550099496172,SYNTHETIC_ROBUSTNESS
227,data brown lazy fox data lazyaaa,20.084417277657053,SYNTHETIC_ROBUSTNESS
228,compress lazy the dog data quick,20.318553338505918,SYNTHETIC_ROBUSTNESS
229,stream fox quick fox data compre,20.330511226505163,SYNTHETIC_ROBUSTNESS
230,data over jumps lazy the theaaaa,20.377295554624187,SYNTHETIC_ROBUSTNESS
231,the compress compress compress b,20.60289125179229,SYNTHETIC_ROBUSTNESS
232,quick brown the data brown foxaa,20.774290209735426,SYNTHETIC_ROBUSTNESS
233,compress lazy brown over fox dat,20.90194772116309,SYNTHETIC_ROBUSTNESS
234,stream brown stream fox dog over,20.912702590156663,SYNTHETIC_ROBUSTNESS
235,over stream dog the data lazyaaa,21.009775847458226,SYNTHETIC_ROBUSTNESS
236,brown brown data lazy jumps brow,21.09696768857979,SYNTHETIC_ROBUSTNESS
237,over lazy the quick stream jumps,21.115259909623042,SYNTHETIC_ROBUSTNESS
238,fox data compress data dog dataa,21.26391947468755,SYNTHETIC_ROBUSTNESS
239,fox compress over data dog foxaa,21.301312773634535,SYNTHETIC_ROBUSTNESS
240,jumps over the lazy lazy overaaa,21.398235975922375,SYNTHETIC_ROBUSTNESS
241,jumps stream jumps brown quick f,21.443151892886345,SYNTHETIC_ROBUSTNESS
242,compress data fox dog brown brow,21.45196893916298,SYNTHETIC_ROBUSTNESS
243,quick lazy over over over quicka,21.52636981544393,SYNTHETIC_ROBUSTNESS
244,data jumps the jumps dog quickaa,21.562990861086767,SYNTHETIC_ROBUSTNESS
245,quick stream stream quick compre,21.570389213283228,SYNTHETIC_ROBUSTNESS
246,jumps over data jumps compress b,21.592517356408443,SYNTHETIC_ROBUSTNESS
247,brown over dog dog brown theaaaa,21.688975098102105,SYNTHETIC_ROBUSTNESS
248,jumps stream stream brown quick ,21.699664823172274,SYNTHETIC_ROBUSTNESS
249,the fox over stream fox lazyaaaa,21.708817853941028,SYNTHETIC_ROBUSTNESS
250,fox compress fox lazy the overaa,21.99709673631161,SYNTHETIC_ROBUSTNESS
251,data brown compress dog the lazy,22.008472232388158,SYNTHETIC_ROBUSTNESS
252,data brown compress dog the lazy,22.05564229575204,SYNTHETIC_ROBUSTNESS
253,jumps brown fox dog the theaaaaa,22.069961329418486,SYNTHETIC_ROBUSTNESS
254,data compress the dog dog overaa,22.350091581593386,SYNTHETIC_ROBUSTNESS
255,the dog over the quick dataaaaaa,22.415707824181716,SYNTHETIC_ROBUSTNESS
256,the fox over stream fox lazyaaaa,22.427487042489336,SYNTHETIC_ROBUSTNESS
257,dog dog jumps data lazy dogaaaaa,22.57394136873642,SYNTHETIC_ROBUSTNESS
258,data data brown quick quick stre,22.725712322567603,SYNTHETIC_ROBUSTNESS
259,compress fox brown over brown ov,22.95717754681552,SYNTHETIC_ROBUSTNESS
260,lazy the dog jumps quick brownaa,23.07947795128622,SYNTHETIC_ROBUSTNESS
261,the stream fox fox over dogaaaaa,23.085104967009176,SYNTHETIC_ROBUSTNESS
262,over jumps the over stream overa,23.165024993297397,SYNTHETIC_ROBUSTNESS
263,compress lazy the dog data quick,23.213482295625266,SYNTHETIC_ROBUSTNESS
264,brown brown the over over dogaaa,23.351545756520242,SYNTHETIC_ROBUSTNESS
265,stream the brown jumps dog jumps,23.440932412986847,SYNTHETIC_ROBUSTNESS
266,jumps lazy data quick compress j,23.57010377436724,SYNTHETIC_ROBUSTNESS
267,lazy data dog lazy compress foxa,23.59000301922461,SYNTHETIC_ROBUSTNESS
268,the compress compress fox over t,23.647463195039045,SYNTHETIC_ROBUSTNESS
269,stream the brown jumps dog jumps,23.704044950178663,SYNTHETIC_ROBUSTNESS
270,lazy lazy compress brown lazy ov,24.100243046105962,SYNTHETIC_ROBUSTNESS
271,the quick compress dog the brown,24.102172558321765,SYNTHETIC_ROBUSTNESS
272,quick stream jumps quick data do,24.271477851270312,SYNTHETIC_ROBUSTNESS
273,lazy the jumps dog dog foxaaaaaa,24.281693488155668,SYNTHETIC_ROBUSTNESS
274,jumps over the lazy lazy overaaa,24.29007275050964,SYNTHETIC_ROBUSTNESS
275,compress brown jumps over fox da,24.329848711666806,SYNTHETIC_ROBUSTNESS
276,jumps over the lazy lazy overaaa,24.450501950696488,SYNTHETIC_ROBUSTNESS
277,the over over data over lazyaaaa,24.56396103005503,SYNTHETIC_ROBUSTNESS
278,the fox over stream fox lazyaaaa,24.662815092759306,SYNTHETIC_ROBUSTNESS
279,brown the fox brown the compress,24.811781269293437,SYNTHETIC_ROBUSTNESS
280,compress compress over over stre,24.838227061673745,SYNTHETIC_ROBUSTNESS
281,data dog stream fox the streamaa,24.938696763853265,SYNTHETIC_ROBUSTNESS
282,dog compress the fox data jumpsa,25.04031824286665,SYNTHETIC_ROBUSTNESS
283,quick stream dog quick over data,25.146546909320385,SYNTHETIC_ROBUSTNESS
284,data lazy the quick jumps compre,25.23679891649828,SYNTHETIC_ROBUSTNESS
285,data jumps data lazy stream over,25.26184048594657,SYNTHETIC_ROBUSTNESS
286,stream stream data compress quic,25.507529445523062,SYNTHETIC_ROBUSTNESS
287,fox dog the compress compress ju,25.880518877797954,SYNTHETIC_ROBUSTNESS
288,fox dog the the stream brownaaaa,25.997375168655047,SYNTHETIC_ROBUSTNESS
289,over over brown data the dataaaa,26.056088205801323,SYNTHETIC_ROBUSTNESS
290,lazy dog over data dog overaaaaa,26.133132240844144,SYNTHETIC_ROBUSTNESS
291,stream data compress jumps strea,26.144602814169286,SYNTHETIC_ROBUSTNESS
292,over quick fox dog jumps theaaaa,26.1897635462418,SYNTHETIC_ROBUSTNESS
293,the dog over fox lazy lazyaaaaaa,26.56329507209132,SYNTHETIC_ROBUSTNESS
294,fox over dog compress dog theaaa,26.642640954550988,SYNTHETIC_ROBUSTNESS
295,dog over lazy quick brown theaaa,26.724881735105374,SYNTHETIC_ROBUSTNESS
296,quick brown jumps dog data lazya,27.032749369928425,SYNTHETIC_ROBUSTNESS
297,brown dog lazy dog lazy dogaaaaa,27.250216221125918,SYNTHETIC_ROBUSTNESS
298,fox the quick fox the jumpsaaaaa,27.33431515604224,SYNTHETIC_ROBUSTNESS
299,brown the jumps data over jumpsa,27.365648086124086,SYNTHETIC_ROBUSTNESS
300,the fox over stream fox lazyaaaa,27.378083327019173,SYNTHETIC_ROBUSTNESS
301,fox over fox compress over strea,27.57733738960774,SYNTHETIC_ROBUSTNESS
302,lazy dog fox jumps fox quickaaaa,27.83002471516731,SYNTHETIC_ROBUSTNESS
303,compress over jumps jumps fox do,27.898202900562545,SYNTHETIC_ROBUSTNESS
304,brown jumps brown dog over dogaa,27.90813506434065,SYNTHETIC_ROBUSTNESS
305,brown the brown stream jumps bro,28.00133255578848,SYNTHETIC_ROBUSTNESS
306,data fox lazy brown data compres,28.047133958878657,SYNTHETIC_ROBUSTNESS
307,jumps compress the brown dog str,28.06431493810507,SYNTHETIC_ROBUSTNESS
308,the dog quick quick brown foxaaa,28.31582273165471,SYNTHETIC_ROBUSTNESS
309,stream over the dog fox foxaaaaa,28.34319394933686,SYNTHETIC_ROBUSTNESS
310,compress fox brown over brown ov,28.467382711882948,SYNTHETIC_ROBUSTNESS
311,the fox over stream fox lazyaaaa,28.523485515730112,SYNTHETIC_ROBUSTNESS
312,jumps jumps over data over strea,28.699465599136595,SYNTHETIC_ROBUSTNESS
313,lazy lazy data jumps stream comp,28.820141568716704,SYNTHETIC_ROBUSTNESS
314,fox over dog compress dog theaaa,28.83328464643368,SYNTHETIC_ROBUSTNESS
315,stream data over quick compress ,28.892997777716094,SYNTHETIC_ROBUSTNESS
316,stream dog fox quick the dogaaaa,28.923079717464592,SYNTHETIC_ROBUSTNESS
317,dog dog the lazy stream overaaaa,29.048110880042834,SYNTHETIC_ROBUSTNESS
318,over brown dog brown quick lazya,29.126788299690816,SYNTHETIC_ROBUSTNESS
319,compress fox brown over brown ov,29.168367305094726,SYNTHETIC_ROBUSTNESS
320,stream fox the quick jumps theaa,29.208334519123323,SYNTHETIC_ROBUSTNESS
321,fox data quick dog jumps brownaa,29.220493332405994,SYNTHETIC_ROBUSTNESS
322,the the the dog brown compressaa,29.24455051611954,SYNTHETIC_ROBUSTNESS
323,brown dog data quick over theaaa,29.369540410152396,SYNTHETIC_ROBUSTNESS
324,dog quick the data the quickaaaa,29.463676774953118,SYNTHETIC_ROBUSTNESS
325,compress data lazy dog compress ,29.507619708607237,SYNTHETIC_ROBUSTNESS
326,over stream data brown fox dogaa,29.688479109813684,SYNTHETIC_ROBUSTNESS
327,dog lazy data fox quick lazyaaaa,29.75472400306551,SYNTHETIC_ROBUSTNESS
328,jumps data over quick dog compre,29.9129228910261,SYNTHETIC_ROBUSTNESS
329,data brown compress dog the lazy,30.06487354052394,SYNTHETIC_ROBUSTNESS
330,fox over dog compress dog theaaa,30.253260325977777,SYNTHETIC_ROBUSTNESS
331,quick over over lazy lazy jumpsa,30.442820244976073,SYNTHETIC_ROBUSTNESS
332,stream the brown jumps dog jumps,30.556471163592942,SYNTHETIC_ROBUSTNESS
333,brown lazy stream brown fox data,30.694870262543006,SYNTHETIC_ROBUSTNESS
334,stream over jumps jumps dog brow,30.844887005830184,SYNTHETIC_ROBUSTNESS
335,the brown compress brown fox dog,30.863418737818325,SYNTHETIC_ROBUSTNESS
336,compress lazy brown over compres,30.89912121380655,SYNTHETIC_ROBUSTNESS
337,jumps quick data over jumps doga,30.91012946049031,SYNTHETIC_ROBUSTNESS
338,jumps over the lazy lazy overaaa,30.931123984143134,SYNTHETIC_ROBUSTNESS
339,lazy dog stream fox over streama,31.081761250567514,SYNTHETIC_ROBUSTNESS
340,stream dog fox brown over foxaaa,31.375716170296556,SYNTHETIC_ROBUSTNESS
341,data brown compress dog the lazy,31.48769020250891,SYNTHETIC_ROBUSTNESS
342,lazy quick stream quick fox brow,31.704887742607784,SYNTHETIC_ROBUSTNESS
343,dog lazy compress the fox overaa,31.743156885709865,SYNTHETIC_ROBUSTNESS
344,lazy compress fox the lazy compr,31.930104501327737,SYNTHETIC_ROBUSTNESS
345,data brown compress dog the lazy,31.971472265585785,SYNTHETIC_ROBUSTNESS
346,brown brown jumps data fox foxaa,32.196061295552475,SYNTHETIC_ROBUSTNESS
347,fox lazy brown fox brown lazyaaa,32.35603274845259,SYNTHETIC_ROBUSTNESS
348,stream the brown jumps dog jumps,32.767062982470314,SYNTHETIC_ROBUSTNESS
349,quick dog quick lazy quick lazya,32.94266711192973,SYNTHETIC_ROBUSTNESS
350,the dog over fox lazy lazyaaaaaa,32.99345172837338,SYNTHETIC_ROBUSTNESS
351,lazy brown data jumps the dogaaa,33.00511407446097,SYNTHETIC_ROBUSTNESS
352,stream the brown jumps dog jumps,33.2124783928443,SYNTHETIC_ROBUSTNESS
353,quick the quick the stream dataa,33.29715275473616,SYNTHETIC_ROBUSTNESS
354,data brown compress dog the lazy,33.492445309227676,SYNTHETIC_ROBUSTNESS
355,compress lazy quick over quick q,33.54140537585413,SYNTHETIC_ROBUSTNESS
356,data compress the dog data jumps,33.54434302878683,SYNTHETIC_ROBUSTNESS
357,stream jumps dog dog jumps dogaa,33.54972705992512,SYNTHETIC_ROBUSTNESS
358,data quick jumps the quick dogaa,33.66074449094277,SYNTHETIC_ROBUSTNESS
359,the lazy dog quick jumps foxaaaa,33.67290054634988,SYNTHETIC_ROBUSTNESS
360,brown lazy compress data quick t,33.809731058820105,SYNTHETIC_ROBUSTNESS
361,brown the fox brown brown jumpsa,33.86410772042753,SYNTHETIC_ROBUSTNESS
362,data stream jumps the quick comp,33.946914626976806,SYNTHETIC_ROBUSTNESS
363,compress brown stream compress b,34.10846695410944,SYNTHETIC_ROBUSTNESS
364,the dog over fox lazy lazyaaaaaa,34.137645528115506,SYNTHETIC_ROBUSTNESS
365,jumps over brown jumps brown str,34.190901973737034,SYNTHETIC_ROBUSTNESS
366,brown lazy quick the the streama,34.321671483049286,SYNTHETIC_ROBUSTNESS
367,compress lazy the dog data quick,34.572298106750395,SYNTHETIC_ROBUSTNESS
368,dog jumps fox over brown brownaa,34.60658936648906,SYNTHETIC_ROBUSTNESS
369,the compress dog compress over f,34.704066913082805,SYNTHETIC_ROBUSTNESS
370,stream stream the compress compr,35.00609801800703,SYNTHETIC_ROBUSTNESS
371,compress quick data fox stream d,35.110752821038666,SYNTHETIC_ROBUSTNESS
372,compress the dog lazy lazy dataa,35.334048559920355,SYNTHETIC_ROBUSTNESS
373,stream data fox quick lazy jumps,35.614940394639724,SYNTHETIC_ROBUSTNESS
374,quick data the brown dog brownaa,35.879931669747926,SYNTHETIC_ROBUSTNESS
375,data stream jumps lazy lazy stre,36.02201076188891,SYNTHETIC_ROBUSTNESS
376,stream dog compress quick jumps ,36.102328282724244,SYNTHETIC_ROBUSTNESS
377,data compress data data compress,36.112504187807076,SYNTHETIC_ROBUSTNESS
378,stream brown the fox lazy theaaa,36.13769786807127,SYNTHETIC_ROBUSTNESS
379,quick data the brown dog brownaa,36.16723799718221,SYNTHETIC_ROBUSTNESS
380,over the brown lazy data foxaaaa,36.170620522244704,SYNTHETIC_ROBUSTNESS
381,fox the brown quick the lazyaaaa,36.18137051114975,SYNTHETIC_ROBUSTNESS
382,the dog over fox lazy lazyaaaaaa,36.216291753837865,SYNTHETIC_ROBUSTNESS
383,the fox over stream fox lazyaaaa,36.22580427717684,SYNTHETIC_ROBUSTNESS
384,data brown compress dog the lazy,36.24438122751849,SYNTHETIC_ROBUSTNESS
385,dog dog dog brown quick dogaaaaa,36.24997665174344,SYNTHETIC_ROBUSTNESS
386,fox over dog compress dog theaaa,36.303853330100964,SYNTHETIC_ROBUSTNESS
387,the lazy dog the jumps dataaaaaa,36.476073289289815,SYNTHETIC_ROBUSTNESS
388,brown data compress over fox jum,36.64333440945736,SYNTHETIC_ROBUSTNESS
389,jumps fox data lazy fox quickaaa,36.878606977392685,SYNTHETIC_ROBUSTNESS
390,lazy the jumps quick lazy stream,37.015491526620536,SYNTHETIC_ROBUSTNESS
391,brown brown compress stream quic,37.043521393877384,SYNTHETIC_ROBUSTNESS
392,lazy compress stream jumps quick,37.16471849652921,SYNTHETIC_ROBUSTNESS
393,the the stream brown dog jumpsaa,37.30488849691398,SYNTHETIC_ROBUSTNESS
394,lazy fox the lazy quick dogaaaaa,37.383219220536,SYNTHETIC_ROBUSTNESS
395,dog brown lazy dog jumps overaaa,37.54773121999924,SYNTHETIC_ROBUSTNESS
396,stream the brown jumps dog jumps,37.55512449410441,SYNTHETIC_ROBUSTNESS
397,the the compress brown dog overa,37.64545715388912,SYNTHETIC_ROBUSTNESS
398,quick data the brown dog brownaa,37.71082929889855,SYNTHETIC_ROBUSTNESS
399,compress compress brown lazy dat,37.87441355305443,SYNTHETIC_ROBUSTNESS
400,quick brown compress fox jumps c,37.888105619814745,SYNTHETIC_ROBUSTNESS
401,over compress compress fox strea,37.91201055494792,SYNTHETIC_ROBUSTNESS
402,over dog fox jumps lazy dogaaaaa,37.993811770354895,SYNTHETIC_ROBUSTNESS
403,stream brown jumps lazy fox brow,38.28794625914848,SYNTHETIC_ROBUSTNESS
404,data fox fox lazy quick streamaa,38.296632841777864,SYNTHETIC_ROBUSTNESS
405,the the lazy the fox foxaaaaaaaa,38.43264757084624,SYNTHETIC_ROBUSTNESS
406,stream the brown jumps dog jumps,38.45563911397983,SYNTHETIC_ROBUSTNESS
407,stream fox brown fox dog compres,38.466782435489954,SYNTHETIC_ROBUSTNESS
408,lazy stream dog brown dog compre,38.51699646618686,SYNTHETIC_ROBUSTNESS
409,compress fox brown over brown ov,38.604476042454465,SYNTHETIC_ROBUSTNESS
410,dog data compress stream lazy br,38.7799327820604,SYNTHETIC_ROBUSTNESS
411,quick data the brown dog brownaa,38.88063418576297,SYNTHETIC_ROBUSTNESS
412,quick data the brown dog brownaa,38.94829606731428,SYNTHETIC_ROBUSTNESS
413,over over dog the compress strea,38.981936722482715,SYNTHETIC_ROBUSTNESS
414,jumps over the lazy lazy overaaa,39.01654598500094,SYNTHETIC_ROBUSTNESS
415,fox quick fox compress quick laz,39.163764693229524,SYNTHETIC_ROBUSTNESS
416,quick data the brown dog brownaa,39.17587526162494,SYNTHETIC_ROBUSTNESS
417,data brown compress dog the lazy,39.1917131618111,SYNTHETIC_ROBUSTNESS
418,fox quick jumps stream fox overa,39.31891562332748,SYNTHETIC_ROBUSTNESS
419,over stream data compress dog da,39.64344281211483,SYNTHETIC_ROBUSTNESS
420,over the data quick lazy dogaaaa,39.656252766823094,SYNTHETIC_ROBUSTNESS
421,lazy fox over fox compress jumps,39.750266570739825,SYNTHETIC_ROBUSTNESS
422,data the lazy stream fox lazyaaa,39.77760352114225,SYNTHETIC_ROBUSTNESS
423,quick fox jumps over over overaa,39.78021305676422,SYNTHETIC_ROBUSTNESS
424,fox lazy dog compress stream dat,39.958751632856064,SYNTHETIC_ROBUSTNESS
425,jumps the brown quick stream ove,40.02980225166221,SYNTHETIC_ROBUSTNESS
426,compress lazy data quick the dog,40.0322202461136,SYNTHETIC_ROBUSTNESS
427,brown dog brown lazy stream stre,40.2580323898673,SYNTHETIC_ROBUSTNESS
428,jumps lazy brown brown brown dat,40.33475164946947,SYNTHETIC_ROBUSTNESS
429,data brown compress dog the lazy,40.468337400401246,SYNTHETIC_ROBUSTNESS
430,over dog fox jumps stream quicka,40.52341622886747,SYNTHETIC_ROBUSTNESS
431,over stream lazy stream lazy com,40.54385862409962,SYNTHETIC_ROBUSTNESS
432,dog lazy dog stream brown dataaa,40.60651469472702,SYNTHETIC_ROBUSTNESS
433,data jumps over data compress ov,40.640436423874306,SYNTHETIC_ROBUSTNESS
434,over the lazy stream stream jump,40.67563863649698,SYNTHETIC_ROBUSTNESS
435,the compress data brown stream l,40.77888686158077,SYNTHETIC_ROBUSTNESS
436,lazy lazy fox data over lazyaaaa,40.788767251209904,SYNTHETIC_ROBUSTNESS
437,the dog over fox lazy lazyaaaaaa,40.83935346943734,SYNTHETIC_ROBUSTNESS
438,stream the over dog dog brownaaa,40.91846153596573,SYNTHETIC_ROBUSTNESS
439,compress fox jumps stream compre,41.04219983620018,SYNTHETIC_ROBUSTNESS
440,compress lazy the dog data quick,41.14241173418903,SYNTHETIC_ROBUSTNESS
441,jumps dog lazy fox dog lazyaaaaa,41.35978394158963,SYNTHETIC_ROBUSTNESS
442,jumps over the lazy lazy overaaa,41.84753804948986,SYNTHETIC_ROBUSTNESS
443,compress over stream jumps jumps,42.12467447513392,SYNTHETIC_ROBUSTNESS
444,stream the data over lazy foxaaa,42.26913140812672,SYNTHETIC_ROBUSTNESS
445,jumps over the lazy lazy overaaa,42.38497249578549,SYNTHETIC_ROBUSTNESS
446,jumps over the lazy lazy overaaa,42.38857995766298,SYNTHETIC_ROBUSTNESS
447,stream compress over dog compres,42.46482942901547,SYNTHETIC_ROBUSTNESS
448,stream lazy stream fox jumps laz,42.573809620779,SYNTHETIC_ROBUSTNESS
449,dog brown data over jumps stream,42.62707245391695,SYNTHETIC_ROBUSTNESS
450,fox compress compress the quick ,42.67565268941636,SYNTHETIC_ROBUSTNESS
451,brown data lazy brown lazy overa,42.753856317680764,SYNTHETIC_ROBUSTNESS
452,the data data fox lazy streamaaa,42.99098545937178,SYNTHETIC_ROBUSTNESS
453,jumps compress stream lazy the b,43.02122150269831,SYNTHETIC_ROBUSTNESS
454,quick lazy fox data brown compre,43.072146659201806,SYNTHETIC_ROBUSTNESS
455,stream the brown jumps dog jumps,43.178015016817284,SYNTHETIC_ROBUSTNESS
456,the jumps fox dog compress overa,43.198595400006944,SYNTHETIC_ROBUSTNESS
457,data brown compress dog the lazy,43.3787179615324,SYNTHETIC_ROBUSTNESS
458,fox dog the the stream brownaaaa,43.4883995132917,SYNTHETIC_ROBUSTNESS
459,over brown data fox quick jumpsa,43.531826421048656,SYNTHETIC_ROBUSTNESS
460,the lazy lazy data jumps foxaaaa,43.65989992930726,SYNTHETIC_ROBUSTNESS
461,compress lazy the dog data quick,43.69265961846311,SYNTHETIC_ROBUSTNESS
462,lazy jumps brown fox dog compres,43.8415857912763,SYNTHETIC_ROBUSTNESS
463,quick jumps quick brown quick co,43.848916872141295,SYNTHETIC_ROBUSTNESS
464,brown over lazy over over compre,43.90456055455218,SYNTHETIC_ROBUSTNESS
465,over quick dog lazy brown browna,43.93489277671082,SYNTHETIC_ROBUSTNESS
466,stream over stream quick over co,44.10455610044316,SYNTHETIC_ROBUSTNESS
467,lazy the dog stream quick dogaaa,44.244290443404445,SYNTHETIC_ROBUSTNESS
468,quick lazy lazy fox fox jumpsaaa,44.42871877264155,SYNTHETIC_ROBUSTNESS
469,stream jumps the compress lazy d,44.534148568711935,SYNTHETIC_ROBUSTNESS
470,jumps over the lazy lazy overaaa,44.692780499392235,SYNTHETIC_ROBUSTNESS
471,jumps over the lazy lazy overaaa,44.75054620219162,SYNTHETIC_ROBUSTNESS
472,lazy the brown over brown foxaaa,44.86388440821287,SYNTHETIC_ROBUSTNESS
473,quick data over stream quick com,44.867045619005054,SYNTHETIC_ROBUSTNESS
474,data compress over fox compress ,45.079677643563656,SYNTHETIC_ROBUSTNESS
475,jumps compress quick fox over do,45.195124076622974,SYNTHETIC_ROBUSTNESS
476,fox compress dog the the foxaaaa,45.39618763381858,SYNTHETIC_ROBUSTNESS
477,brown compress brown fox quick d,45.543529350484235,SYNTHETIC_ROBUSTNESS
478,over compress compress compress ,45.57726935250395,SYNTHETIC_ROBUSTNESS
479,fox stream dog jumps data compre,45.60913575939698,SYNTHETIC_ROBUSTNESS
480,over brown lazy jumps data quick,45.76989910233308,SYNTHETIC_ROBUSTNESS
481,fox over dog compress dog theaaa,45.79032014328659,SYNTHETIC_ROBUSTNESS
482,brown jumps brown stream compres,45.802047844750454,SYNTHETIC_ROBUSTNESS
483,jumps quick brown dog stream jum,45.80356349339428,SYNTHETIC_ROBUSTNESS
484,stream dog fox dog dog lazyaaaaa,45.839006674689436,SYNTHETIC_ROBUSTNESS
485,the dog over fox lazy lazyaaaaaa,45.84946109853185,SYNTHETIC_ROBUSTNESS
486,stream the brown jumps dog jumps,46.0112517304187,SYNTHETIC_ROBUSTNESS
487,dog brown dog stream stream stre,46.07752203094798,SYNTHETIC_ROBUSTNESS
488,stream quick compress lazy compr,46.10662616501514,SYNTHETIC_ROBUSTNESS
489,quick lazy lazy over jumps compr,46.19877833853779,SYNTHETIC_ROBUSTNESS
490,dog fox fox fox fox jumpsaaaaaaa,46.20607330962643,SYNTHETIC_ROBUSTNESS
491,dog fox jumps brown compress ove,46.335580288973304,SYNTHETIC_ROBUSTNESS
492,stream the brown jumps dog jumps,46.40517400485482,SYNTHETIC_ROBUSTNESS
493,jumps quick compress dog fox dog,46.40582374804444,SYNTHETIC_ROBUSTNESS
494,fox jumps stream brown dog dogaa,46.444274937771794,SYNTHETIC_ROBUSTNESS
495,compress stream the quick compre,46.58298135286071,SYNTHETIC_ROBUSTNESS
496,jumps compress jumps dog quick c,46.60382103130581,SYNTHETIC_ROBUSTNESS
497,brown brown stream stream the fo,46.93051545817365,SYNTHETIC_ROBUSTNESS
498,data brown quick quick compress ,47.15745867983466,SYNTHETIC_ROBUSTNESS
499,brown stream the quick brown dat,47.30807406290022,SYNTHETIC_ROBUSTNESS
500,fox over dog compress dog theaaa,47.31625456102768,SYNTHETIC_ROBUSTNESS
501,dog lazy quick compress compress,47.35992495559394,SYNTHETIC_ROBUSTNESS
502,lazy stream lazy dog jumps foxaa,47.395335258880564,SYNTHETIC_ROBUSTNESS
503,over brown data lazy brown jumps,47.41014180261447,SYNTHETIC_ROBUSTNESS
504,compress lazy the dog data quick,48.19738538842725,SYNTHETIC_ROBUSTNESS
505,dog quick dog over over dogaaaaa,48.21330813365739,SYNTHETIC_ROBUSTNESS
506,stream over data lazy compress s,48.25118960617894,SYNTHETIC_ROBUSTNESS
507,stream brown stream dog fox over,48.46333390646845,SYNTHETIC_ROBUSTNESS
508,lazy dog jumps over dog dataaaaa,48.47892742567387,SYNTHETIC_ROBUSTNESS
509,compress data data quick compres,48.54232623065852,SYNTHETIC_ROBUSTNESS
510,over lazy the data brown dataaaa,48.91401351736202,SYNTHETIC_ROBUSTNESS
511,stream the brown jumps dog jumps,48.94242084097167,SYNTHETIC_ROBUSTNESS
512,the fox over stream fox lazyaaaa,49.06384275858426,SYNTHETIC_ROBUSTNESS
513,brown lazy the stream compress c,49.072185229177094,SYNTHETIC_ROBUSTNESS
514,compress brown quick dog quick t,49.1640325256104,SYNTHETIC_ROBUSTNESS
515,stream stream over lazy jumps qu,49.20544016346518,SYNTHETIC_ROBUSTNESS
516,stream brown quick compress quic,49.32569239315633,SYNTHETIC_ROBUSTNESS
517,compress fox brown over brown ov,49.38241259316908,SYNTHETIC_ROBUSTNESS
518,quick data the brown dog brownaa,49.41793713929051,SYNTHETIC_ROBUSTNESS
519,brown brown data lazy lazy dogaa,49.49690468425742,SYNTHETIC_ROBUSTNESS
520,compress data quick quick fox da,49.51195057438173,SYNTHETIC_ROBUSTNESS
521,over the compress over dog jumps,49.680383947293436,SYNTHETIC_ROBUSTNESS
522,compress brown jumps compress la,49.81929754355086,SYNTHETIC_ROBUSTNESS
523,dog stream dog the lazy jumpsaaa,49.898036334540066,SYNTHETIC_ROBUSTNESS
524,compress dog brown stream dog qu,49.943772451051714,SYNTHETIC_ROBUSTNESS
525,jumps jumps over lazy over dataa,50.19054927929914,SYNTHETIC_ROBUSTNESS
526,compress fox brown over brown ov,50.29118679825638,SYNTHETIC_ROBUSTNESS
527,quick over the data quick browna,50.324706122282585,SYNTHETIC_ROBUSTNESS
528,compress fox brown over brown ov,50.48906176519669,SYNTHETIC_ROBUSTNESS
529,the over the data dog dataaaaaaa,50.58985295561731,SYNTHETIC_ROBUSTNESS
530,stream brown stream fox dog quic,50.603436373136375,SYNTHETIC_ROBUSTNESS
531,stream data lazy dog the compres,50.61556653501648,SYNTHETIC_ROBUSTNESS
532,jumps lazy jumps lazy the browna,50.89379815421407,SYNTHETIC_ROBUSTNESS
533,brown lazy data brown lazy theaa,50.92775352953345,SYNTHETIC_ROBUSTNESS
534,compress fox brown over brown ov,51.036664071578556,SYNTHETIC_ROBUSTNESS
535,fox data brown over quick overaa,51.04037548772677,SYNTHETIC_ROBUSTNESS
536,fox data data over compress over,51.12168167216021,SYNTHETIC_ROBUSTNESS
537,dog over data jumps stream strea,51.147964832437474,SYNTHETIC_ROBUSTNESS
538,over brown stream over quick fox,51.16300367379926,SYNTHETIC_ROBUSTNESS
539,the fox over stream fox lazyaaaa,51.31150608718566,SYNTHETIC_ROBUSTNESS
540,compress stream brown over strea,51.47733879022886,SYNTHETIC_ROBUSTNESS
541,fox over dog compress dog theaaa,51.602939895864765,SYNTHETIC_ROBUSTNESS
542,data data stream lazy compress d,51.604064884715314,SYNTHETIC_ROBUSTNESS
543,the dog over fox lazy lazyaaaaaa,51.637599462037315,SYNTHETIC_ROBUSTNESS
544,jumps over the lazy lazy overaaa,51.68237848309095,SYNTHETIC_ROBUSTNESS
545,compress lazy the dog data quick,51.79977142379747,SYNTHETIC_ROBUSTNESS
546,quick data the brown dog brownaa,51.940643288116505,SYNTHETIC_ROBUSTNESS
547,the compress over stream jumps o,52.03949043873535,SYNTHETIC_ROBUSTNESS
548,data compress over fox the lazya,52.19512203159778,SYNTHETIC_ROBUSTNESS
549,quick stream compress fox dog da,52.250861336221895,SYNTHETIC_ROBUSTNESS
550,dog jumps data fox jumps overaaa,52.32891610642102,SYNTHETIC_ROBUSTNESS
551,quick brown brown fox stream jum,52.33555681835061,SYNTHETIC_ROBUSTNESS
552,compress fox brown over brown ov,52.39127226843497,SYNTHETIC_ROBUSTNESS
553,compress lazy the dog data quick,52.447947180271676,SYNTHETIC_ROBUSTNESS
554,data brown compress dog the lazy,52.54249856753114,SYNTHETIC_ROBUSTNESS
555,lazy dog data stream fox dogaaaa,52.589963423987115,SYNTHETIC_ROBUSTNESS
556,data over jumps jumps stream com,52.61720402373675,SYNTHETIC_ROBUSTNESS
557,quick lazy dog compress over laz,52.64433192968397,SYNTHETIC_ROBUSTNESS
558,jumps jumps data quick the compr,52.65870429052057,SYNTHETIC_ROBUSTNESS
559,jumps over the lazy lazy overaaa,52.77944303664923,SYNTHETIC_ROBUSTNESS
560,compress jumps quick fox brown f,52.876879623506184,SYNTHETIC_ROBUSTNESS
561,fox over dog compress dog theaaa,52.963451249069486,SYNTHETIC_ROBUSTNESS
562,lazy over quick lazy data jumpsa,53.0391706855551,SYNTHETIC_ROBUSTNESS
563,brown stream over lazy the brown,53.084984120243455,SYNTHETIC_ROBUSTNESS
564,compress fox brown over brown ov,53.2313953835853,SYNTHETIC_ROBUSTNESS
565,over fox lazy data brown brownaa,53.486531014476945,SYNTHETIC_ROBUSTNESS
566,brown data dog data data brownaa,53.54451093352059,SYNTHETIC_ROBUSTNESS
567,the dog over fox lazy lazyaaaaaa,53.5971198533482,SYNTHETIC_ROBUSTNESS
568,over dog the lazy over dataaaaaa,53.614880429563634,SYNTHETIC_ROBUSTNESS
569,jumps over the lazy lazy overaaa,53.72596171250835,SYNTHETIC_ROBUSTNESS
570,compress fox brown over brown ov,53.80762712844511,SYNTHETIC_ROBUSTNESS
571,jumps jumps jumps compress lazy ,54.24989529474022,SYNTHETIC_ROBUSTNESS
572,data jumps brown data quick doga,54.33768001112191,SYNTHETIC_ROBUSTNESS
573,fox compress over data fox strea,54.37173358051849,SYNTHETIC_ROBUSTNESS
574,brown stream quick quick dog str,54.45450221127698,SYNTHETIC_ROBUSTNESS
575,fox dog the the stream brownaaaa,54.872461302502906,SYNTHETIC_ROBUSTNESS
576,the fox over stream fox lazyaaaa,55.0009561566697,SYNTHETIC_ROBUSTNESS
577,the dog over fox lazy lazyaaaaaa,55.01471896923646,SYNTHETIC_ROBUSTNESS
578,fox dog the the stream brownaaaa,55.056750849998636,SYNTHETIC_ROBUSTNESS
579,brown fox stream over stream bro,55.092230657927026,SYNTHETIC_ROBUSTNESS
580,fox over dog compress dog theaaa,55.28659856718958,SYNTHETIC_ROBUSTNESS
581,over data dog jumps brown dogaaa,55.381058032771584,SYNTHETIC_ROBUSTNESS
582,over dog the dog brown streamaaa,55.54718485009553,SYNTHETIC_ROBUSTNESS
583,jumps quick lazy stream dog lazy,55.566573190315616,SYNTHETIC_ROBUSTNESS
584,the dog over fox lazy lazyaaaaaa,55.80520780788885,SYNTHETIC_ROBUSTNESS
585,stream the brown jumps dog jumps,55.811215828334106,SYNTHETIC_ROBUSTNESS
586,fox over brown dog stream dataaa,55.85819014459044,SYNTHETIC_ROBUSTNESS
587,fox over dog compress dog theaaa,55.85961515422437,SYNTHETIC_ROBUSTNESS
588,brown brown lazy stream the lazy,55.87998350422222,SYNTHETIC_ROBUSTNESS
589,jumps lazy jumps the over overaa,56.20759657342197,SYNTHETIC_ROBUSTNESS
590,the dog fox fox lazy jumpsaaaaaa,56.21577131697895,SYNTHETIC_ROBUSTNESS
591,dog fox lazy brown lazy overaaaa,56.23148426220243,SYNTHETIC_ROBUSTNESS
592,brown lazy compress brown compre,56.49030988274133,SYNTHETIC_ROBUSTNESS
593,quick over the dog fox compressa,56.61415753092754,SYNTHETIC_ROBUSTNESS
594,compress fox brown over brown ov,56.66640761719069,SYNTHETIC_ROBUSTNESS
595,compress quick the the data brow,56.67353206664545,SYNTHETIC_ROBUSTNESS
596,the brown data dog fox dataaaaaa,56.827261913874835,SYNTHETIC_ROBUSTNESS
597,brown compress stream quick fox ,56.89513243197838,SYNTHETIC_ROBUSTNESS
598,brown lazy the fox the streamaaa,56.93414332394934,SYNTHETIC_ROBUSTNESS
599,compress fox brown over brown ov,56.97888935698893,SYNTHETIC_ROBUSTNESS
600,data quick lazy fox data brownaa,57.04926519263209,SYNTHETIC_ROBUSTNESS
601,dog fox data quick jumps foxaaaa,57.129390298897,SYNTHETIC_ROBUSTNESS
602,the the brown data the lazyaaaaa,57.2998194425279,SYNTHETIC_ROBUSTNESS
603,stream data data fox brown overa,57.447530545427476,SYNTHETIC_ROBUSTNESS
604,stream fox compress jumps brown ,57.593227420635856,SYNTHETIC_ROBUSTNESS
605,jumps jumps dog dog the overaaaa,57.723901084996086,SYNTHETIC_ROBUSTNESS
606,lazy data stream lazy stream fox,57.86569482742751,SYNTHETIC_ROBUSTNESS
607,compress brown brown compress do,57.97889152733895,SYNTHETIC_ROBUSTNESS
608,quick compress the over over dat,58.18140464742967,SYNTHETIC_ROBUSTNESS
609,brown stream over stream dog bro,58.262925800852855,SYNTHETIC_ROBUSTNESS
610,data lazy quick dog compress laz,58.33649876064242,SYNTHETIC_ROBUSTNESS
611,dog data fox fox brown streamaaa,58.45732896973987,SYNTHETIC_ROBUSTNESS
612,jumps over the lazy lazy overaaa,58.47548187360139,SYNTHETIC_ROBUSTNESS
613,fox over dog compress dog theaaa,58.62551857370874,SYNTHETIC_ROBUSTNESS
614,compress lazy stream brown compr,58.900649595253654,SYNTHETIC_ROBUSTNESS
615,stream jumps data dog the dogaaa,58.935784221175965,SYNTHETIC_ROBUSTNESS
616,stream lazy jumps fox brown comp,59.03021337249551,SYNTHETIC_ROBUSTNESS
617,lazy dog quick quick the brownaa,59.03353002160964,SYNTHETIC_ROBUSTNESS
618,over lazy over stream stream the,59.17869776689733,SYNTHETIC_ROBUSTNESS
619,lazy data data the over brownaaa,59.260720435342286,SYNTHETIC_ROBUSTNESS
620,stream data the brown fox theaaa,59.372700233636564,SYNTHETIC_ROBUSTNESS
621,dog fox over quick lazy quickaaa,59.3881311201969,SYNTHETIC_ROBUSTNESS
622,stream over the brown over dataa,59.55391770723214,SYNTHETIC_ROBUSTNESS
623,data quick quick jumps jumps qui,59.58348057520446,SYNTHETIC_ROBUSTNESS
624,fox stream lazy data the brownaa,59.69893289376047,SYNTHETIC_ROBUSTNESS
625,brown the compress quick fox jum,59.78886194088483,SYNTHETIC_ROBUSTNESS
626,jumps stream data data data over,59.89493333375032,SYNTHETIC_ROBUSTNESS
627,quick stream fox quick lazy data,59.900087643867536,SYNTHETIC_ROBUSTNESS
628,jumps quick quick brown lazy com,60.035509311524855,SYNTHETIC_ROBUSTNESS
629,lazy jumps fox brown brown strea,60.194105734562626,SYNTHETIC_ROBUSTNESS
630,brown stream compress data quick,60.25850636104943,SYNTHETIC_ROBUSTNESS
631,brown dog lazy lazy data theaaaa,60.31107677799724,SYNTHETIC_ROBUSTNESS
632,data the fox compress data theaa,60.35301462880199,SYNTHETIC_ROBUSTNESS
633,over compress compress the jumps,60.615959660387865,SYNTHETIC_ROBUSTNESS
634,compress lazy the dog data quick,60.756637230027835,SYNTHETIC_ROBUSTNESS
635,brown fox fox jumps dog overaaaa,60.876575142916124,SYNTHETIC_ROBUSTNESS
636,brown brown stream jumps the fox,61.13641398109338,SYNTHETIC_ROBUSTNESS
637,brown over lazy over lazy theaaa,61.179303102606625,SYNTHETIC_ROBUSTNESS
638,lazy fox brown lazy compress str,61.278765657397805,SYNTHETIC_ROBUSTNESS
639,brown brown compress stream comp,61.39461998723714,SYNTHETIC_ROBUSTNESS
640,over jumps quick dog lazy overaa,61.95262287222648,SYNTHETIC_ROBUSTNESS
641,over jumps compress lazy quick b,62.00834231442867,SYNTHETIC_ROBUSTNESS
642,fox over the jumps brown foxaaaa,62.05945505668223,SYNTHETIC_ROBUSTNESS
643,jumps lazy dog jumps stream comp,62.068282229150995,SYNTHETIC_ROBUSTNESS
644,the dog over fox lazy lazyaaaaaa,62.078646482234916,SYNTHETIC_ROBUSTNESS
645,data brown compress dog the lazy,62.15034930190229,SYNTHETIC_ROBUSTNESS
646,dog fox dog over the foxaaaaaaaa,62.1691247659649,SYNTHETIC_ROBUSTNESS
647,compress lazy the dog data quick,62.17669747612393,SYNTHETIC_ROBUSTNESS
648,quick quick compress quick the o,62.511632964285916,SYNTHETIC_ROBUSTNESS
649,compress lazy the dog data quick,62.81408194366782,SYNTHETIC_ROBUSTNESS
650,stream brown fox the data theaaa,62.85342721360556,SYNTHETIC_ROBUSTNESS
651,compress fox brown over brown ov,63.00942982058562,SYNTHETIC_ROBUSTNESS
652,the brown fox over compress thea,63.21543219285371,SYNTHETIC_ROBUSTNESS
653,compress the lazy brown data laz,63.27793378018468,SYNTHETIC_ROBUSTNESS
654,data lazy quick over stream brow,63.30325503091753,SYNTHETIC_ROBUSTNESS
655,jumps fox brown over fox streama,63.31715880652441,SYNTHETIC_ROBUSTNESS
656,lazy jumps dog fox quick overaaa,63.332336765831656,SYNTHETIC_ROBUSTNESS
657,quick stream quick brown brown f,63.49175877254502,SYNTHETIC_ROBUSTNESS
658,the fox over stream fox lazyaaaa,63.54027712932236,SYNTHETIC_ROBUSTNESS
659,quick data the brown dog brownaa,63.658533377782796,SYNTHETIC_ROBUSTNESS
660,dog dog stream fox compress doga,63.73590262334955,SYNTHETIC_ROBUSTNESS
661,data lazy compress fox jumps dog,63.786100507308454,SYNTHETIC_ROBUSTNESS
662,fox compress over compress data ,63.79931839398524,SYNTHETIC_ROBUSTNESS
663,the fox over stream fox lazyaaaa,63.839882254445364,SYNTHETIC_ROBUSTNESS
664,quick stream data fox quick foxa,64.0232491604757,SYNTHETIC_ROBUSTNESS
665,the fox fox dog fox jumpsaaaaaaa,64.19006075748857,SYNTHETIC_ROBUSTNESS
666,over quick over the the brownaaa,64.19293863311668,SYNTHETIC_ROBUSTNESS
667,brown the dog fox lazy quickaaaa,64.20805308521251,SYNTHETIC_ROBUSTNESS
668,compress fox brown over brown ov,64.34907131382896,SYNTHETIC_ROBUSTNESS
669,the fox over stream fox lazyaaaa,64.38997840841735,SYNTHETIC_ROBUSTNESS
670,compress stream lazy over dog da,64.49314606032225,SYNTHETIC_ROBUSTNESS
671,data brown compress dog the lazy,64.5758540946235,SYNTHETIC_ROBUSTNESS
672,data compress compress the lazy ,64.68142871991964,SYNTHETIC_ROBUSTNESS
673,stream the brown jumps dog jumps,64.68694791898695,SYNTHETIC_ROBUSTNESS
674,quick data dog jumps compress ov,64.95448570746846,SYNTHETIC_ROBUSTNESS
675,brown stream lazy lazy the compr,64.95660496082036,SYNTHETIC_ROBUSTNESS
676,jumps fox compress fox brown ove,64.95741145384865,SYNTHETIC_ROBUSTNESS
677,the the brown fox fox theaaaaaaa,64.98304956409247,SYNTHETIC_ROBUSTNESS
678,jumps brown brown the the compre,65.48658211600893,SYNTHETIC_ROBUSTNESS
679,fox quick fox compress dog overa,65.49411186151208,SYNTHETIC_ROBUSTNESS
680,dog quick fox compress fox brown,65.70165695220716,SYNTHETIC_ROBUSTNESS
681,stream compress brown brown lazy,65.71898390568482,SYNTHETIC_ROBUSTNESS
682,the fox over stream fox lazyaaaa,65.73053658445863,SYNTHETIC_ROBUSTNESS
683,the fox over stream fox lazyaaaa,65.88148244835959,SYNTHETIC_ROBUSTNESS
684,quick data the brown dog brownaa,66.06900441380262,SYNTHETIC_ROBUSTNESS
685,data quick the compress over dat,66.22611409955314,SYNTHETIC_ROBUSTNESS
686,jumps quick the lazy lazy lazyaa,66.25369325468375,SYNTHETIC_ROBUSTNESS
687,stream brown fox over quick comp,66.46558863250424,SYNTHETIC_ROBUSTNESS
688,over jumps lazy lazy brown overa,66.47304864221668,SYNTHETIC_ROBUSTNESS
689,the lazy the brown the brownaaaa,66.51490025200135,SYNTHETIC_ROBUSTNESS
690,data lazy over over over jumpsaa,66.5771100778899,SYNTHETIC_ROBUSTNESS
691,compress lazy the dog data quick,66.58412392401881,SYNTHETIC_ROBUSTNESS
692,data brown quick compress compre,66.67083667311817,SYNTHETIC_ROBUSTNESS
693,compress brown over over compres,66.75279460315217,SYNTHETIC_ROBUSTNESS
694,brown dog quick jumps brown data,67.23793460823148,SYNTHETIC_ROBUSTNESS
695,compress lazy the dog data quick,67.33513186789853,SYNTHETIC_ROBUSTNESS
696,compress brown data lazy stream ,67.38580621076241,SYNTHETIC_ROBUSTNESS
697,compress the brown fox compress ,67.54195904698709,SYNTHETIC_ROBUSTNESS
698,stream compress compress the qui,67.5827509091644,SYNTHETIC_ROBUSTNESS
699,fox compress compress quick data,67.65886538984815,SYNTHETIC_ROBUSTNESS
700,lazy stream fox brown quick foxa,67.66457213118902,SYNTHETIC_ROBUSTNESS
701,compress data stream stream quic,67.70353117536176,SYNTHETIC_ROBUSTNESS
702,compress fox brown over brown ov,67.77863169180209,SYNTHETIC_ROBUSTNESS
703,jumps over the lazy lazy overaaa,67.89980258818291,SYNTHETIC_ROBUSTNESS
704,compress fox brown over brown ov,67.91023122971731,SYNTHETIC_ROBUSTNESS
705,dog jumps the the jumps theaaaaa,68.06977818684328,SYNTHETIC_ROBUSTNESS
706,data jumps fox the compress thea,68.30019580931184,SYNTHETIC_ROBUSTNESS
707,the fox over stream fox lazyaaaa,68.3331903706343,SYNTHETIC_ROBUSTNESS
708,fox dog the the stream brownaaaa,68.47815493716345,SYNTHETIC_ROBUSTNESS
709,lazy the compress fox fox quicka,68.49804253899123,SYNTHETIC_ROBUSTNESS
710,dog the the quick data overaaaaa,68.57215364068335,SYNTHETIC_ROBUSTNESS
711,jumps over the lazy lazy overaaa,68.73192204922861,SYNTHETIC_ROBUSTNESS
712,over data the quick quick compre,68.78077819547698,SYNTHETIC_ROBUSTNESS
713,the fox over stream fox lazyaaaa,68.78344342446138,SYNTHETIC_ROBUSTNESS
714,the data compress stream data fo,68.86108921131803,SYNTHETIC_ROBUSTNESS
715,dog compress brown fox stream co,69.04732878435969,SYNTHETIC_ROBUSTNESS
716,compress the the lazy fox foxaaa,69.05879440722921,SYNTHETIC_ROBUSTNESS
717,data brown compress dog the lazy,69.0618033659582,SYNTHETIC_ROBUSTNESS
718,over fox data over jumps lazyaaa,69.22737290201394,SYNTHETIC_ROBUSTNESS
719,stream dog over lazy data compre,69.25845194849056,SYNTHETIC_ROBUSTNESS
720,the data compress jumps jumps ov,69.30376167644543,SYNTHETIC_ROBUSTNESS
721,stream jumps quick jumps compres,69.31286164805648,SYNTHETIC_ROBUSTNESS
722,the dog over fox lazy lazyaaaaaa,69.32302273509644,SYNTHETIC_ROBUSTNESS
723,lazy stream the jumps lazy overa,69.41835539125705,SYNTHETIC_ROBUSTNESS
724,fox compress brown fox the foxaa,69.49870287007155,SYNTHETIC_ROBUSTNESS
725,compress quick compress jumps ov,69.53329075278933,SYNTHETIC_ROBUSTNESS
726,the over the stream the brownaaa,69.5935734332101,SYNTHETIC_ROBUSTNESS
727,brown dog brown quick data jumps,69.64270805251445,SYNTHETIC_ROBUSTNESS
728,data data dog brown fox dataaaaa,69.76146975390347,SYNTHETIC_ROBUSTNESS
729,compress fox brown over brown ov,69.95958444483757,SYNTHETIC_ROBUSTNESS
730,dog the fox fox compress overaaa,70.1044450135644,SYNTHETIC_ROBUSTNESS
731,data quick brown lazy data brown,70.10488675276378,SYNTHETIC_ROBUSTNESS
732,stream the dog lazy stream lazya,70.11537320120297,SYNTHETIC_ROBUSTNESS
733,dog fox data brown over compress,70.17147581591477,SYNTHETIC_ROBUSTNESS
734,quick data the brown dog brownaa,70.36239430051971,SYNTHETIC_ROBUSTNESS
735,jumps the compress the stream do,70.3894406423944,SYNTHETIC_ROBUSTNESS
736,stream dog lazy jumps data theaa,70.60059752567705,SYNTHETIC_ROBUSTNESS
737,quick data the brown dog brownaa,70.61225244198197,SYNTHETIC_ROBUSTNESS
738,compress dog jumps fox over stre,70.61979024084013,SYNTHETIC_ROBUSTNESS
739,jumps the over fox stream browna,70.8644585347404,SYNTHETIC_ROBUSTNESS
740,dog fox over fox jumps dogaaaaaa,70.88212949916729,SYNTHETIC_ROBUSTNESS
741,brown brown brown brown stream s,70.9444497506226,SYNTHETIC_ROBUSTNESS
742,the dog over fox lazy lazyaaaaaa,70.98389589436508,SYNTHETIC_ROBUSTNESS
743,quick over quick stream over bro,70.99987010669457,SYNTHETIC_ROBUSTNESS
744,compress data data compress fox ,71.0998675124358,SYNTHETIC_ROBUSTNESS
745,dog jumps dog stream quick dataa,71.43138612676188,SYNTHETIC_ROBUSTNESS
746,data brown compress dog the lazy,71.53871258807972,SYNTHETIC_ROBUSTNESS
747,the fox over stream fox lazyaaaa,71.58236153294146,SYNTHETIC_ROBUSTNESS
748,data lazy quick lazy lazy lazyaa,71.70677053621179,SYNTHETIC_ROBUSTNESS
749,brown stream fox data compress f,71.7222312327409,SYNTHETIC_ROBUSTNESS
750,fox brown the the stream theaaaa,71.8089851730852,SYNTHETIC_ROBUSTNESS
751,quick over stream lazy stream qu,71.87237068403812,SYNTHETIC_ROBUSTNESS
752,the fox over stream fox lazyaaaa,71.91699682736885,SYNTHETIC_ROBUSTNESS
753,jumps dog over the dog dogaaaaaa,72.05153790835118,SYNTHETIC_ROBUSTNESS
754,stream lazy dog fox jumps jumpsa,72.06414947781445,SYNTHETIC_ROBUSTNESS
755,lazy brown quick quick compress ,72.14024722394403,SYNTHETIC_ROBUSTNESS
756,brown compress stream compress q,72.33293460212442,SYNTHETIC_ROBUSTNESS
757,dog over over the over theaaaaaa,72.35546295553088,SYNTHETIC_ROBUSTNESS
758,the over the data brown dataaaaa,72.38618903691452,SYNTHETIC_ROBUSTNESS
759,compress stream the lazy stream ,72.49426778461992,SYNTHETIC_ROBUSTNESS
760,over brown data jumps lazy dataa,72.64236651945662,SYNTHETIC_ROBUSTNESS
761,the dog over fox lazy lazyaaaaaa,72.67568128058184,SYNTHETIC_ROBUSTNESS
762,fox fox jumps the the dogaaaaaaa,72.72029405594823,SYNTHETIC_ROBUSTNESS
763,lazy over the jumps data brownaa,72.85496776598161,SYNTHETIC_ROBUSTNESS
764,quick data the brown dog brownaa,72.88856031771074,SYNTHETIC_ROBUSTNESS
765,data fox the quick data brownaaa,72.99829587698682,SYNTHETIC_ROBUSTNESS
766,compress the stream stream quick,73.01559259168663,SYNTHETIC_ROBUSTNESS
767,quick stream quick the compress ,73.06857822470663,SYNTHETIC_ROBUSTNESS
768,fox jumps the stream the brownaa,73.18527072412685,SYNTHETIC_ROBUSTNESS
769,data jumps compress lazy dog str,73.24687166483511,SYNTHETIC_ROBUSTNESS
770,the fox over stream fox lazyaaaa,73.24881414423609,SYNTHETIC_ROBUSTNESS
771,quick quick over over compress c,73.30096579389061,SYNTHETIC_ROBUSTNESS
772,stream compress quick stream laz,73.3349806331562,SYNTHETIC_ROBUSTNESS
773,stream the brown jumps dog jumps,73.34565925105834,SYNTHETIC_ROBUSTNESS
774,data jumps lazy the compress str,73.34657725299678,SYNTHETIC_ROBUSTNESS
775,fox over stream brown data foxaa,73.3512356301657,SYNTHETIC_ROBUSTNESS
776,quick data the brown dog brownaa,73.64931538108314,SYNTHETIC_ROBUSTNESS
777,jumps compress lazy dog lazy ove,73.78787252640252,SYNTHETIC_ROBUSTNESS
778,the the over stream data jumpsaa,74.0687840435085,SYNTHETIC_ROBUSTNESS
779,lazy data fox fox brown quickaaa,74.08097639142575,SYNTHETIC_ROBUSTNESS
780,the dog over fox lazy lazyaaaaaa,74.16549200751174,SYNTHETIC_ROBUSTNESS
781,lazy fox quick over lazy streama,74.17418826151703,SYNTHETIC_ROBUSTNESS
782,quick data brown quick lazy comp,74.17690548504663,SYNTHETIC_ROBUSTNESS
783,data compress the lazy quick ove,74.23969409168474,SYNTHETIC_ROBUSTNESS
784,data brown compress dog the lazy,74.3436370226502,SYNTHETIC_ROBUSTNESS
785,lazy brown over the fox overaaaa,74.35020425751655,SYNTHETIC_ROBUSTNESS
786,dog brown compress dog stream da,74.3956266901767,SYNTHETIC_ROBUSTNESS
787,the fox over stream fox lazyaaaa,74.40507611162936,SYNTHETIC_ROBUSTNESS
788,the dog over fox lazy lazyaaaaaa,74.45003405732464,SYNTHETIC_ROBUSTNESS
789,dog stream quick fox brown strea,74.5138612708316,SYNTHETIC_ROBUSTNESS
790,data the brown dog lazy dogaaaaa,74.55503948046342,SYNTHETIC_ROBUSTNESS
791,stream compress jumps over compr,74.6409004122389,SYNTHETIC_ROBUSTNESS
792,fox compress stream over stream ,74.7287493552863,SYNTHETIC_ROBUSTNESS
793,jumps data quick jumps the quick,74.76923618382754,SYNTHETIC_ROBUSTNESS
794,data fox jumps over brown quicka,74.81860000423984,SYNTHETIC_ROBUSTNESS
795,over quick over brown data theaa,74.8767723239574,SYNTHETIC_ROBUSTNESS
796,quick fox stream jumps fox foxaa,74.92387727060387,SYNTHETIC_ROBUSTNESS
797,data over lazy the stream theaaa,75.0668591295082,SYNTHETIC_ROBUSTNESS
798,fox over dog compress dog theaaa,75.08193531448372,SYNTHETIC_ROBUSTNESS
799,jumps over the lazy lazy overaaa,75.27645115863247,SYNTHETIC_ROBUSTNESS
800,compress compress data jumps qui,75.31668580884713,SYNTHETIC_ROBUSTNESS
801,jumps brown compress the fox dat,75.44540706793292,SYNTHETIC_ROBUSTNESS
802,fox dog the the stream brownaaaa,75.66063048317056,SYNTHETIC_ROBUSTNESS
803,data the brown quick data browna,75.87906865478098,SYNTHETIC_ROBUSTNESS
804,fox the data dog lazy theaaaaaaa,75.93928329480025,SYNTHETIC_ROBUSTNESS
805,quick data over compress fox dat,75.96893582170479,SYNTHETIC_ROBUSTNESS
806,data brown compress dog the lazy,76.06201547226792,SYNTHETIC_ROBUSTNESS
807,fox over dog compress dog theaaa,76.08234503175665,SYNTHETIC_ROBUSTNESS
808,quick fox jumps compress dog laz,76.23869443610417,SYNTHETIC_ROBUSTNESS
809,quick lazy the lazy dog foxaaaaa,76.36294670872716,SYNTHETIC_ROBUSTNESS
810,compress fox over fox data theaa,76.5217341787385,SYNTHETIC_ROBUSTNESS
811,brown lazy brown jumps fox theaa,76.57851920252635,SYNTHETIC_ROBUSTNESS
812,the dog over fox lazy lazyaaaaaa,76.66003448187948,SYNTHETIC_ROBUSTNESS
813,fox dog the the stream brownaaaa,76.67087395290777,SYNTHETIC_ROBUSTNESS
814,fox compress over quick data str,76.78723564238028,SYNTHETIC_ROBUSTNESS
815,compress compress brown quick br,76.8539521444198,SYNTHETIC_ROBUSTNESS
816,brown jumps data brown stream ju,76.92513180533614,SYNTHETIC_ROBUSTNESS
817,the compress over fox stream the,77.11285840965267,SYNTHETIC_ROBUSTNESS
818,compress brown fox jumps stream ,77.26084031146368,SYNTHETIC_ROBUSTNESS
819,brown compress brown quick jumps,77.33745351407642,SYNTHETIC_ROBUSTNESS
820,dog over dog data dog streamaaaa,77.3813204964277,SYNTHETIC_ROBUSTNESS
821,dog dog the stream data jumpsaaa,77.44045818620836,SYNTHETIC_ROBUSTNESS
822,dog compress fox jumps data doga,77.48365403476875,SYNTHETIC_ROBUSTNESS
823,quick the the jumps the theaaaaa,77.50009497886147,SYNTHETIC_ROBUSTNESS
824,quick the over compress the foxa,77.60387755151227,SYNTHETIC_ROBUSTNESS
825,dog over over jumps data overaaa,77.72148575826736,SYNTHETIC_ROBUSTNESS
826,compress fox brown over brown ov,78.076258595669,SYNTHETIC_ROBUSTNESS
827,data brown compress dog the lazy,78.1370848893296,SYNTHETIC_ROBUSTNESS
828,quick data dog the quick jumpsaa,78.72825462509651,SYNTHETIC_ROBUSTNESS
829,quick brown quick jumps dog brow,78.7489691689137,SYNTHETIC_ROBUSTNESS
830,jumps compress stream compress l,78.85586408110503,SYNTHETIC_ROBUSTNESS
831,compress fox brown over brown ov,79.38117253749597,SYNTHETIC_ROBUSTNESS
832,quick data lazy over compress fo,79.48342797229151,SYNTHETIC_ROBUSTNESS
833,compress lazy the dog data quick,79.54364349352454,SYNTHETIC_ROBUSTNESS
834,the stream the quick over overaa,79.61605616668173,SYNTHETIC_ROBUSTNESS
835,the data compress quick dog brow,79.80281949458058,SYNTHETIC_ROBUSTNESS
836,compress fox brown over brown ov,80.08268894095353,SYNTHETIC_ROBUSTNESS
837,fox dog the the stream brownaaaa,80.14318911634878,SYNTHETIC_ROBUSTNESS
838,lazy fox over dog data quickaaaa,80.29119250632439,SYNTHETIC_ROBUSTNESS
839,lazy quick stream brown data dog,80.56253157974707,SYNTHETIC_ROBUSTNESS
840,stream the brown jumps dog jumps,80.59567694542304,SYNTHETIC_ROBUSTNESS
841,dog fox stream lazy the quickaaa,80.66363305337104,SYNTHETIC_ROBUSTNESS
842,fox dog the the stream brownaaaa,81.20218531039234,SYNTHETIC_ROBUSTNESS
843,quick stream data the over theaa,81.24580020301173,SYNTHETIC_ROBUSTNESS
844,the stream stream the dog foxaaa,81.34247652246106,SYNTHETIC_ROBUSTNESS
845,compress fox compress the compre,81.44948820599511,SYNTHETIC_ROBUSTNESS
846,data brown compress dog the lazy,81.46622934402842,SYNTHETIC_ROBUSTNESS
847,quick compress data jumps the th,81.63053761729273,SYNTHETIC_ROBUSTNESS
848,jumps brown stream the brown laz,81.68379373265815,SYNTHETIC_ROBUSTNESS
849,over compress fox fox the browna,81.75317315435609,SYNTHETIC_ROBUSTNESS
850,data the quick fox brown brownaa,81.85613098780559,SYNTHETIC_ROBUSTNESS
851,compress over data over jumps qu,81.90897644736506,SYNTHETIC_ROBUSTNESS
852,over dog stream data dog dataaaa,81.94829292405528,SYNTHETIC_ROBUSTNESS
853,brown dog stream dog quick quick,82.02735365123418,SYNTHETIC_ROBUSTNESS
854,fox fox stream dog brown dataaaa,82.06993853658618,SYNTHETIC_ROBUSTNESS
855,dog fox jumps quick data brownaa,82.1268775787013,SYNTHETIC_ROBUSTNESS
856,the lazy fox over over overaaaaa,82.13835218862923,SYNTHETIC_ROBUSTNESS
857,compress jumps the quick stream ,82.32461957521448,SYNTHETIC_ROBUSTNESS
858,fox compress stream data lazy co,82.37767262909405,SYNTHETIC_ROBUSTNESS
859,over compress dog over dog overa,82.38631385829136,SYNTHETIC_ROBUSTNESS
860,stream lazy quick compress compr,82.54238994368067,SYNTHETIC_ROBUSTNESS
861,data compress lazy brown the fox,82.54437198818216,SYNTHETIC_ROBUSTNESS
862,jumps the dog brown brown browna,82.63583774494377,SYNTHETIC_ROBUSTNESS
863,jumps the data quick brown foxaa,82.75712691078624,SYNTHETIC_ROBUSTNESS
864,the the stream data stream foxaa,82.7783485587086,SYNTHETIC_ROBUSTNESS
865,jumps stream brown over quick ov,82.79241963230132,SYNTHETIC_ROBUSTNESS
866,fox over dog compress dog theaaa,82.80451026369774,SYNTHETIC_ROBUSTNESS
867,compress data brown data data qu,83.30552365827918,SYNTHETIC_ROBUSTNESS
868,compress dog lazy brown stream j,83.4462088101347,SYNTHETIC_ROBUSTNESS
869,brown the dog lazy compress over,83.48370877363736,SYNTHETIC_ROBUSTNESS
870,quick jumps fox brown dog quicka,83.52458949363748,SYNTHETIC_ROBUSTNESS
871,dog the lazy over brown brownaaa,83.62917954878363,SYNTHETIC_ROBUSTNESS
872,jumps brown quick stream fox jum,83.69036797059367,SYNTHETIC_ROBUSTNESS
873,compress fox brown over brown ov,83.72202279517316,SYNTHETIC_ROBUSTNESS
874,over dog quick over lazy lazyaaa,83.7279019399317,SYNTHETIC_ROBUSTNESS
875,the fox over stream fox lazyaaaa,83.88108189305632,SYNTHETIC_ROBUSTNESS
876,the fox over stream fox lazyaaaa,84.10020940316987,SYNTHETIC_ROBUSTNESS
877,stream data fox stream brown jum,84.12327145737717,SYNTHETIC_ROBUSTNESS
878,dog data lazy compress lazy data,84.12982190164256,SYNTHETIC_ROBUSTNESS
879,the fox over stream fox lazyaaaa,84.14244916811445,SYNTHETIC_ROBUSTNESS
880,quick brown compress stream data,84.1959369779982,SYNTHETIC_ROBUSTNESS
881,quick data the brown dog brownaa,84.23151140817104,SYNTHETIC_ROBUSTNESS
882,compress brown lazy brown stream,84.2391409785428,SYNTHETIC_ROBUSTNESS
883,over jumps brown stream data the,84.29981384618962,SYNTHETIC_ROBUSTNESS
884,stream quick compress compress q,84.32261926794237,SYNTHETIC_ROBUSTNESS
885,fox over over brown over compres,84.32954876458427,SYNTHETIC_ROBUSTNESS
886,brown the over over over brownaa,84.43682220892242,SYNTHETIC_ROBUSTNESS
887,stream the brown jumps dog jumps,84.52180377990065,SYNTHETIC_ROBUSTNESS
888,quick dog jumps fox compress jum,84.69690271664282,SYNTHETIC_ROBUSTNESS
889,jumps over the lazy lazy overaaa,84.73289667187143,SYNTHETIC_ROBUSTNESS
890,data jumps over the lazy jumpsaa,84.74749440154426,SYNTHETIC_ROBUSTNESS
891,fox compress quick quick the fox,84.79214823292085,SYNTHETIC_ROBUSTNESS
892,quick data the brown dog brownaa,84.94297502258908,SYNTHETIC_ROBUSTNESS
893,lazy jumps dog the brown quickaa,84.97064783196939,SYNTHETIC_ROBUSTNESS
894,fox lazy jumps quick brown overa,85.0000850521139,SYNTHETIC_ROBUSTNESS
895,jumps data compress fox brown ju,85.01605319319941,SYNTHETIC_ROBUSTNESS
896,quick over the compress over str,85.44666619323083,SYNTHETIC_ROBUSTNESS
897,over stream brown stream fox the,85.78873426447026,SYNTHETIC_ROBUSTNESS
898,over data fox over fox compressa,85.89604396496347,SYNTHETIC_ROBUSTNESS
899,the compress brown jumps fox qui,85.92022794979191,SYNTHETIC_ROBUSTNESS
900,quick data the brown dog brownaa,86.0657094003118,SYNTHETIC_ROBUSTNESS
901,jumps data data compress quick j,86.15340040096409,SYNTHETIC_ROBUSTNESS
902,brown stream compress compress d,86.29185644291694,SYNTHETIC_ROBUSTNESS
903,jumps quick brown compress dog s,86.48876127357704,SYNTHETIC_ROBUSTNESS
904,quick dog quick over compress ov,86.52710341521049,SYNTHETIC_ROBUSTNESS
905,fox the data quick fox overaaaaa,86.77209452744923,SYNTHETIC_ROBUSTNESS
906,fox lazy compress stream jumps t,87.00092165973342,SYNTHETIC_ROBUSTNESS
907,stream the brown jumps dog jumps,87.08013678743515,SYNTHETIC_ROBUSTNESS
908,jumps dog stream stream the data,87.19551912900637,SYNTHETIC_ROBUSTNESS
909,lazy the the jumps compress lazy,87.24845813190441,SYNTHETIC_ROBUSTNESS
910,dog brown stream over stream qui,87.35490900236803,SYNTHETIC_ROBUSTNESS
911,the data quick fox jumps theaaaa,87.4345285888508,SYNTHETIC_ROBUSTNESS
912,stream dog fox stream the theaaa,87.47351038891274,SYNTHETIC_ROBUSTNESS
913,stream jumps dog brown stream co,87.51249494627353,SYNTHETIC_ROBUSTNESS
914,over data fox over data overaaaa,87.61795431646874,SYNTHETIC_ROBUSTNESS
915,lazy data dog dog compress compr,87.93174850737566,SYNTHETIC_ROBUSTNESS
916,data lazy dog fox stream quickaa,87.95425658509487,SYNTHETIC_ROBUSTNESS
917,compress fox brown over brown ov,88.00410292905208,SYNTHETIC_ROBUSTNESS
918,fox quick brown compress over do,88.16794285189262,SYNTHETIC_ROBUSTNESS
919,quick data the brown dog brownaa,88.18106898887308,SYNTHETIC_ROBUSTNESS
920,stream fox jumps lazy quick jump,88.69548778004344,SYNTHETIC_ROBUSTNESS
921,compress lazy the dog data quick,88.80885119844984,SYNTHETIC_ROBUSTNESS
922,jumps fox quick fox brown compre,89.05053914477045,SYNTHETIC_ROBUSTNESS
923,fox dog the the stream brownaaaa,89.23258809607019,SYNTHETIC_ROBUSTNESS
924,quick data the brown dog brownaa,89.38270697435023,SYNTHETIC_ROBUSTNESS
925,fox jumps lazy brown quick strea,89.38605242161219,SYNTHETIC_ROBUSTNESS
926,fox dog compress brown data brow,89.43822357361528,SYNTHETIC_ROBUSTNESS
927,jumps over the lazy lazy overaaa,89.4607709994795,SYNTHETIC_ROBUSTNESS
928,stream the brown jumps dog jumps,89.66582401485576,SYNTHETIC_ROBUSTNESS
929,compress brown stream compress j,89.779856941587,SYNTHETIC_ROBUSTNESS
930,the dog over fox lazy lazyaaaaaa,89.79118202134516,SYNTHETIC_ROBUSTNESS
931,compress quick lazy compress bro,89.83574789979907,SYNTHETIC_ROBUSTNESS
932,the fox over stream fox lazyaaaa,89.8429306063336,SYNTHETIC_ROBUSTNESS
933,compress fox brown over brown ov,89.97763667433401,SYNTHETIC_ROBUSTNESS
934,lazy compress dog brown dog lazy,90.0318198073778,SYNTHETIC_ROBUSTNESS
935,dog fox over over jumps lazyaaaa,90.05852559861832,SYNTHETIC_ROBUSTNESS
936,fox over dog compress dog theaaa,90.13144254221403,SYNTHETIC_ROBUSTNESS
937,compress compress stream stream ,90.13573793071028,SYNTHETIC_ROBUSTNESS
938,fox data jumps stream the quicka,90.16548351385586,SYNTHETIC_ROBUSTNESS
939,over fox compress data lazy stre,90.18475758440114,SYNTHETIC_ROBUSTNESS
940,over compress data jumps the ove,90.45160735651646,SYNTHETIC_ROBUSTNESS
941,quick data dog data brown quicka,90.49894547415427,SYNTHETIC_ROBUSTNESS
942,fox the quick jumps lazy overaaa,90.58676623455331,SYNTHETIC_ROBUSTNESS
943,compress fox brown over brown ov,90.65667108061099,SYNTHETIC_ROBUSTNESS
944,jumps over the lazy lazy overaaa,90.76431845918161,SYNTHETIC_ROBUSTNESS
945,fox dog the the stream brownaaaa,90.79704616769298,SYNTHETIC_ROBUSTNESS
946,quick data the brown dog brownaa,90.80991813266859,SYNTHETIC_ROBUSTNESS
947,jumps data compress compress bro,90.81841420143883,SYNTHETIC_ROBUSTNESS
948,fox dog data over the brownaaaaa,90.83990656473024,SYNTHETIC_ROBUSTNESS
949,quick data the brown dog brownaa,90.90584484213299,SYNTHETIC_ROBUSTNESS
950,compress quick the compress fox ,90.9327671757475,SYNTHETIC_ROBUSTNESS
951,jumps quick over dog data theaaa,90.98968366308898,SYNTHETIC_ROBUSTNESS
952,quick lazy quick quick the strea,90.99265770792545,SYNTHETIC_ROBUSTNESS
953,brown brown jumps lazy data comp,91.09142325048452,SYNTHETIC_ROBUSTNESS
954,quick jumps the compress fox dat,91.30192921980134,SYNTHETIC_ROBUSTNESS
955,lazy data the data the overaaaaa,91.30680517996298,SYNTHETIC_ROBUSTNESS
956,fox stream brown lazy brown jump,91.3314003191532,SYNTHETIC_ROBUSTNESS
957,lazy jumps lazy over quick lazya,91.36963922256955,SYNTHETIC_ROBUSTNESS
958,fox dog the the stream brownaaaa,91.40350035524614,SYNTHETIC_ROBUSTNESS
959,the brown brown lazy brown lazya,91.4076226830074,SYNTHETIC_ROBUSTNESS
960,data compress stream quick brown,91.41889236068037,SYNTHETIC_ROBUSTNESS
961,fox jumps stream stream stream c,91.66246034908485,SYNTHETIC_ROBUSTNESS
962,fox quick compress fox data lazy,91.78671847754184,SYNTHETIC_ROBUSTNESS
963,fox over dog compress dog theaaa,92.10477555043101,SYNTHETIC_ROBUSTNESS
964,data over fox stream data dataaa,92.16283995311767,SYNTHETIC_ROBUSTNESS
965,data quick stream lazy jumps com,92.3740638150172,SYNTHETIC_ROBUSTNESS
966,brown stream dog fox fox theaaaa,92.5436392449744,SYNTHETIC_ROBUSTNESS
967,over stream over stream stream l,92.75153625466494,SYNTHETIC_ROBUSTNESS
968,data fox over quick dog streamaa,92.75553038467713,SYNTHETIC_ROBUSTNESS
969,compress lazy the dog data quick,92.86123395172733,SYNTHETIC_ROBUSTNESS
970,jumps compress jumps brown brown,92.94485004893613,SYNTHETIC_ROBUSTNESS
971,stream data stream over the doga,93.02364326554384,SYNTHETIC_ROBUSTNESS
972,stream brown compress lazy brown,93.09383864332416,SYNTHETIC_ROBUSTNESS
973,brown brown over over compress o,93.25279067453774,SYNTHETIC_ROBUSTNESS
974,fox over dog compress dog theaaa,93.59717066592245,SYNTHETIC_ROBUSTNESS
975,the stream data over compress do,93.77373238309022,SYNTHETIC_ROBUSTNESS
976,stream the over fox dog lazyaaaa,93.97805906284594,SYNTHETIC_ROBUSTNESS
977,the compress fox brown quick the,94.04420506039963,SYNTHETIC_ROBUSTNESS
978,stream the compress fox brown ov,94.16152009073886,SYNTHETIC_ROBUSTNESS
979,stream data stream data brown qu,94.21523094758065,SYNTHETIC_ROBUSTNESS
980,dog the compress brown fox lazya,94.25990437790088,SYNTHETIC_ROBUSTNESS
981,the dog over fox lazy lazyaaaaaa,94.48555222921239,SYNTHETIC_ROBUSTNESS
982,brown over compress over dog dat,94.72116269196461,SYNTHETIC_ROBUSTNESS
983,compress the dog the lazy quicka,94.83580234842778,SYNTHETIC_ROBUSTNESS
984,stream compress quick data jumps,95.0177208763938,SYNTHETIC_ROBUSTNESS
985,jumps compress dog brown brown c,95.0624064363962,SYNTHETIC_ROBUSTNESS
986,data lazy over the stream overaa,95.11928027387607,SYNTHETIC_ROBUSTNESS
987,the fox over stream fox lazyaaaa,95.29132632329849,SYNTHETIC_ROBUSTNESS
988,over jumps quick stream lazy jum,95.34208445921907,SYNTHETIC_ROBUSTNESS
989,compress lazy the dog data quick,95.34616328572893,SYNTHETIC_ROBUSTNESS
990,fox dog the the stream brownaaaa,95.38975030750922,SYNTHETIC_ROBUSTNESS
991,the data compress dog stream com,95.440538354699,SYNTHETIC_ROBUSTNESS
992,quick lazy the quick jumps quick,95.45733717591249,SYNTHETIC_ROBUSTNESS
993,compress quick lazy fox dog lazy,95.49951557258632,SYNTHETIC_ROBUSTNESS
994,quick data the jumps data theaaa,95.7719670959734,SYNTHETIC_ROBUSTNESS
995,jumps data stream compress fox d,95.9675360498838,SYNTHETIC_ROBUSTNESS
996,jumps over the lazy lazy overaaa,96.0265813845987,SYNTHETIC_ROBUSTNESS
997,stream fox brown fox data dogaaa,96.15033074809884,SYNTHETIC_ROBUSTNESS
998,lazy lazy brown lazy the dogaaaa,96.16680052081097,SYNTHETIC_ROBUSTNESS
999,the jumps dog over dog compressa,96.30645554183761,SYNTHETIC_ROBUSTNESS
1000,jumps over the lazy lazy overaaa,96.37104083530268,SYNTHETIC_ROBUSTNESS
1001,over over quick compress the fox,96.49925885381587,SYNTHETIC_ROBUSTNESS
1002,fox dog the the stream brownaaaa,96.60254784112966,SYNTHETIC_ROBUSTNESS
1003,compress fox brown over brown ov,96.62904400363209,SYNTHETIC_ROBUSTNESS
1004,the dog over fox lazy lazyaaaaaa,96.80903823240088,SYNTHETIC_ROBUSTNESS
1005,fox dog the the stream brownaaaa,96.89394271643498,SYNTHETIC_ROBUSTNESS
1006,data brown compress dog the lazy,97.04728184003747,SYNTHETIC_ROBUSTNESS
1007,quick quick compress brown quick,97.05715193022574,SYNTHETIC_ROBUSTNESS
1008,data brown compress dog the lazy,97.15269416334759,SYNTHETIC_ROBUSTNESS
1009,data stream the compress quick q,97.18720890179445,SYNTHETIC_ROBUSTNESS
1010,dog data data the lazy foxaaaaaa,97.38446178956777,SYNTHETIC_ROBUSTNESS
1011,compress lazy the dog data quick,97.68305179864954,SYNTHETIC_ROBUSTNESS
1012,brown stream brown compress comp,97.68879645266028,SYNTHETIC_ROBUSTNESS
1013,compress fox stream data lazy fo,97.81763444527,SYNTHETIC_ROBUSTNESS
1014,data the quick lazy jumps jumpsa,97.82850191389159,SYNTHETIC_ROBUSTNESS
1015,data brown compress dog the lazy,98.02334841134773,SYNTHETIC_ROBUSTNESS
1016,lazy fox brown compress quick fo,98.03664720334518,SYNTHETIC_ROBUSTNESS
1017,stream the brown jumps dog jumps,98.05833935723801,SYNTHETIC_ROBUSTNESS
1018,the stream the dog the lazyaaaaa,98.08732381977369,SYNTHETIC_ROBUSTNESS
1019,jumps fox jumps over jumps theaa,98.21745764765903,SYNTHETIC_ROBUSTNESS
1020,fox jumps fox stream data theaaa,98.25206428283835,SYNTHETIC_ROBUSTNESS
1021,dog dog the over brown brownaaaa,98.34271932995362,SYNTHETIC_ROBUSTNESS
1022,lazy fox fox lazy data quickaaaa,98.4275691436732,SYNTHETIC_ROBUSTNESS
1023,brown lazy dog the jumps foxaaaa,98.47902935485344,SYNTHETIC_ROBUSTNESS
1024,quick data dog stream dog quicka,98.55657133111107,SYNTHETIC_ROBUSTNESS
1025,stream brown jumps the quick laz,98.56914940336577,SYNTHETIC_ROBUSTNESS
1026,jumps brown dog quick fox quicka,98.77803739912109,SYNTHETIC_ROBUSTNESS
1027,compress jumps brown jumps over ,98.80124026985222,SYNTHETIC_ROBUSTNESS
1028,the the stream lazy compress str,99.01345565436776,SYNTHETIC_ROBUSTNESS
1029,brown data dog jumps stream over,99.08658988375646,SYNTHETIC_ROBUSTNESS
1030,data brown compress dog the lazy,99.18176507448015,SYNTHETIC_ROBUSTNESS
1031,quick fox the lazy stream theaaa,99.21151098277821,SYNTHETIC_ROBUSTNESS
1032,compress data stream jumps over ,99.23665621466456,SYNTHETIC_ROBUSTNESS
1033,brown stream quick fox data over,99.30412860192239,SYNTHETIC_ROBUSTNESS
1034,lazy over over brown over lazyaa,99.33523860209438,SYNTHETIC_ROBUSTNESS
1035,quick data compress over compres,99.39025400189827,SYNTHETIC_ROBUSTNESS
1036,jumps compress quick quick brown,99.44827513508953,SYNTHETIC_ROBUSTNESS
1037,dog dog stream quick quick strea,99.47987194950142,SYNTHETIC_ROBUSTNESS
1038,data data compress stream brown ,99.51436493742052,SYNTHETIC_ROBUSTNESS
1039,compress over compress compress ,99.87522182363779,SYNTHETIC_ROBUSTNESS
1040,the dog over fox lazy lazyaaaaaa,99.96376288295141,SYNTHETIC_ROBUSTNESS
1041,jumps quick fox brown jumps jump,100.14206740980275,SYNTHETIC_ROBUSTNESS
1042,compress quick fox the dog quick,100.14674956003236,SYNTHETIC_ROBUSTNESS
1043,stream fox quick compress lazy o,100.14694220728175,SYNTHETIC_ROBUSTNESS
1044,the lazy dog compress lazy foxaa,100.2201522963609,SYNTHETIC_ROBUSTNESS
1045,lazy data stream lazy over overa,100.39548618718575,SYNTHETIC_ROBUSTNESS
1046,the fox over stream fox lazyaaaa,100.48988291839457,SYNTHETIC_ROBUSTNESS
1047,brown lazy fox jumps over dogaaa,100.58633381701704,SYNTHETIC_ROBUSTNESS
1048,the fox over stream fox lazyaaaa,100.60134153114146,SYNTHETIC_ROBUSTNESS
1049,quick fox compress dog stream do,100.9856261133144,SYNTHETIC_ROBUSTNESS
1050,lazy quick over over fox compres,101.06106469530143,SYNTHETIC_ROBUSTNESS
1051,dog data compress fox dog quicka,101.07189025700738,SYNTHETIC_ROBUSTNESS
1052,fox quick compress quick stream ,101.12536747966433,SYNTHETIC_ROBUSTNESS
1053,stream over compress lazy brown ,101.13283672880516,SYNTHETIC_ROBUSTNESS
1054,stream over the over data compre,101.18698931553415,SYNTHETIC_ROBUSTNESS
1055,compress stream fox the the over,101.31131675679879,SYNTHETIC_ROBUSTNESS
1056,dog quick over the quick streama,101.35040290822462,SYNTHETIC_ROBUSTNESS
1057,data jumps jumps dog jumps lazya,101.38795989334768,SYNTHETIC_ROBUSTNESS
1058,stream the brown jumps dog jumps,101.46018438464306,SYNTHETIC_ROBUSTNESS
1059,the data over over quick brownaa,101.5291967496631,SYNTHETIC_ROBUSTNESS
1060,stream quick stream lazy fox ove,101.59214690893754,SYNTHETIC_ROBUSTNESS
1061,over dog compress brown brown st,101.66488855038484,SYNTHETIC_ROBUSTNESS
1062,brown stream the brown compress ,101.66980328397736,SYNTHETIC_ROBUSTNESS
1063,compress fox compress dog the st,101.73409941061693,SYNTHETIC_ROBUSTNESS
1064,compress jumps dog quick brown f,102.21706526172309,SYNTHETIC_ROBUSTNESS
1065,fox fox fox stream brown brownaa,102.36159989956276,SYNTHETIC_ROBUSTNESS
1066,the fox over stream fox lazyaaaa,102.39550714701122,SYNTHETIC_ROBUSTNESS
1067,over lazy data the data dogaaaaa,102.50873872576616,SYNTHETIC_ROBUSTNESS
1068,quick data the brown dog brownaa,102.54877193984885,SYNTHETIC_ROBUSTNESS
1069,stream jumps over dog fox lazyaa,102.57003114661585,SYNTHETIC_ROBUSTNESS
1070,stream the brown jumps dog jumps,102.71855502078607,SYNTHETIC_ROBUSTNESS
1071,fox brown lazy over fox theaaaaa,102.74207490570838,SYNTHETIC_ROBUSTNESS
1072,brown the brown quick over dataa,102.93770952445921,SYNTHETIC_ROBUSTNESS
1073,jumps stream data quick brown fo,102.98557919343934,SYNTHETIC_ROBUSTNESS
1074,dog dog fox stream stream theaaa,103.12698416120494,SYNTHETIC_ROBUSTNESS
1075,dog over jumps quick compress fo,103.15704016003998,SYNTHETIC_ROBUSTNESS
1076,compress fox brown over brown ov,103.2628069309605,SYNTHETIC_ROBUSTNESS
1077,data brown dog quick compress ov,103.28670015620163,SYNTHETIC_ROBUSTNESS
1078,over dog over quick quick stream,103.28890779381767,SYNTHETIC_ROBUSTNESS
1079,jumps dog stream over lazy brown,103.4574340033068,SYNTHETIC_ROBUSTNESS
1080,brown data stream stream quick o,103.65134126279024,SYNTHETIC_ROBUSTNESS
1081,lazy lazy over jumps compress fo,103.86384726102952,SYNTHETIC_ROBUSTNESS
1082,the dog over fox lazy lazyaaaaaa,103.86754452577749,SYNTHETIC_ROBUSTNESS
1083,the dog over fox lazy lazyaaaaaa,104.01064099316724,SYNTHETIC_ROBUSTNESS
1084,the quick quick data fox dataaaa,104.19135089055851,SYNTHETIC_ROBUSTNESS
1085,jumps fox the the stream lazyaaa,104.2287036678795,SYNTHETIC_ROBUSTNESS
1086,compress fox brown over brown ov,104.29227668213026,SYNTHETIC_ROBUSTNESS
1087,quick quick brown dog over foxaa,104.34468721473229,SYNTHETIC_ROBUSTNESS
1088,fox lazy jumps quick lazy stream,104.40268734074425,SYNTHETIC_ROBUSTNESS
1089,fox quick data data the streamaa,104.5902259224076,SYNTHETIC_ROBUSTNESS
1090,stream brown compress dog over q,104.6443318567894,SYNTHETIC_ROBUSTNESS
1091,the compress lazy quick quick br,104.68033760879194,SYNTHETIC_ROBUSTNESS
1092,the stream quick fox dog dogaaaa,104.6943078698355,SYNTHETIC_ROBUSTNESS
1093,dog stream the stream data jumps,104.80665145045442,SYNTHETIC_ROBUSTNESS
1094,the jumps the stream the foxaaaa,104.8154476078691,SYNTHETIC_ROBUSTNESS
1095,lazy lazy lazy brown dog theaaaa,104.8217609994067,SYNTHETIC_ROBUSTNESS
1096,data stream the lazy quick jumps,104.93619917683328,SYNTHETIC_ROBUSTNESS
1097,stream the data over compress do,105.05471066690492,SYNTHETIC_ROBUSTNESS
1098,compress fox brown over brown ov,105.07691009391999,SYNTHETIC_ROBUSTNESS
1099,fox jumps fox fox brown dogaaaaa,105.39199592874672,SYNTHETIC_ROBUSTNESS
1100,the dog over fox lazy lazyaaaaaa,105.54702513278266,SYNTHETIC_ROBUSTNESS
1101,stream the brown jumps dog jumps,105.66299777440608,SYNTHETIC_ROBUSTNESS
1102,brown fox jumps lazy stream over,105.80338153696907,SYNTHETIC_ROBUSTNESS
1103,quick data stream compress brown,105.85646515167446,SYNTHETIC_ROBUSTNESS
1104,quick data the jumps data theaaa,105.91728005619507,SYNTHETIC_ROBUSTNESS
1105,data jumps quick lazy brown brow,106.1214675671921,SYNTHETIC_ROBUSTNESS
1106,dog over fox lazy quick streamaa,106.12404233328239,SYNTHETIC_ROBUSTNESS
1107,quick over the jumps compress ov,106.28620408935498,SYNTHETIC_ROBUSTNESS
1108,over quick compress lazy stream ,106.34554668110351,SYNTHETIC_ROBUSTNESS
1109,over stream over lazy compress d,106.40790291331032,SYNTHETIC_ROBUSTNESS
1110,dog dog the brown dog dataaaaaaa,106.44731087491849,SYNTHETIC_ROBUSTNESS
1111,fox dog the the stream brownaaaa,106.54072377343947,SYNTHETIC_ROBUSTNESS
1112,data data jumps quick lazy lazya,106.65332418422747,SYNTHETIC_ROBUSTNESS
1113,brown quick the the dog compress,106.67084928244343,SYNTHETIC_ROBUSTNESS
1114,fox brown brown the quick overaa,106.75425514250222,SYNTHETIC_ROBUSTNESS
1115,over stream compress lazy jumps ,106.81678752280489,SYNTHETIC_ROBUSTNESS
1116,over the quick quick data dataaa,106.96907165818799,SYNTHETIC_ROBUSTNESS
1117,over dog data quick brown dataaa,107.04788060534078,SYNTHETIC_ROBUSTNESS
1118,stream the lazy lazy brown lazya,107.10401765013972,SYNTHETIC_ROBUSTNESS
1119,the compress jumps fox brown jum,107.17929273242265,SYNTHETIC_ROBUSTNESS
1120,quick quick stream stream stream,107.24673852536884,SYNTHETIC_ROBUSTNESS
1121,the dog over fox lazy lazyaaaaaa,107.52034932226096,SYNTHETIC_ROBUSTNESS
1122,quick data the brown dog brownaa,107.55772965169025,SYNTHETIC_ROBUSTNESS
1123,the fox over stream fox lazyaaaa,107.56153608109979,SYNTHETIC_ROBUSTNESS
1124,lazy fox stream dog compress qui,107.67000605915759,SYNTHETIC_ROBUSTNESS
1125,the stream over dog quick stream,107.7626005578241,SYNTHETIC_ROBUSTNESS
1126,data brown compress dog the lazy,108.00336102404475,SYNTHETIC_ROBUSTNESS
1127,lazy data the over lazy brownaaa,108.0158580235068,SYNTHETIC_ROBUSTNESS
1128,data quick stream the stream jum,108.08980763658867,SYNTHETIC_ROBUSTNESS
1129,compress the fox fox brown quick,108.1061502824748,SYNTHETIC_ROBUSTNESS
1130,quick compress dog stream brown ,108.16697740177847,SYNTHETIC_ROBUSTNESS
1131,lazy stream jumps jumps the thea,108.32760652909977,SYNTHETIC_ROBUSTNESS
1132,fox dog the the stream brownaaaa,108.52236931684469,SYNTHETIC_ROBUSTNESS
1133,jumps over the lazy lazy overaaa,108.70186198098872,SYNTHETIC_ROBUSTNESS
1134,jumps the brown data over theaaa,108.78113770351399,SYNTHETIC_ROBUSTNESS
1135,quick lazy the jumps the quickaa,108.88163900344645,SYNTHETIC_ROBUSTNESS
1136,dog over over quick dog dogaaaaa,108.96183805390602,SYNTHETIC_ROBUSTNESS
1137,compress the jumps lazy stream q,109.04421736309509,SYNTHETIC_ROBUSTNESS
1138,fox dog fox jumps over foxaaaaaa,109.26063097172033,SYNTHETIC_ROBUSTNESS
1139,fox data stream quick data brown,109.28411120877784,SYNTHETIC_ROBUSTNESS
1140,compress fox brown over brown ov,109.3418729222811,SYNTHETIC_ROBUSTNESS
1141,jumps compress quick fox stream ,109.43604989300766,SYNTHETIC_ROBUSTNESS
1142,fox jumps compress data jumps da,109.58101683228799,SYNTHETIC_ROBUSTNESS
1143,quick dog fox lazy stream quicka,109.72451896885515,SYNTHETIC_ROBUSTNESS
1144,quick brown over the data dogaaa,109.73699010695888,SYNTHETIC_ROBUSTNESS
1145,lazy jumps the compress over dat,109.76208141053586,SYNTHETIC_ROBUSTNESS
1146,data lazy dog quick fox compress,110.0045772659274,SYNTHETIC_ROBUSTNESS
1147,stream compress stream the lazy ,110.04881911434113,SYNTHETIC_ROBUSTNESS
1148,over over data quick lazy lazyaa,110.049090747122,SYNTHETIC_ROBUSTNESS
1149,jumps jumps fox dog data quickaa,110.07137973902182,SYNTHETIC_ROBUSTNESS
1150,the over fox stream fox lazyaaaa,110.42055355662337,SYNTHETIC_ROBUSTNESS
1151,quick jumps compress lazy jumps ,110.45762349173181,SYNTHETIC_ROBUSTNESS
1152,dog quick compress brown data qu,110.55274135894827,SYNTHETIC_ROBUSTNESS
1153,jumps data data data the overaaa,110.6824415477983,SYNTHETIC_ROBUSTNESS
1154,compress lazy the dog data quick,110.786452163084,SYNTHETIC_ROBUSTNESS
1155,dog dog compress fox quick strea,110.8338639611242,SYNTHETIC_ROBUSTNESS
1156,data over dog stream the overaaa,110.8901487067275,SYNTHETIC_ROBUSTNESS
1157,data stream the quick stream bro,111.07215553524901,SYNTHETIC_ROBUSTNESS
1158,stream the brown jumps dog jumps,111.18085903120637,SYNTHETIC_ROBUSTNESS
1159,jumps over the lazy lazy overaaa,111.18323045585127,SYNTHETIC_ROBUSTNESS
1160,stream brown data compress jumps,111.20597794584914,SYNTHETIC_ROBUSTNESS
1161,jumps jumps fox compress fox dat,111.23970691428032,SYNTHETIC_ROBUSTNESS
1162,brown data jumps stream over dog,111.2851966175927,SYNTHETIC_ROBUSTNESS
1163,compress lazy the dog data quick,111.37120980624896,SYNTHETIC_ROBUSTNESS
1164,dog stream jumps brown compress ,111.4168610068563,SYNTHETIC_ROBUSTNESS
1165,the data data data lazy brownaaa,111.59116474695968,SYNTHETIC_ROBUSTNESS
1166,fox dog the brown brown jumpsaaa,111.65537889969244,SYNTHETIC_ROBUSTNESS
1167,dog brown jumps compress fox com,111.72513032333114,SYNTHETIC_ROBUSTNESS
1168,stream compress compress quick s,111.78088522325335,SYNTHETIC_ROBUSTNESS
1169,over over stream quick over quic,111.81805920125616,SYNTHETIC_ROBUSTNESS
1170,brown the jumps the the brownaaa,111.9470849617842,SYNTHETIC_ROBUSTNESS
1171,fox over dog compress dog theaaa,111.97316469931658,SYNTHETIC_ROBUSTNESS
1172,compress compress data fox the o,112.09011855672915,SYNTHETIC_ROBUSTNESS
1173,stream the brown jumps dog jumps,112.16555831333615,SYNTHETIC_ROBUSTNESS
1174,fox dog the the stream brownaaaa,112.17634615212637,SYNTHETIC_ROBUSTNESS
1175,lazy over jumps jumps the browna,112.17815921386288,SYNTHETIC_ROBUSTNESS
1176,dog dog fox lazy dog lazyaaaaaaa,112.1967251606019,SYNTHETIC_ROBUSTNESS
1177,stream lazy stream data compress,112.33986307247486,SYNTHETIC_ROBUSTNESS
1178,jumps over the lazy lazy overaaa,112.38841095796414,SYNTHETIC_ROBUSTNESS
1179,over brown the the jumps jumpsaa,112.5518232216341,SYNTHETIC_ROBUSTNESS
1180,compress quick the quick dog dat,112.62151983102184,SYNTHETIC_ROBUSTNESS
1181,quick the fox lazy dog theaaaaaa,112.6248493109789,SYNTHETIC_ROBUSTNESS
1182,data brown compress dog the lazy,112.81199347878936,SYNTHETIC_ROBUSTNESS
1183,data the stream brown fox quicka,113.08729316600817,SYNTHETIC_ROBUSTNESS
1184,brown over data dog stream brown,113.09500451313276,SYNTHETIC_ROBUSTNESS
1185,quick data the brown dog brownaa,113.11836818793198,SYNTHETIC_ROBUSTNESS
1186,data over quick the lazy streama,113.24408899335121,SYNTHETIC_ROBUSTNESS
1187,over stream data data the quicka,113.831032892347,SYNTHETIC_ROBUSTNESS
1188,quick stream jumps fox stream la,114.04002550271198,SYNTHETIC_ROBUSTNESS
1189,stream the brown jumps dog jumps,114.0504447182237,SYNTHETIC_ROBUSTNESS
1190,fox dog the the stream brownaaaa,114.14389963247376,SYNTHETIC_ROBUSTNESS
1191,jumps over the lazy lazy overaaa,114.2533229321065,SYNTHETIC_ROBUSTNESS
1192,fox data quick over lazy dataaaa,114.35297330132235,SYNTHETIC_ROBUSTNESS
1193,quick lazy over stream stream la,114.43692022151087,SYNTHETIC_ROBUSTNESS
1194,the dog over fox lazy lazyaaaaaa,114.47148014341654,SYNTHETIC_ROBUSTNESS
1195,data data over brown the jumpsaa,114.58189475072123,SYNTHETIC_ROBUSTNESS
1196,dog compress compress over data ,114.71225611637077,SYNTHETIC_ROBUSTNESS
1197,stream quick brown fox brown qui,114.7980031725883,SYNTHETIC_ROBUSTNESS
1198,the dog over fox lazy lazyaaaaaa,114.86675060803597,SYNTHETIC_ROBUSTNESS
1199,compress lazy the dog data quick,114.89147253248686,SYNTHETIC_ROBUSTNESS
1200,fox fox dog stream quick theaaaa,114.9701576847878,SYNTHETIC_ROBUSTNESS
1201,the data compress quick stream t,114.9838829976476,SYNTHETIC_ROBUSTNESS
1202,the jumps lazy quick lazy theaaa,114.99143253630156,SYNTHETIC_ROBUSTNESS
1203,stream brown over data fox quick,115.14187331949896,SYNTHETIC_ROBUSTNESS
1204,over dog jumps over over compres,115.2546586770095,SYNTHETIC_ROBUSTNESS
1205,fox over dog jumps fox quickaaaa,115.35936475962562,SYNTHETIC_ROBUSTNESS
1206,dog lazy dog compress quick foxa,115.62265122841612,SYNTHETIC_ROBUSTNESS
1207,brown lazy fox lazy over brownaa,115.67057951789688,SYNTHETIC_ROBUSTNESS
1208,stream the brown jumps dog jumps,115.72161742716243,SYNTHETIC_ROBUSTNESS
1209,the dog over fox lazy lazyaaaaaa,115.77501779508142,SYNTHETIC_ROBUSTNESS
1210,brown jumps brown data over stre,115.83761957643965,SYNTHETIC_ROBUSTNESS
1211,data lazy stream stream fox quic,115.90953645681627,SYNTHETIC_ROBUSTNESS
1212,brown lazy brown jumps the quick,116.06005209912843,SYNTHETIC_ROBUSTNESS
1213,the dog over fox lazy lazyaaaaaa,116.08460422030284,SYNTHETIC_ROBUSTNESS
1214,dog over dog stream jumps theaaa,116.14153525997942,SYNTHETIC_ROBUSTNESS
1215,compress fox brown over brown ov,116.21188074561381,SYNTHETIC_ROBUSTNESS
1216,fox dog the the stream brownaaaa,116.23040745549831,SYNTHETIC_ROBUSTNESS
1217,quick dog jumps brown the browna,116.35145441555034,SYNTHETIC_ROBUSTNESS
1218,fox dog the the stream brownaaaa,116.35724601119242,SYNTHETIC_ROBUSTNESS
1219,the fox dog data lazy dataaaaaaa,116.4454138082846,SYNTHETIC_ROBUSTNESS
1220,jumps over the lazy lazy overaaa,116.4679962925892,SYNTHETIC_ROBUSTNESS
1221,the fox jumps compress jumps str,116.46884672461316,SYNTHETIC_ROBUSTNESS
1222,stream over data quick the strea,116.50679307920413,SYNTHETIC_ROBUSTNESS
1223,data brown compress dog the lazy,116.56285432674031,SYNTHETIC_ROBUSTNESS
1224,compress lazy the dog data quick,116.73284595392268,SYNTHETIC_ROBUSTNESS
1225,dog dog fox quick data dataaaaaa,116.7852447498221,SYNTHETIC_ROBUSTNESS
1226,fox jumps jumps the dog overaaaa,117.03226890147063,SYNTHETIC_ROBUSTNESS
1227,jumps quick over the data stream,117.21712652160731,SYNTHETIC_ROBUSTNESS
1228,data data jumps dog brown dogaaa,117.23853717303237,SYNTHETIC_ROBUSTNESS
1229,compress stream jumps fox brown ,117.25546396337492,SYNTHETIC_ROBUSTNESS
1230,jumps the over brown stream foxa,117.28341445973291,SYNTHETIC_ROBUSTNESS
1231,fox jumps data jumps quick strea,117.32799347816574,SYNTHETIC_ROBUSTNESS
1232,fox dog the the stream brownaaaa,117.41557569459471,SYNTHETIC_ROBUSTNESS
1233,over the compress dog quick over,117.42882391768602,SYNTHETIC_ROBUSTNESS
1234,fox dog jumps jumps quick jumpsa,117.50476143778346,SYNTHETIC_ROBUSTNESS
1235,jumps stream over compress strea,117.59169576721035,SYNTHETIC_ROBUSTNESS
1236,over the fox fox lazy compressaa,117.69983891278963,SYNTHETIC_ROBUSTNESS
1237,the dog over fox lazy lazyaaaaaa,117.77971014014256,SYNTHETIC_ROBUSTNESS
1238,fox over dog compress dog theaaa,117.95410521619391,SYNTHETIC_ROBUSTNESS
1239,compress compress jumps lazy laz,118.05671310895535,SYNTHETIC_ROBUSTNESS
1240,jumps the brown brown brown lazy,118.31514367013051,SYNTHETIC_ROBUSTNESS
1241,data jumps over dog the dogaaaaa,118.43584945927653,SYNTHETIC_ROBUSTNESS
1242,dog fox data lazy jumps dataaaaa,118.49313910592963,SYNTHETIC_ROBUSTNESS
1243,the dog jumps compress brown dog,118.51667142051988,SYNTHETIC_ROBUSTNESS
1244,the dog over fox lazy lazyaaaaaa,118.5177290647445,SYNTHETIC_ROBUSTNESS
1245,stream brown brown jumps compres,118.52720441035859,SYNTHETIC_ROBUSTNESS
1246,stream jumps jumps jumps lazy qu,118.54823648952944,SYNTHETIC_ROBUSTNESS
1247,over quick dog quick the theaaaa,118.57262742619238,SYNTHETIC_ROBUSTNESS
1248,the fox over stream fox lazyaaaa,118.70812408285298,SYNTHETIC_ROBUSTNESS
1249,dog lazy the lazy over streamaaa,118.75690920598284,SYNTHETIC_ROBUSTNESS
1250,brown fox jumps brown fox foxaaa,118.79614526320704,SYNTHETIC_ROBUSTNESS
1251,over fox the stream brown stream,118.8015241198954,SYNTHETIC_ROBUSTNESS
1252,jumps over the lazy lazy overaaa,118.87888623638732,SYNTHETIC_ROBUSTNESS
1253,stream fox quick compress stream,118.97379575288069,SYNTHETIC_ROBUSTNESS
1254,stream dog over fox data compres,119.18405237242112,SYNTHETIC_ROBUSTNESS
1255,quick fox jumps over the brownaa,119.25393712345365,SYNTHETIC_ROBUSTNESS
1256,brown over compress over fox qui,119.25471213505445,SYNTHETIC_ROBUSTNESS
1257,compress dog quick the the quick,119.26146282813289,SYNTHETIC_ROBUSTNESS
1258,compress lazy the dog data quick,119.29307171520439,SYNTHETIC_ROBUSTNESS
1259,stream over over compress over t,119.30805934940692,SYNTHETIC_ROBUSTNESS
1260,brown quick fox brown stream ove,119.45528266838095,SYNTHETIC_ROBUSTNESS
1261,fox over dog compress dog theaaa,119.46669555079998,SYNTHETIC_ROBUSTNESS
1262,the fox over stream fox lazyaaaa,119.4842242047942,SYNTHETIC_ROBUSTNESS
1263,lazy jumps fox brown quick quick,119.59412164932165,SYNTHETIC_ROBUSTNESS
1264,brown brown dog over stream brow,119.6215164469612,SYNTHETIC_ROBUSTNESS
1265,jumps over the lazy lazy overaaa,119.96915485748286,SYNTHETIC_ROBUSTNESS
1266,stream over brown lazy lazy data,120.16806939248256,SYNTHETIC_ROBUSTNESS
1267,fox over dog compress dog theaaa,120.30453840345425,SYNTHETIC_ROBUSTNESS
1268,jumps the fox stream the brownaa,120.34656630309486,SYNTHETIC_ROBUSTNESS
1269,lazy lazy brown dog brown dataaa,120.35241187292772,SYNTHETIC_ROBUSTNESS
1270,over fox brown brown stream thea,120.3934195894015,SYNTHETIC_ROBUSTNESS
1271,over dog data quick dog theaaaaa,120.44069711368691,SYNTHETIC_ROBUSTNESS
1272,the quick over data brown quicka,120.45432867571785,SYNTHETIC_ROBUSTNESS
1273,stream brown jumps over the jump,120.4671848580679,SYNTHETIC_ROBUSTNESS
1274,brown the jumps fox quick browna,120.57747952391956,SYNTHETIC_ROBUSTNESS
1275,jumps over jumps data dog quicka,120.60392849138894,SYNTHETIC_ROBUSTNESS
1276,lazy quick compress brown dog ov,120.71725218922518,SYNTHETIC_ROBUSTNESS
1277,lazy over stream fox jumps dogaa,120.79672619124078,SYNTHETIC_ROBUSTNESS
1278,compress compress over lazy lazy,121.02845937036997,SYNTHETIC_ROBUSTNESS
1279,jumps the compress brown quick d,121.18799801899657,SYNTHETIC_ROBUSTNESS
1280,jumps quick over compress quick ,121.20441145796867,SYNTHETIC_ROBUSTNESS
1281,compress jumps lazy data dog bro,121.29861374303944,SYNTHETIC_ROBUSTNESS
1282,compress lazy the dog data quick,121.40449332680659,SYNTHETIC_ROBUSTNESS
1283,quick brown fox compress jumps c,121.60258298481118,SYNTHETIC_ROBUSTNESS
1284,data brown compress dog the lazy,121.70501423075291,SYNTHETIC_ROBUSTNESS
1285,data brown compress dog the lazy,121.72017960278224,SYNTHETIC_ROBUSTNESS
1286,quick compress data stream over ,121.7500807676695,SYNTHETIC_ROBUSTNESS
1287,dog compress dog fox stream brow,121.85158114945378,SYNTHETIC_ROBUSTNESS
1288,over brown data lazy data stream,122.0945575336918,SYNTHETIC_ROBUSTNESS
1289,lazy quick lazy stream data quic,122.31668474537743,SYNTHETIC_ROBUSTNESS
1290,compress fox brown over brown ov,122.36118637091288,SYNTHETIC_ROBUSTNESS
1291,fox fox fox data fox overaaaaaaa,122.53877890606027,SYNTHETIC_ROBUSTNESS
1292,compress lazy the dog data quick,122.61037707719757,SYNTHETIC_ROBUSTNESS
1293,stream fox lazy dog data dataaaa,122.67280315963627,SYNTHETIC_ROBUSTNESS
1294,jumps dog jumps jumps lazy dogaa,122.7160180270711,SYNTHETIC_ROBUSTNESS
1295,fox brown quick compress the com,122.82940139980946,SYNTHETIC_ROBUSTNESS
1296,fox over dog compress dog theaaa,122.92092992685127,SYNTHETIC_ROBUSTNESS
1297,the quick dog lazy brown brownaa,122.96787651792157,SYNTHETIC_ROBUSTNESS
1298,dog data quick brown stream quic,123.11177777953338,SYNTHETIC_ROBUSTNESS
1299,quick data the brown dog brownaa,123.15947584769772,SYNTHETIC_ROBUSTNESS
1300,data brown compress dog the lazy,123.24727599253762,SYNTHETIC_ROBUSTNESS
1301,compress brown fox the fox strea,123.2970970307123,SYNTHETIC_ROBUSTNESS
1302,quick quick brown data stream ov,123.30952607191088,SYNTHETIC_ROBUSTNESS
1303,jumps over fox stream over dataa,123.32710369938603,SYNTHETIC_ROBUSTNESS
1304,fox the stream the compress quic,123.43403008101018,SYNTHETIC_ROBUSTNESS
1305,the fox over stream fox lazyaaaa,123.60074917264802,SYNTHETIC_ROBUSTNESS
1306,brown quick compress data data q,123.66394741290144,SYNTHETIC_ROBUSTNESS
1307,lazy compress lazy fox stream la,123.70333870084964,SYNTHETIC_ROBUSTNESS
1308,fox dog quick data brown jumpsaa,123.74436096377036,SYNTHETIC_ROBUSTNESS
1309,dog brown fox data over brownaaa,123.83540358409438,SYNTHETIC_ROBUSTNESS
1310,the stream brown stream quick ju,123.8984564054453,SYNTHETIC_ROBUSTNESS
1311,the dog over fox lazy lazyaaaaaa,123.89853030329544,SYNTHETIC_ROBUSTNESS
1312,data dog fox over fox compressaa,124.04613994602227,SYNTHETIC_ROBUSTNESS
1313,quick data the brown dog brownaa,124.06149212652953,SYNTHETIC_ROBUSTNESS
1314,stream lazy dog compress jumps l,124.1738267168299,SYNTHETIC_ROBUSTNESS
1315,lazy lazy over the over theaaaaa,124.21601877964912,SYNTHETIC_ROBUSTNESS
1316,stream the brown jumps dog jumps,124.30229438900477,SYNTHETIC_ROBUSTNESS
1317,compress fox brown over brown ov,124.49547752474378,SYNTHETIC_ROBUSTNESS
1318,compress lazy the dog data quick,124.51223334371075,SYNTHETIC_ROBUSTNESS
1319,fox quick compress brown jumps d,124.66257694712667,SYNTHETIC_ROBUSTNESS
1320,quick fox jumps data data dogaaa,124.6664830984869,SYNTHETIC_ROBUSTNESS
1321,compress lazy the dog data quick,124.92078149071321,SYNTHETIC_ROBUSTNESS
1322,dog jumps brown over stream foxa,124.94329435915843,SYNTHETIC_ROBUSTNESS
1323,stream fox quick the fox quickaa,125.10148329463043,SYNTHETIC_ROBUSTNESS
1324,quick data the brown dog brownaa,125.10844193795265,SYNTHETIC_ROBUSTNESS
1325,brown the compress dog lazy over,125.14805012792768,SYNTHETIC_ROBUSTNESS
1326,jumps quick over stream jumps th,125.24843873638571,SYNTHETIC_ROBUSTNESS
1327,brown jumps quick jumps lazy the,125.355974614359,SYNTHETIC_ROBUSTNESS
1328,stream the brown jumps dog jumps,125.47597587774845,SYNTHETIC_ROBUSTNESS
1329,jumps fox jumps the over foxaaaa,125.51918642219168,SYNTHETIC_ROBUSTNESS
1330,dog brown quick dog lazy dogaaaa,125.62885031426192,SYNTHETIC_ROBUSTNESS
1331,the jumps over brown brown brown,125.68479964497655,SYNTHETIC_ROBUSTNESS
1332,lazy brown data over quick strea,125.76825226995632,SYNTHETIC_ROBUSTNESS
1333,jumps over stream over the lazya,125.847488595558,SYNTHETIC_ROBUSTNESS
1334,fox stream data stream lazy lazy,125.86589769162401,SYNTHETIC_ROBUSTNESS
1335,stream brown compress fox fox ju,126.0533671961289,SYNTHETIC_ROBUSTNESS
1336,quick dog over quick data quicka,126.25521399169854,SYNTHETIC_ROBUSTNESS
1337,stream brown fox data compress j,126.27799510452459,SYNTHETIC_ROBUSTNESS
1338,lazy lazy dog data jumps quickaa,126.33187192646297,SYNTHETIC_ROBUSTNESS
1339,quick data the lazy quick browna,126.39439756188226,SYNTHETIC_ROBUSTNESS
1340,data the over compress quick fox,126.47400906614786,SYNTHETIC_ROBUSTNESS
1341,brown over data fox the quickaaa,126.4762615046575,SYNTHETIC_ROBUSTNESS
1342,compress fox brown over brown ov,126.61848066097102,SYNTHETIC_ROBUSTNESS
1343,dog jumps over brown brown brown,126.81650061290509,SYNTHETIC_ROBUSTNESS
1344,lazy the dog stream quick quicka,126.83183832988574,SYNTHETIC_ROBUSTNESS
1345,quick brown the fox quick stream,127.05878136527636,SYNTHETIC_ROBUSTNESS
1346,brown fox data jumps lazy foxaaa,127.24910336476732,SYNTHETIC_ROBUSTNESS
1347,data brown dog quick over dogaaa,127.32724804892435,SYNTHETIC_ROBUSTNESS
1348,data brown compress the jumps ov,127.3593694126738,SYNTHETIC_ROBUSTNESS
1349,compress fox quick dog over thea,127.38262438707544,SYNTHETIC_ROBUSTNESS
1350,fox compress quick data over com,127.44978750747228,SYNTHETIC_ROBUSTNESS
1351,compress fox brown over brown ov,127.52055353548948,SYNTHETIC_ROBUSTNESS
1352,brown fox over data dog quickaaa,127.6260709907964,SYNTHETIC_ROBUSTNESS
1353,quick stream dog quick brown the,127.7878368794153,SYNTHETIC_ROBUSTNESS
1354,compress lazy the dog data quick,128.0604071945227,SYNTHETIC_ROBUSTNESS
1355,brown compress the fox lazy thea,128.2195085109907,SYNTHETIC_ROBUSTNESS
1356,quick over fox over lazy lazyaaa,128.45924790562876,SYNTHETIC_ROBUSTNESS
1357,dog brown stream fox lazy compre,128.52843640326026,SYNTHETIC_ROBUSTNESS
1358,quick data the brown dog brownaa,128.53240248202502,SYNTHETIC_ROBUSTNESS
1359,compress compress over brown dat,128.53772464785334,SYNTHETIC_ROBUSTNESS
1360,data brown compress dog the lazy,128.5689887484111,SYNTHETIC_ROBUSTNESS
1361,over stream data compress lazy o,128.66417696868953,SYNTHETIC_ROBUSTNESS
1362,the dog over fox lazy lazyaaaaaa,128.7050075049781,SYNTHETIC_ROBUSTNESS
1363,stream brown jumps data jumps la,128.72317692489187,SYNTHETIC_ROBUSTNESS
1364,brown brown dog the stream quick,128.91321953376973,SYNTHETIC_ROBUSTNESS
1365,brown compress lazy stream the c,129.3331551936498,SYNTHETIC_ROBUSTNESS
1366,fox data brown data quick overaa,129.33483334890673,SYNTHETIC_ROBUSTNESS
1367,the dog over fox lazy lazyaaaaaa,129.34420115032083,SYNTHETIC_ROBUSTNESS
1368,jumps fox fox the quick foxaaaaa,129.41338370684105,SYNTHETIC_ROBUSTNESS
1369,data brown compress dog the lazy,129.4545824270962,SYNTHETIC_ROBUSTNESS
1370,compress fox brown over brown ov,129.60697783718373,SYNTHETIC_ROBUSTNESS
1371,data brown compress dog the lazy,129.71319686792964,SYNTHETIC_ROBUSTNESS
1372,over quick data the the brownaaa,129.7202938896077,SYNTHETIC_ROBUSTNESS
1373,compress fox brown over brown ov,129.7990140109642,SYNTHETIC_ROBUSTNESS
1374,over data fox stream jumps quick,129.84004155867882,SYNTHETIC_ROBUSTNESS
1375,compress data brown the the quic,130.17560458012994,SYNTHETIC_ROBUSTNESS
1376,over data brown the compress the,130.24009344805816,SYNTHETIC_ROBUSTNESS
1377,lazy over quick data fox compres,130.5027363810499,SYNTHETIC_ROBUSTNESS
1378,dog the stream lazy quick jumpsa,130.50580030244322,SYNTHETIC_ROBUSTNESS
1379,brown brown jumps stream data qu,130.51670086938537,SYNTHETIC_ROBUSTNESS
1380,dog quick compress jumps jumps b,130.56552073132622,SYNTHETIC_ROBUSTNESS
1381,jumps lazy lazy fox over jumpsaa,130.78351917128876,SYNTHETIC_ROBUSTNESS
1382,compress lazy the dog data quick,130.8621779796186,SYNTHETIC_ROBUSTNESS
1383,data brown compress dog the lazy,131.03598498358812,SYNTHETIC_ROBUSTNESS
1384,brown fox jumps over dog lazyaaa,131.06932682272708,SYNTHETIC_ROBUSTNESS
1385,the dog over fox lazy lazyaaaaaa,131.08114824467216,SYNTHETIC_ROBUSTNESS
1386,compress fox brown over brown ov,131.10938968454298,SYNTHETIC_ROBUSTNESS
1387,over brown over dog dog overaaaa,131.2130389379588,SYNTHETIC_ROBUSTNESS
1388,brown over dog compress the stre,131.41815708199513,SYNTHETIC_ROBUSTNESS
1389,compress over the compress jumps,131.47885390715817,SYNTHETIC_ROBUSTNESS
1390,stream the brown jumps dog jumps,131.50037337119696,SYNTHETIC_ROBUSTNESS
1391,dog lazy data dog quick brownaaa,131.60187736566064,SYNTHETIC_ROBUSTNESS
1392,quick quick quick lazy stream ov,131.62380919974115,SYNTHETIC_ROBUSTNESS
1393,the over data quick brown stream,131.7082731366656,SYNTHETIC_ROBUSTNESS
1394,dog the data fox compress stream,131.71906414883387,SYNTHETIC_ROBUSTNESS
1395,stream compress brown quick lazy,131.88573646539896,SYNTHETIC_ROBUSTNESS
1396,compress fox brown over brown ov,132.04929753895647,SYNTHETIC_ROBUSTNESS
1397,jumps the compress quick jumps s,132.12722372540773,SYNTHETIC_ROBUSTNESS
1398,the the fox quick over dogaaaaaa,132.13111679197655,SYNTHETIC_ROBUSTNESS
1399,jumps jumps jumps data dog foxaa,132.1639929542308,SYNTHETIC_ROBUSTNESS
1400,lazy the jumps jumps the overaaa,132.17887600591408,SYNTHETIC_ROBUSTNESS
1401,over dog stream lazy the dogaaaa,132.25299549395078,SYNTHETIC_ROBUSTNESS
1402,compress dog over the data brown,132.2637244316747,SYNTHETIC_ROBUSTNESS
1403,lazy jumps brown jumps data data,132.46753635548012,SYNTHETIC_ROBUSTNESS
1404,over dog dog stream quick theaaa,132.65735793957663,SYNTHETIC_ROBUSTNESS
1405,the compress lazy stream data da,132.67432983893164,SYNTHETIC_ROBUSTNESS
1406,data data over over over foxaaaa,132.7930374860717,SYNTHETIC_ROBUSTNESS
1407,fox over dog compress dog theaaa,132.91227593638138,SYNTHETIC_ROBUSTNESS
1408,lazy quick over quick lazy theaa,132.96281902256285,SYNTHETIC_ROBUSTNESS
1409,stream brown fox fox fox dataaaa,132.9794243737838,SYNTHETIC_ROBUSTNESS
1410,brown lazy fox jumps stream data,132.99359314138437,SYNTHETIC_ROBUSTNESS
1411,lazy over jumps stream fox foxaa,133.1280991519134,SYNTHETIC_ROBUSTNESS
1412,stream quick over fox jumps lazy,133.1529680357967,SYNTHETIC_ROBUSTNESS
1413,compress fox data dog jumps jump,133.24546429768105,SYNTHETIC_ROBUSTNESS
1414,fox over dog compress dog theaaa,133.44636753871922,SYNTHETIC_ROBUSTNESS
1415,compress lazy the dog data quick,133.53628618304853,SYNTHETIC_ROBUSTNESS
1416,quick lazy the data fox overaaaa,133.9011073200099,SYNTHETIC_ROBUSTNESS
1417,fox dog the the stream brownaaaa,134.00481254725557,SYNTHETIC_ROBUSTNESS
1418,the brown over stream jumps thea,134.042588268461,SYNTHETIC_ROBUSTNESS
1419,compress data data jumps quick l,134.23395883327828,SYNTHETIC_ROBUSTNESS
1420,data stream data quick brown fox,134.27119751663565,SYNTHETIC_ROBUSTNESS
1421,the stream quick over the dogaaa,134.62722988691112,SYNTHETIC_ROBUSTNESS
1422,data quick data compress data ov,134.69218731768052,SYNTHETIC_ROBUSTNESS
1423,lazy data the brown compress bro,134.99847514910516,SYNTHETIC_ROBUSTNESS
1424,brown dog dog over over quickaaa,135.01876001797686,SYNTHETIC_ROBUSTNESS
1425,data the brown dog stream dogaaa,135.01990641458718,SYNTHETIC_ROBUSTNESS
1426,over compress data the quick the,135.04173834724415,SYNTHETIC_ROBUSTNESS
1427,compress dog jumps dog compress ,135.05209327051153,SYNTHETIC_ROBUSTNESS
1428,stream brown jumps stream brown ,135.184502635967,SYNTHETIC_ROBUSTNESS
1429,stream quick fox compress lazy t,135.21522931741978,SYNTHETIC_ROBUSTNESS
1430,data compress dog the compress l,135.31724849025028,SYNTHETIC_ROBUSTNESS
1431,dog lazy compress the over quick,135.42770862101014,SYNTHETIC_ROBUSTNESS
1432,the fox stream data dog quickaaa,135.5442624958086,SYNTHETIC_ROBUSTNESS
1433,quick data brown over dog dataaa,135.7230042594304,SYNTHETIC_ROBUSTNESS
1434,jumps fox lazy jumps data lazyaa,135.73913456214197,SYNTHETIC_ROBUSTNESS
1435,quick data the brown dog brownaa,135.74431274892936,SYNTHETIC_ROBUSTNESS
1436,jumps brown the compress quick d,135.74732827543522,SYNTHETIC_ROBUSTNESS
1437,lazy fox brown stream compress q,135.75828632770953,SYNTHETIC_ROBUSTNESS
1438,fox brown lazy stream stream bro,135.8059586288411,SYNTHETIC_ROBUSTNESS
1439,stream fox brown stream fox data,136.14822914739977,SYNTHETIC_ROBUSTNESS
1440,jumps jumps compress stream data,136.19180484290408,SYNTHETIC_ROBUSTNESS
1441,jumps fox lazy stream compress t,136.25212140180915,SYNTHETIC_ROBUSTNESS
1442,compress lazy the dog data quick,136.42053578049695,SYNTHETIC_ROBUSTNESS
1443,the stream quick over brown over,136.67137134797838,SYNTHETIC_ROBUSTNESS
1444,brown stream fox compress lazy c,137.02695142544096,SYNTHETIC_ROBUSTNESS
1445,compress jumps quick brown compr,137.20208108476825,SYNTHETIC_ROBUSTNESS
1446,stream the compress stream compr,137.27190028480703,SYNTHETIC_ROBUSTNESS
1447,fox the stream fox fox brownaaaa,137.29796879053822,SYNTHETIC_ROBUSTNESS
1448,quick quick the jumps lazy foxaa,137.38919043388728,SYNTHETIC_ROBUSTNESS
1449,over data over brown dog foxaaaa,137.41110497020503,SYNTHETIC_ROBUSTNESS
1450,brown the stream fox data browna,137.41683872601996,SYNTHETIC_ROBUSTNESS
1451,the fox fox quick over dogaaaaaa,137.66860725286423,SYNTHETIC_ROBUSTNESS
1452,compress jumps dog data jumps do,137.73492538168546,SYNTHETIC_ROBUSTNESS
1453,the data jumps jumps jumps strea,137.80590187585153,SYNTHETIC_ROBUSTNESS
1454,quick brown jumps dog fox jumpsa,137.89986268034266,SYNTHETIC_ROBUSTNESS
1455,quick data the brown dog brownaa,137.95990281027127,SYNTHETIC_ROBUSTNESS
1456,the over jumps quick dog overaaa,138.01867896047537,SYNTHETIC_ROBUSTNESS
1457,data brown compress dog the lazy,138.2653604708716,SYNTHETIC_ROBUSTNESS
1458,quick dog compress dog compress ,138.43493967357844,SYNTHETIC_ROBUSTNESS
1459,brown the fox quick brown browna,138.45884057283186,SYNTHETIC_ROBUSTNESS
1460,stream fox data data fox dataaaa,138.4933402879899,SYNTHETIC_ROBUSTNESS
1461,jumps over over compress quick t,138.60140455146387,SYNTHETIC_ROBUSTNESS
1462,the data fox the compress overaa,138.68605581611016,SYNTHETIC_ROBUSTNESS
1463,the lazy stream quick brown lazy,138.83136735557324,SYNTHETIC_ROBUSTNESS
1464,data brown compress dog the lazy,138.96142770230637,SYNTHETIC_ROBUSTNESS
1465,fox fox lazy the quick lazyaaaaa,139.08471542731678,SYNTHETIC_ROBUSTNESS
1466,dog fox fox the data brownaaaaaa,139.2969235384161,SYNTHETIC_ROBUSTNESS
1467,compress lazy the dog data quick,139.44240359961097,SYNTHETIC_ROBUSTNESS
1468,quick data the brown dog brownaa,139.47022264416293,SYNTHETIC_ROBUSTNESS
1469,compress lazy the dog data quick,139.67645135576032,SYNTHETIC_ROBUSTNESS
1470,lazy compress the brown quick th,139.717328242482,SYNTHETIC_ROBUSTNESS
1471,the the data fox brown streamaaa,139.95912164685262,SYNTHETIC_ROBUSTNESS
1472,fox jumps brown quick brown brow,140.13300228205264,SYNTHETIC_ROBUSTNESS
1473,data dog dog data jumps compress,140.14069960824577,SYNTHETIC_ROBUSTNESS
1474,data brown compress dog the lazy,140.28822555005547,SYNTHETIC_ROBUSTNESS
1475,stream the brown jumps dog jumps,140.35756309347468,SYNTHETIC_ROBUSTNESS
1476,fox quick brown over dog brownaa,140.73528065873512,SYNTHETIC_ROBUSTNESS
1477,the jumps the fox dog lazyaaaaaa,140.79660691084356,SYNTHETIC_ROBUSTNESS
1478,quick fox jumps brown dog compre,140.80354274907023,SYNTHETIC_ROBUSTNESS
1479,compress jumps lazy data quick j,140.83823452809642,SYNTHETIC_ROBUSTNESS
1480,compress lazy the dog data quick,140.89448316771296,SYNTHETIC_ROBUSTNESS
1481,fox lazy the lazy over theaaaaaa,140.9841118032429,SYNTHETIC_ROBUSTNESS
1482,over quick dog quick jumps dogaa,141.00061174286483,SYNTHETIC_ROBUSTNESS
1483,dog fox the the stream dogaaaaaa,141.0729894196709,SYNTHETIC_ROBUSTNESS
1484,brown over brown quick compress ,141.13905215304146,SYNTHETIC_ROBUSTNESS
1485,fox quick the fox over theaaaaaa,141.32024585511823,SYNTHETIC_ROBUSTNESS
1486,quick compress data lazy jumps t,141.3562572130192,SYNTHETIC_ROBUSTNESS
1487,lazy data stream the lazy theaaa,141.41595321410227,SYNTHETIC_ROBUSTNESS
1488,dog data brown over dog quickaaa,141.4651556723307,SYNTHETIC_ROBUSTNESS
1489,fox over dog compress dog theaaa,141.56518579867395,SYNTHETIC_ROBUSTNESS
1490,fox over dog compress dog theaaa,141.74608998479178,SYNTHETIC_ROBUSTNESS
1491,compress quick jumps dog compres,141.8586752198419,SYNTHETIC_ROBUSTNESS
1492,fox stream quick over over compr,141.92123323154766,SYNTHETIC_ROBUSTNESS
1493,over stream the dog compress jum,142.02279730376046,SYNTHETIC_ROBUSTNESS
1494,fox dog the the stream brownaaaa,142.06169409198188,SYNTHETIC_ROBUSTNESS
1495,quick jumps dog brown lazy foxaa,142.0772542467036,SYNTHETIC_ROBUSTNESS
1496,jumps data quick compress over q,142.11577902168722,SYNTHETIC_ROBUSTNESS
1497,brown lazy brown fox dog quickaa,142.17442190227624,SYNTHETIC_ROBUSTNESS
1498,jumps over the lazy lazy overaaa,142.2322725759109,SYNTHETIC_ROBUSTNESS
1499,fox jumps fox fox fox brownaaaaa,142.36606157160836,SYNTHETIC_ROBUSTNESS
1500,compress fox brown over brown ov,142.64148987883883,SYNTHETIC_ROBUSTNESS
1501,over over fox data compress comp,142.69074906662004,SYNTHETIC_ROBUSTNESS
1502,the compress the quick the overa,142.69979062149295,SYNTHETIC_ROBUSTNESS
1503,brown brown dog stream stream br,142.7031890375002,SYNTHETIC_ROBUSTNESS
1504,the jumps over fox the lazyaaaaa,142.70358509783455,SYNTHETIC_ROBUSTNESS
1505,the compress fox quick compress ,142.98180885291154,SYNTHETIC_ROBUSTNESS
1506,jumps over lazy dog quick dataaa,143.52518479906362,SYNTHETIC_ROBUSTNESS
1507,the quick the data lazy lazyaaaa,143.53045992711125,SYNTHETIC_ROBUSTNESS
1508,over quick brown brown over comp,143.57480913832538,SYNTHETIC_ROBUSTNESS
1509,fox over dog compress dog theaaa,143.68547715417222,SYNTHETIC_ROBUSTNESS
1510,stream quick lazy data data brow,143.70519372081546,SYNTHETIC_ROBUSTNESS
1511,lazy data data quick dog quickaa,143.79544167259598,SYNTHETIC_ROBUSTNESS
1512,quick the brown quick over dataa,143.9634370239214,SYNTHETIC_ROBUSTNESS
1513,the quick over lazy data theaaaa,144.1586907305843,SYNTHETIC_ROBUSTNESS
1514,quick data the brown dog brownaa,144.28125147168657,SYNTHETIC_ROBUSTNESS
1515,lazy the over the over brownaaaa,144.2897815750725,SYNTHETIC_ROBUSTNESS
1516,brown jumps jumps the over quick,144.3326133683658,SYNTHETIC_ROBUSTNESS
1517,brown fox jumps the brown dataaa,144.67478228992604,SYNTHETIC_ROBUSTNESS
1518,over compress stream jumps quick,144.69619510408342,SYNTHETIC_ROBUSTNESS
1519,lazy dog stream stream over quic,144.75669519568473,SYNTHETIC_ROBUSTNESS
1520,quick compress brown compress qu,144.79736832682363,SYNTHETIC_ROBUSTNESS
1521,brown data jumps dog brown dogaa,144.82037737495557,SYNTHETIC_ROBUSTNESS
1522,the data dog over lazy theaaaaaa,144.85946499268465,SYNTHETIC_ROBUSTNESS
1523,the brown lazy quick brown dogaa,144.8804776904812,SYNTHETIC_ROBUSTNESS
1524,the dog over fox lazy lazyaaaaaa,145.09024097422312,SYNTHETIC_ROBUSTNESS
1525,compress fox brown over brown ov,145.10941070548816,SYNTHETIC_ROBUSTNESS
1526,jumps lazy jumps brown stream ju,145.20710616066387,SYNTHETIC_ROBUSTNESS
1527,quick brown fox dog brown dataaa,145.49238303347025,SYNTHETIC_ROBUSTNESS
1528,data brown compress dog the lazy,145.79739281461627,SYNTHETIC_ROBUSTNESS
1529,the dog over fox lazy lazyaaaaaa,145.88912811121162,SYNTHETIC_ROBUSTNESS
1530,fox over dog compress dog theaaa,145.9207219902845,SYNTHETIC_ROBUSTNESS
1531,the dog over fox lazy lazyaaaaaa,145.94921029779042,SYNTHETIC_ROBUSTNESS
1532,quick data the brown dog brownaa,146.08683308938504,SYNTHETIC_ROBUSTNESS
1533,jumps over the lazy lazy overaaa,146.48163606716054,SYNTHETIC_ROBUSTNESS
1534,over brown dog lazy fox foxaaaaa,146.4897131538186,SYNTHETIC_ROBUSTNESS
1535,fox compress fox dog data stream,146.6455251918012,SYNTHETIC_ROBUSTNESS
1536,the dog over fox lazy lazyaaaaaa,146.65864835337976,SYNTHETIC_ROBUSTNESS
1537,compress fox quick stream data s,146.69405694708192,SYNTHETIC_ROBUSTNESS
1538,jumps data data dog dog streamaa,146.7776718235286,SYNTHETIC_ROBUSTNESS
1539,fox data over compress brown ove,146.81294362998977,SYNTHETIC_ROBUSTNESS
1540,the dog over fox lazy lazyaaaaaa,146.91800049170863,SYNTHETIC_ROBUSTNESS
1541,quick over stream dog compress q,146.97199090432233,SYNTHETIC_ROBUSTNESS
1542,data lazy compress quick brown j,146.99672348078968,SYNTHETIC_ROBUSTNESS
1543,compress quick data jumps dog do,147.07242396701741,SYNTHETIC_ROBUSTNESS
1544,brown compress compress fox fox ,147.07485423373404,SYNTHETIC_ROBUSTNESS
1545,the data fox lazy fox foxaaaaaaa,147.20997721097024,SYNTHETIC_ROBUSTNESS
1546,lazy quick fox fox over lazyaaaa,147.28385211612658,SYNTHETIC_ROBUSTNESS
1547,lazy jumps stream lazy brown laz,147.57703460752282,SYNTHETIC_ROBUSTNESS
1548,the fox the stream lazy dataaaaa,147.58788108142502,SYNTHETIC_ROBUSTNESS
1549,jumps jumps stream dog quick com,147.71966701488358,SYNTHETIC_ROBUSTNESS
1550,over jumps fox quick over theaaa,147.75547037209404,SYNTHETIC_ROBUSTNESS
1551,the fox brown quick over dogaaaa,147.80217496219313,SYNTHETIC_ROBUSTNESS
1552,compress fox brown over brown ov,147.84502071243375,SYNTHETIC_ROBUSTNESS
1553,fox dog the the stream brownaaaa,147.88934082401795,SYNTHETIC_ROBUSTNESS
1554,the over the quick data dogaaaaa,147.94569930622052,SYNTHETIC_ROBUSTNESS
1555,compress jumps stream lazy fox d,147.94782216536424,SYNTHETIC_ROBUSTNESS
1556,compress fox brown over brown ov,148.1353954363286,SYNTHETIC_ROBUSTNESS
1557,data stream stream quick lazy ov,148.3489297211929,SYNTHETIC_ROBUSTNESS
1558,fox stream stream jumps jumps ju,148.352965737033,SYNTHETIC_ROBUSTNESS
1559,compress dog over jumps jumps fo,148.50257808546607,SYNTHETIC_ROBUSTNESS
1560,dog quick compress dog quick jum,148.51007982044715,SYNTHETIC_ROBUSTNESS
1561,dog jumps over compress data the,148.67500877401207,SYNTHETIC_ROBUSTNESS
1562,quick jumps dog lazy quick overa,148.76993866000188,SYNTHETIC_ROBUSTNESS
1563,data compress the data dog overa,148.8065178349843,SYNTHETIC_ROBUSTNESS
1564,jumps jumps the brown over compr,148.9016792157867,SYNTHETIC_ROBUSTNESS
1565,compress lazy the dog data quick,148.97233206784972,SYNTHETIC_ROBUSTNESS
1566,data jumps brown the dog jumpsaa,149.07332487583716,SYNTHETIC_ROBUSTNESS
1567,jumps data jumps fox the dogaaaa,149.13783141741865,SYNTHETIC_ROBUSTNESS
1568,quick stream data jumps compress,149.28605671285789,SYNTHETIC_ROBUSTNESS
1569,fox dog the the stream brownaaaa,149.29068933450236,SYNTHETIC_ROBUSTNESS
1570,compress fox brown over brown ov,149.3328918276308,SYNTHETIC_ROBUSTNESS
1571,quick over quick compress jumps ,149.41482791137483,SYNTHETIC_ROBUSTNESS
1572,stream over brown data brown qui,149.50356010986624,SYNTHETIC_ROBUSTNESS
1573,quick data the brown dog brownaa,149.52213826186122,SYNTHETIC_ROBUSTNESS
1574,over the over over jumps foxaaaa,149.52988357536643,SYNTHETIC_ROBUSTNESS
1575,stream compress jumps jumps over,149.532003755221,SYNTHETIC_ROBUSTNESS
1576,quick lazy stream over brown ove,149.58527912224278,SYNTHETIC_ROBUSTNESS
1577,stream fox stream the compress c,149.6253846831718,SYNTHETIC_ROBUSTNESS
1578,compress fox brown over brown ov,149.7092732161378,SYNTHETIC_ROBUSTNESS
1579,compress the lazy over dog lazya,149.76896874332203,SYNTHETIC_ROBUSTNESS
1580,data jumps dog data dog foxaaaaa,149.81906750342492,SYNTHETIC_ROBUSTNESS
1581,brown dog brown quick compress t,150.00442285895141,SYNTHETIC_ROBUSTNESS
1582,fox dog the the stream brownaaaa,150.10158104620754,SYNTHETIC_ROBUSTNESS
1583,data quick fox data lazy jumpsaa,150.2054553417624,SYNTHETIC_ROBUSTNESS
1584,quick jumps compress quick quick,150.25355393429757,SYNTHETIC_ROBUSTNESS
1585,dog stream quick the stream doga,150.4035424960063,SYNTHETIC_ROBUSTNESS
1586,data jumps jumps fox quick strea,150.42004028764688,SYNTHETIC_ROBUSTNESS
1587,quick data the brown dog brownaa,150.4714568621272,SYNTHETIC_ROBUSTNESS
1588,the jumps fox jumps lazy dataaaa,150.47628914949607,SYNTHETIC_ROBUSTNESS
1589,data compress stream quick dog d,150.4885553435112,SYNTHETIC_ROBUSTNESS
1590,the quick the brown lazy dogaaaa,150.49705949603307,SYNTHETIC_ROBUSTNESS
1591,jumps over the lazy lazy overaaa,150.55529812702625,SYNTHETIC_ROBUSTNESS
1592,data brown compress dog the lazy,150.67480748031014,SYNTHETIC_ROBUSTNESS
1593,jumps stream lazy brown stream o,150.7123054418065,SYNTHETIC_ROBUSTNESS
1594,data brown compress dog the lazy,150.71500259637187,SYNTHETIC_ROBUSTNESS
1595,lazy fox lazy data fox brownaaaa,150.8378320123973,SYNTHETIC_ROBUSTNESS
1596,fox data quick jumps data dogaaa,150.86107984429378,SYNTHETIC_ROBUSTNESS
1597,compress the brown fox compress ,150.9893362492587,SYNTHETIC_ROBUSTNESS
1598,fox stream fox jumps the dogaaaa,150.99007442961437,SYNTHETIC_ROBUSTNESS
1599,dog data fox fox dog dataaaaaaaa,151.02752081009416,SYNTHETIC_ROBUSTNESS
1600,quick data the brown dog brownaa,151.12460361898462,SYNTHETIC_ROBUSTNESS
1601,the fox over stream fox lazyaaaa,151.3295148511306,SYNTHETIC_ROBUSTNESS
1602,jumps lazy compress brown quick ,151.46980945149892,SYNTHETIC_ROBUSTNESS
1603,stream the brown jumps dog jumps,151.52952403363642,SYNTHETIC_ROBUSTNESS
1604,quick data the brown dog brownaa,151.6562915754759,SYNTHETIC_ROBUSTNESS
1605,jumps compress quick quick brown,151.73341140100635,SYNTHETIC_ROBUSTNESS
1606,the stream brown brown data data,151.90128781855773,SYNTHETIC_ROBUSTNESS
1607,the stream the dog fox overaaaaa,152.04915753749853,SYNTHETIC_ROBUSTNESS
1608,the over stream the data compres,152.421513609351,SYNTHETIC_ROBUSTNESS
1609,quick lazy dog fox stream overaa,152.43259984584466,SYNTHETIC_ROBUSTNESS
1610,the fox the jumps quick quickaaa,152.47425825136023,SYNTHETIC_ROBUSTNESS
1611,jumps quick dog dog data lazyaaa,152.49562421862572,SYNTHETIC_ROBUSTNESS
1612,fox dog the the stream brownaaaa,152.59525725188445,SYNTHETIC_ROBUSTNESS
1613,jumps brown lazy fox brown jumps,152.7043299075487,SYNTHETIC_ROBUSTNESS
1614,compress fox stream compress com,152.727121736263,SYNTHETIC_ROBUSTNESS
1615,stream over fox dog the jumpsaaa,152.78186250239682,SYNTHETIC_ROBUSTNESS
1616,stream the brown jumps dog jumps,152.8740305812516,SYNTHETIC_ROBUSTNESS
1617,stream jumps lazy brown lazy com,152.9816041385017,SYNTHETIC_ROBUSTNESS
1618,the dog jumps fox quick streamaa,152.9924347327982,SYNTHETIC_ROBUSTNESS
1619,dog dog data dog compress quicka,153.24635770531586,SYNTHETIC_ROBUSTNESS
1620,data fox jumps stream brown quic,153.24982545420406,SYNTHETIC_ROBUSTNESS
1621,fox over dog compress dog theaaa,153.6108042025315,SYNTHETIC_ROBUSTNESS
1622,compress fox brown over brown ov,153.64883158455123,SYNTHETIC_ROBUSTNESS
1623,jumps over the lazy lazy overaaa,153.68686185578272,SYNTHETIC_ROBUSTNESS
1624,over quick lazy fox jumps dataaa,153.74592560744006,SYNTHETIC_ROBUSTNESS
1625,jumps brown lazy brown quick str,153.8646563061163,SYNTHETIC_ROBUSTNESS
1626,jumps the the brown jumps lazyaa,153.88204424936,SYNTHETIC_ROBUSTNESS
1627,dog compress lazy over over comp,153.91147931248753,SYNTHETIC_ROBUSTNESS
1628,stream stream compress jumps ove,154.23737798635239,SYNTHETIC_ROBUSTNESS
1629,compress fox brown over brown ov,154.44680682244586,SYNTHETIC_ROBUSTNESS
1630,compress fox brown over brown ov,154.47068225990856,SYNTHETIC_ROBUSTNESS
1631,stream brown jumps jumps stream ,154.55578206456056,SYNTHETIC_ROBUSTNESS
1632,fox jumps data fox the brownaaaa,154.57854765504348,SYNTHETIC_ROBUSTNESS
1633,jumps dog data brown lazy dogaaa,154.65841203839204,SYNTHETIC_ROBUSTNESS
1634,stream quick the stream fox data,154.70394691935374,SYNTHETIC_ROBUSTNESS
1635,quick over data lazy quick dataa,154.7489552147379,SYNTHETIC_ROBUSTNESS
1636,quick data the brown dog brownaa,154.84976014657894,SYNTHETIC_ROBUSTNESS
1637,dog the dog stream lazy compress,154.87877410195992,SYNTHETIC_ROBUSTNESS
1638,brown quick lazy compress fox ju,154.93056913055943,SYNTHETIC_ROBUSTNESS
1639,compress fox brown over brown ov,155.18994157659816,SYNTHETIC_ROBUSTNESS
1640,compress jumps brown fox stream ,155.33074029208836,SYNTHETIC_ROBUSTNESS
1641,lazy lazy data dog dog overaaaaa,155.37907486709486,SYNTHETIC_ROBUSTNESS
1642,quick jumps dog quick stream dog,155.4052453578148,SYNTHETIC_ROBUSTNESS
1643,quick dog data the quick brownaa,155.51283604868826,SYNTHETIC_ROBUSTNESS
1644,stream stream the the data strea,155.67770054777478,SYNTHETIC_ROBUSTNESS
1645,lazy stream brown brown brown qu,155.87485953146415,SYNTHETIC_ROBUSTNESS
1646,dog dog jumps data stream jumpsa,155.95793536957808,SYNTHETIC_ROBUSTNESS
1647,brown the the stream the quickaa,156.03066780322234,SYNTHETIC_ROBUSTNESS
1648,stream dog over data the jumpsaa,156.15783673847872,SYNTHETIC_ROBUSTNESS
1649,quick brown stream brown the com,156.17716692050843,SYNTHETIC_ROBUSTNESS
1650,lazy stream lazy the fox quickaa,156.36831514035973,SYNTHETIC_ROBUSTNESS
1651,fox dog the the stream brownaaaa,156.37599498428025,SYNTHETIC_ROBUSTNESS
1652,stream over stream dog lazy lazy,156.4683811413069,SYNTHETIC_ROBUSTNESS
1653,stream quick stream lazy over da,156.5574662284975,SYNTHETIC_ROBUSTNESS
1654,data over compress compress stre,156.59467443328248,SYNTHETIC_ROBUSTNESS
1655,lazy jumps dog lazy stream lazya,156.59828512704718,SYNTHETIC_ROBUSTNESS
1656,jumps fox compress lazy data bro,156.72481849734217,SYNTHETIC_ROBUSTNESS
1657,fox dog brown over quick jumpsaa,156.72726560867756,SYNTHETIC_ROBUSTNESS
1658,fox over lazy fox data brownaaaa,156.74706335773362,SYNTHETIC_ROBUSTNESS
1659,fox dog the the stream brownaaaa,156.82564155412877,SYNTHETIC_ROBUSTNESS
1660,fox data jumps brown quick foxaa,157.10695434957108,SYNTHETIC_ROBUSTNESS
1661,fox over dog compress dog theaaa,157.11377511491895,SYNTHETIC_ROBUSTNESS
1662,jumps data the lazy data jumpsaa,157.20023676329333,SYNTHETIC_ROBUSTNESS
1663,jumps the compress data quick ju,157.24011943760874,SYNTHETIC_ROBUSTNESS
1664,jumps over data data jumps foxaa,157.35080948312682,SYNTHETIC_ROBUSTNESS
1665,over lazy dog over quick theaaaa,157.65637642981721,SYNTHETIC_ROBUSTNESS
1666,quick jumps the brown fox compre,157.6876545830695,SYNTHETIC_ROBUSTNESS
1667,stream the brown jumps dog jumps,157.99984534203762,SYNTHETIC_ROBUSTNESS
1668,fox over dog compress dog theaaa,158.20435035907883,SYNTHETIC_ROBUSTNESS
1669,the dog over fox lazy lazyaaaaaa,158.29775915474949,SYNTHETIC_ROBUSTNESS
1670,lazy brown jumps the fox overaaa,158.43973875626952,SYNTHETIC_ROBUSTNESS
1671,the dog stream over over dogaaaa,158.6399038809644,SYNTHETIC_ROBUSTNESS
1672,compress lazy the dog data quick,158.80259720362562,SYNTHETIC_ROBUSTNESS
1673,jumps fox jumps compress quick t,158.84215477346396,SYNTHETIC_ROBUSTNESS
1674,quick dog fox brown brown quicka,159.0096079398812,SYNTHETIC_ROBUSTNESS
1675,the compress fox quick quick dat,159.04722558982942,SYNTHETIC_ROBUSTNESS
1676,compress data dog data compress ,159.2490258409849,SYNTHETIC_ROBUSTNESS
1677,lazy dog lazy lazy jumps quickaa,159.27852552375322,SYNTHETIC_ROBUSTNESS
1678,dog data the jumps dog lazyaaaaa,159.36344969914768,SYNTHETIC_ROBUSTNESS
1679,over the compress compress fox j,159.4815155838948,SYNTHETIC_ROBUSTNESS
1680,compress data data fox compress ,159.536991807795,SYNTHETIC_ROBUSTNESS
1681,data compress brown over over th,159.6897649261804,SYNTHETIC_ROBUSTNESS
1682,over over dog over compress brow,159.94926731227181,SYNTHETIC_ROBUSTNESS
1683,stream over dog compress the laz,159.9698779010417,SYNTHETIC_ROBUSTNESS
1684,data fox over lazy brown lazyaaa,159.97327936564224,SYNTHETIC_ROBUSTNESS
1685,jumps jumps lazy lazy stream com,160.0717674886078,SYNTHETIC_ROBUSTNESS
1686,quick quick brown quick compress,160.16394477740084,SYNTHETIC_ROBUSTNESS
1687,compress compress brown dog dog ,160.20569416186893,SYNTHETIC_ROBUSTNESS
1688,brown jumps data stream jumps da,160.3596214571057,SYNTHETIC_ROBUSTNESS
1689,jumps quick brown dog fox browna,160.5345734131993,SYNTHETIC_ROBUSTNESS
1690,dog the dog dog quick compressaa,160.57491798010153,SYNTHETIC_ROBUSTNESS
1691,brown quick jumps over brown dog,160.68957409815593,SYNTHETIC_ROBUSTNESS
1692,the quick over brown stream lazy,160.79230333091348,SYNTHETIC_ROBUSTNESS
1693,lazy compress fox dog over theaa,160.8342563125307,SYNTHETIC_ROBUSTNESS
1694,jumps jumps data jumps jumps str,161.18211251420578,SYNTHETIC_ROBUSTNESS
1695,jumps compress brown compress qu,161.22463883219126,SYNTHETIC_ROBUSTNESS
1696,brown fox dog the fox quickaaaaa,161.32147200573866,SYNTHETIC_ROBUSTNESS
1697,data brown lazy brown jumps stre,161.36929597704784,SYNTHETIC_ROBUSTNESS
1698,stream fox jumps compress fox br,161.37048633656923,SYNTHETIC_ROBUSTNESS
1699,the compress stream jumps the ju,161.3800976211791,SYNTHETIC_ROBUSTNESS
1700,over brown brown fox fox foxaaaa,161.4065353732921,SYNTHETIC_ROBUSTNESS
1701,fox jumps brown jumps data compr,161.57375620596534,SYNTHETIC_ROBUSTNESS
1702,brown quick the quick brown stre,161.6321074604381,SYNTHETIC_ROBUSTNESS
1703,lazy data the compress fox jumps,161.72093214291294,SYNTHETIC_ROBUSTNESS
1704,lazy lazy lazy the lazy dataaaaa,162.00891670881424,SYNTHETIC_ROBUSTNESS
1705,compress brown compress data dat,162.02481906180233,SYNTHETIC_ROBUSTNESS
1706,fox the over brown lazy theaaaaa,162.22273841519748,SYNTHETIC_ROBUSTNESS
1707,lazy quick compress fox fox over,162.2704188466288,SYNTHETIC_ROBUSTNESS
1708,jumps over the lazy lazy overaaa,162.31158930027527,SYNTHETIC_ROBUSTNESS
1709,the dog over fox lazy lazyaaaaaa,162.40981320248505,SYNTHETIC_ROBUSTNESS
1710,lazy fox brown lazy jumps browna,162.63871944679406,SYNTHETIC_ROBUSTNESS
1711,compress fox brown quick quick o,162.6815727474554,SYNTHETIC_ROBUSTNESS
1712,over brown brown lazy stream ove,162.8248728784233,SYNTHETIC_ROBUSTNESS
1713,the dog compress dog jumps brown,162.826815840732,SYNTHETIC_ROBUSTNESS
1714,jumps brown dog quick fox foxaaa,162.9243938064011,SYNTHETIC_ROBUSTNESS
1715,quick brown the data fox theaaaa,163.02397013959802,SYNTHETIC_ROBUSTNESS
1716,compress lazy the dog data quick,163.10517684287424,SYNTHETIC_ROBUSTNESS
1717,quick data compress stream fox s,163.38295325082532,SYNTHETIC_ROBUSTNESS
1718,the jumps compress stream quick ,163.6619735942152,SYNTHETIC_ROBUSTNESS
1719,fox dog the the stream brownaaaa,163.7038378812033,SYNTHETIC_ROBUSTNESS
1720,data brown fox jumps lazy compre,163.76478546498916,SYNTHETIC_ROBUSTNESS
1721,lazy lazy fox the jumps foxaaaaa,163.9219879011774,SYNTHETIC_ROBUSTNESS
1722,quick stream brown over dog quic,164.10772105015732,SYNTHETIC_ROBUSTNESS
1723,the compress the fox stream thea,164.16184417343237,SYNTHETIC_ROBUSTNESS
1724,brown brown compress fox data do,164.2047728221307,SYNTHETIC_ROBUSTNESS
1725,fox dog the the stream brownaaaa,164.37659576940462,SYNTHETIC_ROBUSTNESS
1726,fox compress lazy brown dog thea,164.42389569872486,SYNTHETIC_ROBUSTNESS
1727,the fox over stream fox lazyaaaa,164.47585411765166,SYNTHETIC_ROBUSTNESS
1728,over stream stream quick jumps b,164.4904180351811,SYNTHETIC_ROBUSTNESS
1729,stream data brown data compress ,164.5687140949685,SYNTHETIC_ROBUSTNESS
1730,dog quick dog data stream browna,164.60823311243593,SYNTHETIC_ROBUSTNESS
1731,jumps data dog dog over overaaaa,164.69754101675304,SYNTHETIC_ROBUSTNESS
1732,quick data the stream lazy strea,164.75699962173837,SYNTHETIC_ROBUSTNESS
1733,data quick over lazy stream over,164.89488640744318,SYNTHETIC_ROBUSTNESS
1734,lazy fox stream over data stream,164.9274279682561,SYNTHETIC_ROBUSTNESS
1735,the fox over stream fox lazyaaaa,164.94630212743166,SYNTHETIC_ROBUSTNESS
1736,compress quick lazy over brown s,165.06769089380654,SYNTHETIC_ROBUSTNESS
1737,data dog fox quick fox dogaaaaaa,165.11616237730198,SYNTHETIC_ROBUSTNESS
1738,lazy fox compress compress data ,165.19908279901844,SYNTHETIC_ROBUSTNESS
1739,quick lazy stream over data thea,165.4822211519692,SYNTHETIC_ROBUSTNESS
1740,jumps brown data dog dog brownaa,165.54840416290952,SYNTHETIC_ROBUSTNESS
1741,brown brown over stream stream s,165.56493787957973,SYNTHETIC_ROBUSTNESS
1742,stream the brown jumps dog jumps,165.62057310628978,SYNTHETIC_ROBUSTNESS
1743,jumps quick lazy lazy over strea,165.68568364667723,SYNTHETIC_ROBUSTNESS
1744,data brown compress dog the lazy,165.8309178373447,SYNTHETIC_ROBUSTNESS
1745,stream fox data brown data quick,165.85263252601194,SYNTHETIC_ROBUSTNESS
1746,stream fox data quick stream fox,165.89523529882806,SYNTHETIC_ROBUSTNESS
1747,stream the brown jumps dog jumps,165.900367609318,SYNTHETIC_ROBUSTNESS
1748,lazy jumps data jumps over theaa,166.02142638327217,SYNTHETIC_ROBUSTNESS
1749,compress jumps compress stream t,166.15765774204985,SYNTHETIC_ROBUSTNESS
1750,compress compress quick brown st,166.21875758703987,SYNTHETIC_ROBUSTNESS
1751,jumps over the lazy lazy overaaa,166.29603479397034,SYNTHETIC_ROBUSTNESS
1752,jumps over the lazy lazy overaaa,166.43458979308622,SYNTHETIC_ROBUSTNESS
1753,the compress data brown over dog,166.46582845709568,SYNTHETIC_ROBUSTNESS
1754,stream the brown jumps dog jumps,166.5592141910903,SYNTHETIC_ROBUSTNESS
1755,fox over dog compress dog theaaa,166.89141404151687,SYNTHETIC_ROBUSTNESS
1756,data brown fox compress quick co,166.99869908633053,SYNTHETIC_ROBUSTNESS
1757,quick the quick jumps jumps lazy,167.00683203800108,SYNTHETIC_ROBUSTNESS
1758,fox over dog compress dog theaaa,167.04111770509843,SYNTHETIC_ROBUSTNESS
1759,dog data compress quick jumps da,167.11433283081527,SYNTHETIC_ROBUSTNESS
1760,lazy the over quick data theaaaa,167.12187749246283,SYNTHETIC_ROBUSTNESS
1761,the fox lazy compress data jumps,167.2347546914755,SYNTHETIC_ROBUSTNESS
1762,jumps over the lazy lazy overaaa,167.34094768995166,SYNTHETIC_ROBUSTNESS
1763,fox dog the the stream brownaaaa,167.54995644342324,SYNTHETIC_ROBUSTNESS
1764,lazy brown dog over data overaaa,167.61926971912047,SYNTHETIC_ROBUSTNESS
1765,brown over dog compress fox data,167.73708026253243,SYNTHETIC_ROBUSTNESS
1766,stream the brown jumps dog jumps,167.75717178279186,SYNTHETIC_ROBUSTNESS
1767,stream over the lazy quick theaa,167.75745916460704,SYNTHETIC_ROBUSTNESS
1768,the data brown jumps jumps overa,167.77636405742004,SYNTHETIC_ROBUSTNESS
1769,fox over dog compress dog theaaa,167.78278747131944,SYNTHETIC_ROBUSTNESS
1770,stream over stream brown stream ,167.83859981587307,SYNTHETIC_ROBUSTNESS
1771,data brown compress dog the lazy,167.90176802938134,SYNTHETIC_ROBUSTNESS
1772,brown stream jumps jumps jumps l,168.00518335262473,SYNTHETIC_ROBUSTNESS
1773,compress fox dog jumps compress ,168.02035543380885,SYNTHETIC_ROBUSTNESS
1774,the dog over fox lazy lazyaaaaaa,168.04452643054307,SYNTHETIC_ROBUSTNESS
1775,fox brown fox over quick lazyaaa,168.2046367858117,SYNTHETIC_ROBUSTNESS
1776,stream the brown jumps dog jumps,168.29056227407793,SYNTHETIC_ROBUSTNESS
1777,quick dog quick quick lazy quick,168.2935426074411,SYNTHETIC_ROBUSTNESS
1778,the compress over the over theaa,168.48219667007385,SYNTHETIC_ROBUSTNESS
1779,dog stream over lazy compress fo,168.58156937018578,SYNTHETIC_ROBUSTNESS
1780,compress lazy fox over data over,168.60222740662658,SYNTHETIC_ROBUSTNESS
1781,stream compress data over stream,168.63127142605168,SYNTHETIC_ROBUSTNESS
1782,over stream the dog data theaaaa,168.71191363347992,SYNTHETIC_ROBUSTNESS
1783,quick data the brown dog brownaa,168.79419394137673,SYNTHETIC_ROBUSTNESS
1784,jumps brown compress quick compr,168.95776631099096,SYNTHETIC_ROBUSTNESS
1785,quick dog over stream jumps jump,169.00217380333575,SYNTHETIC_ROBUSTNESS
1786,brown the jumps brown dog compre,169.08186983641463,SYNTHETIC_ROBUSTNESS
1787,fox fox over the lazy jumpsaaaaa,169.1692260069438,SYNTHETIC_ROBUSTNESS
1788,stream fox lazy dog jumps quicka,169.25102369953822,SYNTHETIC_ROBUSTNESS
1789,over the data quick lazy dataaaa,169.25859371447845,SYNTHETIC_ROBUSTNESS
1790,the fox over stream fox lazyaaaa,169.31156956607134,SYNTHETIC_ROBUSTNESS
1791,brown dog brown jumps over quick,169.3529521807023,SYNTHETIC_ROBUSTNESS
1792,over lazy quick jumps dog overaa,169.84601061496858,SYNTHETIC_ROBUSTNESS
1793,lazy stream data quick quick dat,169.90868825452685,SYNTHETIC_ROBUSTNESS
1794,over lazy data jumps quick quick,169.96582154942658,SYNTHETIC_ROBUSTNESS
1795,compress brown fox the data foxa,170.03192586995732,SYNTHETIC_ROBUSTNESS
1796,jumps compress lazy data brown q,170.28360595897578,SYNTHETIC_ROBUSTNESS
1797,brown stream over data data thea,170.37814029276961,SYNTHETIC_ROBUSTNESS
1798,over brown brown dog dog brownaa,170.42742959517875,SYNTHETIC_ROBUSTNESS
1799,stream compress lazy stream quic,170.6711297360843,SYNTHETIC_ROBUSTNESS
1800,quick data dog stream the stream,170.93683162191948,SYNTHETIC_ROBUSTNESS
1801,data the quick lazy brown overaa,170.9675266379891,SYNTHETIC_ROBUSTNESS
1802,compress lazy the dog data quick,171.0175145621427,SYNTHETIC_ROBUSTNESS
1803,the dog over fox lazy lazyaaaaaa,171.35701224920976,SYNTHETIC_ROBUSTNESS
1804,compress fox over quick over dog,171.4348933642598,SYNTHETIC_ROBUSTNESS
1805,compress fox brown over brown ov,171.491411879666,SYNTHETIC_ROBUSTNESS
1806,the the lazy compress compress q,171.5131534452826,SYNTHETIC_ROBUSTNESS
1807,over compress data lazy the brow,171.56167554243365,SYNTHETIC_ROBUSTNESS
1808,jumps dog brown jumps brown over,171.6614350372037,SYNTHETIC_ROBUSTNESS
1809,compress quick fox the quick the,171.665382030953,SYNTHETIC_ROBUSTNESS
1810,compress fox brown over brown ov,171.67408021816237,SYNTHETIC_ROBUSTNESS
1811,the lazy jumps fox brown compres,171.67461930915258,SYNTHETIC_ROBUSTNESS
1812,fox over dog compress dog theaaa,171.6993280183413,SYNTHETIC_ROBUSTNESS
1813,jumps brown over lazy quick thea,171.71953875534567,SYNTHETIC_ROBUSTNESS
1814,the dog over fox lazy lazyaaaaaa,171.90979066269765,SYNTHETIC_ROBUSTNESS
1815,lazy quick jumps quick fox strea,171.93027658876576,SYNTHETIC_ROBUSTNESS
1816,the fox over stream fox lazyaaaa,172.03850552014856,SYNTHETIC_ROBUSTNESS
1817,compress brown dog the brown jum,172.05110256887937,SYNTHETIC_ROBUSTNESS
1818,lazy compress dog over over brow,172.1411344085931,SYNTHETIC_ROBUSTNESS
1819,the data stream brown jumps comp,172.19833718502207,SYNTHETIC_ROBUSTNESS
1820,over compress over over the data,172.25087497055011,SYNTHETIC_ROBUSTNESS
1821,dog dog quick the lazy dataaaaaa,172.44506013502303,SYNTHETIC_ROBUSTNESS
1822,data stream over dog the lazyaaa,172.46341870658952,SYNTHETIC_ROBUSTNESS
1823,over fox over dog brown dogaaaaa,172.55385940853034,SYNTHETIC_ROBUSTNESS
1824,the quick fox quick jumps quicka,172.72638023745327,SYNTHETIC_ROBUSTNESS
1825,brown data dog data compress jum,172.85152051472446,SYNTHETIC_ROBUSTNESS
1826,quick quick fox lazy over browna,173.26102992590083,SYNTHETIC_ROBUSTNESS
1827,jumps lazy brown quick data over,173.26124073559532,SYNTHETIC_ROBUSTNESS
1828,dog quick fox lazy fox streamaaa,173.47696747900724,SYNTHETIC_ROBUSTNESS
1829,brown over dog data quick compre,173.5720172351906,SYNTHETIC_ROBUSTNESS
1830,quick over jumps stream data ove,173.5722659974128,SYNTHETIC_ROBUSTNESS
1831,data compress quick dog dog doga,173.6349071963074,SYNTHETIC_ROBUSTNESS
1832,dog dog dog fox brown dogaaaaaaa,173.78076677076572,SYNTHETIC_ROBUSTNESS
1833,quick data the brown dog brownaa,173.80092292049008,SYNTHETIC_ROBUSTNESS
1834,brown jumps jumps compress fox q,173.91439159676457,SYNTHETIC_ROBUSTNESS
1835,compress fox brown over brown ov,173.92943533739353,SYNTHETIC_ROBUSTNESS
1836,the the the compress dog theaaaa,174.09212042091124,SYNTHETIC_ROBUSTNESS
1837,brown lazy stream compress fox l,174.1761607087365,SYNTHETIC_ROBUSTNESS
1838,over lazy dog stream stream lazy,174.17960812022326,SYNTHETIC_ROBUSTNESS
1839,dog compress stream data jumps s,174.18913546609522,SYNTHETIC_ROBUSTNESS
1840,stream brown fox brown quick com,174.38854632643393,SYNTHETIC_ROBUSTNESS
1841,compress lazy the dog data quick,174.39190215132837,SYNTHETIC_ROBUSTNESS
1842,fox dog the the stream brownaaaa,174.42736166200044,SYNTHETIC_ROBUSTNESS
1843,stream stream fox the data quick,174.51104306987878,SYNTHETIC_ROBUSTNESS
1844,fox fox dog fox lazy theaaaaaaaa,174.5350516691611,SYNTHETIC_ROBUSTNESS
1845,fox dog the the stream brownaaaa,174.56044186778226,SYNTHETIC_ROBUSTNESS
1846,quick lazy data stream brown dog,174.7100679754205,SYNTHETIC_ROBUSTNESS
1847,dog dog over fox jumps streamaaa,174.7444571868196,SYNTHETIC_ROBUSTNESS
1848,the dog over fox lazy lazyaaaaaa,174.7483918856777,SYNTHETIC_ROBUSTNESS
1849,brown the fox dog stream theaaaa,174.87608990084198,SYNTHETIC_ROBUSTNESS
1850,quick lazy fox dog jumps dogaaaa,175.1848000322527,SYNTHETIC_ROBUSTNESS
1851,lazy stream jumps lazy jumps dog,175.36313987029348,SYNTHETIC_ROBUSTNESS
1852,dog brown the brown stream theaa,175.44267160038248,SYNTHETIC_ROBUSTNESS
1853,brown dog the data over dogaaaaa,175.49798990938183,SYNTHETIC_ROBUSTNESS
1854,quick jumps lazy over data compr,175.75723709663504,SYNTHETIC_ROBUSTNESS
1855,brown data quick brown the lazya,175.90257690059704,SYNTHETIC_ROBUSTNESS
1856,stream dog dog over brown browna,175.9871268713552,SYNTHETIC_ROBUSTNESS
1857,stream data brown dog lazy lazya,176.19900526691504,SYNTHETIC_ROBUSTNESS
1858,fox dog the the stream brownaaaa,176.29106334990436,SYNTHETIC_ROBUSTNESS
1859,compress fox brown over brown ov,176.6541420196476,SYNTHETIC_ROBUSTNESS
1860,data dog dog compress over quick,176.84953961347952,SYNTHETIC_ROBUSTNESS
1861,fox dog data the lazy streamaaaa,176.92948937223395,SYNTHETIC_ROBUSTNESS
1862,over fox jumps dog the theaaaaaa,177.18567186907885,SYNTHETIC_ROBUSTNESS
1863,quick fox data fox fox dataaaaaa,177.22759363639207,SYNTHETIC_ROBUSTNESS
1864,quick dog brown lazy dog brownaa,177.3483004023565,SYNTHETIC_ROBUSTNESS
1865,the dog over fox lazy lazyaaaaaa,177.3670871654803,SYNTHETIC_ROBUSTNESS
1866,the dog over fox lazy lazyaaaaaa,177.5928148018303,SYNTHETIC_ROBUSTNESS
1867,quick data dog jumps quick strea,177.62132336642406,SYNTHETIC_ROBUSTNESS
1868,compress over jumps compress qui,177.9189800996653,SYNTHETIC_ROBUSTNESS
1869,compress over brown the stream b,177.92069384651367,SYNTHETIC_ROBUSTNESS
1870,lazy over brown the stream theaa,178.0352129589484,SYNTHETIC_ROBUSTNESS
1871,fox over dog compress dog theaaa,178.0514714603167,SYNTHETIC_ROBUSTNESS
1872,fox dog the the stream brownaaaa,178.19879249517263,SYNTHETIC_ROBUSTNESS
1873,quick data the brown dog brownaa,178.26650136236856,SYNTHETIC_ROBUSTNESS
1874,lazy compress data quick jumps c,178.5069080681031,SYNTHETIC_ROBUSTNESS
1875,fox brown over fox dog theaaaaaa,178.63245896503383,SYNTHETIC_ROBUSTNESS
1876,stream the the fox dog dataaaaaa,178.77867547181864,SYNTHETIC_ROBUSTNESS
1877,over fox fox fox jumps overaaaaa,178.79151329758247,SYNTHETIC_ROBUSTNESS
1878,data brown compress dog the lazy,178.8016679895091,SYNTHETIC_ROBUSTNESS
1879,the dog over fox lazy lazyaaaaaa,178.99175248436256,SYNTHETIC_ROBUSTNESS
1880,quick brown over quick lazy quic,179.0173416099944,SYNTHETIC_ROBUSTNESS
1881,fox over dog compress dog theaaa,179.2190384948434,SYNTHETIC_ROBUSTNESS
1882,quick data the brown dog brownaa,179.23441635245578,SYNTHETIC_ROBUSTNESS
1883,jumps over the lazy lazy overaaa,179.2712985200331,SYNTHETIC_ROBUSTNESS
1884,brown data the brown brown strea,179.5354387486853,SYNTHETIC_ROBUSTNESS
1885,fox over dog compress dog theaaa,179.7185206960577,SYNTHETIC_ROBUSTNESS
1886,stream data compress fox the laz,179.72409761980225,SYNTHETIC_ROBUSTNESS
1887,quick data lazy fox quick dataaa,179.78353600953992,SYNTHETIC_ROBUSTNESS
1888,quick over the jumps stream data,180.02418383604999,SYNTHETIC_ROBUSTNESS
1889,brown quick jumps over data doga,180.02567061829666,SYNTHETIC_ROBUSTNESS
1890,quick jumps lazy over compress f,180.0370232713024,SYNTHETIC_ROBUSTNESS
1891,jumps fox the over over lazyaaaa,180.14064221436828,SYNTHETIC_ROBUSTNESS
1892,brown dog jumps fox stream brown,180.15173352497027,SYNTHETIC_ROBUSTNESS
1893,the lazy brown lazy quick quicka,180.21130622075117,SYNTHETIC_ROBUSTNESS
1894,fox dog the the stream brownaaaa,180.28219786355018,SYNTHETIC_ROBUSTNESS
1895,the dog over fox lazy lazyaaaaaa,180.4789907879845,SYNTHETIC_ROBUSTNESS
1896,data brown compress dog the lazy,180.79455934425454,SYNTHETIC_ROBUSTNESS
1897,jumps data quick compress brown ,180.8663506681685,SYNTHETIC_ROBUSTNESS
1898,fox dog jumps the stream streama,180.93775921904836,SYNTHETIC_ROBUSTNESS
1899,compress quick stream over jumps,181.0675126279285,SYNTHETIC_ROBUSTNESS
1900,lazy dog data dog fox quickaaaaa,181.08889466971954,SYNTHETIC_ROBUSTNESS
1901,data compress brown fox stream q,181.37167697856927,SYNTHETIC_ROBUSTNESS
1902,data brown compress dog the lazy,181.37179694294306,SYNTHETIC_ROBUSTNESS
1903,fox stream brown lazy over foxaa,181.37197649104147,SYNTHETIC_ROBUSTNESS
1904,fox quick brown quick fox jumpsa,181.470237270891,SYNTHETIC_ROBUSTNESS
1905,data brown compress dog the lazy,181.51201402206325,SYNTHETIC_ROBUSTNESS
1906,dog lazy lazy brown dog dogaaaaa,181.56278295016972,SYNTHETIC_ROBUSTNESS
1907,compress lazy the dog data quick,181.58781350936982,SYNTHETIC_ROBUSTNESS
1908,the dog over fox lazy lazyaaaaaa,181.64020500053414,SYNTHETIC_ROBUSTNESS
1909,brown quick over brown the overa,181.81622128089558,SYNTHETIC_ROBUSTNESS
1910,quick quick stream data quick th,181.9363686898306,SYNTHETIC_ROBUSTNESS
1911,compress fox brown over brown ov,181.94631247165285,SYNTHETIC_ROBUSTNESS
1912,dog jumps the dog dog streamaaaa,181.95214742568692,SYNTHETIC_ROBUSTNESS
1913,stream brown brown brown over fo,182.0227084373135,SYNTHETIC_ROBUSTNESS
1914,fox dog lazy brown brown overaaa,182.15370140315093,SYNTHETIC_ROBUSTNESS
1915,dog dog over stream jumps stream,182.26291147736757,SYNTHETIC_ROBUSTNESS
1916,stream compress brown stream dat,182.46250588588074,SYNTHETIC_ROBUSTNESS
1917,jumps over the lazy lazy overaaa,182.47680804185052,SYNTHETIC_ROBUSTNESS
1918,compress lazy the dog data quick,182.56988571600058,SYNTHETIC_ROBUSTNESS
1919,jumps quick lazy dog fox overaaa,182.71513534936398,SYNTHETIC_ROBUSTNESS
1920,lazy dog the stream lazy jumpsaa,182.992940974409,SYNTHETIC_ROBUSTNESS
1921,dog lazy brown the fox lazyaaaaa,183.0035751894043,SYNTHETIC_ROBUSTNESS
1922,compress compress data lazy fox ,183.03097176016973,SYNTHETIC_ROBUSTNESS
1923,quick jumps jumps dog over strea,183.0747589325914,SYNTHETIC_ROBUSTNESS
1924,lazy quick dog jumps lazy foxaaa,183.15257508063365,SYNTHETIC_ROBUSTNESS
1925,compress fox brown over brown ov,183.20510340976705,SYNTHETIC_ROBUSTNESS
1926,data brown compress dog the lazy,183.40251595695895,SYNTHETIC_ROBUSTNESS
1927,fox quick quick quick compress d,183.70314865267648,SYNTHETIC_ROBUSTNESS
1928,data dog quick compress the quic,183.7104141799813,SYNTHETIC_ROBUSTNESS
1929,lazy jumps the compress the quic,183.83070506114058,SYNTHETIC_ROBUSTNESS
1930,stream quick data the quick data,183.8428397473547,SYNTHETIC_ROBUSTNESS
1931,data lazy jumps the lazy quickaa,184.07107403685848,SYNTHETIC_ROBUSTNESS
1932,lazy dog compress data brown ove,184.08640064071753,SYNTHETIC_ROBUSTNESS
1933,quick data the brown dog brownaa,184.56330150456725,SYNTHETIC_ROBUSTNESS
1934,fox dog the the stream brownaaaa,184.61911947361747,SYNTHETIC_ROBUSTNESS
1935,the stream fox fox fox dataaaaaa,184.6672359431281,SYNTHETIC_ROBUSTNESS
1936,data brown compress dog the lazy,184.7554926464497,SYNTHETIC_ROBUSTNESS
1937,quick data the brown dog brownaa,184.80563901094854,SYNTHETIC_ROBUSTNESS
1938,lazy the compress lazy jumps the,184.83238691206805,SYNTHETIC_ROBUSTNESS
1939,jumps lazy data data compress co,184.9315810132438,SYNTHETIC_ROBUSTNESS
1940,stream the brown jumps dog jumps,185.0619100998796,SYNTHETIC_ROBUSTNESS
1941,over data stream data fox lazyaa,185.35253876226557,SYNTHETIC_ROBUSTNESS
1942,brown brown compress dog compres,185.40515275940157,SYNTHETIC_ROBUSTNESS
1943,compress fox brown over brown ov,185.5274931075623,SYNTHETIC_ROBUSTNESS
1944,jumps quick stream brown fox laz,185.70683129595056,SYNTHETIC_ROBUSTNESS
1945,compress jumps brown over compre,185.88484432062342,SYNTHETIC_ROBUSTNESS
1946,fox dog the the stream brownaaaa,185.8883314336675,SYNTHETIC_ROBUSTNESS
1947,compress lazy the dog data quick,185.9322908760376,SYNTHETIC_ROBUSTNESS
1948,the lazy jumps stream brown foxa,185.9336417959252,SYNTHETIC_ROBUSTNESS
1949,data lazy lazy quick quick compr,186.01553096053462,SYNTHETIC_ROBUSTNESS
1950,over quick quick quick the theaa,186.21584601532876,SYNTHETIC_ROBUSTNESS
1951,quick the stream jumps stream da,186.38454166433596,SYNTHETIC_ROBUSTNESS
1952,dog jumps lazy compress lazy laz,186.55127462704075,SYNTHETIC_ROBUSTNESS
1953,brown data lazy lazy jumps theaa,186.59463577953022,SYNTHETIC_ROBUSTNESS
1954,stream the brown jumps dog jumps,186.5993795012679,SYNTHETIC_ROBUSTNESS
1955,brown data fox quick the streama,186.6183041759327,SYNTHETIC_ROBUSTNESS
1956,jumps compress over quick quick ,186.72938016087858,SYNTHETIC_ROBUSTNESS
1957,over fox compress brown stream o,186.74374904650418,SYNTHETIC_ROBUSTNESS
1958,fox over dog compress dog theaaa,186.75713972055334,SYNTHETIC_ROBUSTNESS
1959,fox over dog compress dog theaaa,186.80078503812254,SYNTHETIC_ROBUSTNESS
1960,the dog over fox lazy lazyaaaaaa,186.81071568462738,SYNTHETIC_ROBUSTNESS
1961,data dog stream fox jumps stream,186.85073122888556,SYNTHETIC_ROBUSTNESS
1962,the dog quick compress brown dat,187.20036774333818,SYNTHETIC_ROBUSTNESS
1963,compress brown stream dog brown ,187.20238302529486,SYNTHETIC_ROBUSTNESS
1964,jumps the dog data quick compres,187.37989851869673,SYNTHETIC_ROBUSTNESS
1965,compress fox brown over brown ov,187.88538330631303,SYNTHETIC_ROBUSTNESS
1966,brown compress brown fox brown d,187.9427252920041,SYNTHETIC_ROBUSTNESS
1967,lazy data brown over jumps compr,188.22929287847424,SYNTHETIC_ROBUSTNESS
1968,over dog brown jumps quick dogaa,188.25955821951158,SYNTHETIC_ROBUSTNESS
1969,stream jumps stream lazy stream ,188.6629620374345,SYNTHETIC_ROBUSTNESS
1970,lazy brown the stream compress d,188.8606875872467,SYNTHETIC_ROBUSTNESS
1971,compress fox brown over brown ov,189.07670726493126,SYNTHETIC_ROBUSTNESS
1972,brown compress over quick brown ,189.0906792705202,SYNTHETIC_ROBUSTNESS
1973,compress stream fox lazy the str,189.2947493786304,SYNTHETIC_ROBUSTNESS
1974,over stream jumps quick over dog,189.57917588172998,SYNTHETIC_ROBUSTNESS
1975,over stream dog data fox lazyaaa,189.7501282178056,SYNTHETIC_ROBUSTNESS
1976,brown quick jumps over stream th,189.7597092908687,SYNTHETIC_ROBUSTNESS
1977,fox dog the the stream brownaaaa,189.7685680034596,SYNTHETIC_ROBUSTNESS
1978,data stream data quick brown bro,189.81282334810427,SYNTHETIC_ROBUSTNESS
1979,quick stream compress lazy over ,189.93487614602012,SYNTHETIC_ROBUSTNESS
1980,stream over over data fox foxaaa,189.93612924746043,SYNTHETIC_ROBUSTNESS
1981,stream lazy stream lazy stream l,190.2370023794805,SYNTHETIC_ROBUSTNESS
1982,data brown compress dog the lazy,190.31154105407222,SYNTHETIC_ROBUSTNESS
1983,compress data over the brown laz,190.35591578131448,SYNTHETIC_ROBUSTNESS
1984,the stream lazy jumps the jumpsa,190.4382935293863,SYNTHETIC_ROBUSTNESS
1985,the brown brown stream fox brown,190.5640963789304,SYNTHETIC_ROBUSTNESS
1986,compress lazy the dog data quick,190.59601765540478,SYNTHETIC_ROBUSTNESS
1987,over dog the fox lazy dataaaaaaa,190.6304250718361,SYNTHETIC_ROBUSTNESS
1988,fox compress the data dog quicka,190.69356949879142,SYNTHETIC_ROBUSTNESS
1989,lazy jumps lazy brown dog lazyaa,190.80441477149512,SYNTHETIC_ROBUSTNESS
1990,jumps lazy fox stream brown stre,190.92695836632024,SYNTHETIC_ROBUSTNESS
1991,jumps over compress quick quick ,190.96612296557814,SYNTHETIC_ROBUSTNESS
1992,the fox over stream fox lazyaaaa,191.00505629237082,SYNTHETIC_ROBUSTNESS
1993,the fox over stream fox lazyaaaa,191.0718254360835,SYNTHETIC_ROBUSTNESS
1994,quick data the brown dog brownaa,191.14989695109247,SYNTHETIC_ROBUSTNESS
1995,over compress lazy brown stream ,191.25471191346594,SYNTHETIC_ROBUSTNESS
1996,dog lazy jumps over data quickaa,191.35086940981353,SYNTHETIC_ROBUSTNESS
1997,jumps brown dog lazy lazy compre,191.39747342069268,SYNTHETIC_ROBUSTNESS
1998,data brown compress dog the lazy,191.43269715690357,SYNTHETIC_ROBUSTNESS
1999,data brown compress quick quick ,191.46950270132362,SYNTHETIC_ROBUSTNESS
