msg_id,text,timestamp,source_type
0,lazy the over data compress data over fox lazy stream the over over dog lazy compress quick stream compress compress brown brown,0.1199593025996732,SYNTHETIC_ROBUSTNESS
1,stream jumps fox data lazy brown stream jumps data compress the fox dog quick lazy over quick the fox brown dog data fox compres,0.24917066523741588,SYNTHETIC_ROBUSTNESS
2,compress lazy compress dog stream brown lazy data lazy dog brown jumps stream dog brown compress data lazy the over brown lazy o,0.283798509734914,SYNTHETIC_ROBUSTNESS
3,compress quick the quick stream dog over over quick compress quick compress compress dog compress fox data data quick compress s,0.44802476307450084,SYNTHETIC_ROBUSTNESS
4,stream compress compress compress data data over jumps the data lazy lazy brown quick the compress the the quick stream compress,0.7403485788463708,SYNTHETIC_ROBUSTNESS
5,lazy compress the over over over dog jumps stream fox brown lazy quick jumps dog brown data brown the jumps the fox brown dog st,0.7865284942054094,SYNTHETIC_ROBUSTNESS
6,stream compress compress compress data data over jumps the data lazy lazy brown quick the compress the the quick stream compress,0.9669214511304125,SYNTHETIC_ROBUSTNESS
7,data over the brown data fox over brown brown data brown over compress fox jumps over dog over stream stream fox data the jumps ,1.114779880513736,SYNTHETIC_ROBUSTNESS
8,lazy the over data compress data over fox lazy stream the over over dog lazy compress quick stream compress compress brown brown,1.2038411731990069,SYNTHETIC_ROBUSTNESS
9,fox lazy quick dog compress dog data fox data brown stream quick the data brown fox over compress quick over stream compress qui,1.2496670171583708,SYNTHETIC_ROBUSTNESS
10,jumps compress the lazy the the jumps the fox dog stream dog data compress quick jumps lazy the data lazy lazy fox quick stream ,1.303313039515265,SYNTHETIC_ROBUSTNESS
11,dog fox the dog dog lazy brown quick lazy fox brown jumps quick brown fox dog lazy data stream data jumps quick data compress st,1.3400734154791885,SYNTHETIC_ROBUSTNESS
12,lazy brown lazy stream dog the jumps compress compress stream quick dog brown over quick fox lazy jumps compress over dog quick ,1.3956331369362673,SYNTHETIC_ROBUSTNESS
13,data fox stream data quick compress quick jumps jumps lazy brown brown lazy quick the data fox data brown compress brown quick l,1.8524872497779734,SYNTHETIC_ROBUSTNESS
14,over quick quick fox jumps stream jumps the quick brown data brown dog dog compress over data lazy quick data over lazy jumps co,1.8976509463166122,SYNTHETIC_ROBUSTNESS
15,lazy the over data compress data over fox lazy stream the over over dog lazy compress quick stream compress compress brown brown,2.0071657021601674,SYNTHETIC_ROBUSTNESS
16,over over brown lazy fox dog quick fox brown over jumps brown stream jumps over over compress dog dog stream stream compress laz,2.0456740895301513,SYNTHETIC_ROBUSTNESS
17,compress dog dog dog brown stream quick quick the dog jumps over stream lazy stream quick fox over dog jumps stream lazy fox jum,2.108531405977061,SYNTHETIC_ROBUSTNESS
18,data the stream stream jumps jumps fox the data lazy brown the data compress dog fox fox quick stream compress lazy over over do,2.117280627788764,SYNTHETIC_ROBUSTNESS
19,data the stream stream jumps jumps fox the data lazy brown the data compress dog fox fox quick stream compress lazy over over do,2.2613490241574246,SYNTHETIC_ROBUSTNESS
20,stream compress compress compress data data over jumps the data lazy lazy brown quick the compress the the quick stream compress,2.369531753151249,SYNTHETIC_ROBUSTNESS
21,compress over stream stream compress quick over compress fox the jumps lazy lazy the jumps jumps lazy lazy brown brown data quic,2.4122238695546416,SYNTHETIC_ROBUSTNESS
22,compress lazy compress dog stream brown lazy data lazy dog brown jumps stream dog brown compress data lazy the over brown lazy o,2.4866352239023692,SYNTHETIC_ROBUSTNESS
23,compress lazy compress dog stream brown lazy data lazy dog brown jumps stream dog brown compress data lazy the over brown lazy o,2.69238118516083,SYNTHETIC_ROBUSTNESS
24,lazy the over data compress data over fox lazy stream the over over dog lazy compress quick stream compress compress brown brown,2.696926195145219,SYNTHETIC_ROBUSTNESS
25,over over brown lazy fox dog quick fox brown over jumps brown stream jumps over over compress dog dog stream stream compress laz,2.96316195916901,SYNTHETIC_ROBUSTNESS
26,compress lazy compress dog stream brown lazy data lazy dog brown jumps stream dog brown compress data lazy the over brown lazy o,3.0268007687245735,SYNTHETIC_ROBUSTNESS
27,data the stream stream jumps jumps fox the data lazy brown the data compress dog fox fox quick stream compress lazy over over do,3.223166217863642,SYNTHETIC_ROBUSTNESS
28,stream compress compress compress data data over jumps the data lazy lazy brown quick the compress the the quick stream compress,3.420842385219721,SYNTHETIC_ROBUSTNESS
29,stream compress compress compress data data over jumps the data lazy lazy brown quick the compress the the quick stream compress,3.426893027510179,SYNTHETIC_ROBUSTNESS
30,over over brown lazy fox dog quick fox brown over jumps brown stream jumps over over compress dog dog stream stream compress laz,3.5790332456557934,SYNTHETIC_ROBUSTNESS
31,compress lazy compress dog stream brown lazy data lazy dog brown jumps stream dog brown compress data lazy the over brown lazy o,3.71103425191462,SYNTHETIC_ROBUSTNESS
32,fox lazy quick dog compress dog data fox data brown stream quick the data brown fox over compress quick over stream compress qui,3.71544966706035,SYNTHETIC_ROBUSTNESS
33,data over the brown data fox over brown brown data brown over compress fox jumps over dog over stream stream fox data the jumps ,3.9976912316251108,SYNTHETIC_ROBUSTNESS
34,jumps lazy compress dog over data stream stream jumps fox data compress compress jumps stream quick dog stream quick data brown ,4.098353329753911,SYNTHETIC_ROBUSTNESS
35,quick brown over the compress jumps dog quick jumps stream lazy jumps compress lazy data data the lazy stream data data the over,4.116689620668423,SYNTHETIC_ROBUSTNESS
36,data the stream stream jumps jumps fox the data lazy brown the data compress dog fox fox quick stream compress lazy over over do,4.129825532539996,SYNTHETIC_ROBUSTNESS
37,brown the the jumps compress over quick the stream stream the compress the brown lazy compress data quick over the fox lazy quic,4.2123730034599385,SYNTHETIC_ROBUSTNESS
38,fox lazy quick dog compress dog data fox data brown stream quick the data brown fox over compress quick over stream compress qui,4.218436606248004,SYNTHETIC_ROBUSTNESS
39,lazy the over data compress data over fox lazy stream the over over dog lazy compress quick stream compress compress brown brown,4.236398291397725,SYNTHETIC_ROBUSTNESS
40,fox stream the data stream dog dog the dog stream data dog compress fox quick quick data compress over data brown lazy lazy over,4.532922876857781,SYNTHETIC_ROBUSTNESS
41,jumps jumps lazy the fox jumps the fox dog stream data brown fox brown brown dog quick dog lazy the over fox lazy over compressa,4.669470477813733,SYNTHETIC_ROBUSTNESS
42,jumps over lazy lazy fox the over the brown jumps brown over data lazy the over jumps lazy over quick lazy dog compress dog quic,4.764530001886959,SYNTHETIC_ROBUSTNESS
43,over over brown lazy fox dog quick fox brown over jumps brown stream jumps over over compress dog dog stream stream compress laz,4.7879529321664975,SYNTHETIC_ROBUSTNESS
44,over over brown lazy fox dog quick fox brown over jumps brown stream jumps over over compress dog dog stream stream compress laz,4.812608968248553,SYNTHETIC_ROBUSTNESS
45,quick brown over the compress jumps dog quick jumps stream lazy jumps compress lazy data data the lazy stream data data the over,4.871637224380731,SYNTHETIC_ROBUSTNESS
46,compress lazy compress dog stream brown lazy data lazy dog brown jumps stream dog brown compress data lazy the over brown lazy o,5.011901660491235,SYNTHETIC_ROBUSTNESS
47,brown the the jumps compress over quick the stream stream the compress the brown lazy compress data quick over the fox lazy quic,5.012295395017448,SYNTHETIC_ROBUSTNESS
48,fox lazy quick dog compress dog data fox data brown stream quick the data brown fox over compress quick over stream compress qui,5.016823929340454,SYNTHETIC_ROBUSTNESS
49,stream compress compress compress data data over jumps the data lazy lazy brown quick the compress the the quick stream compress,5.220931911197523,SYNTHETIC_ROBUSTNESS
50,quick brown over the compress jumps dog quick jumps stream lazy jumps compress lazy data data the lazy stream data data the over,5.389168090887084,SYNTHETIC_ROBUSTNESS
51,compress jumps over lazy data lazy dog compress jumps fox compress dog over jumps quick jumps brown dog lazy quick the jumps qui,5.5078079554047585,SYNTHETIC_ROBUSTNESS
52,over over brown lazy fox dog quick fox brown over jumps brown stream jumps over over compress dog dog stream stream compress laz,5.577029119573816,SYNTHETIC_ROBUSTNESS
53,quick over quick compress data compress data lazy the fox fox fox fox data over brown over lazy dog compress data lazy over jump,5.592709329499584,SYNTHETIC_ROBUSTNESS
54,quick compress quick fox jumps brown compress dog over brown jumps compress fox brown fox data lazy jumps data brown brown brown,5.603493821790071,SYNTHETIC_ROBUSTNESS
55,compress jumps over lazy data lazy dog compress jumps fox compress dog over jumps quick jumps brown dog lazy quick the jumps qui,5.839278581421221,SYNTHETIC_ROBUSTNESS
56,data over the brown data fox over brown brown data brown over compress fox jumps over dog over stream stream fox data the jumps ,5.8874897392995935,SYNTHETIC_ROBUSTNESS
57,data jumps data compress fox quick jumps over compress lazy quick jumps compress fox jumps fox stream data the data jumps brown ,6.006471294335468,SYNTHETIC_ROBUSTNESS
58,brown the the jumps compress over quick the stream stream the compress the brown lazy compress data quick over the fox lazy quic,6.067388316364172,SYNTHETIC_ROBUSTNESS
59,compress lazy compress dog stream brown lazy data lazy dog brown jumps stream dog brown compress data lazy the over brown lazy o,6.198666285953926,SYNTHETIC_ROBUSTNESS
60,compress data stream data lazy quick the compress fox stream quick the fox jumps jumps fox compress lazy over quick brown over d,6.220147729613415,SYNTHETIC_ROBUSTNESS
61,compress fox fox the stream stream fox stream lazy fox the stream the stream lazy data over jumps dog jumps over over dog quick ,6.286422703430221,SYNTHETIC_ROBUSTNESS
62,stream compress compress compress data data over jumps the data lazy lazy brown quick the compress the the quick stream compress,6.333722129583622,SYNTHETIC_ROBUSTNESS
63,data over the brown data fox over brown brown data brown over compress fox jumps over dog over stream stream fox data the jumps ,6.361832995456009,SYNTHETIC_ROBUSTNESS
64,jumps over the the the data the stream data fox dog lazy brown lazy brown lazy dog compress brown brown dog dog the fox theaaaaa,6.452891484028377,SYNTHETIC_ROBUSTNESS
65,data the stream stream jumps jumps fox the data lazy brown the data compress dog fox fox quick stream compress lazy over over do,6.529888538725483,SYNTHETIC_ROBUSTNESS
66,compress jumps over lazy data lazy dog compress jumps fox compress dog over jumps quick jumps brown dog lazy quick the jumps qui,6.59834519475041,SYNTHETIC_ROBUSTNESS
67,data the stream stream jumps jumps fox the data lazy brown the data compress dog fox fox quick stream compress lazy over over do,6.687774329305858,SYNTHETIC_ROBUSTNESS
68,brown the the jumps compress over quick the stream stream the compress the brown lazy compress data quick over the fox lazy quic,6.703151327661482,SYNTHETIC_ROBUSTNESS
69,quick fox stream data compress lazy fox the compress stream stream dog brown the lazy compress brown lazy dog brown lazy dog fox,6.749441948693005,SYNTHETIC_ROBUSTNESS
70,data over the brown data fox over brown brown data brown over compress fox jumps over dog over stream stream fox data the jumps ,6.788697963353342,SYNTHETIC_ROBUSTNESS
71,brown over stream dog jumps the quick fox dog data dog lazy data the quick lazy lazy over dog brown lazy dog compress over foxaa,6.935307688768297,SYNTHETIC_ROBUSTNESS
72,compress jumps over lazy data lazy dog compress jumps fox compress dog over jumps quick jumps brown dog lazy quick the jumps qui,6.938945468369893,SYNTHETIC_ROBUSTNESS
73,data over the brown data fox over brown brown data brown over compress fox jumps over dog over stream stream fox data the jumps ,6.972064442727904,SYNTHETIC_ROBUSTNESS
74,over over brown lazy fox dog quick fox brown over jumps brown stream jumps over over compress dog dog stream stream compress laz,7.222527606403291,SYNTHETIC_ROBUSTNESS
75,compress jumps over lazy data lazy dog compress jumps fox compress dog over jumps quick jumps brown dog lazy quick the jumps qui,7.258245206049942,SYNTHETIC_ROBUSTNESS
76,fox lazy quick dog compress dog data fox data brown stream quick the data brown fox over compress quick over stream compress qui,7.274720816772806,SYNTHETIC_ROBUSTNESS
77,fox lazy quick dog compress dog data fox data brown stream quick the data brown fox over compress quick over stream compress qui,7.416332439895727,SYNTHETIC_ROBUSTNESS
78,stream stream over dog data brown data lazy the fox stream jumps stream over data over brown compress fox compress quick dog com,7.421235099113047,SYNTHETIC_ROBUSTNESS
79,fox over data fox brown jumps quick dog quick lazy lazy brown data lazy fox quick stream over fox dog quick compress the brown l,7.476803425884751,SYNTHETIC_ROBUSTNESS
80,over over brown lazy fox dog quick fox brown over jumps brown stream jumps over over compress dog dog stream stream compress laz,7.670152615212615,SYNTHETIC_ROBUSTNESS
81,quick brown over the compress jumps dog quick jumps stream lazy jumps compress lazy data data the lazy stream data data the over,7.978270326409756,SYNTHETIC_ROBUSTNESS
82,over over brown lazy fox dog quick fox brown over jumps brown stream jumps over over compress dog dog stream stream compress laz,8.00690791991895,SYNTHETIC_ROBUSTNESS
83,over over brown lazy fox dog quick fox brown over jumps brown stream jumps over over compress dog dog stream stream compress laz,8.042034342715906,SYNTHETIC_ROBUSTNESS
84,compress lazy compress dog stream brown lazy data lazy dog brown jumps stream dog brown compress data lazy the over brown lazy o,8.125794106524504,SYNTHETIC_ROBUSTNESS
85,compress lazy compress dog stream brown lazy data lazy dog brown jumps stream dog brown compress data lazy the over brown lazy o,8.151483733233107,SYNTHETIC_ROBUSTNESS
86,quick lazy lazy quick quick compress lazy brown stream lazy quick jumps dog fox data quick fox the lazy brown compress jumps laz,8.167823201759468,SYNTHETIC_ROBUSTNESS
87,fox lazy quick dog compress dog data fox data brown stream quick the data brown fox over compress quick over stream compress qui,8.223332569007558,SYNTHETIC_ROBUSTNESS
88,jumps the stream data lazy data the jumps lazy lazy stream the data dog data quick data brown stream stream over dog dog fox fox,8.230831659910663,SYNTHETIC_ROBUSTNESS
89,jumps the quick quick the the brown jumps dog compress jumps fox quick stream stream over jumps quick quick data jumps stream co,8.455471014013664,SYNTHETIC_ROBUSTNESS
90,data over the brown data fox over brown brown data brown over compress fox jumps over dog over stream stream fox data the jumps ,8.49614710203074,SYNTHETIC_ROBUSTNESS
91,lazy the over data compress data over fox lazy stream the over over dog lazy compress quick stream compress compress brown brown,8.537137213995205,SYNTHETIC_ROBUSTNESS
92,brown the the jumps compress over quick the stream stream the compress the brown lazy compress data quick over the fox lazy quic,8.693857999291431,SYNTHETIC_ROBUSTNESS
93,compress lazy compress dog stream brown lazy data lazy dog brown jumps stream dog brown compress data lazy the over brown lazy o,8.735644418910585,SYNTHETIC_ROBUSTNESS
94,compress jumps over lazy data lazy dog compress jumps fox compress dog over jumps quick jumps brown dog lazy quick the jumps qui,8.878734627221888,SYNTHETIC_ROBUSTNESS
95,stream compress compress compress data data over jumps the data lazy lazy brown quick the compress the the quick stream compress,8.898731301041709,SYNTHETIC_ROBUSTNESS
96,fox lazy quick dog compress dog data fox data brown stream quick the data brown fox over compress quick over stream compress qui,8.974018543439433,SYNTHETIC_ROBUSTNESS
97,fox lazy quick dog compress dog data fox data brown stream quick the data brown fox over compress quick over stream compress qui,9.120341038534416,SYNTHETIC_ROBUSTNESS
98,compress jumps over lazy data lazy dog compress jumps fox compress dog over jumps quick jumps brown dog lazy quick the jumps qui,9.180106395388282,SYNTHETIC_ROBUSTNESS
99,quick brown over the compress jumps dog quick jumps stream lazy jumps compress lazy data data the lazy stream data data the over,9.187558629614935,SYNTHETIC_ROBUSTNESS
100,compress lazy compress dog stream brown lazy data lazy dog brown jumps stream dog brown compress data lazy the over brown lazy o,9.321081631797872,SYNTHETIC_ROBUSTNESS
101,dog data dog lazy over fox compress fox stream quick the over data compress brown over stream fox dog data over the jumps stream,9.389214658172877,SYNTHETIC_ROBUSTNESS
102,brown the the jumps compress over quick the stream stream the compress the brown lazy compress data quick over the fox lazy quic,9.427255249534024,SYNTHETIC_ROBUSTNESS
103,quick jumps jumps stream compress brown jumps fox quick fox fox over brown brown jumps lazy fox data jumps fox fox compress over,9.920563454229827,SYNTHETIC_ROBUSTNESS
104,quick brown over the compress jumps dog quick jumps stream lazy jumps compress lazy data data the lazy stream data data the over,10.1293690889951,SYNTHETIC_ROBUSTNESS
105,fox lazy quick dog compress dog data fox data brown stream quick the data brown fox over compress quick over stream compress qui,10.13322472753833,SYNTHETIC_ROBUSTNESS
106,brown the the jumps compress over quick the stream stream the compress the brown lazy compress data quick over the fox lazy quic,10.223279761516393,SYNTHETIC_ROBUSTNESS
107,compress lazy compress dog stream brown lazy data lazy dog brown jumps stream dog brown compress data lazy the over brown lazy o,10.26706341669642,SYNTHETIC_ROBUSTNESS
108,quick brown over the compress jumps dog quick jumps stream lazy jumps compress lazy data data the lazy stream data data the over,10.270875687974446,SYNTHETIC_ROBUSTNESS
109,compress lazy compress dog stream brown lazy data lazy dog brown jumps stream dog brown compress data lazy the over brown lazy o,10.272011820277747,SYNTHETIC_ROBUSTNESS
110,stream compress compress compress data data over jumps the data lazy lazy brown quick the compress the the quick stream compress,10.359660613734723,SYNTHETIC_ROBUSTNESS
111,compress jumps over lazy data lazy dog compress jumps fox compress dog over jumps quick jumps brown dog lazy quick the jumps qui,10.398246078273948,SYNTHETIC_ROBUSTNESS
112,quick brown over the compress jumps dog quick jumps stream lazy jumps compress lazy data data the lazy stream data data the over,10.519754915833447,SYNTHETIC_ROBUSTNESS
113,compress lazy compress dog stream brown lazy data lazy dog brown jumps stream dog brown compress data lazy the over brown lazy o,10.580345734589775,SYNTHETIC_ROBUSTNESS
114,compress lazy compress dog stream brown lazy data lazy dog brown jumps stream dog brown compress data lazy the over brown lazy o,10.725802009491481,SYNTHETIC_ROBUSTNESS
115,compress jumps over lazy data lazy dog compress jumps fox compress dog over jumps quick jumps brown dog lazy quick the jumps qui,10.893501566643465,SYNTHETIC_ROBUSTNESS
116,fox lazy quick dog compress dog data fox data brown stream quick the data brown fox over compress quick over stream compress qui,11.000572412840542,SYNTHETIC_ROBUSTNESS
117,compress jumps over lazy data lazy dog compress jumps fox compress dog over jumps quick jumps brown dog lazy quick the jumps qui,11.054696189628096,SYNTHETIC_ROBUSTNESS
118,over over brown lazy fox dog quick fox brown over jumps brown stream jumps over over compress dog dog stream stream compress laz,11.501039386316021,SYNTHETIC_ROBUSTNESS
119,lazy the over data compress data over fox lazy stream the over over dog lazy compress quick stream compress compress brown brown,11.537666524992867,SYNTHETIC_ROBUSTNESS
120,lazy the over data compress data over fox lazy stream the over over dog lazy compress quick stream compress compress brown brown,11.609940466224398,SYNTHETIC_ROBUSTNESS
121,brown the the jumps compress over quick the stream stream the compress the brown lazy compress data quick over the fox lazy quic,11.683421607195129,SYNTHETIC_ROBUSTNESS
122,data the stream stream jumps jumps fox the data lazy brown the data compress dog fox fox quick stream compress lazy over over do,11.739342493239993,SYNTHETIC_ROBUSTNESS
123,stream compress compress compress data data over jumps the data lazy lazy brown quick the compress the the quick stream compress,11.752286791581694,SYNTHETIC_ROBUSTNESS
124,compress lazy compress dog stream brown lazy data lazy dog brown jumps stream dog brown compress data lazy the over brown lazy o,11.795973405450793,SYNTHETIC_ROBUSTNESS
125,data over the brown data fox over brown brown data brown over compress fox jumps over dog over stream stream fox data the jumps ,11.820204735944964,SYNTHETIC_ROBUSTNESS
126,stream compress compress compress data data over jumps the data lazy lazy brown quick the compress the the quick stream compress,12.050320540146656,SYNTHETIC_ROBUSTNESS
127,the brown quick compress over data jumps fox quick brown data the fox compress dog the data lazy quick compress the stream jumps,12.15685040519735,SYNTHETIC_ROBUSTNESS
128,fox lazy quick dog compress dog data fox data brown stream quick the data brown fox over compress quick over stream compress qui,12.190792047614261,SYNTHETIC_ROBUSTNESS
129,brown the the jumps compress over quick the stream stream the compress the brown lazy compress data quick over the fox lazy quic,12.274201533518509,SYNTHETIC_ROBUSTNESS
130,fox lazy quick dog compress dog data fox data brown stream quick the data brown fox over compress quick over stream compress qui,12.46607507401733,SYNTHETIC_ROBUSTNESS
131,lazy the over data compress data over fox lazy stream the over over dog lazy compress quick stream compress compress brown brown,12.738545629415468,SYNTHETIC_ROBUSTNESS
132,compress jumps over lazy data lazy dog compress jumps fox compress dog over jumps quick jumps brown dog lazy quick the jumps qui,12.746345628274211,SYNTHETIC_ROBUSTNESS
133,compress jumps over lazy data lazy dog compress jumps fox compress dog over jumps quick jumps brown dog lazy quick the jumps qui,12.9009489918565,SYNTHETIC_ROBUSTNESS
134,data the stream stream jumps jumps fox the data lazy brown the data compress dog fox fox quick stream compress lazy over over do,13.239998748169405,SYNTHETIC_ROBUSTNESS
135,dog data fox data stream quick brown dog lazy dog over the over jumps data over quick jumps quick over the data lazy stream thea,13.302968261030522,SYNTHETIC_ROBUSTNESS
136,data over the brown data fox over brown brown data brown over compress fox jumps over dog over stream stream fox data the jumps ,13.844094697990824,SYNTHETIC_ROBUSTNESS
137,stream stream brown lazy the the compress compress stream data the over over over dog dog dog stream the jumps the over dog the ,14.1589317530973,SYNTHETIC_ROBUSTNESS
138,fox lazy quick dog compress dog data fox data brown stream quick the data brown fox over compress quick over stream compress qui,14.265902564353597,SYNTHETIC_ROBUSTNESS
139,data the stream stream jumps jumps fox the data lazy brown the data compress dog fox fox quick stream compress lazy over over do,14.454034708319348,SYNTHETIC_ROBUSTNESS
140,compress lazy compress dog stream brown lazy data lazy dog brown jumps stream dog brown compress data lazy the over brown lazy o,14.489212420931652,SYNTHETIC_ROBUSTNESS
141,brown the the jumps compress over quick the stream stream the compress the brown lazy compress data quick over the fox lazy quic,14.73866406898538,SYNTHETIC_ROBUSTNESS
142,compress lazy compress dog stream brown lazy data lazy dog brown jumps stream dog brown compress data lazy the over brown lazy o,14.828285704264061,SYNTHETIC_ROBUSTNESS
143,compress lazy compress dog stream brown lazy data lazy dog brown jumps stream dog brown compress data lazy the over brown lazy o,14.89955246899306,SYNTHETIC_ROBUSTNESS
144,data the stream stream jumps jumps fox the data lazy brown the data compress dog fox fox quick stream compress lazy over over do,15.080135325329689,SYNTHETIC_ROBUSTNESS
145,fox lazy quick dog compress dog data fox data brown stream quick the data brown fox over compress quick over stream compress qui,15.30040421397623,SYNTHETIC_ROBUSTNESS
146,stream dog compress fox stream lazy over lazy stream brown brown over the data dog quick fox quick lazy fox stream lazy fox jump,15.421218719214853,SYNTHETIC_ROBUSTNESS
147,fox lazy quick dog compress dog data fox data brown stream quick the data brown fox over compress quick over stream compress qui,15.42375422143943,SYNTHETIC_ROBUSTNESS
148,data the stream stream jumps jumps fox the data lazy brown the data compress dog fox fox quick stream compress lazy over over do,15.51468725801685,SYNTHETIC_ROBUSTNESS
149,jumps the the data over compress jumps compress brown data data compress compress the the stream the over stream over compress d,15.687091300864035,SYNTHETIC_ROBUSTNESS
150,fox lazy quick dog compress dog data fox data brown stream quick the data brown fox over compress quick over stream compress qui,15.76589629971196,SYNTHETIC_ROBUSTNESS
151,over compress the dog fox the fox quick fox the brown lazy data fox compress fox quick jumps compress jumps stream the stream do,16.03901586517353,SYNTHETIC_ROBUSTNESS
152,compress jumps over lazy data lazy dog compress jumps fox compress dog over jumps quick jumps brown dog lazy quick the jumps qui,16.266627111591024,SYNTHETIC_ROBUSTNESS
153,dog lazy fox fox compress compress fox fox lazy fox stream the the dog the fox over brown brown quick lazy fox brown the streama,16.34206051113748,SYNTHETIC_ROBUSTNESS
154,over over brown lazy fox dog quick fox brown over jumps brown stream jumps over over compress dog dog stream stream compress laz,16.393783585880325,SYNTHETIC_ROBUSTNESS
155,over over brown lazy fox dog quick fox brown over jumps brown stream jumps over over compress dog dog stream stream compress laz,16.399448711382004,SYNTHETIC_ROBUSTNESS
156,lazy the over data compress data over fox lazy stream the over over dog lazy compress quick stream compress compress brown brown,16.499578507715555,SYNTHETIC_ROBUSTNESS
157,data over the brown data fox over brown brown data brown over compress fox jumps over dog over stream stream fox data the jumps ,16.530498324315744,SYNTHETIC_ROBUSTNESS
158,brown the the jumps compress over quick the stream stream the compress the brown lazy compress data quick over the fox lazy quic,16.64089668682763,SYNTHETIC_ROBUSTNESS
159,data over the brown data fox over brown brown data brown over compress fox jumps over dog over stream stream fox data the jumps ,16.80122300705531,SYNTHETIC_ROBUSTNESS
160,fox lazy quick dog compress dog data fox data brown stream quick the data brown fox over compress quick over stream compress qui,16.853765087221994,SYNTHETIC_ROBUSTNESS
161,fox lazy quick dog compress dog data fox data brown stream quick the data brown fox over compress quick over stream compress qui,16.855335832937516,SYNTHETIC_ROBUSTNESS
162,fox compress jumps over jumps jumps compress over jumps jumps compress lazy the compress over data fox over fox brown quick over,17.05577178769187,SYNTHETIC_ROBUSTNESS
163,data over the brown data fox over brown brown data brown over compress fox jumps over dog over stream stream fox data the jumps ,17.135402157766652,SYNTHETIC_ROBUSTNESS
164,data over the brown data fox over brown brown data brown over compress fox jumps over dog over stream stream fox data the jumps ,17.173205359426998,SYNTHETIC_ROBUSTNESS
165,the quick stream the dog quick stream lazy stream the brown fox data the data over the dog compress dog lazy fox jumps fox compr,17.273661844158287,SYNTHETIC_ROBUSTNESS
166,data data over dog data lazy lazy quick stream lazy brown jumps brown data lazy the data data dog quick data stream brown lazy f,17.385868604679523,SYNTHETIC_ROBUSTNESS
167,compress jumps over lazy data lazy dog compress jumps fox compress dog over jumps quick jumps brown dog lazy quick the jumps qui,17.401822906377497,SYNTHETIC_ROBUSTNESS
168,brown the the jumps compress over quick the stream stream the compress the brown lazy compress data quick over the fox lazy quic,17.505782233941446,SYNTHETIC_ROBUSTNESS
169,quick brown over the compress jumps dog quick jumps stream lazy jumps compress lazy data data the lazy stream data data the over,17.53956572770311,SYNTHETIC_ROBUSTNESS
170,lazy the over data compress data over fox lazy stream the over over dog lazy compress quick stream compress compress brown brown,17.702338543516674,SYNTHETIC_ROBUSTNESS
171,quick brown over the compress jumps dog quick jumps stream lazy jumps compress lazy data data the lazy stream data data the over,17.986229482676052,SYNTHETIC_ROBUSTNESS
172,jumps data over quick quick over dog over compress over compress data jumps over quick the quick dog compress fox jumps dog jump,17.99706234849369,SYNTHETIC_ROBUSTNESS
173,data over the brown data fox over brown brown data brown over compress fox jumps over dog over stream stream fox data the jumps ,18.246385828735132,SYNTHETIC_ROBUSTNESS
174,lazy the over data compress data over fox lazy stream the over over dog lazy compress quick stream compress compress brown brown,18.480151087135553,SYNTHETIC_ROBUSTNESS
175,lazy the over data compress data over fox lazy stream the over over dog lazy compress quick stream compress compress brown brown,18.52214415294207,SYNTHETIC_ROBUSTNESS
176,fox lazy quick dog compress dog data fox data brown stream quick the data brown fox over compress quick over stream compress qui,18.525070095758462,SYNTHETIC_ROBUSTNESS
177,fox lazy quick dog compress dog data fox data brown stream quick the data brown fox over compress quick over stream compress qui,18.633904233284067,SYNTHETIC_ROBUSTNESS
178,lazy the over data compress data over fox lazy stream the over over dog lazy compress quick stream compress compress brown brown,18.67617215228251,SYNTHETIC_ROBUSTNESS
179,the lazy quick lazy over fox lazy fox dog over compress lazy stream dog compress data compress quick quick dog jumps data stream,18.697447857128775,SYNTHETIC_ROBUSTNESS
180,compress lazy compress dog stream brown lazy data lazy dog brown jumps stream dog brown compress data lazy the over brown lazy o,18.708940071602317,SYNTHETIC_ROBUSTNESS
181,compress lazy compress dog stream brown lazy data lazy dog brown jumps stream dog brown compress data lazy the over brown lazy o,18.73075895149782,SYNTHETIC_ROBUSTNESS
182,brown the the jumps compress over quick the stream stream the compress the brown lazy compress data quick over the fox lazy quic,18.75786987879783,SYNTHETIC_ROBUSTNESS
183,compress jumps over lazy data lazy dog compress jumps fox compress dog over jumps quick jumps brown dog lazy quick the jumps qui,18.916747913905954,SYNTHETIC_ROBUSTNESS
184,fox lazy quick dog compress dog data fox data brown stream quick the data brown fox over compress quick over stream compress qui,19.069912046037242,SYNTHETIC_ROBUSTNESS
185,lazy the over data compress data over fox lazy stream the over over dog lazy compress quick stream compress compress brown brown,19.138115799504018,SYNTHETIC_ROBUSTNESS
186,compress compress data fox dog the compress fox brown the the dog jumps fox compress quick data quick compress lazy dog compress,19.218708267424084,SYNTHETIC_ROBUSTNESS
187,jumps lazy the lazy dog brown jumps brown quick quick dog data fox stream over data jumps compress over compress quick dog compr,19.468588342392454,SYNTHETIC_ROBUSTNESS
188,over over brown lazy fox dog quick fox brown over jumps brown stream jumps over over compress dog dog stream stream compress laz,19.707228711853308,SYNTHETIC_ROBUSTNESS
189,lazy the over data compress data over fox lazy stream the over over dog lazy compress quick stream compress compress brown brown,19.883647307387612,SYNTHETIC_ROBUSTNESS
190,stream jumps fox quick quick compress fox fox quick jumps over over over jumps lazy data compress stream fox fox jumps fox over ,19.930531544990338,SYNTHETIC_ROBUSTNESS
191,compress lazy compress dog stream brown lazy data lazy dog brown jumps stream dog brown compress data lazy the over brown lazy o,19.97618934441082,SYNTHETIC_ROBUSTNESS
192,over over brown lazy fox dog quick fox brown over jumps brown stream jumps over over compress dog dog stream stream compress laz,20.195010264805997,SYNTHETIC_ROBUSTNESS
193,data over stream brown quick dog dog over quick fox the jumps brown over dog stream compress jumps fox data data data lazy compr,20.45607571114792,SYNTHETIC_ROBUSTNESS
194,brown the the jumps compress over quick the stream stream the compress the brown lazy compress data quick over the fox lazy quic,20.616249795713777,SYNTHETIC_ROBUSTNESS
195,over over brown lazy fox dog quick fox brown over jumps brown stream jumps over over compress dog dog stream stream compress laz,20.757775166855524,SYNTHETIC_ROBUSTNESS
196,compress lazy compress dog stream brown lazy data lazy dog brown jumps stream dog brown compress data lazy the over brown lazy o,20.83945682072538,SYNTHETIC_ROBUSTNESS
197,lazy the over data compress data over fox lazy stream the over over dog lazy compress quick stream compress compress brown brown,20.880756395127847,SYNTHETIC_ROBUSTNESS
198,stream compress compress compress data data over jumps the data lazy lazy brown quick the compress the the quick stream compress,20.908283346930233,SYNTHETIC_ROBUSTNESS
199,compress jumps over lazy data lazy dog compress jumps fox compress dog over jumps quick jumps brown dog lazy quick the jumps qui,20.92340498108338,SYNTHETIC_ROBUSTNESS
200,stream compress compress compress data data over jumps the data lazy lazy brown quick the compress the the quick stream compress,21.053674517732684,SYNTHETIC_ROBUSTNESS
201,brown the brown stream over fox fox data compress quick data dog dog stream data over stream lazy brown over over quick lazy bro,21.20372337032469,SYNTHETIC_ROBUSTNESS
202,brown the the jumps compress over quick the stream stream the compress the brown lazy compress data quick over the fox lazy quic,21.248140614403454,SYNTHETIC_ROBUSTNESS
203,quick fox brown dog stream stream quick stream compress over data jumps fox fox dog over over dog data lazy compress over quick ,21.248746565689732,SYNTHETIC_ROBUSTNESS
204,over lazy brown jumps over lazy data lazy fox fox the the lazy fox brown brown brown the the data fox compress jumps the quickaa,21.52777505074443,SYNTHETIC_ROBUSTNESS
205,lazy the over data compress data over fox lazy stream the over over dog lazy compress quick stream compress compress brown brown,21.58523848247919,SYNTHETIC_ROBUSTNESS
206,data over the brown data fox over brown brown data brown over compress fox jumps over dog over stream stream fox data the jumps ,21.952503854000827,SYNTHETIC_ROBUSTNESS
207,data over the brown data fox over brown brown data brown over compress fox jumps over dog over stream stream fox data the jumps ,22.06562553354677,SYNTHETIC_ROBUSTNESS
208,over over brown lazy fox dog quick fox brown over jumps brown stream jumps over over compress dog dog stream stream compress laz,22.078865993047177,SYNTHETIC_ROBUSTNESS
209,lazy the over data compress data over fox lazy stream the over over dog lazy compress quick stream compress compress brown brown,22.11845988689357,SYNTHETIC_ROBUSTNESS
210,compress jumps over lazy data lazy dog compress jumps fox compress dog over jumps quick jumps brown dog lazy quick the jumps qui,22.22547700985755,SYNTHETIC_ROBUSTNESS
211,fox lazy quick dog compress dog data fox data brown stream quick the data brown fox over compress quick over stream compress qui,22.33024596748447,SYNTHETIC_ROBUSTNESS
212,over over brown lazy fox dog quick fox brown over jumps brown stream jumps over over compress dog dog stream stream compress laz,22.356640624392032,SYNTHETIC_ROBUSTNESS
213,fox lazy quick dog compress dog data fox data brown stream quick the data brown fox over compress quick over stream compress qui,22.376103141412166,SYNTHETIC_ROBUSTNESS
214,data over the brown data fox over brown brown data brown over compress fox jumps over dog over stream stream fox data the jumps ,22.40850881620892,SYNTHETIC_ROBUSTNESS
215,fox lazy quick dog compress dog data fox data brown stream quick the data brown fox over compress quick over stream compress qui,22.563104427853556,SYNTHETIC_ROBUSTNESS
216,brown the the jumps compress over quick the stream stream the compress the brown lazy compress data quick over the fox lazy quic,22.590794442028272,SYNTHETIC_ROBUSTNESS
217,brown data fox over stream quick lazy jumps compress compress over compress dog the brown compress compress over quick lazy data,22.7117870659796,SYNTHETIC_ROBUSTNESS
218,data lazy dog compress data jumps compress stream data compress brown compress compress data dog data stream over data over jump,22.915808848916928,SYNTHETIC_ROBUSTNESS
219,lazy the over data compress data over fox lazy stream the over over dog lazy compress quick stream compress compress brown brown,22.965504793404815,SYNTHETIC_ROBUSTNESS
220,jumps fox lazy over compress the compress fox over dog jumps compress lazy dog quick lazy jumps over stream lazy dog brown jumps,22.96620665461062,SYNTHETIC_ROBUSTNESS
221,compress jumps over lazy data lazy dog compress jumps fox compress dog over jumps quick jumps brown dog lazy quick the jumps qui,22.98151684687478,SYNTHETIC_ROBUSTNESS
222,data lazy dog compress brown compress quick over lazy stream quick the brown data brown jumps the lazy quick compress quick stre,23.01889850187495,SYNTHETIC_ROBUSTNESS
223,fox lazy quick dog compress dog data fox data brown stream quick the data brown fox over compress quick over stream compress qui,23.039964954111003,SYNTHETIC_ROBUSTNESS
224,fox lazy quick dog compress dog data fox data brown stream quick the data brown fox over compress quick over stream compress qui,23.074145501395098,SYNTHETIC_ROBUSTNESS
225,compress jumps over lazy data lazy dog compress jumps fox compress dog over jumps quick jumps brown dog lazy quick the jumps qui,23.152680955402147,SYNTHETIC_ROBUSTNESS
226,stream compress compress compress data data over jumps the data lazy lazy brown quick the compress the the quick stream compress,23.154811603304744,SYNTHETIC_ROBUSTNESS
227,data the stream stream jumps jumps fox the data lazy brown the data compress dog fox fox quick stream compress lazy over over do,23.161455661956857,SYNTHETIC_ROBUSTNESS
228,compress lazy compress dog stream brown lazy data lazy dog brown jumps stream dog brown compress data lazy the over brown lazy o,23.355069006310934,SYNTHETIC_ROBUSTNESS
229,quick compress quick brown compress over the over the fox the dog stream the brown brown data jumps jumps dog over stream jumps ,23.428950374010544,SYNTHETIC_ROBUSTNESS
230,lazy brown the lazy jumps stream data compress data fox data brown fox brown quick brown dog lazy fox dog jumps jumps data jumps,23.70310762282721,SYNTHETIC_ROBUSTNESS
231,brown the the jumps compress over quick the stream stream the compress the brown lazy compress data quick over the fox lazy quic,23.703435721418256,SYNTHETIC_ROBUSTNESS
232,brown lazy data compress over jumps data brown stream over data lazy the brown brown over fox fox compress compress quick data t,23.70345084159137,SYNTHETIC_ROBUSTNESS
233,over over data dog the over jumps data jumps dog fox over stream lazy stream compress quick quick over data lazy over lazy lazy ,23.83800317454504,SYNTHETIC_ROBUSTNESS
234,jumps compress data jumps over compress stream compress jumps brown jumps dog the compress fox quick fox compress over brown dat,23.902677774745264,SYNTHETIC_ROBUSTNESS
235,quick brown over the compress jumps dog quick jumps stream lazy jumps compress lazy data data the lazy stream data data the over,24.147784366556174,SYNTHETIC_ROBUSTNESS
236,data the stream stream jumps jumps fox the data lazy brown the data compress dog fox fox quick stream compress lazy over over do,24.302235544088823,SYNTHETIC_ROBUSTNESS
237,lazy the over data compress data over fox lazy stream the over over dog lazy compress quick stream compress compress brown brown,24.372345952010086,SYNTHETIC_ROBUSTNESS
238,data over the brown data fox over brown brown data brown over compress fox jumps over dog over stream stream fox data the jumps ,24.437455155038347,SYNTHETIC_ROBUSTNESS
239,compress jumps over lazy data lazy dog compress jumps fox compress dog over jumps quick jumps brown dog lazy quick the jumps qui,24.604151490701167,SYNTHETIC_ROBUSTNESS
240,quick brown over the compress jumps dog quick jumps stream lazy jumps compress lazy data data the lazy stream data data the over,24.766965854739777,SYNTHETIC_ROBUSTNESS
241,brown the the jumps compress over quick the stream stream the compress the brown lazy compress data quick over the fox lazy quic,24.79939282720325,SYNTHETIC_ROBUSTNESS
242,data the stream stream jumps jumps fox the data lazy brown the data compress dog fox fox quick stream compress lazy over over do,24.91167416380859,SYNTHETIC_ROBUSTNESS
243,stream compress compress compress data data over jumps the data lazy lazy brown quick the compress the the quick stream compress,25.01473278326539,SYNTHETIC_ROBUSTNESS
244,brown the the jumps compress over quick the stream stream the compress the brown lazy compress data quick over the fox lazy quic,25.20858567790523,SYNTHETIC_ROBUSTNESS
245,stream compress compress compress data data over jumps the data lazy lazy brown quick the compress the the quick stream compress,25.411521049069183,SYNTHETIC_ROBUSTNESS
246,over over brown lazy fox dog quick fox brown over jumps brown stream jumps over over compress dog dog stream stream compress laz,25.442756871965024,SYNTHETIC_ROBUSTNESS
247,brown the the jumps compress over quick the stream stream the compress the brown lazy compress data quick over the fox lazy quic,25.654568833980658,SYNTHETIC_ROBUSTNESS
248,quick brown over the compress jumps dog quick jumps stream lazy jumps compress lazy data data the lazy stream data data the over,25.913025341371224,SYNTHETIC_ROBUSTNESS
249,lazy the over data compress data over fox lazy stream the over over dog lazy compress quick stream compress compress brown brown,25.924637907231034,SYNTHETIC_ROBUSTNESS
250,data the stream stream jumps jumps fox the data lazy brown the data compress dog fox fox quick stream compress lazy over over do,26.009909932424897,SYNTHETIC_ROBUSTNESS
251,data the stream stream jumps jumps fox the data lazy brown the data compress dog fox fox quick stream compress lazy over over do,26.06726228190596,SYNTHETIC_ROBUSTNESS
252,lazy the over data compress data over fox lazy stream the over over dog lazy compress quick stream compress compress brown brown,26.118676176454436,SYNTHETIC_ROBUSTNESS
253,brown the the jumps compress over quick the stream stream the compress the brown lazy compress data quick over the fox lazy quic,26.240696352996068,SYNTHETIC_ROBUSTNESS
254,over over brown lazy fox dog quick fox brown over jumps brown stream jumps over over compress dog dog stream stream compress laz,26.254572958262692,SYNTHETIC_ROBUSTNESS
255,compress lazy compress dog stream brown lazy data lazy dog brown jumps stream dog brown compress data lazy the over brown lazy o,26.42602269951356,SYNTHETIC_ROBUSTNESS
256,lazy the over data compress data over fox lazy stream the over over dog lazy compress quick stream compress compress brown brown,26.42871865886777,SYNTHETIC_ROBUSTNESS
257,compress jumps over lazy data lazy dog compress jumps fox compress dog over jumps quick jumps brown dog lazy quick the jumps qui,26.515064975113784,SYNTHETIC_ROBUSTNESS
258,compress lazy compress dog stream brown lazy data lazy dog brown jumps stream dog brown compress data lazy the over brown lazy o,26.540600662412203,SYNTHETIC_ROBUSTNESS
259,compress lazy compress dog stream brown lazy data lazy dog brown jumps stream dog brown compress data lazy the over brown lazy o,26.65070285712713,SYNTHETIC_ROBUSTNESS
260,compress jumps over lazy data lazy dog compress jumps fox compress dog over jumps quick jumps brown dog lazy quick the jumps qui,26.725237870995123,SYNTHETIC_ROBUSTNESS
261,data data jumps fox stream stream compress over fox stream compress lazy compress data dog lazy compress lazy stream quick lazy ,27.555539223556273,SYNTHETIC_ROBUSTNESS
262,brown compress brown fox stream stream quick compress data over dog fox the dog fox the fox jumps lazy lazy brown quick the stre,27.75382338215793,SYNTHETIC_ROBUSTNESS
263,brown the the jumps compress over quick the stream stream the compress the brown lazy compress data quick over the fox lazy quic,27.794866033000773,SYNTHETIC_ROBUSTNESS
264,quick brown over the compress jumps dog quick jumps stream lazy jumps compress lazy data data the lazy stream data data the over,27.87004592416461,SYNTHETIC_ROBUSTNESS
265,compress over the quick jumps compress lazy stream stream dog stream dog fox over compress data fox the stream compress jumps th,27.908290931552145,SYNTHETIC_ROBUSTNESS
266,fox lazy quick dog compress dog data fox data brown stream quick the data brown fox over compress quick over stream compress qui,28.03877840404,SYNTHETIC_ROBUSTNESS
267,quick brown over the compress jumps dog quick jumps stream lazy jumps compress lazy data data the lazy stream data data the over,28.093668047549297,SYNTHETIC_ROBUSTNESS
268,fox lazy quick dog compress dog data fox data brown stream quick the data brown fox over compress quick over stream compress qui,28.10593428793405,SYNTHETIC_ROBUSTNESS
269,fox stream dog compress compress stream lazy over dog compress fox lazy stream stream over compress over data lazy dog quick str,28.21405196808617,SYNTHETIC_ROBUSTNESS
270,data over the brown data fox over brown brown data brown over compress fox jumps over dog over stream stream fox data the jumps ,28.215164640175125,SYNTHETIC_ROBUSTNESS
271,compress jumps over lazy data lazy dog compress jumps fox compress dog over jumps quick jumps brown dog lazy quick the jumps qui,28.25044575013616,SYNTHETIC_ROBUSTNESS
272,data the stream stream jumps jumps fox the data lazy brown the data compress dog fox fox quick stream compress lazy over over do,28.488115284203648,SYNTHETIC_ROBUSTNESS
273,data the stream stream jumps jumps fox the data lazy brown the data compress dog fox fox quick stream compress lazy over over do,28.498006122994433,SYNTHETIC_ROBUSTNESS
274,brown the the jumps compress over quick the stream stream the compress the brown lazy compress data quick over the fox lazy quic,28.568209929849893,SYNTHETIC_ROBUSTNESS
275,over over brown lazy fox dog quick fox brown over jumps brown stream jumps over over compress dog dog stream stream compress laz,28.72672763265,SYNTHETIC_ROBUSTNESS
276,compress lazy compress dog stream brown lazy data lazy dog brown jumps stream dog brown compress data lazy the over brown lazy o,28.961592757070683,SYNTHETIC_ROBUSTNESS
277,the lazy the compress jumps brown quick jumps lazy quick brown brown data jumps the stream jumps data fox lazy data lazy jumps f,29.043654068128188,SYNTHETIC_ROBUSTNESS
278,lazy the over data compress data over fox lazy stream the over over dog lazy compress quick stream compress compress brown brown,29.06028094567938,SYNTHETIC_ROBUSTNESS
279,quick brown over the compress jumps dog quick jumps stream lazy jumps compress lazy data data the lazy stream data data the over,29.343061357723453,SYNTHETIC_ROBUSTNESS
280,stream fox over the dog the dog jumps stream brown dog dog stream fox brown over stream quick fox over brown compress data compr,29.48139477074324,SYNTHETIC_ROBUSTNESS
281,compress jumps over lazy data lazy dog compress jumps fox compress dog over jumps quick jumps brown dog lazy quick the jumps qui,29.531758317177363,SYNTHETIC_ROBUSTNESS
282,data over the brown data fox over brown brown data brown over compress fox jumps over dog over stream stream fox data the jumps ,29.564190259170715,SYNTHETIC_ROBUSTNESS
283,data the stream stream jumps jumps fox the data lazy brown the data compress dog fox fox quick stream compress lazy over over do,29.56907950749902,SYNTHETIC_ROBUSTNESS
284,data the stream stream jumps jumps fox the data lazy brown the data compress dog fox fox quick stream compress lazy over over do,29.59032845402314,SYNTHETIC_ROBUSTNESS
285,data over the brown data fox over brown brown data brown over compress fox jumps over dog over stream stream fox data the jumps ,29.74069088249446,SYNTHETIC_ROBUSTNESS
286,quick brown over the compress jumps dog quick jumps stream lazy jumps compress lazy data data the lazy stream data data the over,29.752190184260893,SYNTHETIC_ROBUSTNESS
287,stream compress compress compress data data over jumps the data lazy lazy brown quick the compress the the quick stream compress,29.766048889034796,SYNTHETIC_ROBUSTNESS
288,quick brown over the compress jumps dog quick jumps stream lazy jumps compress lazy data data the lazy stream data data the over,29.787856119960182,SYNTHETIC_ROBUSTNESS
289,fox dog compress fox dog dog jumps fox the jumps compress data compress quick stream the data stream jumps lazy fox stream fox c,29.838165302286818,SYNTHETIC_ROBUSTNESS
290,the jumps stream data jumps quick the data compress over stream brown over dog quick compress fox brown brown stream quick dog j,29.85912279773663,SYNTHETIC_ROBUSTNESS
291,stream fox over quick jumps compress fox lazy dog dog lazy fox quick quick jumps lazy the dog dog fox stream compress lazy over ,30.09378015718176,SYNTHETIC_ROBUSTNESS
292,data the stream stream jumps jumps fox the data lazy brown the data compress dog fox fox quick stream compress lazy over over do,30.123574322607734,SYNTHETIC_ROBUSTNESS
293,fox jumps brown over quick dog over quick dog brown lazy the stream dog stream jumps brown lazy dog quick lazy brown quick quick,30.37550874500401,SYNTHETIC_ROBUSTNESS
294,data the stream stream jumps jumps fox the data lazy brown the data compress dog fox fox quick stream compress lazy over over do,30.79510011144814,SYNTHETIC_ROBUSTNESS
295,stream jumps jumps fox over lazy jumps dog brown quick the fox dog jumps fox data brown quick dog data brown stream over fox str,30.93566958779995,SYNTHETIC_ROBUSTNESS
296,fox compress the the compress the over data over jumps lazy jumps quick lazy compress brown the over data fox the data fox the d,30.93641607303735,SYNTHETIC_ROBUSTNESS
297,stream compress compress compress data data over jumps the data lazy lazy brown quick the compress the the quick stream compress,30.96386240469079,SYNTHETIC_ROBUSTNESS
298,data over the brown data fox over brown brown data brown over compress fox jumps over dog over stream stream fox data the jumps ,30.994968858934783,SYNTHETIC_ROBUSTNESS
299,quick brown over the compress jumps dog quick jumps stream lazy jumps compress lazy data data the lazy stream data data the over,31.073222361585948,SYNTHETIC_ROBUSTNESS
300,brown the the jumps compress over quick the stream stream the compress the brown lazy compress data quick over the fox lazy quic,31.09046665706909,SYNTHETIC_ROBUSTNESS
301,over over brown lazy fox dog quick fox brown over jumps brown stream jumps over over compress dog dog stream stream compress laz,31.098502574428675,SYNTHETIC_ROBUSTNESS
302,data data jumps quick jumps stream stream brown lazy jumps over data data over over brown lazy data jumps stream brown fox strea,31.11790447406785,SYNTHETIC_ROBUSTNESS
303,quick brown over the compress jumps dog quick jumps stream lazy jumps compress lazy data data the lazy stream data data the over,31.15755778080638,SYNTHETIC_ROBUSTNESS
304,lazy dog dog stream jumps data lazy quick stream stream lazy quick fox dog lazy over jumps data the data brown the brown the the,31.162603983758224,SYNTHETIC_ROBUSTNESS
305,brown dog dog the fox brown data compress data quick dog fox dog dog over dog brown compress the stream data lazy jumps the jump,31.184340540529416,SYNTHETIC_ROBUSTNESS
306,brown the the jumps compress over quick the stream stream the compress the brown lazy compress data quick over the fox lazy quic,31.202675144587843,SYNTHETIC_ROBUSTNESS
307,over over brown lazy fox dog quick fox brown over jumps brown stream jumps over over compress dog dog stream stream compress laz,31.350673833328685,SYNTHETIC_ROBUSTNESS
308,brown lazy data lazy the the dog jumps over data quick quick compress lazy fox lazy dog stream quick over compress the jumps str,31.369255479237783,SYNTHETIC_ROBUSTNESS
309,compress lazy compress dog stream brown lazy data lazy dog brown jumps stream dog brown compress data lazy the over brown lazy o,31.526056061696842,SYNTHETIC_ROBUSTNESS
310,compress lazy compress dog stream brown lazy data lazy dog brown jumps stream dog brown compress data lazy the over brown lazy o,31.597020747575268,SYNTHETIC_ROBUSTNESS
311,fox lazy quick dog compress dog data fox data brown stream quick the data brown fox over compress quick over stream compress qui,31.73884226460971,SYNTHETIC_ROBUSTNESS
312,brown the the jumps compress over quick the stream stream the compress the brown lazy compress data quick over the fox lazy quic,31.798690877694092,SYNTHETIC_ROBUSTNESS
313,data the stream stream jumps jumps fox the data lazy brown the data compress dog fox fox quick stream compress lazy over over do,32.03001016805328,SYNTHETIC_ROBUSTNESS
314,data over the brown data fox over brown brown data brown over compress fox jumps over dog over stream stream fox data the jumps ,32.06237822360277,SYNTHETIC_ROBUSTNESS
315,data the stream stream jumps jumps fox the data lazy brown the data compress dog fox fox quick stream compress lazy over over do,32.207967044163006,SYNTHETIC_ROBUSTNESS
316,fox lazy quick dog compress dog data fox data brown stream quick the data brown fox over compress quick over stream compress qui,32.225810358386,SYNTHETIC_ROBUSTNESS
317,stream compress compress compress data data over jumps the data lazy lazy brown quick the compress the the quick stream compress,32.44006505754922,SYNTHETIC_ROBUSTNESS
318,data over the brown data fox over brown brown data brown over compress fox jumps over dog over stream stream fox data the jumps ,32.442950375114066,SYNTHETIC_ROBUSTNESS
319,quick brown over the compress jumps dog quick jumps stream lazy jumps compress lazy data data the lazy stream data data the over,32.50409532057471,SYNTHETIC_ROBUSTNESS
320,fox over brown lazy quick jumps lazy stream over jumps the quick lazy dog compress jumps brown brown fox fox compress lazy over ,32.55878521845545,SYNTHETIC_ROBUSTNESS
321,dog data fox data brown the compress fox jumps jumps lazy dog the quick jumps dog brown compress brown compress lazy data over l,32.65654617864893,SYNTHETIC_ROBUSTNESS
322,data over the brown data fox over brown brown data brown over compress fox jumps over dog over stream stream fox data the jumps ,32.71469483857381,SYNTHETIC_ROBUSTNESS
323,stream compress compress compress data data over jumps the data lazy lazy brown quick the compress the the quick stream compress,32.80360585586126,SYNTHETIC_ROBUSTNESS
324,over over brown lazy fox dog quick fox brown over jumps brown stream jumps over over compress dog dog stream stream compress laz,33.001440995049045,SYNTHETIC_ROBUSTNESS
325,over over brown lazy fox dog quick fox brown over jumps brown stream jumps over over compress dog dog stream stream compress laz,33.01675943762821,SYNTHETIC_ROBUSTNESS
326,dog jumps jumps quick stream fox fox stream jumps dog dog compress dog jumps quick jumps jumps compress jumps brown over jumps l,33.044750316506,SYNTHETIC_ROBUSTNESS
327,compress lazy compress dog stream brown lazy data lazy dog brown jumps stream dog brown compress data lazy the over brown lazy o,33.20711410145686,SYNTHETIC_ROBUSTNESS
328,fox compress dog data data compress compress compress compress stream jumps lazy brown lazy quick over jumps fox stream fox brow,33.23299946163444,SYNTHETIC_ROBUSTNESS
329,stream compress compress compress data data over jumps the data lazy lazy brown quick the compress the the quick stream compress,33.46907809769719,SYNTHETIC_ROBUSTNESS
330,brown the the jumps compress over quick the stream stream the compress the brown lazy compress data quick over the fox lazy quic,33.5469075122125,SYNTHETIC_ROBUSTNESS
331,data the stream stream jumps jumps fox the data lazy brown the data compress dog fox fox quick stream compress lazy over over do,33.55544852323925,SYNTHETIC_ROBUSTNESS
332,brown dog data jumps over stream jumps stream jumps stream lazy jumps stream fox lazy the dog fox brown dog quick over quick jum,33.55753619090687,SYNTHETIC_ROBUSTNESS
333,data the stream stream jumps jumps fox the data lazy brown the data compress dog fox fox quick stream compress lazy over over do,33.70146545288928,SYNTHETIC_ROBUSTNESS
334,fox dog brown lazy fox compress quick stream jumps over over data the brown compress dog brown lazy lazy brown the over lazy com,33.89550358146104,SYNTHETIC_ROBUSTNESS
335,data over over stream lazy dog dog quick lazy quick fox compress over the stream stream data data quick jumps quick brown data t,33.92292945165324,SYNTHETIC_ROBUSTNESS
336,data the stream stream jumps jumps fox the data lazy brown the data compress dog fox fox quick stream compress lazy over over do,33.950475807880316,SYNTHETIC_ROBUSTNESS
337,data the stream stream jumps jumps fox the data lazy brown the data compress dog fox fox quick stream compress lazy over over do,34.25860940857244,SYNTHETIC_ROBUSTNESS
338,compress lazy compress dog stream brown lazy data lazy dog brown jumps stream dog brown compress data lazy the over brown lazy o,34.36537518572957,SYNTHETIC_ROBUSTNESS
339,compress jumps over lazy data lazy dog compress jumps fox compress dog over jumps quick jumps brown dog lazy quick the jumps qui,34.383721099571225,SYNTHETIC_ROBUSTNESS
340,compress lazy compress dog stream brown lazy data lazy dog brown jumps stream dog brown compress data lazy the over brown lazy o,34.44324820936515,SYNTHETIC_ROBUSTNESS
341,fox brown data brown compress data data the lazy stream compress the lazy stream compress quick over data jumps lazy lazy jumps ,34.68452852103962,SYNTHETIC_ROBUSTNESS
342,quick brown over the compress jumps dog quick jumps stream lazy jumps compress lazy data data the lazy stream data data the over,34.781596400825805,SYNTHETIC_ROBUSTNESS
343,fox lazy quick dog compress dog data fox data brown stream quick the data brown fox over compress quick over stream compress qui,34.833931710712335,SYNTHETIC_ROBUSTNESS
344,stream compress compress compress data data over jumps the data lazy lazy brown quick the compress the the quick stream compress,34.85030526587902,SYNTHETIC_ROBUSTNESS
345,jumps fox fox fox brown brown the data over quick compress the brown over quick over lazy fox jumps fox lazy quick jumps data do,34.97976865625586,SYNTHETIC_ROBUSTNESS
346,data the stream stream jumps jumps fox the data lazy brown the data compress dog fox fox quick stream compress lazy over over do,35.012115180290266,SYNTHETIC_ROBUSTNESS
347,compress jumps over lazy data lazy dog compress jumps fox compress dog over jumps quick jumps brown dog lazy quick the jumps qui,35.09556568249474,SYNTHETIC_ROBUSTNESS
348,fox lazy quick dog compress dog data fox data brown stream quick the data brown fox over compress quick over stream compress qui,35.18722981187549,SYNTHETIC_ROBUSTNESS
349,data fox dog over the quick compress brown jumps compress lazy brown the data fox compress stream data compress jumps jumps the ,35.268298969777355,SYNTHETIC_ROBUSTNESS
350,fox lazy quick dog compress dog data fox data brown stream quick the data brown fox over compress quick over stream compress qui,35.2966006392148,SYNTHETIC_ROBUSTNESS
351,stream lazy lazy the data jumps jumps stream quick over compress data the brown over dog over quick over jumps compress quick st,35.41979487024692,SYNTHETIC_ROBUSTNESS
352,data over the brown data fox over brown brown data brown over compress fox jumps over dog over stream stream fox data the jumps ,35.503277467443276,SYNTHETIC_ROBUSTNESS
353,data over the brown data fox over brown brown data brown over compress fox jumps over dog over stream stream fox data the jumps ,35.554975743118284,SYNTHETIC_ROBUSTNESS
354,brown stream brown compress data dog quick over stream brown over jumps the lazy brown data quick quick lazy over the the lazy f,35.56032962475747,SYNTHETIC_ROBUSTNESS
355,fox lazy quick dog compress dog data fox data brown stream quick the data brown fox over compress quick over stream compress qui,35.600566185786526,SYNTHETIC_ROBUSTNESS
356,fox lazy quick dog compress dog data fox data brown stream quick the data brown fox over compress quick over stream compress qui,35.64402172776523,SYNTHETIC_ROBUSTNESS
357,over over brown lazy fox dog quick fox brown over jumps brown stream jumps over over compress dog dog stream stream compress laz,35.800642026215634,SYNTHETIC_ROBUSTNESS
358,stream compress compress compress data data over jumps the data lazy lazy brown quick the compress the the quick stream compress,35.87268298425762,SYNTHETIC_ROBUSTNESS
359,brown the jumps lazy compress dog dog jumps jumps dog the brown fox brown stream fox brown jumps data dog the brown lazy lazy st,36.14168269563001,SYNTHETIC_ROBUSTNESS
360,brown the the jumps compress over quick the stream stream the compress the brown lazy compress data quick over the fox lazy quic,36.280604507270425,SYNTHETIC_ROBUSTNESS
361,fox lazy quick dog compress dog data fox data brown stream quick the data brown fox over compress quick over stream compress qui,36.35782455228055,SYNTHETIC_ROBUSTNESS
362,over over brown lazy fox dog quick fox brown over jumps brown stream jumps over over compress dog dog stream stream compress laz,36.37632335982594,SYNTHETIC_ROBUSTNESS
363,brown compress compress fox compress lazy over compress data data data jumps stream fox the data quick dog lazy jumps compress t,36.40130204531227,SYNTHETIC_ROBUSTNESS
364,lazy lazy fox lazy compress compress over stream fox stream data quick fox brown fox dog dog compress the lazy dog stream over t,36.41874683298005,SYNTHETIC_ROBUSTNESS
365,data over the brown data fox over brown brown data brown over compress fox jumps over dog over stream stream fox data the jumps ,36.477239042237365,SYNTHETIC_ROBUSTNESS
366,compress jumps over lazy data lazy dog compress jumps fox compress dog over jumps quick jumps brown dog lazy quick the jumps qui,36.60544144456997,SYNTHETIC_ROBUSTNESS
367,lazy stream jumps the over jumps data brown jumps stream brown the quick data lazy quick quick data data stream dog lazy over da,36.74787215228245,SYNTHETIC_ROBUSTNESS
368,data data jumps over dog jumps brown data lazy compress data lazy quick over the brown compress lazy data over jumps lazy data f,36.757981474519916,SYNTHETIC_ROBUSTNESS
369,quick data dog jumps fox over the dog stream fox compress fox data lazy compress data lazy quick compress stream fox lazy stream,36.82648168587727,SYNTHETIC_ROBUSTNESS
370,compress stream fox quick data data quick brown compress lazy brown brown over dog dog lazy fox brown quick data dog stream data,36.89215175717561,SYNTHETIC_ROBUSTNESS
371,compress lazy compress dog stream brown lazy data lazy dog brown jumps stream dog brown compress data lazy the over brown lazy o,36.949934991984186,SYNTHETIC_ROBUSTNESS
372,data over the brown data fox over brown brown data brown over compress fox jumps over dog over stream stream fox data the jumps ,36.98577635137222,SYNTHETIC_ROBUSTNESS
373,data over the brown data fox over brown brown data brown over compress fox jumps over dog over stream stream fox data the jumps ,37.050366088138915,SYNTHETIC_ROBUSTNESS
374,data the stream stream jumps jumps fox the data lazy brown the data compress dog fox fox quick stream compress lazy over over do,37.12305856112929,SYNTHETIC_ROBUSTNESS
375,compress lazy compress dog stream brown lazy data lazy dog brown jumps stream dog brown compress data lazy the over brown lazy o,37.21461170476913,SYNTHETIC_ROBUSTNESS
376,lazy the over data compress data over fox lazy stream the over over dog lazy compress quick stream compress compress brown brown,37.261991212304046,SYNTHETIC_ROBUSTNESS
377,compress compress compress quick fox fox dog dog quick jumps the data the quick quick data compress the dog quick the compress c,37.55221656276215,SYNTHETIC_ROBUSTNESS
378,brown the the jumps compress over quick the stream stream the compress the brown lazy compress data quick over the fox lazy quic,37.593592301281014,SYNTHETIC_ROBUSTNESS
379,data over the brown data fox over brown brown data brown over compress fox jumps over dog over stream stream fox data the jumps ,37.81902030128807,SYNTHETIC_ROBUSTNESS
380,quick brown over the compress jumps dog quick jumps stream lazy jumps compress lazy data data the lazy stream data data the over,37.980592824328575,SYNTHETIC_ROBUSTNESS
381,fox lazy quick dog compress dog data fox data brown stream quick the data brown fox over compress quick over stream compress qui,38.04319228977796,SYNTHETIC_ROBUSTNESS
382,quick brown over the compress jumps dog quick jumps stream lazy jumps compress lazy data data the lazy stream data data the over,38.111772190177774,SYNTHETIC_ROBUSTNESS
383,data over the brown data fox over brown brown data brown over compress fox jumps over dog over stream stream fox data the jumps ,38.315687859720086,SYNTHETIC_ROBUSTNESS
384,compress the compress dog brown fox lazy brown stream the fox brown data data data lazy over data lazy stream the fox lazy jumps,38.38355806274809,SYNTHETIC_ROBUSTNESS
385,quick brown over the compress jumps dog quick jumps stream lazy jumps compress lazy data data the lazy stream data data the over,38.497307795589144,SYNTHETIC_ROBUSTNESS
386,data over the brown data fox over brown brown data brown over compress fox jumps over dog over stream stream fox data the jumps ,38.66301468674254,SYNTHETIC_ROBUSTNESS
387,brown quick over compress stream fox over jumps jumps fox jumps fox jumps over jumps data the dog stream compress jumps stream s,38.90148232744911,SYNTHETIC_ROBUSTNESS
388,brown the the jumps compress over quick the stream stream the compress the brown lazy compress data quick over the fox lazy quic,38.926093376219825,SYNTHETIC_ROBUSTNESS
389,lazy the over data compress data over fox lazy stream the over over dog lazy compress quick stream compress compress brown brown,39.29645521273172,SYNTHETIC_ROBUSTNESS
390,data the stream stream jumps jumps fox the data lazy brown the data compress dog fox fox quick stream compress lazy over over do,39.63265356179853,SYNTHETIC_ROBUSTNESS
391,data the stream stream jumps jumps fox the data lazy brown the data compress dog fox fox quick stream compress lazy over over do,39.667943906663986,SYNTHETIC_ROBUSTNESS
392,lazy dog dog fox quick data data brown over compress fox brown over brown dog brown stream over compress data stream dog quick f,39.76306528682798,SYNTHETIC_ROBUSTNESS
393,compress lazy compress dog stream brown lazy data lazy dog brown jumps stream dog brown compress data lazy the over brown lazy o,39.767870715177914,SYNTHETIC_ROBUSTNESS
394,data over the brown data fox over brown brown data brown over compress fox jumps over dog over stream stream fox data the jumps ,39.78624224875601,SYNTHETIC_ROBUSTNESS
395,brown stream dog jumps jumps fox lazy brown quick over jumps quick compress compress over dog brown over jumps the lazy jumps th,39.873905312484304,SYNTHETIC_ROBUSTNESS
396,compress jumps over lazy data lazy dog compress jumps fox compress dog over jumps quick jumps brown dog lazy quick the jumps qui,39.978917884004346,SYNTHETIC_ROBUSTNESS
397,over quick quick stream over over over quick jumps brown brown brown jumps fox the over fox stream data quick over stream the br,40.05540432718946,SYNTHETIC_ROBUSTNESS
398,compress data brown dog dog stream over fox the fox brown compress compress jumps lazy data fox over fox data dog stream dog bro,40.177388179948395,SYNTHETIC_ROBUSTNESS
399,lazy the over data compress data over fox lazy stream the over over dog lazy compress quick stream compress compress brown brown,40.334839071959685,SYNTHETIC_ROBUSTNESS
400,compress lazy compress dog stream brown lazy data lazy dog brown jumps stream dog brown compress data lazy the over brown lazy o,40.3532863980564,SYNTHETIC_ROBUSTNESS
401,fox lazy quick dog compress dog data fox data brown stream quick the data brown fox over compress quick over stream compress qui,40.46105485267362,SYNTHETIC_ROBUSTNESS
402,jumps dog quick lazy fox lazy over fox over dog jumps dog compress lazy data dog jumps jumps over stream over fox dog data quick,40.54374516662743,SYNTHETIC_ROBUSTNESS
403,lazy the over data compress data over fox lazy stream the over over dog lazy compress quick stream compress compress brown brown,40.55625458869124,SYNTHETIC_ROBUSTNESS
404,over jumps dog brown dog jumps stream quick dog jumps stream the data dog compress compress data over lazy over dog dog brown ju,40.582209994043566,SYNTHETIC_ROBUSTNESS
405,lazy the over data compress data over fox lazy stream the over over dog lazy compress quick stream compress compress brown brown,40.636625662071154,SYNTHETIC_ROBUSTNESS
406,data over brown dog lazy dog the the fox data stream jumps brown compress compress brown brown stream compress fox over fox the ,40.835958238215255,SYNTHETIC_ROBUSTNESS
407,over over brown lazy fox dog quick fox brown over jumps brown stream jumps over over compress dog dog stream stream compress laz,40.86042378915073,SYNTHETIC_ROBUSTNESS
408,quick brown over the compress jumps dog quick jumps stream lazy jumps compress lazy data data the lazy stream data data the over,40.88062606799929,SYNTHETIC_ROBUSTNESS
409,over over brown lazy fox dog quick fox brown over jumps brown stream jumps over over compress dog dog stream stream compress laz,41.00826311736124,SYNTHETIC_ROBUSTNESS
410,quick compress quick stream quick quick data stream dog stream fox brown dog brown quick fox lazy fox stream quick quick lazy ov,41.380374224348714,SYNTHETIC_ROBUSTNESS
411,jumps lazy compress stream brown dog stream dog compress jumps compress jumps stream compress stream brown stream brown compress,41.439673419623716,SYNTHETIC_ROBUSTNESS
412,data over the brown data fox over brown brown data brown over compress fox jumps over dog over stream stream fox data the jumps ,41.48277288492263,SYNTHETIC_ROBUSTNESS
413,brown the the jumps compress over quick the stream stream the compress the brown lazy compress data quick over the fox lazy quic,41.51206788921939,SYNTHETIC_ROBUSTNESS
414,compress jumps over lazy data lazy dog compress jumps fox compress dog over jumps quick jumps brown dog lazy quick the jumps qui,41.51716994486823,SYNTHETIC_ROBUSTNESS
415,dog lazy jumps brown brown lazy dog lazy brown lazy the fox brown data over dog stream stream the stream compress stream stream ,41.536821825704074,SYNTHETIC_ROBUSTNESS
416,over quick the lazy stream data quick brown dog lazy stream dog quick jumps brown dog fox lazy stream fox jumps data jumps over ,41.546628881602885,SYNTHETIC_ROBUSTNESS
417,lazy the over data compress data over fox lazy stream the over over dog lazy compress quick stream compress compress brown brown,41.61477081468346,SYNTHETIC_ROBUSTNESS
418,fox quick compress compress over stream compress over quick quick jumps the over lazy the jumps jumps lazy brown over over strea,41.997344001998236,SYNTHETIC_ROBUSTNESS
419,brown the the jumps compress over quick the stream stream the compress the brown lazy compress data quick over the fox lazy quic,42.152179423561826,SYNTHETIC_ROBUSTNESS
420,quick brown over the compress jumps dog quick jumps stream lazy jumps compress lazy data data the lazy stream data data the over,42.244231912791065,SYNTHETIC_ROBUSTNESS
421,data the stream stream jumps jumps fox the data lazy brown the data compress dog fox fox quick stream compress lazy over over do,42.31090936830053,SYNTHETIC_ROBUSTNESS
422,brown the the jumps compress over quick the stream stream the compress the brown lazy compress data quick over the fox lazy quic,42.406928925814405,SYNTHETIC_ROBUSTNESS
423,data the stream stream jumps jumps fox the data lazy brown the data compress dog fox fox quick stream compress lazy over over do,42.45409368669065,SYNTHETIC_ROBUSTNESS
424,data over the brown data fox over brown brown data brown over compress fox jumps over dog over stream stream fox data the jumps ,42.47374205877812,SYNTHETIC_ROBUSTNESS
425,data the stream stream jumps jumps fox the data lazy brown the data compress dog fox fox quick stream compress lazy over over do,42.562846679500375,SYNTHETIC_ROBUSTNESS
426,data the stream stream jumps jumps fox the data lazy brown the data compress dog fox fox quick stream compress lazy over over do,42.63794619449783,SYNTHETIC_ROBUSTNESS
427,brown the the jumps compress over quick the stream stream the compress the brown lazy compress data quick over the fox lazy quic,42.927149546356986,SYNTHETIC_ROBUSTNESS
428,brown the the jumps compress over quick the stream stream the compress the brown lazy compress data quick over the fox lazy quic,43.03208401222565,SYNTHETIC_ROBUSTNESS
429,fox lazy quick dog compress dog data fox data brown stream quick the data brown fox over compress quick over stream compress qui,43.18055436992392,SYNTHETIC_ROBUSTNESS
430,data over the brown data fox over brown brown data brown over compress fox jumps over dog over stream stream fox data the jumps ,43.19028277132472,SYNTHETIC_ROBUSTNESS
431,fox lazy quick dog compress dog data fox data brown stream quick the data brown fox over compress quick over stream compress qui,43.33338558792109,SYNTHETIC_ROBUSTNESS
432,quick jumps quick fox fox compress brown data data quick quick fox compress fox jumps jumps jumps data the compress fox stream d,43.73995451813677,SYNTHETIC_ROBUSTNESS
433,data over the brown data fox over brown brown data brown over compress fox jumps over dog over stream stream fox data the jumps ,43.84710158428559,SYNTHETIC_ROBUSTNESS
434,brown the the jumps compress over quick the stream stream the compress the brown lazy compress data quick over the fox lazy quic,43.982613602256144,SYNTHETIC_ROBUSTNESS
435,compress lazy compress dog stream brown lazy data lazy dog brown jumps stream dog brown compress data lazy the over brown lazy o,44.37145033589103,SYNTHETIC_ROBUSTNESS
436,over fox jumps fox compress fox data data over data over dog jumps quick lazy quick over lazy lazy jumps the quick over compress,44.421089157715166,SYNTHETIC_ROBUSTNESS
437,data over the brown data fox over brown brown data brown over compress fox jumps over dog over stream stream fox data the jumps ,44.594917765697886,SYNTHETIC_ROBUSTNESS
438,compress lazy compress dog stream brown lazy data lazy dog brown jumps stream dog brown compress data lazy the over brown lazy o,44.645949095905436,SYNTHETIC_ROBUSTNESS
439,brown the the jumps compress over quick the stream stream the compress the brown lazy compress data quick over the fox lazy quic,44.701447506895654,SYNTHETIC_ROBUSTNESS
440,lazy compress the dog data fox brown quick jumps lazy jumps quick jumps stream fox quick lazy over the data lazy over stream jum,44.80881271269856,SYNTHETIC_ROBUSTNESS
441,fox lazy jumps jumps compress jumps the brown data over jumps stream over stream dog compress quick stream data fox compress bro,44.83844049145578,SYNTHETIC_ROBUSTNESS
442,compress lazy fox jumps the quick brown brown over lazy dog brown the lazy brown brown data the data fox jumps brown data compre,45.331555728432285,SYNTHETIC_ROBUSTNESS
443,the stream dog brown dog quick stream the stream over lazy fox over stream dog stream over jumps quick fox data jumps compress c,45.37148885929465,SYNTHETIC_ROBUSTNESS
444,brown the the jumps compress over quick the stream stream the compress the brown lazy compress data quick over the fox lazy quic,45.38459658126498,SYNTHETIC_ROBUSTNESS
445,jumps fox fox lazy compress data quick stream data lazy stream lazy fox fox compress brown jumps the quick data over stream stre,45.42353913310045,SYNTHETIC_ROBUSTNESS
446,quick over quick data over quick the brown fox over over fox brown jumps data jumps quick data the dog quick fox lazy quick over,45.61730988260225,SYNTHETIC_ROBUSTNESS
447,data over the brown data fox over brown brown data brown over compress fox jumps over dog over stream stream fox data the jumps ,45.654987158147634,SYNTHETIC_ROBUSTNESS
448,stream compress compress compress data data over jumps the data lazy lazy brown quick the compress the the quick stream compress,45.74949621121094,SYNTHETIC_ROBUSTNESS
449,brown the the jumps compress over quick the stream stream the compress the brown lazy compress data quick over the fox lazy quic,46.02332686158806,SYNTHETIC_ROBUSTNESS
450,stream quick lazy jumps the over quick dog the data fox fox lazy dog lazy dog brown the quick the jumps brown dog fox theaaaaaaa,46.05343278400499,SYNTHETIC_ROBUSTNESS
451,compress jumps over lazy data lazy dog compress jumps fox compress dog over jumps quick jumps brown dog lazy quick the jumps qui,46.067516048270726,SYNTHETIC_ROBUSTNESS
452,lazy the over data compress data over fox lazy stream the over over dog lazy compress quick stream compress compress brown brown,46.07770251712985,SYNTHETIC_ROBUSTNESS
453,compress quick lazy brown the quick the fox stream data fox stream quick data brown stream quick lazy jumps brown fox jumps over,46.13575013835563,SYNTHETIC_ROBUSTNESS
454,data over data data over dog quick compress dog stream compress dog compress fox over fox data dog lazy the the quick stream dat,46.14676362813742,SYNTHETIC_ROBUSTNESS
455,lazy dog data jumps lazy over fox compress over data fox fox the data jumps brown lazy quick quick the jumps over over dog brown,46.20724217440941,SYNTHETIC_ROBUSTNESS
456,brown lazy stream over over over brown over brown fox dog lazy compress stream brown data brown quick compress brown stream fox ,46.40581320911881,SYNTHETIC_ROBUSTNESS
457,stream compress compress compress data data over jumps the data lazy lazy brown quick the compress the the quick stream compress,46.55608875882328,SYNTHETIC_ROBUSTNESS
458,compress lazy compress dog stream brown lazy data lazy dog brown jumps stream dog brown compress data lazy the over brown lazy o,46.6432446029029,SYNTHETIC_ROBUSTNESS
459,quick brown over the compress jumps dog quick jumps stream lazy jumps compress lazy data data the lazy stream data data the over,46.83323866957556,SYNTHETIC_ROBUSTNESS
460,stream compress compress compress data data over jumps the data lazy lazy brown quick the compress the the quick stream compress,46.84380473096961,SYNTHETIC_ROBUSTNESS
461,data the stream stream jumps jumps fox the data lazy brown the data compress dog fox fox quick stream compress lazy over over do,46.937816387583595,SYNTHETIC_ROBUSTNESS
462,data over the brown data fox over brown brown data brown over compress fox jumps over dog over stream stream fox data the jumps ,46.95010564854522,SYNTHETIC_ROBUSTNESS
463,data the stream stream jumps jumps fox the data lazy brown the data compress dog fox fox quick stream compress lazy over over do,47.0159105692121,SYNTHETIC_ROBUSTNESS
464,fox dog dog fox dog data fox compress jumps dog over stream over fox brown compress stream fox dog data the jumps over stream st,47.07817242854389,SYNTHETIC_ROBUSTNESS
465,quick brown over the compress jumps dog quick jumps stream lazy jumps compress lazy data data the lazy stream data data the over,47.108982046841106,SYNTHETIC_ROBUSTNESS
466,fox compress over dog data fox over the lazy lazy dog the over the lazy the the lazy brown jumps brown jumps quick brown jumpsaa,47.28609226022842,SYNTHETIC_ROBUSTNESS
467,stream compress compress compress data data over jumps the data lazy lazy brown quick the compress the the quick stream compress,47.311998827879684,SYNTHETIC_ROBUSTNESS
468,compress lazy compress dog stream brown lazy data lazy dog brown jumps stream dog brown compress data lazy the over brown lazy o,47.392271429571814,SYNTHETIC_ROBUSTNESS
469,fox lazy quick dog compress dog data fox data brown stream quick the data brown fox over compress quick over stream compress qui,47.45809989868452,SYNTHETIC_ROBUSTNESS
470,over dog fox data the quick jumps jumps the stream dog over the quick quick the data compress quick jumps stream fox dog quick j,47.51460207303724,SYNTHETIC_ROBUSTNESS
471,quick brown over the compress jumps dog quick jumps stream lazy jumps compress lazy data data the lazy stream data data the over,47.518013832073926,SYNTHETIC_ROBUSTNESS
472,brown quick lazy brown quick brown over fox lazy over compress brown lazy stream jumps brown quick over jumps brown data quick l,47.63732828275939,SYNTHETIC_ROBUSTNESS
473,quick fox dog the jumps stream the dog lazy stream the over stream lazy stream data jumps brown data jumps stream over the data ,47.638604931686245,SYNTHETIC_ROBUSTNESS
474,data the stream stream jumps jumps fox the data lazy brown the data compress dog fox fox quick stream compress lazy over over do,47.81038923982595,SYNTHETIC_ROBUSTNESS
475,fox lazy quick dog compress dog data fox data brown stream quick the data brown fox over compress quick over stream compress qui,47.84136763773618,SYNTHETIC_ROBUSTNESS
476,jumps compress compress lazy quick quick quick jumps lazy over quick compress brown quick lazy fox brown stream data lazy stream,47.854151592110554,SYNTHETIC_ROBUSTNESS
477,fox lazy quick dog compress dog data fox data brown stream quick the data brown fox over compress quick over stream compress qui,47.90811537852097,SYNTHETIC_ROBUSTNESS
478,quick brown over the compress jumps dog quick jumps stream lazy jumps compress lazy data data the lazy stream data data the over,47.99006820961854,SYNTHETIC_ROBUSTNESS
479,data over the brown data fox over brown brown data brown over compress fox jumps over dog over stream stream fox data the jumps ,48.027227150791,SYNTHETIC_ROBUSTNESS
480,compress jumps over lazy data lazy dog compress jumps fox compress dog over jumps quick jumps brown dog lazy quick the jumps qui,48.04021350899778,SYNTHETIC_ROBUSTNESS
481,lazy the over data compress data over fox lazy stream the over over dog lazy compress quick stream compress compress brown brown,48.04206323890151,SYNTHETIC_ROBUSTNESS
482,brown the the jumps compress over quick the stream stream the compress the brown lazy compress data quick over the fox lazy quic,48.163739747651654,SYNTHETIC_ROBUSTNESS
483,compress jumps over lazy data lazy dog compress jumps fox compress dog over jumps quick jumps brown dog lazy quick the jumps qui,48.3812784383918,SYNTHETIC_ROBUSTNESS
484,fox lazy quick dog compress dog data fox data brown stream quick the data brown fox over compress quick over stream compress qui,48.39187240168761,SYNTHETIC_ROBUSTNESS
485,stream compress compress compress data data over jumps the data lazy lazy brown quick the compress the the quick stream compress,48.41809121934213,SYNTHETIC_ROBUSTNESS
486,lazy dog dog stream the compress quick jumps compress jumps lazy over stream fox fox over stream stream over data lazy stream th,48.42013487651729,SYNTHETIC_ROBUSTNESS
487,quick brown over the compress jumps dog quick jumps stream lazy jumps compress lazy data data the lazy stream data data the over,48.63647480395409,SYNTHETIC_ROBUSTNESS
488,lazy stream compress jumps compress jumps stream jumps the jumps over brown lazy stream dog data stream the brown over jumps dat,48.69530642332495,SYNTHETIC_ROBUSTNESS
489,lazy the over data compress data over fox lazy stream the over over dog lazy compress quick stream compress compress brown brown,48.954593757080964,SYNTHETIC_ROBUSTNESS
490,compress jumps over lazy data lazy dog compress jumps fox compress dog over jumps quick jumps brown dog lazy quick the jumps qui,49.0177236089039,SYNTHETIC_ROBUSTNESS
491,lazy the over data compress data over fox lazy stream the over over dog lazy compress quick stream compress compress brown brown,49.21590654215971,SYNTHETIC_ROBUSTNESS
492,stream compress compress compress data data over jumps the data lazy lazy brown quick the compress the the quick stream compress,49.519055810968176,SYNTHETIC_ROBUSTNESS
493,quick brown over the compress jumps dog quick jumps stream lazy jumps compress lazy data data the lazy stream data data the over,49.5598754453905,SYNTHETIC_ROBUSTNESS
494,quick brown over the compress jumps dog quick jumps stream lazy jumps compress lazy data data the lazy stream data data the over,49.66223828079145,SYNTHETIC_ROBUSTNESS
495,over over brown lazy fox dog quick fox brown over jumps brown stream jumps over over compress dog dog stream stream compress laz,49.772025537936926,SYNTHETIC_ROBUSTNESS
496,quick brown over the compress jumps dog quick jumps stream lazy jumps compress lazy data data the lazy stream data data the over,49.77418966057524,SYNTHETIC_ROBUSTNESS
497,over over brown lazy fox dog quick fox brown over jumps brown stream jumps over over compress dog dog stream stream compress laz,49.83185578845416,SYNTHETIC_ROBUSTNESS
498,quick brown over the compress jumps dog quick jumps stream lazy jumps compress lazy data data the lazy stream data data the over,50.025184294557576,SYNTHETIC_ROBUSTNESS
499,fox lazy quick dog compress dog data fox data brown stream quick the data brown fox over compress quick over stream compress qui,50.31759108188302,SYNTHETIC_ROBUSTNESS
500,lazy the over data compress data over fox lazy stream the over over dog lazy compress quick stream compress compress brown brown,50.547073484422974,SYNTHETIC_ROBUSTNESS
501,lazy the over data compress data over fox lazy stream the over over dog lazy compress quick stream compress compress brown brown,50.90788801280331,SYNTHETIC_ROBUSTNESS
502,stream compress compress compress data data over jumps the data lazy lazy brown quick the compress the the quick stream compress,51.01374312754212,SYNTHETIC_ROBUSTNESS
503,brown compress brown lazy compress jumps jumps data fox over quick stream the lazy jumps dog data stream data data the over lazy,51.04024382293192,SYNTHETIC_ROBUSTNESS
504,over stream fox lazy compress lazy jumps dog brown dog dog jumps dog over quick over dog dog over stream stream lazy over data l,51.12590039701168,SYNTHETIC_ROBUSTNESS
505,stream compress compress compress data data over jumps the data lazy lazy brown quick the compress the the quick stream compress,51.18057054321751,SYNTHETIC_ROBUSTNESS
506,compress lazy compress dog stream brown lazy data lazy dog brown jumps stream dog brown compress data lazy the over brown lazy o,51.21049913367428,SYNTHETIC_ROBUSTNESS
507,stream compress compress compress data data over jumps the data lazy lazy brown quick the compress the the quick stream compress,51.35868549481252,SYNTHETIC_ROBUSTNESS
508,lazy the over data compress data over fox lazy stream the over over dog lazy compress quick stream compress compress brown brown,51.45789439681693,SYNTHETIC_ROBUSTNESS
509,brown the the jumps compress over quick the stream stream the compress the brown lazy compress data quick over the fox lazy quic,51.614008807017434,SYNTHETIC_ROBUSTNESS
510,lazy the over data compress data over fox lazy stream the over over dog lazy compress quick stream compress compress brown brown,51.645410134298466,SYNTHETIC_ROBUSTNESS
511,data the stream stream jumps jumps fox the data lazy brown the data compress dog fox fox quick stream compress lazy over over do,51.87963065032938,SYNTHETIC_ROBUSTNESS
512,compress jumps over lazy data lazy dog compress jumps fox compress dog over jumps quick jumps brown dog lazy quick the jumps qui,51.90690523320961,SYNTHETIC_ROBUSTNESS
513,lazy the over data compress data over fox lazy stream the over over dog lazy compress quick stream compress compress brown brown,51.999016068454004,SYNTHETIC_ROBUSTNESS
514,dog jumps brown brown compress compress stream jumps lazy data over dog lazy stream over quick quick dog the data jumps compress,52.00487379834153,SYNTHETIC_ROBUSTNESS
515,lazy the over data compress data over fox lazy stream the over over dog lazy compress quick stream compress compress brown brown,52.082736520877475,SYNTHETIC_ROBUSTNESS
516,lazy stream over stream compress stream stream compress lazy stream over compress dog data fox fox the compress the stream jumps,52.09313082959242,SYNTHETIC_ROBUSTNESS
517,data stream compress data compress over stream quick fox data brown the brown data jumps the stream data fox lazy fox stream bro,52.13350971521975,SYNTHETIC_ROBUSTNESS
518,compress jumps over lazy data lazy dog compress jumps fox compress dog over jumps quick jumps brown dog lazy quick the jumps qui,52.33061454442323,SYNTHETIC_ROBUSTNESS
519,brown the the jumps compress over quick the stream stream the compress the brown lazy compress data quick over the fox lazy quic,52.554601225115455,SYNTHETIC_ROBUSTNESS
520,dog jumps over fox data fox lazy fox over dog lazy fox the dog jumps jumps fox data stream fox data fox jumps dog dogaaaaaaaaaaa,52.70040111449083,SYNTHETIC_ROBUSTNESS
521,brown the the jumps compress over quick the stream stream the compress the brown lazy compress data quick over the fox lazy quic,52.74624084558459,SYNTHETIC_ROBUSTNESS
522,brown the the jumps compress over quick the stream stream the compress the brown lazy compress data quick over the fox lazy quic,52.832687272109354,SYNTHETIC_ROBUSTNESS
523,fox lazy quick dog compress dog data fox data brown stream quick the data brown fox over compress quick over stream compress qui,52.858044837510455,SYNTHETIC_ROBUSTNESS
524,data over the brown data fox over brown brown data brown over compress fox jumps over dog over stream stream fox data the jumps ,52.9714737153961,SYNTHETIC_ROBUSTNESS
525,compress lazy compress dog stream brown lazy data lazy dog brown jumps stream dog brown compress data lazy the over brown lazy o,53.0141532673988,SYNTHETIC_ROBUSTNESS
526,lazy the over data compress data over fox lazy stream the over over dog lazy compress quick stream compress compress brown brown,53.03912751123916,SYNTHETIC_ROBUSTNESS
527,compress jumps over lazy data lazy dog compress jumps fox compress dog over jumps quick jumps brown dog lazy quick the jumps qui,53.127068044694646,SYNTHETIC_ROBUSTNESS
528,compress quick lazy dog the quick the dog over stream data jumps the quick quick data over quick data the data compress stream d,53.13892412502742,SYNTHETIC_ROBUSTNESS
529,quick brown over the compress jumps dog quick jumps stream lazy jumps compress lazy data data the lazy stream data data the over,53.25498320776069,SYNTHETIC_ROBUSTNESS
530,fox lazy quick dog compress dog data fox data brown stream quick the data brown fox over compress quick over stream compress qui,53.27568629197925,SYNTHETIC_ROBUSTNESS
531,over over brown lazy fox dog quick fox brown over jumps brown stream jumps over over compress dog dog stream stream compress laz,53.35630788280537,SYNTHETIC_ROBUSTNESS
532,data over the brown data fox over brown brown data brown over compress fox jumps over dog over stream stream fox data the jumps ,53.40614959005642,SYNTHETIC_ROBUSTNESS
533,quick brown over the compress jumps dog quick jumps stream lazy jumps compress lazy data data the lazy stream data data the over,53.48967706541693,SYNTHETIC_ROBUSTNESS
534,compress lazy compress dog stream brown lazy data lazy dog brown jumps stream dog brown compress data lazy the over brown lazy o,53.51790829958303,SYNTHETIC_ROBUSTNESS
535,compress lazy compress dog stream brown lazy data lazy dog brown jumps stream dog brown compress data lazy the over brown lazy o,53.55507110665946,SYNTHETIC_ROBUSTNESS
536,data over the brown data fox over brown brown data brown over compress fox jumps over dog over stream stream fox data the jumps ,53.57019073915204,SYNTHETIC_ROBUSTNESS
537,compress stream lazy data jumps data brown stream brown compress stream data over stream the fox dog brown jumps dog fox data th,53.72023368547673,SYNTHETIC_ROBUSTNESS
538,over brown lazy lazy quick data stream fox compress compress data stream the fox brown dog brown the jumps fox compress fox stre,53.72750280115568,SYNTHETIC_ROBUSTNESS
539,the over fox over over over fox stream lazy fox compress jumps over fox jumps the dog fox data lazy jumps compress compress comp,53.77473294989315,SYNTHETIC_ROBUSTNESS
540,stream compress compress compress data data over jumps the data lazy lazy brown quick the compress the the quick stream compress,53.83435256459404,SYNTHETIC_ROBUSTNESS
541,lazy the over data compress data over fox lazy stream the over over dog lazy compress quick stream compress compress brown brown,53.85606948440636,SYNTHETIC_ROBUSTNESS
542,dog stream fox stream quick compress lazy dog brown the data compress data the lazy lazy quick dog lazy data compress brown lazy,53.9046537841254,SYNTHETIC_ROBUSTNESS
543,brown dog data compress lazy dog compress stream brown data fox brown compress jumps jumps lazy fox brown dog data dog stream co,53.95879742666262,SYNTHETIC_ROBUSTNESS
544,data the stream stream jumps jumps fox the data lazy brown the data compress dog fox fox quick stream compress lazy over over do,53.984200287766676,SYNTHETIC_ROBUSTNESS
545,data over the brown data fox over brown brown data brown over compress fox jumps over dog over stream stream fox data the jumps ,54.08615888761684,SYNTHETIC_ROBUSTNESS
546,data the stream stream jumps jumps fox the data lazy brown the data compress dog fox fox quick stream compress lazy over over do,54.08929288892859,SYNTHETIC_ROBUSTNESS
547,data the stream stream jumps jumps fox the data lazy brown the data compress dog fox fox quick stream compress lazy over over do,54.111303289450326,SYNTHETIC_ROBUSTNESS
548,lazy the over data compress data over fox lazy stream the over over dog lazy compress quick stream compress compress brown brown,54.20913984421618,SYNTHETIC_ROBUSTNESS
549,quick brown over the compress jumps dog quick jumps stream lazy jumps compress lazy data data the lazy stream data data the over,54.3078990353018,SYNTHETIC_ROBUSTNESS
550,lazy the over data compress data over fox lazy stream the over over dog lazy compress quick stream compress compress brown brown,54.33872324740654,SYNTHETIC_ROBUSTNESS
551,over over brown lazy fox dog quick fox brown over jumps brown stream jumps over over compress dog dog stream stream compress laz,54.45362413193231,SYNTHETIC_ROBUSTNESS
552,quick brown over the compress jumps dog quick jumps stream lazy jumps compress lazy data data the lazy stream data data the over,54.51707212090614,SYNTHETIC_ROBUSTNESS
553,brown the the jumps compress over quick the stream stream the compress the brown lazy compress data quick over the fox lazy quic,54.591990272067385,SYNTHETIC_ROBUSTNESS
554,data the stream stream jumps jumps fox the data lazy brown the data compress dog fox fox quick stream compress lazy over over do,54.63242839612909,SYNTHETIC_ROBUSTNESS
555,lazy the over data compress data over fox lazy stream the over over dog lazy compress quick stream compress compress brown brown,55.04766171175728,SYNTHETIC_ROBUSTNESS
556,data the stream stream jumps jumps fox the data lazy brown the data compress dog fox fox quick stream compress lazy over over do,55.18136917952859,SYNTHETIC_ROBUSTNESS
557,over over brown lazy fox dog quick fox brown over jumps brown stream jumps over over compress dog dog stream stream compress laz,55.20992825886767,SYNTHETIC_ROBUSTNESS
558,brown the the jumps compress over quick the stream stream the compress the brown lazy compress data quick over the fox lazy quic,55.23692076273652,SYNTHETIC_ROBUSTNESS
559,fox lazy quick dog compress dog data fox data brown stream quick the data brown fox over compress quick over stream compress qui,55.385719587219626,SYNTHETIC_ROBUSTNESS
560,data over the brown data fox over brown brown data brown over compress fox jumps over dog over stream stream fox data the jumps ,55.43482367128276,SYNTHETIC_ROBUSTNESS
561,over over brown lazy fox dog quick fox brown over jumps brown stream jumps over over compress dog dog stream stream compress laz,55.44442102633747,SYNTHETIC_ROBUSTNESS
562,jumps jumps over quick the over over stream fox dog brown dog compress data stream stream data data data the fox quick data jump,55.44804593058223,SYNTHETIC_ROBUSTNESS
563,data over the brown data fox over brown brown data brown over compress fox jumps over dog over stream stream fox data the jumps ,55.501481974112586,SYNTHETIC_ROBUSTNESS
564,compress jumps over lazy data lazy dog compress jumps fox compress dog over jumps quick jumps brown dog lazy quick the jumps qui,55.555046422893255,SYNTHETIC_ROBUSTNESS
565,quick brown over the compress jumps dog quick jumps stream lazy jumps compress lazy data data the lazy stream data data the over,55.677755794720014,SYNTHETIC_ROBUSTNESS
566,stream compress compress compress data data over jumps the data lazy lazy brown quick the compress the the quick stream compress,55.763268691969415,SYNTHETIC_ROBUSTNESS
567,compress lazy compress dog stream brown lazy data lazy dog brown jumps stream dog brown compress data lazy the over brown lazy o,55.91028853499829,SYNTHETIC_ROBUSTNESS
568,data the stream stream jumps jumps fox the data lazy brown the data compress dog fox fox quick stream compress lazy over over do,55.948524775182676,SYNTHETIC_ROBUSTNESS
569,data over the brown data fox over brown brown data brown over compress fox jumps over dog over stream stream fox data the jumps ,56.046408292098675,SYNTHETIC_ROBUSTNESS
570,lazy the over data compress data over fox lazy stream the over over dog lazy compress quick stream compress compress brown brown,56.26330360179458,SYNTHETIC_ROBUSTNESS
571,compress lazy compress dog stream brown lazy data lazy dog brown jumps stream dog brown compress data lazy the over brown lazy o,56.27048403956133,SYNTHETIC_ROBUSTNESS
572,quick brown the the dog fox compress compress lazy compress the data dog fox jumps the compress compress over quick fox quick la,56.393738872875254,SYNTHETIC_ROBUSTNESS
573,dog stream data jumps compress the dog quick fox stream the compress fox compress over compress lazy the the data over fox fox b,56.51957579221251,SYNTHETIC_ROBUSTNESS
574,brown the the jumps compress over quick the stream stream the compress the brown lazy compress data quick over the fox lazy quic,56.67757840829052,SYNTHETIC_ROBUSTNESS
575,data the stream stream jumps jumps fox the data lazy brown the data compress dog fox fox quick stream compress lazy over over do,56.708919063717815,SYNTHETIC_ROBUSTNESS
576,brown the the jumps compress over quick the stream stream the compress the brown lazy compress data quick over the fox lazy quic,56.76279372617159,SYNTHETIC_ROBUSTNESS
577,the data dog brown data data the fox the fox data fox stream compress jumps the compress compress dog brown dog dog fox fox jump,56.79019904249092,SYNTHETIC_ROBUSTNESS
578,lazy the over data compress data over fox lazy stream the over over dog lazy compress quick stream compress compress brown brown,56.827100098369314,SYNTHETIC_ROBUSTNESS
579,brown the the jumps compress over quick the stream stream the compress the brown lazy compress data quick over the fox lazy quic,57.172903835585565,SYNTHETIC_ROBUSTNESS
580,brown the the jumps compress over quick the stream stream the compress the brown lazy compress data quick over the fox lazy quic,57.23190046080765,SYNTHETIC_ROBUSTNESS
581,compress jumps over lazy data lazy dog compress jumps fox compress dog over jumps quick jumps brown dog lazy quick the jumps qui,57.42065205091119,SYNTHETIC_ROBUSTNESS
582,brown the the jumps compress over quick the stream stream the compress the brown lazy compress data quick over the fox lazy quic,57.5790679902503,SYNTHETIC_ROBUSTNESS
583,data over the brown data fox over brown brown data brown over compress fox jumps over dog over stream stream fox data the jumps ,57.63786134325084,SYNTHETIC_ROBUSTNESS
584,data over the brown data fox over brown brown data brown over compress fox jumps over dog over stream stream fox data the jumps ,58.1229573016357,SYNTHETIC_ROBUSTNESS
585,dog the compress over the stream the the lazy data over data dog over data the compress over over data dog lazy fox lazy compres,58.306704466099724,SYNTHETIC_ROBUSTNESS
586,data the stream stream jumps jumps fox the data lazy brown the data compress dog fox fox quick stream compress lazy over over do,58.372616741322545,SYNTHETIC_ROBUSTNESS
587,data over the brown data fox over brown brown data brown over compress fox jumps over dog over stream stream fox data the jumps ,58.409680463645216,SYNTHETIC_ROBUSTNESS
588,stream the lazy data the brown quick the lazy stream stream compress over fox compress lazy quick over dog the over over over ov,58.41750846625035,SYNTHETIC_ROBUSTNESS
589,over over brown lazy fox dog quick fox brown over jumps brown stream jumps over over compress dog dog stream stream compress laz,58.48001992552691,SYNTHETIC_ROBUSTNESS
590,brown the the jumps compress over quick the stream stream the compress the brown lazy compress data quick over the fox lazy quic,58.52465018321248,SYNTHETIC_ROBUSTNESS
591,compress dog data data over compress lazy dog compress compress the stream stream fox the dog data fox quick compress stream str,58.64891353683268,SYNTHETIC_ROBUSTNESS
592,compress jumps over lazy data lazy dog compress jumps fox compress dog over jumps quick jumps brown dog lazy quick the jumps qui,58.650900992976915,SYNTHETIC_ROBUSTNESS
593,stream compress compress compress data data over jumps the data lazy lazy brown quick the compress the the quick stream compress,58.828951892928025,SYNTHETIC_ROBUSTNESS
594,compress lazy compress dog stream brown lazy data lazy dog brown jumps stream dog brown compress data lazy the over brown lazy o,58.88284493826937,SYNTHETIC_ROBUSTNESS
595,compress jumps over lazy data lazy dog compress jumps fox compress dog over jumps quick jumps brown dog lazy quick the jumps qui,58.94628232201771,SYNTHETIC_ROBUSTNESS
596,data the stream stream jumps jumps fox the data lazy brown the data compress dog fox fox quick stream compress lazy over over do,58.966468261708656,SYNTHETIC_ROBUSTNESS
597,quick quick data over fox compress dog lazy brown the brown compress jumps the quick the stream stream over brown compress strea,59.243698500871815,SYNTHETIC_ROBUSTNESS
598,data over the brown data fox over brown brown data brown over compress fox jumps over dog over stream stream fox data the jumps ,59.29451262363455,SYNTHETIC_ROBUSTNESS
599,data over the brown data fox over brown brown data brown over compress fox jumps over dog over stream stream fox data the jumps ,59.47948843633975,SYNTHETIC_ROBUSTNESS
600,lazy the over data compress data over fox lazy stream the over over dog lazy compress quick stream compress compress brown brown,59.50659760961914,SYNTHETIC_ROBUSTNESS
601,compress lazy compress dog stream brown lazy data lazy dog brown jumps stream dog brown compress data lazy the over brown lazy o,59.51676290450335,SYNTHETIC_ROBUSTNESS
602,data over the brown data fox over brown brown data brown over compress fox jumps over dog over stream stream fox data the jumps ,59.61775739957405,SYNTHETIC_ROBUSTNESS
603,over over brown lazy fox dog quick fox brown over jumps brown stream jumps over over compress dog dog stream stream compress laz,60.03391159643683,SYNTHETIC_ROBUSTNESS
604,quick brown over the compress jumps dog quick jumps stream lazy jumps compress lazy data data the lazy stream data data the over,60.13802376747789,SYNTHETIC_ROBUSTNESS
605,brown the the jumps compress over quick the stream stream the compress the brown lazy compress data quick over the fox lazy quic,60.23185519628997,SYNTHETIC_ROBUSTNESS
606,brown the the jumps compress over quick the stream stream the compress the brown lazy compress data quick over the fox lazy quic,60.29023618381666,SYNTHETIC_ROBUSTNESS
607,data the stream stream jumps jumps fox the data lazy brown the data compress dog fox fox quick stream compress lazy over over do,60.32361594675682,SYNTHETIC_ROBUSTNESS
608,over over brown lazy fox dog quick fox brown over jumps brown stream jumps over over compress dog dog stream stream compress laz,60.37997413106979,SYNTHETIC_ROBUSTNESS
609,stream compress compress compress data data over jumps the data lazy lazy brown quick the compress the the quick stream compress,60.39610338692178,SYNTHETIC_ROBUSTNESS
610,lazy the over data compress data over fox lazy stream the over over dog lazy compress quick stream compress compress brown brown,60.42647189973738,SYNTHETIC_ROBUSTNESS
611,stream compress compress compress data data over jumps the data lazy lazy brown quick the compress the the quick stream compress,60.49329500201444,SYNTHETIC_ROBUSTNESS
612,the jumps over lazy compress over over dog stream dog the over lazy fox compress compress the jumps stream over compress brown s,60.50893647472939,SYNTHETIC_ROBUSTNESS
613,compress lazy compress dog stream brown lazy data lazy dog brown jumps stream dog brown compress data lazy the over brown lazy o,60.66573336078759,SYNTHETIC_ROBUSTNESS
614,data over the brown data fox over brown brown data brown over compress fox jumps over dog over stream stream fox data the jumps ,60.66689622796587,SYNTHETIC_ROBUSTNESS
615,compress jumps over lazy data lazy dog compress jumps fox compress dog over jumps quick jumps brown dog lazy quick the jumps qui,60.7056970781827,SYNTHETIC_ROBUSTNESS
616,stream compress compress compress data data over jumps the data lazy lazy brown quick the compress the the quick stream compress,60.778398805336565,SYNTHETIC_ROBUSTNESS
617,lazy fox jumps lazy over compress brown stream over brown over dog jumps data dog dog brown data the over data jumps data stream,61.04283285677648,SYNTHETIC_ROBUSTNESS
618,stream fox fox fox jumps stream stream data compress quick brown over quick the dog data data stream the stream fox lazy compres,61.12803594330385,SYNTHETIC_ROBUSTNESS
619,lazy the over data compress data over fox lazy stream the over over dog lazy compress quick stream compress compress brown brown,61.16297807142491,SYNTHETIC_ROBUSTNESS
620,fox lazy quick dog compress dog data fox data brown stream quick the data brown fox over compress quick over stream compress qui,61.20639396107809,SYNTHETIC_ROBUSTNESS
621,data the stream stream jumps jumps fox the data lazy brown the data compress dog fox fox quick stream compress lazy over over do,61.24781815481069,SYNTHETIC_ROBUSTNESS
622,brown the the jumps compress over quick the stream stream the compress the brown lazy compress data quick over the fox lazy quic,61.267708305121744,SYNTHETIC_ROBUSTNESS
623,lazy the over data compress data over fox lazy stream the over over dog lazy compress quick stream compress compress brown brown,61.283355989081905,SYNTHETIC_ROBUSTNESS
624,over over brown lazy fox dog quick fox brown over jumps brown stream jumps over over compress dog dog stream stream compress laz,61.34887090806474,SYNTHETIC_ROBUSTNESS
625,fox lazy quick dog compress dog data fox data brown stream quick the data brown fox over compress quick over stream compress qui,61.38037774800361,SYNTHETIC_ROBUSTNESS
626,compress lazy compress dog stream brown lazy data lazy dog brown jumps stream dog brown compress data lazy the over brown lazy o,61.39001153427512,SYNTHETIC_ROBUSTNESS
627,over over brown lazy fox dog quick fox brown over jumps brown stream jumps over over compress dog dog stream stream compress laz,61.414407231949376,SYNTHETIC_ROBUSTNESS
628,stream compress compress compress data data over jumps the data lazy lazy brown quick the compress the the quick stream compress,61.487955529311535,SYNTHETIC_ROBUSTNESS
629,quick brown over the compress jumps dog quick jumps stream lazy jumps compress lazy data data the lazy stream data data the over,61.51764708342733,SYNTHETIC_ROBUSTNESS
630,stream compress compress compress data data over jumps the data lazy lazy brown quick the compress the the quick stream compress,61.54479412715142,SYNTHETIC_ROBUSTNESS
631,dog stream over brown compress dog compress the fox data compress data dog lazy compress dog jumps data jumps compress data comp,61.641725441225226,SYNTHETIC_ROBUSTNESS
632,stream compress compress compress data data over jumps the data lazy lazy brown quick the compress the the quick stream compress,61.75865564712106,SYNTHETIC_ROBUSTNESS
633,stream data over data brown over the lazy stream dog compress dog jumps over quick data brown the compress compress compress the,61.78626339893463,SYNTHETIC_ROBUSTNESS
634,lazy the over data compress data over fox lazy stream the over over dog lazy compress quick stream compress compress brown brown,61.850156060974605,SYNTHETIC_ROBUSTNESS
635,quick brown over the compress jumps dog quick jumps stream lazy jumps compress lazy data data the lazy stream data data the over,61.99478884677693,SYNTHETIC_ROBUSTNESS
636,stream compress compress compress data data over jumps the data lazy lazy brown quick the compress the the quick stream compress,62.111876265374164,SYNTHETIC_ROBUSTNESS
637,compress jumps over lazy data lazy dog compress jumps fox compress dog over jumps quick jumps brown dog lazy quick the jumps qui,62.11905709758933,SYNTHETIC_ROBUSTNESS
638,data over the brown data fox over brown brown data brown over compress fox jumps over dog over stream stream fox data the jumps ,62.16369687157877,SYNTHETIC_ROBUSTNESS
639,jumps the jumps jumps lazy jumps compress stream the lazy compress data stream over the fox data fox compress stream quick brown,62.2921702261747,SYNTHETIC_ROBUSTNESS
640,lazy data dog brown the the lazy fox dog dog the brown compress dog quick the fox quick over quick quick compress jumps the lazy,62.31194674483633,SYNTHETIC_ROBUSTNESS
641,fox lazy quick dog compress dog data fox data brown stream quick the data brown fox over compress quick over stream compress qui,62.33375328933147,SYNTHETIC_ROBUSTNESS
642,quick brown over the compress jumps dog quick jumps stream lazy jumps compress lazy data data the lazy stream data data the over,62.43322493494624,SYNTHETIC_ROBUSTNESS
643,lazy the over data compress data over fox lazy stream the over over dog lazy compress quick stream compress compress brown brown,62.466597669176736,SYNTHETIC_ROBUSTNESS
644,data over the brown data fox over brown brown data brown over compress fox jumps over dog over stream stream fox data the jumps ,62.505716977233504,SYNTHETIC_ROBUSTNESS
645,data the the data the dog fox jumps data lazy dog brown brown dog over stream fox jumps compress data the compress dog compress ,62.57970220926422,SYNTHETIC_ROBUSTNESS
646,compress lazy compress dog stream brown lazy data lazy dog brown jumps stream dog brown compress data lazy the over brown lazy o,62.71856416228774,SYNTHETIC_ROBUSTNESS
647,brown the the jumps compress over quick the stream stream the compress the brown lazy compress data quick over the fox lazy quic,62.78753723732328,SYNTHETIC_ROBUSTNESS
648,compress jumps over lazy data lazy dog compress jumps fox compress dog over jumps quick jumps brown dog lazy quick the jumps qui,63.01142963377358,SYNTHETIC_ROBUSTNESS
649,over over brown lazy fox dog quick fox brown over jumps brown stream jumps over over compress dog dog stream stream compress laz,63.0227062898038,SYNTHETIC_ROBUSTNESS
650,over over brown lazy fox dog quick fox brown over jumps brown stream jumps over over compress dog dog stream stream compress laz,63.16300934434888,SYNTHETIC_ROBUSTNESS
651,compress lazy compress dog stream brown lazy data lazy dog brown jumps stream dog brown compress data lazy the over brown lazy o,63.24145627921746,SYNTHETIC_ROBUSTNESS
652,brown the the jumps compress over quick the stream stream the compress the brown lazy compress data quick over the fox lazy quic,63.4111120343396,SYNTHETIC_ROBUSTNESS
653,jumps over lazy the fox dog jumps brown compress lazy compress fox data brown compress brown over brown data dog dog over quick ,63.44915074414468,SYNTHETIC_ROBUSTNESS
654,over over brown lazy fox dog quick fox brown over jumps brown stream jumps over over compress dog dog stream stream compress laz,63.51494833408915,SYNTHETIC_ROBUSTNESS
655,compress data dog the brown brown lazy jumps the stream compress quick compress compress compress fox compress the jumps over qu,63.68844715499894,SYNTHETIC_ROBUSTNESS
656,compress jumps over lazy data lazy dog compress jumps fox compress dog over jumps quick jumps brown dog lazy quick the jumps qui,63.86669624059794,SYNTHETIC_ROBUSTNESS
657,quick brown over the compress jumps dog quick jumps stream lazy jumps compress lazy data data the lazy stream data data the over,63.91385520444617,SYNTHETIC_ROBUSTNESS
658,data over the brown data fox over brown brown data brown over compress fox jumps over dog over stream stream fox data the jumps ,64.08656254765837,SYNTHETIC_ROBUSTNESS
659,compress the dog quick fox fox quick dog dog data lazy compress data fox data over fox over over data data dog lazy brown quicka,64.20125830824873,SYNTHETIC_ROBUSTNESS
660,lazy the over data compress data over fox lazy stream the over over dog lazy compress quick stream compress compress brown brown,64.25392493822719,SYNTHETIC_ROBUSTNESS
661,data the stream stream jumps jumps fox the data lazy brown the data compress dog fox fox quick stream compress lazy over over do,64.6036038183,SYNTHETIC_ROBUSTNESS
662,stream compress compress compress data data over jumps the data lazy lazy brown quick the compress the the quick stream compress,64.60674197962821,SYNTHETIC_ROBUSTNESS
663,jumps the brown jumps compress the lazy lazy brown stream jumps jumps over data lazy compress jumps stream the the data over dat,64.65497598290493,SYNTHETIC_ROBUSTNESS
664,compress lazy dog fox data data the dog fox dog the over fox quick stream data data stream compress stream the compress data com,64.69164167782836,SYNTHETIC_ROBUSTNESS
665,compress lazy compress dog stream brown lazy data lazy dog brown jumps stream dog brown compress data lazy the over brown lazy o,64.96615529625778,SYNTHETIC_ROBUSTNESS
666,lazy the over data compress data over fox lazy stream the over over dog lazy compress quick stream compress compress brown brown,64.97663061472588,SYNTHETIC_ROBUSTNESS
667,quick stream brown brown over brown brown dog data fox fox jumps brown the over data jumps over dog dog compress stream jumps la,65.07552332998861,SYNTHETIC_ROBUSTNESS
668,fox lazy quick dog compress dog data fox data brown stream quick the data brown fox over compress quick over stream compress qui,65.20162281462433,SYNTHETIC_ROBUSTNESS
669,compress jumps over lazy data lazy dog compress jumps fox compress dog over jumps quick jumps brown dog lazy quick the jumps qui,65.22197845641013,SYNTHETIC_ROBUSTNESS
670,data over the brown data fox over brown brown data brown over compress fox jumps over dog over stream stream fox data the jumps ,65.23822417474035,SYNTHETIC_ROBUSTNESS
671,data over the brown data fox over brown brown data brown over compress fox jumps over dog over stream stream fox data the jumps ,65.24312548362822,SYNTHETIC_ROBUSTNESS
672,quick quick the compress jumps compress fox dog dog lazy brown jumps over data over stream data fox over brown stream the data f,65.26042700721007,SYNTHETIC_ROBUSTNESS
673,over over brown lazy fox dog quick fox brown over jumps brown stream jumps over over compress dog dog stream stream compress laz,65.42556505872334,SYNTHETIC_ROBUSTNESS
674,data the stream stream jumps jumps fox the data lazy brown the data compress dog fox fox quick stream compress lazy over over do,65.71372717397732,SYNTHETIC_ROBUSTNESS
675,data the stream stream jumps jumps fox the data lazy brown the data compress dog fox fox quick stream compress lazy over over do,65.94541813515634,SYNTHETIC_ROBUSTNESS
676,data jumps jumps brown over data quick brown dog jumps dog stream fox jumps the quick data stream dog brown quick lazy quick fox,65.99087917402213,SYNTHETIC_ROBUSTNESS
677,data over the brown data fox over brown brown data brown over compress fox jumps over dog over stream stream fox data the jumps ,66.12029646711743,SYNTHETIC_ROBUSTNESS
678,compress lazy compress dog stream brown lazy data lazy dog brown jumps stream dog brown compress data lazy the over brown lazy o,66.29576808200926,SYNTHETIC_ROBUSTNESS
679,brown the the jumps compress over quick the stream stream the compress the brown lazy compress data quick over the fox lazy quic,66.46315798621664,SYNTHETIC_ROBUSTNESS
680,data over the brown data fox over brown brown data brown over compress fox jumps over dog over stream stream fox data the jumps ,66.46963156784615,SYNTHETIC_ROBUSTNESS
681,lazy lazy over jumps lazy jumps fox fox brown over brown the fox jumps lazy the over quick quick fox lazy brown data lazy theaaa,66.49381711782875,SYNTHETIC_ROBUSTNESS
682,stream compress compress compress data data over jumps the data lazy lazy brown quick the compress the the quick stream compress,66.77341502249477,SYNTHETIC_ROBUSTNESS
683,dog jumps dog stream stream brown fox brown jumps over brown brown jumps data quick jumps stream lazy brown fox dog lazy jumps o,66.90808630385524,SYNTHETIC_ROBUSTNESS
684,fox dog dog compress lazy the compress brown jumps fox jumps compress compress dog lazy over over over lazy jumps jumps dog comp,67.08787557061844,SYNTHETIC_ROBUSTNESS
685,data over the brown data fox over brown brown data brown over compress fox jumps over dog over stream stream fox data the jumps ,67.16005559868492,SYNTHETIC_ROBUSTNESS
686,lazy the over data compress data over fox lazy stream the over over dog lazy compress quick stream compress compress brown brown,67.20998748158895,SYNTHETIC_ROBUSTNESS
687,compress lazy compress dog stream brown lazy data lazy dog brown jumps stream dog brown compress data lazy the over brown lazy o,67.3153199217581,SYNTHETIC_ROBUSTNESS
688,quick brown over the compress jumps dog quick jumps stream lazy jumps compress lazy data data the lazy stream data data the over,67.37934821136166,SYNTHETIC_ROBUSTNESS
689,dog dog over lazy the stream stream brown brown the dog dog lazy stream dog lazy the compress over the the compress over quick b,67.42615070819225,SYNTHETIC_ROBUSTNESS
690,data over the brown data fox over brown brown data brown over compress fox jumps over dog over stream stream fox data the jumps ,67.4689026963334,SYNTHETIC_ROBUSTNESS
691,quick lazy fox jumps dog jumps lazy data compress lazy brown over compress fox quick quick jumps jumps compress data jumps lazy ,67.48608917760778,SYNTHETIC_ROBUSTNESS
692,data over the brown data fox over brown brown data brown over compress fox jumps over dog over stream stream fox data the jumps ,67.56146666057379,SYNTHETIC_ROBUSTNESS
693,compress lazy compress dog stream brown lazy data lazy dog brown jumps stream dog brown compress data lazy the over brown lazy o,67.63483161875698,SYNTHETIC_ROBUSTNESS
694,lazy the over data compress data over fox lazy stream the over over dog lazy compress quick stream compress compress brown brown,67.72417930211252,SYNTHETIC_ROBUSTNESS
695,brown the the jumps compress over quick the stream stream the compress the brown lazy compress data quick over the fox lazy quic,67.73653442731603,SYNTHETIC_ROBUSTNESS
696,brown compress over quick data the data the brown over lazy over fox lazy dog dog brown compress brown the dog over the brown br,67.98295427936905,SYNTHETIC_ROBUSTNESS
697,brown data fox the jumps fox data fox lazy quick quick fox over the fox data dog the brown over brown quick fox compress lazyaaa,68.1184556043031,SYNTHETIC_ROBUSTNESS
698,data the stream stream jumps jumps fox the data lazy brown the data compress dog fox fox quick stream compress lazy over over do,68.13249268858779,SYNTHETIC_ROBUSTNESS
699,compress lazy compress dog stream brown lazy data lazy dog brown jumps stream dog brown compress data lazy the over brown lazy o,68.14075956443767,SYNTHETIC_ROBUSTNESS
700,jumps dog dog jumps the stream jumps dog the stream over over data data dog jumps data brown lazy brown quick the stream lazy do,68.24373929604165,SYNTHETIC_ROBUSTNESS
701,over dog compress fox brown compress data fox compress compress jumps data compress lazy dog fox jumps stream quick jumps compre,68.28551878480805,SYNTHETIC_ROBUSTNESS
702,fox lazy quick dog compress dog data fox data brown stream quick the data brown fox over compress quick over stream compress qui,68.32394521210283,SYNTHETIC_ROBUSTNESS
703,lazy the lazy stream over data dog stream data over jumps the stream quick over dog brown lazy over brown brown lazy brown over ,68.50719777184014,SYNTHETIC_ROBUSTNESS
704,compress compress fox over brown compress fox fox stream quick jumps fox brown the stream fox stream over dog data quick jumps c,68.54953164108177,SYNTHETIC_ROBUSTNESS
705,quick brown over the compress jumps dog quick jumps stream lazy jumps compress lazy data data the lazy stream data data the over,68.64954834990712,SYNTHETIC_ROBUSTNESS
706,lazy the over data compress data over fox lazy stream the over over dog lazy compress quick stream compress compress brown brown,68.726567266893,SYNTHETIC_ROBUSTNESS
707,compress jumps over lazy data lazy dog compress jumps fox compress dog over jumps quick jumps brown dog lazy quick the jumps qui,68.7570795799701,SYNTHETIC_ROBUSTNESS
708,brown jumps compress dog fox fox dog quick jumps stream jumps over stream compress jumps quick data data lazy data brown compres,68.79737242347362,SYNTHETIC_ROBUSTNESS
709,over over brown lazy fox dog quick fox brown over jumps brown stream jumps over over compress dog dog stream stream compress laz,69.08418180180912,SYNTHETIC_ROBUSTNESS
710,data jumps brown fox lazy stream lazy jumps stream jumps dog dog quick quick stream stream over over stream the stream fox over ,69.12443467513707,SYNTHETIC_ROBUSTNESS
711,compress jumps over lazy data lazy dog compress jumps fox compress dog over jumps quick jumps brown dog lazy quick the jumps qui,69.27768395069566,SYNTHETIC_ROBUSTNESS
712,lazy the over data compress data over fox lazy stream the over over dog lazy compress quick stream compress compress brown brown,69.47521047626279,SYNTHETIC_ROBUSTNESS
713,fox stream stream lazy dog brown brown compress over brown lazy over lazy jumps fox over dog fox quick lazy quick data jumps qui,69.48257922032845,SYNTHETIC_ROBUSTNESS
714,the dog jumps compress over brown the dog lazy the over the data jumps jumps dog fox compress over the brown lazy over stream qu,69.59137776579408,SYNTHETIC_ROBUSTNESS
715,compress lazy compress dog stream brown lazy data lazy dog brown jumps stream dog brown compress data lazy the over brown lazy o,69.72971186273966,SYNTHETIC_ROBUSTNESS
716,over over brown lazy fox dog quick fox brown over jumps brown stream jumps over over compress dog dog stream stream compress laz,69.78663181401939,SYNTHETIC_ROBUSTNESS
717,lazy the over data compress data over fox lazy stream the over over dog lazy compress quick stream compress compress brown brown,69.87087198511526,SYNTHETIC_ROBUSTNESS
718,quick the dog compress lazy stream over over the dog data quick lazy dog compress over dog jumps jumps fox dog stream dog lazy t,69.8885225380394,SYNTHETIC_ROBUSTNESS
719,compress jumps over lazy data lazy dog compress jumps fox compress dog over jumps quick jumps brown dog lazy quick the jumps qui,69.92686803887915,SYNTHETIC_ROBUSTNESS
720,data the stream stream jumps jumps fox the data lazy brown the data compress dog fox fox quick stream compress lazy over over do,70.04985419809633,SYNTHETIC_ROBUSTNESS
721,data over the brown data fox over brown brown data brown over compress fox jumps over dog over stream stream fox data the jumps ,70.14212815450989,SYNTHETIC_ROBUSTNESS
722,data over the brown data fox over brown brown data brown over compress fox jumps over dog over stream stream fox data the jumps ,70.15679106175008,SYNTHETIC_ROBUSTNESS
723,stream compress compress compress data data over jumps the data lazy lazy brown quick the compress the the quick stream compress,70.59948256780059,SYNTHETIC_ROBUSTNESS
724,stream compress compress compress data data over jumps the data lazy lazy brown quick the compress the the quick stream compress,70.87720511075678,SYNTHETIC_ROBUSTNESS
725,brown brown dog fox brown lazy quick compress over brown stream jumps over over data dog over lazy fox compress quick quick quic,70.90258050172929,SYNTHETIC_ROBUSTNESS
726,stream compress compress compress data data over jumps the data lazy lazy brown quick the compress the the quick stream compress,71.11062115307217,SYNTHETIC_ROBUSTNESS
727,stream compress compress compress data data over jumps the data lazy lazy brown quick the compress the the quick stream compress,71.14170521068516,SYNTHETIC_ROBUSTNESS
728,jumps data jumps brown the dog data fox data brown brown data lazy dog data dog data lazy jumps data data lazy fox jumps quickaa,71.22465669965821,SYNTHETIC_ROBUSTNESS
729,brown compress fox quick fox over stream the fox compress data stream the jumps brown jumps the stream brown brown the stream da,71.37700612007461,SYNTHETIC_ROBUSTNESS
730,the stream fox quick data lazy compress compress over quick jumps fox jumps fox data fox compress brown quick dog over fox the l,71.41917779559097,SYNTHETIC_ROBUSTNESS
731,fox lazy over compress brown stream the fox dog fox the fox compress data the lazy dog brown data jumps quick dog compress fox t,71.5001790228846,SYNTHETIC_ROBUSTNESS
732,stream lazy the quick dog jumps dog over the brown compress fox the brown dog dog data stream over brown dog over brown quick co,71.56002703602523,SYNTHETIC_ROBUSTNESS
733,brown the the jumps compress over quick the stream stream the compress the brown lazy compress data quick over the fox lazy quic,71.70282146275227,SYNTHETIC_ROBUSTNESS
734,data over the brown data fox over brown brown data brown over compress fox jumps over dog over stream stream fox data the jumps ,71.76795976119014,SYNTHETIC_ROBUSTNESS
735,stream data stream brown the the brown data the the stream data fox the dog the over over lazy the the data dog quick brownaaaaa,71.85164100981082,SYNTHETIC_ROBUSTNESS
736,quick brown over the compress jumps dog quick jumps stream lazy jumps compress lazy data data the lazy stream data data the over,72.03843447999279,SYNTHETIC_ROBUSTNESS
737,fox lazy quick dog compress dog data fox data brown stream quick the data brown fox over compress quick over stream compress qui,72.15838128911798,SYNTHETIC_ROBUSTNESS
738,stream compress compress compress data data over jumps the data lazy lazy brown quick the compress the the quick stream compress,72.23335373553057,SYNTHETIC_ROBUSTNESS
739,data over the brown data fox over brown brown data brown over compress fox jumps over dog over stream stream fox data the jumps ,72.2952118204063,SYNTHETIC_ROBUSTNESS
740,brown over dog over fox compress compress dog the brown data data brown quick compress quick lazy over quick jumps stream over l,72.30876695233685,SYNTHETIC_ROBUSTNESS
741,compress lazy compress dog stream brown lazy data lazy dog brown jumps stream dog brown compress data lazy the over brown lazy o,72.31456869351379,SYNTHETIC_ROBUSTNESS
742,brown the the jumps compress over quick the stream stream the compress the brown lazy compress data quick over the fox lazy quic,72.61985278333536,SYNTHETIC_ROBUSTNESS
743,over over brown lazy fox dog quick fox brown over jumps brown stream jumps over over compress dog dog stream stream compress laz,72.64049698383874,SYNTHETIC_ROBUSTNESS
744,brown quick dog the jumps compress brown data compress the fox quick compress data fox fox dog lazy dog the jumps over lazy over,72.67291384662458,SYNTHETIC_ROBUSTNESS
745,over over brown lazy fox dog quick fox brown over jumps brown stream jumps over over compress dog dog stream stream compress laz,72.76731821140791,SYNTHETIC_ROBUSTNESS
746,compress jumps over lazy data lazy dog compress jumps fox compress dog over jumps quick jumps brown dog lazy quick the jumps qui,72.94330111386478,SYNTHETIC_ROBUSTNESS
747,data over the brown data fox over brown brown data brown over compress fox jumps over dog over stream stream fox data the jumps ,73.12236230716191,SYNTHETIC_ROBUSTNESS
748,data the stream stream jumps jumps fox the data lazy brown the data compress dog fox fox quick stream compress lazy over over do,73.29935080472568,SYNTHETIC_ROBUSTNESS
749,stream compress compress compress data data over jumps the data lazy lazy brown quick the compress the the quick stream compress,73.68142292410099,SYNTHETIC_ROBUSTNESS
750,compress lazy compress dog stream brown lazy data lazy dog brown jumps stream dog brown compress data lazy the over brown lazy o,73.68715438341883,SYNTHETIC_ROBUSTNESS
751,quick brown over the compress jumps dog quick jumps stream lazy jumps compress lazy data data the lazy stream data data the over,73.73821164870141,SYNTHETIC_ROBUSTNESS
752,jumps stream data fox dog the dog jumps data brown data brown lazy over quick dog fox fox compress quick stream jumps the brown ,73.98307422704103,SYNTHETIC_ROBUSTNESS
753,quick brown over the compress jumps dog quick jumps stream lazy jumps compress lazy data data the lazy stream data data the over,74.04606101302934,SYNTHETIC_ROBUSTNESS
754,over over brown lazy fox dog quick fox brown over jumps brown stream jumps over over compress dog dog stream stream compress laz,74.25108550589903,SYNTHETIC_ROBUSTNESS
755,fox over the quick jumps lazy quick over jumps lazy fox dog dog fox compress over quick jumps compress jumps quick quick brown q,74.25286692442322,SYNTHETIC_ROBUSTNESS
756,fox lazy quick dog compress dog data fox data brown stream quick the data brown fox over compress quick over stream compress qui,74.32305904414856,SYNTHETIC_ROBUSTNESS
757,compress lazy compress dog stream brown lazy data lazy dog brown jumps stream dog brown compress data lazy the over brown lazy o,74.57874514053036,SYNTHETIC_ROBUSTNESS
758,compress lazy compress dog stream brown lazy data lazy dog brown jumps stream dog brown compress data lazy the over brown lazy o,74.60902916319881,SYNTHETIC_ROBUSTNESS
759,stream dog data quick the the stream brown over lazy lazy over quick the quick over over the compress compress brown stream over,74.8744682255802,SYNTHETIC_ROBUSTNESS
760,quick brown over the compress jumps dog quick jumps stream lazy jumps compress lazy data data the lazy stream data data the over,74.8753195679582,SYNTHETIC_ROBUSTNESS
761,fox lazy quick dog compress dog data fox data brown stream quick the data brown fox over compress quick over stream compress qui,74.88354122477222,SYNTHETIC_ROBUSTNESS
762,compress jumps over lazy data lazy dog compress jumps fox compress dog over jumps quick jumps brown dog lazy quick the jumps qui,74.94832507890527,SYNTHETIC_ROBUSTNESS
763,lazy over dog over jumps brown stream data data jumps quick fox over the fox fox the brown quick data dog over stream data theaa,74.9595725000986,SYNTHETIC_ROBUSTNESS
764,over over brown lazy fox dog quick fox brown over jumps brown stream jumps over over compress dog dog stream stream compress laz,74.98513882775205,SYNTHETIC_ROBUSTNESS
765,brown the the jumps compress over quick the stream stream the compress the brown lazy compress data quick over the fox lazy quic,75.02045337735498,SYNTHETIC_ROBUSTNESS
766,compress jumps over lazy data lazy dog compress jumps fox compress dog over jumps quick jumps brown dog lazy quick the jumps qui,75.08613413283891,SYNTHETIC_ROBUSTNESS
767,dog brown the the fox dog over over stream dog brown quick fox fox data the brown data dog lazy over dog jumps compress theaaaaa,75.13564800300253,SYNTHETIC_ROBUSTNESS
768,brown the the jumps compress over quick the stream stream the compress the brown lazy compress data quick over the fox lazy quic,75.39094210791335,SYNTHETIC_ROBUSTNESS
769,data the stream stream jumps jumps fox the data lazy brown the data compress dog fox fox quick stream compress lazy over over do,75.60811065275254,SYNTHETIC_ROBUSTNESS
770,lazy the over data compress data over fox lazy stream the over over dog lazy compress quick stream compress compress brown brown,75.74597140725145,SYNTHETIC_ROBUSTNESS
771,stream compress compress compress data data over jumps the data lazy lazy brown quick the compress the the quick stream compress,75.85364914211367,SYNTHETIC_ROBUSTNESS
772,data the stream stream jumps jumps fox the data lazy brown the data compress dog fox fox quick stream compress lazy over over do,75.87650760737185,SYNTHETIC_ROBUSTNESS
773,data the stream stream jumps jumps fox the data lazy brown the data compress dog fox fox quick stream compress lazy over over do,75.9685942905936,SYNTHETIC_ROBUSTNESS
774,brown lazy lazy lazy compress lazy dog lazy brown the fox lazy data lazy lazy dog dog dog fox data fox data over fox jumpsaaaaaa,75.98450122245907,SYNTHETIC_ROBUSTNESS
775,compress dog over jumps stream stream brown dog the fox jumps stream compress lazy fox stream data over over data data over jump,76.044780533695,SYNTHETIC_ROBUSTNESS
776,compress lazy compress dog stream brown lazy data lazy dog brown jumps stream dog brown compress data lazy the over brown lazy o,76.10668172275939,SYNTHETIC_ROBUSTNESS
777,stream compress compress compress data data over jumps the data lazy lazy brown quick the compress the the quick stream compress,76.22370650225592,SYNTHETIC_ROBUSTNESS
778,data over the brown data fox over brown brown data brown over compress fox jumps over dog over stream stream fox data the jumps ,76.40396431538835,SYNTHETIC_ROBUSTNESS
779,brown the the jumps compress over quick the stream stream the compress the brown lazy compress data quick over the fox lazy quic,76.44260445390844,SYNTHETIC_ROBUSTNESS
780,over over brown lazy fox dog quick fox brown over jumps brown stream jumps over over compress dog dog stream stream compress laz,76.44680977872852,SYNTHETIC_ROBUSTNESS
781,the the stream brown fox brown brown data the jumps compress lazy stream dog lazy dog data lazy fox over lazy quick fox compress,76.45162070735381,SYNTHETIC_ROBUSTNESS
782,lazy dog quick data stream data compress the stream brown compress dog brown dog compress stream lazy lazy data compress dog the,76.65942439085784,SYNTHETIC_ROBUSTNESS
783,dog data fox brown fox over over over lazy the compress over fox stream lazy over quick data stream stream quick dog brown jumps,76.72604100925692,SYNTHETIC_ROBUSTNESS
784,over over brown lazy fox dog quick fox brown over jumps brown stream jumps over over compress dog dog stream stream compress laz,76.75454457805728,SYNTHETIC_ROBUSTNESS
785,fox lazy quick dog compress dog data fox data brown stream quick the data brown fox over compress quick over stream compress qui,76.7578265222147,SYNTHETIC_ROBUSTNESS
786,brown the the jumps compress over quick the stream stream the compress the brown lazy compress data quick over the fox lazy quic,76.8330662188391,SYNTHETIC_ROBUSTNESS
787,stream compress compress compress data data over jumps the data lazy lazy brown quick the compress the the quick stream compress,76.8478112608339,SYNTHETIC_ROBUSTNESS
788,compress dog data quick fox over dog dog over data lazy fox jumps jumps dog fox brown the compress fox compress quick jumps the ,76.90177288448398,SYNTHETIC_ROBUSTNESS
789,data over the brown data fox over brown brown data brown over compress fox jumps over dog over stream stream fox data the jumps ,76.97435597982127,SYNTHETIC_ROBUSTNESS
790,brown the lazy stream lazy fox data dog data lazy data data the over stream stream stream stream stream fox quick lazy lazy the ,77.0003886563328,SYNTHETIC_ROBUSTNESS
791,brown the the jumps compress over quick the stream stream the compress the brown lazy compress data quick over the fox lazy quic,77.02255771783807,SYNTHETIC_ROBUSTNESS
792,lazy jumps compress data compress jumps brown brown compress jumps brown brown dog fox jumps lazy fox data lazy brown dog compre,77.02455840586418,SYNTHETIC_ROBUSTNESS
793,stream compress compress compress data data over jumps the data lazy lazy brown quick the compress the the quick stream compress,77.11263165093108,SYNTHETIC_ROBUSTNESS
794,dog lazy over quick quick brown jumps stream stream quick lazy data lazy compress brown dog jumps quick lazy compress quick over,77.13500117265852,SYNTHETIC_ROBUSTNESS
795,over over brown lazy fox dog quick fox brown over jumps brown stream jumps over over compress dog dog stream stream compress laz,77.34556202229521,SYNTHETIC_ROBUSTNESS
796,lazy the over data compress data over fox lazy stream the over over dog lazy compress quick stream compress compress brown brown,77.43813971815764,SYNTHETIC_ROBUSTNESS
797,over over brown lazy fox dog quick fox brown over jumps brown stream jumps over over compress dog dog stream stream compress laz,77.51942615089112,SYNTHETIC_ROBUSTNESS
798,data compress data the quick dog quick brown lazy jumps fox dog jumps dog lazy dog quick jumps stream dog data fox compress data,77.58968221869536,SYNTHETIC_ROBUSTNESS
799,fox lazy quick dog compress dog data fox data brown stream quick the data brown fox over compress quick over stream compress qui,77.61392888305078,SYNTHETIC_ROBUSTNESS
800,data lazy stream the dog stream quick over jumps jumps brown lazy dog quick the compress over over fox quick the stream brown br,77.96263854750347,SYNTHETIC_ROBUSTNESS
801,compress lazy compress dog stream brown lazy data lazy dog brown jumps stream dog brown compress data lazy the over brown lazy o,78.30389865161955,SYNTHETIC_ROBUSTNESS
802,over over brown lazy fox dog quick fox brown over jumps brown stream jumps over over compress dog dog stream stream compress laz,78.34265219625303,SYNTHETIC_ROBUSTNESS
803,brown the the jumps compress over quick the stream stream the compress the brown lazy compress data quick over the fox lazy quic,78.49235969416625,SYNTHETIC_ROBUSTNESS
804,lazy fox jumps lazy jumps quick the stream data over compress fox dog compress quick jumps data data the the data stream stream ,78.50505739364573,SYNTHETIC_ROBUSTNESS
805,lazy the over data compress data over fox lazy stream the over over dog lazy compress quick stream compress compress brown brown,78.65671084067392,SYNTHETIC_ROBUSTNESS
806,lazy the over data compress data over fox lazy stream the over over dog lazy compress quick stream compress compress brown brown,78.69044457235943,SYNTHETIC_ROBUSTNESS
807,lazy dog jumps dog fox brown stream compress compress the over quick quick jumps lazy over brown quick data lazy dog compress la,78.72457177270432,SYNTHETIC_ROBUSTNESS
808,stream compress compress compress data data over jumps the data lazy lazy brown quick the compress the the quick stream compress,78.79534371883138,SYNTHETIC_ROBUSTNESS
809,dog data data stream the jumps brown stream over quick stream over stream brown stream the quick brown jumps data lazy brown the,78.84515587871293,SYNTHETIC_ROBUSTNESS
810,fox lazy quick dog compress dog data fox data brown stream quick the data brown fox over compress quick over stream compress qui,78.85769305805529,SYNTHETIC_ROBUSTNESS
811,data the compress stream quick quick compress data jumps over jumps quick brown jumps over compress stream over compress brown b,78.94760622324259,SYNTHETIC_ROBUSTNESS
812,stream data lazy data stream fox fox lazy lazy compress fox compress stream data fox fox lazy fox over dog over compress data la,78.97166617685193,SYNTHETIC_ROBUSTNESS
813,fox lazy quick dog compress dog data fox data brown stream quick the data brown fox over compress quick over stream compress qui,79.03045120417931,SYNTHETIC_ROBUSTNESS
814,stream compress compress compress data data over jumps the data lazy lazy brown quick the compress the the quick stream compress,79.05671902523166,SYNTHETIC_ROBUSTNESS
815,lazy the over data compress data over fox lazy stream the over over dog lazy compress quick stream compress compress brown brown,79.25162018974282,SYNTHETIC_ROBUSTNESS
816,compress jumps over compress lazy over the data lazy quick brown dog fox data dog brown data fox over quick fox quick quick over,79.29287243661335,SYNTHETIC_ROBUSTNESS
817,compress lazy compress dog stream brown lazy data lazy dog brown jumps stream dog brown compress data lazy the over brown lazy o,79.51134448727161,SYNTHETIC_ROBUSTNESS
818,compress fox over the stream dog jumps stream fox fox quick the the the jumps lazy data dog lazy stream jumps quick brown lazy o,79.5508114329473,SYNTHETIC_ROBUSTNESS
819,lazy the over data compress data over fox lazy stream the over over dog lazy compress quick stream compress compress brown brown,79.57059521294406,SYNTHETIC_ROBUSTNESS
820,compress lazy compress dog stream brown lazy data lazy dog brown jumps stream dog brown compress data lazy the over brown lazy o,79.65654718732925,SYNTHETIC_ROBUSTNESS
821,brown the the jumps compress over quick the stream stream the compress the brown lazy compress data quick over the fox lazy quic,79.73754625276108,SYNTHETIC_ROBUSTNESS
822,brown the the jumps compress over quick the stream stream the compress the brown lazy compress data quick over the fox lazy quic,79.83401915729826,SYNTHETIC_ROBUSTNESS
823,over brown dog over brown over jumps dog dog stream brown stream the compress stream brown the lazy over stream quick brown data,79.8699927767165,SYNTHETIC_ROBUSTNESS
824,compress data fox the stream brown stream compress data stream lazy compress compress fox jumps fox lazy brown quick dog data br,79.9085544537056,SYNTHETIC_ROBUSTNESS
825,stream compress compress compress data data over jumps the data lazy lazy brown quick the compress the the quick stream compress,79.93566056180259,SYNTHETIC_ROBUSTNESS
826,jumps fox brown dog lazy the the stream compress the jumps quick brown brown fox compress the stream jumps over over over data q,80.19932793737617,SYNTHETIC_ROBUSTNESS
827,over over brown lazy fox dog quick fox brown over jumps brown stream jumps over over compress dog dog stream stream compress laz,80.3141993240553,SYNTHETIC_ROBUSTNESS
828,the dog brown the data quick compress compress data jumps compress stream jumps over over lazy data fox data dog jumps brown fox,80.4553628994732,SYNTHETIC_ROBUSTNESS
829,brown quick brown brown the over lazy compress over lazy dog brown jumps quick lazy fox jumps brown jumps compress the jumps str,80.4769502958776,SYNTHETIC_ROBUSTNESS
830,lazy the over data compress data over fox lazy stream the over over dog lazy compress quick stream compress compress brown brown,80.5852965459798,SYNTHETIC_ROBUSTNESS
831,lazy jumps quick compress stream dog jumps data fox the the jumps dog dog jumps quick compress the the fox lazy the dog data dat,80.72912452169096,SYNTHETIC_ROBUSTNESS
832,the stream dog jumps data over fox over quick jumps quick dog data jumps jumps fox jumps fox fox quick compress over brown the c,80.77104889767695,SYNTHETIC_ROBUSTNESS
833,compress jumps over lazy data lazy dog compress jumps fox compress dog over jumps quick jumps brown dog lazy quick the jumps qui,80.78820992333259,SYNTHETIC_ROBUSTNESS
834,lazy the over data compress data over fox lazy stream the over over dog lazy compress quick stream compress compress brown brown,80.90761357316865,SYNTHETIC_ROBUSTNESS
835,lazy the over data compress data over fox lazy stream the over over dog lazy compress quick stream compress compress brown brown,81.00206808663873,SYNTHETIC_ROBUSTNESS
836,over over brown lazy fox dog quick fox brown over jumps brown stream jumps over over compress dog dog stream stream compress laz,81.08778027370616,SYNTHETIC_ROBUSTNESS
837,lazy the over data compress data over fox lazy stream the over over dog lazy compress quick stream compress compress brown brown,81.10793886406391,SYNTHETIC_ROBUSTNESS
838,lazy the over data compress data over fox lazy stream the over over dog lazy compress quick stream compress compress brown brown,81.13838671066348,SYNTHETIC_ROBUSTNESS
839,quick brown over the compress jumps dog quick jumps stream lazy jumps compress lazy data data the lazy stream data data the over,81.23643884848839,SYNTHETIC_ROBUSTNESS
840,compress lazy compress dog stream brown lazy data lazy dog brown jumps stream dog brown compress data lazy the over brown lazy o,81.33152350102092,SYNTHETIC_ROBUSTNESS
841,data the stream stream jumps jumps fox the data lazy brown the data compress dog fox fox quick stream compress lazy over over do,81.4124293354805,SYNTHETIC_ROBUSTNESS
842,brown the the jumps compress over quick the stream stream the compress the brown lazy compress data quick over the fox lazy quic,81.55859121580849,SYNTHETIC_ROBUSTNESS
843,data over the brown data fox over brown brown data brown over compress fox jumps over dog over stream stream fox data the jumps ,81.7271460342337,SYNTHETIC_ROBUSTNESS
844,fox lazy quick dog compress dog data fox data brown stream quick the data brown fox over compress quick over stream compress qui,81.7595134612932,SYNTHETIC_ROBUSTNESS
845,data over the brown data fox over brown brown data brown over compress fox jumps over dog over stream stream fox data the jumps ,81.77666439105876,SYNTHETIC_ROBUSTNESS
846,lazy the over data compress data over fox lazy stream the over over dog lazy compress quick stream compress compress brown brown,81.79912482584729,SYNTHETIC_ROBUSTNESS
847,compress lazy compress dog stream brown lazy data lazy dog brown jumps stream dog brown compress data lazy the over brown lazy o,81.8321571751725,SYNTHETIC_ROBUSTNESS
848,stream compress compress compress data data over jumps the data lazy lazy brown quick the compress the the quick stream compress,82.12732598217505,SYNTHETIC_ROBUSTNESS
849,compress jumps over lazy data lazy dog compress jumps fox compress dog over jumps quick jumps brown dog lazy quick the jumps qui,82.14207882778996,SYNTHETIC_ROBUSTNESS
850,fox lazy quick dog compress dog data fox data brown stream quick the data brown fox over compress quick over stream compress qui,82.35307838037231,SYNTHETIC_ROBUSTNESS
851,lazy the over data compress data over fox lazy stream the over over dog lazy compress quick stream compress compress brown brown,82.37581581161041,SYNTHETIC_ROBUSTNESS
852,data over the brown data fox over brown brown data brown over compress fox jumps over dog over stream stream fox data the jumps ,82.41865526758981,SYNTHETIC_ROBUSTNESS
853,fox lazy quick dog compress dog data fox data brown stream quick the data brown fox over compress quick over stream compress qui,82.43210818957826,SYNTHETIC_ROBUSTNESS
854,data lazy brown jumps compress brown quick over data quick compress data jumps compress stream brown compress dog compress compr,82.44301831224907,SYNTHETIC_ROBUSTNESS
855,stream brown brown jumps data dog brown data stream quick jumps the quick over quick over the dog data lazy lazy the stream the ,82.45301615289648,SYNTHETIC_ROBUSTNESS
856,data the stream stream jumps jumps fox the data lazy brown the data compress dog fox fox quick stream compress lazy over over do,82.49498658958412,SYNTHETIC_ROBUSTNESS
857,stream compress compress compress data data over jumps the data lazy lazy brown quick the compress the the quick stream compress,82.56915566578624,SYNTHETIC_ROBUSTNESS
858,quick brown over the compress jumps dog quick jumps stream lazy jumps compress lazy data data the lazy stream data data the over,82.59157101440046,SYNTHETIC_ROBUSTNESS
859,jumps quick fox jumps jumps stream jumps lazy the data lazy fox lazy the lazy compress compress dog stream fox dog dog compress ,82.86139223687775,SYNTHETIC_ROBUSTNESS
860,fox lazy data compress quick lazy data data the stream jumps lazy jumps brown stream compress compress the fox dog jumps dog qui,82.9496823732191,SYNTHETIC_ROBUSTNESS
861,over over brown lazy fox dog quick fox brown over jumps brown stream jumps over over compress dog dog stream stream compress laz,83.1660210127928,SYNTHETIC_ROBUSTNESS
862,quick brown over the compress jumps dog quick jumps stream lazy jumps compress lazy data data the lazy stream data data the over,83.18213403558214,SYNTHETIC_ROBUSTNESS
863,brown the the jumps compress over quick the stream stream the compress the brown lazy compress data quick over the fox lazy quic,83.19762348816518,SYNTHETIC_ROBUSTNESS
864,data the stream stream jumps jumps fox the data lazy brown the data compress dog fox fox quick stream compress lazy over over do,83.38519372178347,SYNTHETIC_ROBUSTNESS
865,lazy stream quick over brown data jumps brown lazy over the the quick data jumps over fox the fox dog quick stream the jumps qui,83.46912237487835,SYNTHETIC_ROBUSTNESS
866,lazy fox fox stream jumps brown compress lazy brown quick lazy the lazy jumps dog brown compress data over fox over brown compre,83.74813541550033,SYNTHETIC_ROBUSTNESS
867,brown data the jumps data fox fox jumps fox dog compress data lazy data lazy jumps data jumps stream data over lazy fox quick la,83.76402289704137,SYNTHETIC_ROBUSTNESS
868,compress quick stream compress quick compress quick compress fox brown over compress data fox stream compress lazy over quick do,83.76665914054934,SYNTHETIC_ROBUSTNESS
869,fox lazy quick dog compress dog data fox data brown stream quick the data brown fox over compress quick over stream compress qui,84.01502254544077,SYNTHETIC_ROBUSTNESS
870,data the stream stream jumps jumps fox the data lazy brown the data compress dog fox fox quick stream compress lazy over over do,84.13503294364469,SYNTHETIC_ROBUSTNESS
871,data the stream stream jumps jumps fox the data lazy brown the data compress dog fox fox quick stream compress lazy over over do,84.29962656226574,SYNTHETIC_ROBUSTNESS
872,data the stream stream jumps jumps fox the data lazy brown the data compress dog fox fox quick stream compress lazy over over do,84.33472624513603,SYNTHETIC_ROBUSTNESS
873,lazy the over data compress data over fox lazy stream the over over dog lazy compress quick stream compress compress brown brown,84.33503335819408,SYNTHETIC_ROBUSTNESS
874,data over the brown data fox over brown brown data brown over compress fox jumps over dog over stream stream fox data the jumps ,84.40098136140902,SYNTHETIC_ROBUSTNESS
875,fox lazy quick dog compress dog data fox data brown stream quick the data brown fox over compress quick over stream compress qui,84.86159258221109,SYNTHETIC_ROBUSTNESS
876,over quick the dog quick jumps quick jumps data quick jumps the lazy dog data over stream data quick quick lazy over lazy fox do,85.09968770472521,SYNTHETIC_ROBUSTNESS
877,stream compress compress compress data data over jumps the data lazy lazy brown quick the compress the the quick stream compress,85.10716251465988,SYNTHETIC_ROBUSTNESS
878,stream jumps jumps jumps quick data dog over jumps lazy the brown dog brown quick fox dog quick fox data over the brown over com,85.12796136923009,SYNTHETIC_ROBUSTNESS
879,quick brown over the compress jumps dog quick jumps stream lazy jumps compress lazy data data the lazy stream data data the over,85.16524585200332,SYNTHETIC_ROBUSTNESS
880,over dog quick stream quick fox stream lazy jumps brown over over compress data compress quick data brown dog data the over over,85.34267737600739,SYNTHETIC_ROBUSTNESS
881,fox lazy quick dog compress dog data fox data brown stream quick the data brown fox over compress quick over stream compress qui,85.51681125765076,SYNTHETIC_ROBUSTNESS
882,data the stream stream jumps jumps fox the data lazy brown the data compress dog fox fox quick stream compress lazy over over do,85.53726852672136,SYNTHETIC_ROBUSTNESS
883,quick brown over the compress jumps dog quick jumps stream lazy jumps compress lazy data data the lazy stream data data the over,85.61342827746317,SYNTHETIC_ROBUSTNESS
884,quick brown over the compress jumps dog quick jumps stream lazy jumps compress lazy data data the lazy stream data data the over,85.68310261454945,SYNTHETIC_ROBUSTNESS
885,data fox brown compress data jumps fox dog over quick fox stream data compress stream data quick brown compress quick brown dog ,85.73659404112661,SYNTHETIC_ROBUSTNESS
886,over over brown lazy fox dog quick fox brown over jumps brown stream jumps over over compress dog dog stream stream compress laz,85.81336397214689,SYNTHETIC_ROBUSTNESS
887,stream fox compress data over stream lazy data quick fox lazy fox stream compress quick fox over fox dog over quick stream the t,85.84800657426817,SYNTHETIC_ROBUSTNESS
888,brown lazy data dog fox lazy jumps compress compress stream dog fox over jumps brown compress jumps fox fox brown compress jumps,85.92383898831427,SYNTHETIC_ROBUSTNESS
889,data over the brown data fox over brown brown data brown over compress fox jumps over dog over stream stream fox data the jumps ,86.03955051295027,SYNTHETIC_ROBUSTNESS
890,compress jumps over lazy data lazy dog compress jumps fox compress dog over jumps quick jumps brown dog lazy quick the jumps qui,86.04600471464697,SYNTHETIC_ROBUSTNESS
891,brown the the jumps compress over quick the stream stream the compress the brown lazy compress data quick over the fox lazy quic,86.38806077881604,SYNTHETIC_ROBUSTNESS
892,fox lazy quick dog compress dog data fox data brown stream quick the data brown fox over compress quick over stream compress qui,86.40612949999841,SYNTHETIC_ROBUSTNESS
893,over over brown lazy fox dog quick fox brown over jumps brown stream jumps over over compress dog dog stream stream compress laz,86.45080488728136,SYNTHETIC_ROBUSTNESS
894,lazy the fox compress over brown compress quick dog data quick fox data jumps jumps over dog quick stream the dog brown data dog,86.51441115492325,SYNTHETIC_ROBUSTNESS
895,over over brown lazy fox dog quick fox brown over jumps brown stream jumps over over compress dog dog stream stream compress laz,86.51859595287794,SYNTHETIC_ROBUSTNESS
896,compress jumps over lazy data lazy dog compress jumps fox compress dog over jumps quick jumps brown dog lazy quick the jumps qui,86.59808334697179,SYNTHETIC_ROBUSTNESS
897,jumps the brown the fox over brown stream the stream data over stream lazy dog over dog fox compress stream lazy fox data the qu,86.80208525260296,SYNTHETIC_ROBUSTNESS
898,stream fox lazy data fox lazy dog dog over brown dog dog brown the over data jumps data over compress over stream dog brown quic,87.03336714358244,SYNTHETIC_ROBUSTNESS
899,data the stream stream jumps jumps fox the data lazy brown the data compress dog fox fox quick stream compress lazy over over do,87.07284809582498,SYNTHETIC_ROBUSTNESS
900,data the stream stream jumps jumps fox the data lazy brown the data compress dog fox fox quick stream compress lazy over over do,87.1546730263291,SYNTHETIC_ROBUSTNESS
901,quick brown over the compress jumps dog quick jumps stream lazy jumps compress lazy data data the lazy stream data data the over,87.30464058047073,SYNTHETIC_ROBUSTNESS
902,fox lazy quick dog compress dog data fox data brown stream quick the data brown fox over compress quick over stream compress qui,87.33378893762242,SYNTHETIC_ROBUSTNESS
903,brown the the jumps compress over quick the stream stream the compress the brown lazy compress data quick over the fox lazy quic,87.40896672475334,SYNTHETIC_ROBUSTNESS
904,compress lazy compress dog stream brown lazy data lazy dog brown jumps stream dog brown compress data lazy the over brown lazy o,87.45465123901039,SYNTHETIC_ROBUSTNESS
905,quick fox the jumps fox stream dog stream fox compress over data stream the data the jumps quick quick jumps stream jumps data s,87.50216089015758,SYNTHETIC_ROBUSTNESS
906,fox lazy quick dog compress dog data fox data brown stream quick the data brown fox over compress quick over stream compress qui,87.51204766881129,SYNTHETIC_ROBUSTNESS
907,over over brown lazy fox dog quick fox brown over jumps brown stream jumps over over compress dog dog stream stream compress laz,87.56428514726039,SYNTHETIC_ROBUSTNESS
908,compress jumps over lazy data lazy dog compress jumps fox compress dog over jumps quick jumps brown dog lazy quick the jumps qui,87.58182521422471,SYNTHETIC_ROBUSTNESS
909,compress lazy compress dog stream brown lazy data lazy dog brown jumps stream dog brown compress data lazy the over brown lazy o,87.61767431234092,SYNTHETIC_ROBUSTNESS
910,fox lazy quick dog compress dog data fox data brown stream quick the data brown fox over compress quick over stream compress qui,87.65776403346119,SYNTHETIC_ROBUSTNESS
911,data over the brown data fox over brown brown data brown over compress fox jumps over dog over stream stream fox data the jumps ,87.71408123430167,SYNTHETIC_ROBUSTNESS
912,data over the brown data fox over brown brown data brown over compress fox jumps over dog over stream stream fox data the jumps ,87.96286882642458,SYNTHETIC_ROBUSTNESS
913,quick brown over the compress jumps dog quick jumps stream lazy jumps compress lazy data data the lazy stream data data the over,88.06256390012541,SYNTHETIC_ROBUSTNESS
914,compress jumps over lazy data lazy dog compress jumps fox compress dog over jumps quick jumps brown dog lazy quick the jumps qui,88.42932282483262,SYNTHETIC_ROBUSTNESS
915,brown the the jumps compress over quick the stream stream the compress the brown lazy compress data quick over the fox lazy quic,88.51864166955573,SYNTHETIC_ROBUSTNESS
916,the data fox the data quick lazy lazy data over over quick dog lazy brown lazy compress brown data stream jumps dog the compress,88.68236886205057,SYNTHETIC_ROBUSTNESS
917,fox lazy quick dog compress dog data fox data brown stream quick the data brown fox over compress quick over stream compress qui,88.86203689752088,SYNTHETIC_ROBUSTNESS
918,brown compress lazy fox lazy brown over quick fox data compress compress brown data fox lazy brown quick brown fox the jumps bro,88.99636184238332,SYNTHETIC_ROBUSTNESS
919,brown over over dog over data the stream lazy over dog compress quick dog dog fox the the fox data over the brown stream dataaaa,89.10720234223666,SYNTHETIC_ROBUSTNESS
920,data the stream stream jumps jumps fox the data lazy brown the data compress dog fox fox quick stream compress lazy over over do,89.16131622021467,SYNTHETIC_ROBUSTNESS
921,brown the the jumps compress over quick the stream stream the compress the brown lazy compress data quick over the fox lazy quic,89.2450817705316,SYNTHETIC_ROBUSTNESS
922,compress jumps over lazy data lazy dog compress jumps fox compress dog over jumps quick jumps brown dog lazy quick the jumps qui,89.26661377820135,SYNTHETIC_ROBUSTNESS
923,compress compress jumps the over compress quick compress stream over stream compress compress brown compress compress fox stream,89.36291183320853,SYNTHETIC_ROBUSTNESS
924,stream compress compress compress data data over jumps the data lazy lazy brown quick the compress the the quick stream compress,89.4351275301145,SYNTHETIC_ROBUSTNESS
925,fox lazy quick dog compress dog data fox data brown stream quick the data brown fox over compress quick over stream compress qui,89.59825767669042,SYNTHETIC_ROBUSTNESS
926,over over brown lazy fox dog quick fox brown over jumps brown stream jumps over over compress dog dog stream stream compress laz,89.83109271982885,SYNTHETIC_ROBUSTNESS
927,jumps data quick compress jumps quick fox data fox compress fox over lazy over jumps fox over jumps lazy dog data jumps over fox,89.84534065640783,SYNTHETIC_ROBUSTNESS
928,data over the brown data fox over brown brown data brown over compress fox jumps over dog over stream stream fox data the jumps ,89.96275222340189,SYNTHETIC_ROBUSTNESS
929,compress jumps over lazy data lazy dog compress jumps fox compress dog over jumps quick jumps brown dog lazy quick the jumps qui,90.26241810980028,SYNTHETIC_ROBUSTNESS
930,stream compress compress compress data data over jumps the data lazy lazy brown quick the compress the the quick stream compress,90.51237649823673,SYNTHETIC_ROBUSTNESS
931,brown the the jumps compress over quick the stream stream the compress the brown lazy compress data quick over the fox lazy quic,90.69221035482897,SYNTHETIC_ROBUSTNESS
932,lazy the over data compress data over fox lazy stream the over over dog lazy compress quick stream compress compress brown brown,90.69716520503799,SYNTHETIC_ROBUSTNESS
933,data over the brown data fox over brown brown data brown over compress fox jumps over dog over stream stream fox data the jumps ,90.72626517756807,SYNTHETIC_ROBUSTNESS
934,quick compress the jumps brown over stream compress the data jumps the the brown data quick dog quick brown brown compress fox f,90.74231591587782,SYNTHETIC_ROBUSTNESS
935,stream jumps over lazy dog the the lazy fox fox lazy brown quick data quick jumps brown compress the compress lazy brown stream ,91.00395576026358,SYNTHETIC_ROBUSTNESS
936,stream compress compress compress data data over jumps the data lazy lazy brown quick the compress the the quick stream compress,91.14214210569209,SYNTHETIC_ROBUSTNESS
937,over over brown lazy fox dog quick fox brown over jumps brown stream jumps over over compress dog dog stream stream compress laz,91.21802479670536,SYNTHETIC_ROBUSTNESS
938,brown the the jumps compress over quick the stream stream the compress the brown lazy compress data quick over the fox lazy quic,91.60627235985102,SYNTHETIC_ROBUSTNESS
939,stream compress compress compress data data over jumps the data lazy lazy brown quick the compress the the quick stream compress,91.62792873012609,SYNTHETIC_ROBUSTNESS
940,fox lazy quick dog compress dog data fox data brown stream quick the data brown fox over compress quick over stream compress qui,91.7305314547856,SYNTHETIC_ROBUSTNESS
941,the compress jumps stream over the fox lazy data over fox lazy lazy the jumps jumps brown quick data dog jumps the quick dog fox,91.82453372388471,SYNTHETIC_ROBUSTNESS
942,quick brown over the compress jumps dog quick jumps stream lazy jumps compress lazy data data the lazy stream data data the over,91.86615411696401,SYNTHETIC_ROBUSTNESS
943,fox lazy quick dog compress dog data fox data brown stream quick the data brown fox over compress quick over stream compress qui,91.9325868251965,SYNTHETIC_ROBUSTNESS
944,stream compress compress compress data data over jumps the data lazy lazy brown quick the compress the the quick stream compress,91.95942526202067,SYNTHETIC_ROBUSTNESS
945,data over the brown data fox over brown brown data brown over compress fox jumps over dog over stream stream fox data the jumps ,92.07247109200469,SYNTHETIC_ROBUSTNESS
946,over over brown lazy fox dog quick fox brown over jumps brown stream jumps over over compress dog dog stream stream compress laz,92.12664094285002,SYNTHETIC_ROBUSTNESS
947,quick stream jumps quick jumps quick brown the quick compress brown brown the lazy compress data quick stream fox jumps quick fo,92.12902412610715,SYNTHETIC_ROBUSTNESS
948,brown the the jumps compress over quick the stream stream the compress the brown lazy compress data quick over the fox lazy quic,92.43018026176242,SYNTHETIC_ROBUSTNESS
949,the dog fox quick dog over data data quick brown compress data data jumps quick data data stream stream quick dog lazy compress ,92.49977921483818,SYNTHETIC_ROBUSTNESS
950,quick brown over the compress jumps dog quick jumps stream lazy jumps compress lazy data data the lazy stream data data the over,92.62207231276386,SYNTHETIC_ROBUSTNESS
951,dog brown over quick lazy dog jumps stream data jumps compress the data dog compress stream data dog compress compress jumps bro,92.64400365111419,SYNTHETIC_ROBUSTNESS
952,compress data the brown data dog jumps compress compress compress compress lazy jumps dog lazy lazy the over stream quick over b,92.65761194051262,SYNTHETIC_ROBUSTNESS
953,brown the the jumps compress over quick the stream stream the compress the brown lazy compress data quick over the fox lazy quic,92.89032219049373,SYNTHETIC_ROBUSTNESS
954,compress jumps over lazy data lazy dog compress jumps fox compress dog over jumps quick jumps brown dog lazy quick the jumps qui,92.97970970618239,SYNTHETIC_ROBUSTNESS
955,over over brown lazy fox dog quick fox brown over jumps brown stream jumps over over compress dog dog stream stream compress laz,93.04770336317915,SYNTHETIC_ROBUSTNESS
956,compress lazy compress dog stream brown lazy data lazy dog brown jumps stream dog brown compress data lazy the over brown lazy o,93.12134015892639,SYNTHETIC_ROBUSTNESS
957,over over brown lazy fox dog quick fox brown over jumps brown stream jumps over over compress dog dog stream stream compress laz,93.14828542938336,SYNTHETIC_ROBUSTNESS
958,fox lazy quick dog compress dog data fox data brown stream quick the data brown fox over compress quick over stream compress qui,93.392110297683,SYNTHETIC_ROBUSTNESS
959,lazy the over data compress data over fox lazy stream the over over dog lazy compress quick stream compress compress brown brown,93.41622070884578,SYNTHETIC_ROBUSTNESS
960,lazy stream quick dog dog stream data fox brown fox data dog fox dog data jumps jumps dog jumps over quick jumps jumps compress ,93.43341898090853,SYNTHETIC_ROBUSTNESS
961,data the stream stream jumps jumps fox the data lazy brown the data compress dog fox fox quick stream compress lazy over over do,93.69941056017723,SYNTHETIC_ROBUSTNESS
962,brown over quick quick lazy brown compress compress jumps lazy dog quick data the fox the brown data the brown fox lazy quick co,93.72919374847935,SYNTHETIC_ROBUSTNESS
963,fox lazy quick dog compress dog data fox data brown stream quick the data brown fox over compress quick over stream compress qui,93.9275957717497,SYNTHETIC_ROBUSTNESS
964,lazy dog compress the the data over stream lazy fox compress jumps stream quick stream stream quick compress data the data fox j,94.07566190563595,SYNTHETIC_ROBUSTNESS
965,compress lazy compress dog stream brown lazy data lazy dog brown jumps stream dog brown compress data lazy the over brown lazy o,94.12377946483214,SYNTHETIC_ROBUSTNESS
966,data over the brown data fox over brown brown data brown over compress fox jumps over dog over stream stream fox data the jumps ,94.1530827016499,SYNTHETIC_ROBUSTNESS
967,dog lazy quick lazy data jumps stream data the brown the stream over dog brown stream brown quick lazy data the jumps quick quic,94.29537379546329,SYNTHETIC_ROBUSTNESS
968,compress lazy compress dog stream brown lazy data lazy dog brown jumps stream dog brown compress data lazy the over brown lazy o,94.38640433617286,SYNTHETIC_ROBUSTNESS
969,compress lazy compress dog stream brown lazy data lazy dog brown jumps stream dog brown compress data lazy the over brown lazy o,94.41571271301373,SYNTHETIC_ROBUSTNESS
970,compress quick fox lazy quick over lazy fox brown dog compress compress fox the fox over brown over data compress brown brown ju,94.63724293221398,SYNTHETIC_ROBUSTNESS
971,lazy the over data compress data over fox lazy stream the over over dog lazy compress quick stream compress compress brown brown,94.76489098024797,SYNTHETIC_ROBUSTNESS
972,dog quick compress over compress jumps fox jumps compress brown stream over brown jumps data brown dog lazy dog fox the the fox ,95.00488666364224,SYNTHETIC_ROBUSTNESS
973,compress lazy compress dog stream brown lazy data lazy dog brown jumps stream dog brown compress data lazy the over brown lazy o,95.0624178137315,SYNTHETIC_ROBUSTNESS
974,compress data stream stream lazy stream dog brown lazy quick over fox dog over compress brown quick fox brown brown compress bro,95.07613728192698,SYNTHETIC_ROBUSTNESS
975,data the stream stream jumps jumps fox the data lazy brown the data compress dog fox fox quick stream compress lazy over over do,95.33393868497946,SYNTHETIC_ROBUSTNESS
976,lazy the over data compress data over fox lazy stream the over over dog lazy compress quick stream compress compress brown brown,95.42592490281073,SYNTHETIC_ROBUSTNESS
977,data the stream stream jumps jumps fox the data lazy brown the data compress dog fox fox quick stream compress lazy over over do,95.5190804425619,SYNTHETIC_ROBUSTNESS
978,data over the brown data fox over brown brown data brown over compress fox jumps over dog over stream stream fox data the jumps ,95.60685127280229,SYNTHETIC_ROBUSTNESS
979,brown the the jumps compress over quick the stream stream the compress the brown lazy compress data quick over the fox lazy quic,95.67079163613246,SYNTHETIC_ROBUSTNESS
980,compress lazy compress dog stream brown lazy data lazy dog brown jumps stream dog brown compress data lazy the over brown lazy o,95.70023452488479,SYNTHETIC_ROBUSTNESS
981,the over compress lazy jumps dog jumps over compress dog data the the compress stream dog brown dog fox the fox dog data quick d,95.79517323687521,SYNTHETIC_ROBUSTNESS
982,the quick quick fox data fox fox lazy stream compress stream dog compress fox dog compress data compress data compress over quic,95.92197202554355,SYNTHETIC_ROBUSTNESS
983,data the stream stream jumps jumps fox the data lazy brown the data compress dog fox fox quick stream compress lazy over over do,96.17031462222535,SYNTHETIC_ROBUSTNESS
984,fox lazy quick dog compress dog data fox data brown stream quick the data brown fox over compress quick over stream compress qui,96.17780289492913,SYNTHETIC_ROBUSTNESS
985,lazy quick over lazy data quick dog brown compress quick lazy stream lazy lazy fox jumps lazy over stream fox over quick stream ,96.20720101966896,SYNTHETIC_ROBUSTNESS
986,data the stream stream jumps jumps fox the data lazy brown the data compress dog fox fox quick stream compress lazy over over do,96.35711856679578,SYNTHETIC_ROBUSTNESS
987,lazy the over data compress data over fox lazy stream the over over dog lazy compress quick stream compress compress brown brown,96.50635105179349,SYNTHETIC_ROBUSTNESS
988,stream compress compress compress data data over jumps the data lazy lazy brown quick the compress the the quick stream compress,96.53018114975175,SYNTHETIC_ROBUSTNESS
989,data the stream stream jumps jumps fox the data lazy brown the data compress dog fox fox quick stream compress lazy over over do,96.5506032316957,SYNTHETIC_ROBUSTNESS
990,lazy the over data compress data over fox lazy stream the over over dog lazy compress quick stream compress compress brown brown,96.59635386979497,SYNTHETIC_ROBUSTNESS
991,fox lazy quick dog compress dog data fox data brown stream quick the data brown fox over compress quick over stream compress qui,96.60285203733561,SYNTHETIC_ROBUSTNESS
992,stream fox jumps jumps fox over data brown lazy brown quick quick lazy compress dog over over dog fox jumps fox fox quick stream,96.73391908296357,SYNTHETIC_ROBUSTNESS
993,compress jumps over lazy data lazy dog compress jumps fox compress dog over jumps quick jumps brown dog lazy quick the jumps qui,96.84472740011783,SYNTHETIC_ROBUSTNESS
994,data over the brown data fox over brown brown data brown over compress fox jumps over dog over stream stream fox data the jumps ,97.04043244337355,SYNTHETIC_ROBUSTNESS
995,brown the the jumps compress over quick the stream stream the compress the brown lazy compress data quick over the fox lazy quic,97.09665295785987,SYNTHETIC_ROBUSTNESS
996,data over the brown data fox over brown brown data brown over compress fox jumps over dog over stream stream fox data the jumps ,97.19791550398081,SYNTHETIC_ROBUSTNESS
997,over over brown lazy fox dog quick fox brown over jumps brown stream jumps over over compress dog dog stream stream compress laz,97.50571714547183,SYNTHETIC_ROBUSTNESS
998,brown the the jumps compress over quick the stream stream the compress the brown lazy compress data quick over the fox lazy quic,97.82465446591499,SYNTHETIC_ROBUSTNESS
999,fox stream stream data dog data fox fox data quick lazy dog compress lazy compress over stream over dog fox jumps lazy quick jum,97.83202747487219,SYNTHETIC_ROBUSTNESS
1000,compress lazy compress dog stream brown lazy data lazy dog brown jumps stream dog brown compress data lazy the over brown lazy o,97.83221608712842,SYNTHETIC_ROBUSTNESS
1001,quick brown over the compress jumps dog quick jumps stream lazy jumps compress lazy data data the lazy stream data data the over,98.15406466479814,SYNTHETIC_ROBUSTNESS
1002,brown jumps fox over stream dog the dog jumps lazy the data dog dog quick dog quick lazy brown jumps the data dog brown dataaaaa,98.23070456176713,SYNTHETIC_ROBUSTNESS
1003,data jumps the data stream jumps data stream quick fox stream jumps lazy jumps lazy lazy stream quick data quick lazy the data s,98.35123544505147,SYNTHETIC_ROBUSTNESS
1004,over over brown lazy fox dog quick fox brown over jumps brown stream jumps over over compress dog dog stream stream compress laz,98.59495819306437,SYNTHETIC_ROBUSTNESS
1005,compress lazy compress dog stream brown lazy data lazy dog brown jumps stream dog brown compress data lazy the over brown lazy o,98.6517250604635,SYNTHETIC_ROBUSTNESS
1006,quick brown over the compress jumps dog quick jumps stream lazy jumps compress lazy data data the lazy stream data data the over,98.70982363557735,SYNTHETIC_ROBUSTNESS
1007,over over brown lazy fox dog quick fox brown over jumps brown stream jumps over over compress dog dog stream stream compress laz,98.72809358690911,SYNTHETIC_ROBUSTNESS
1008,compress lazy compress dog stream brown lazy data lazy dog brown jumps stream dog brown compress data lazy the over brown lazy o,98.96435712300912,SYNTHETIC_ROBUSTNESS
1009,brown stream over fox brown over fox over over lazy lazy jumps quick over data jumps lazy brown the brown quick dog jumps the qu,99.06867676560373,SYNTHETIC_ROBUSTNESS
1010,data over fox over data over jumps quick quick quick fox brown the quick brown data stream the quick over stream compress quick ,99.08855469990354,SYNTHETIC_ROBUSTNESS
1011,over over brown lazy fox dog quick fox brown over jumps brown stream jumps over over compress dog dog stream stream compress laz,99.1706054968626,SYNTHETIC_ROBUSTNESS
1012,compress data over compress data over jumps brown brown brown the over stream lazy fox over data jumps compress fox fox the data,99.21037958927839,SYNTHETIC_ROBUSTNESS
1013,data the stream stream jumps jumps fox the data lazy brown the data compress dog fox fox quick stream compress lazy over over do,99.2263004976231,SYNTHETIC_ROBUSTNESS
1014,data over the brown data fox over brown brown data brown over compress fox jumps over dog over stream stream fox data the jumps ,99.24637383315832,SYNTHETIC_ROBUSTNESS
1015,compress fox brown over the compress the jumps compress dog dog jumps lazy compress brown jumps stream data quick over brown the,99.32830320294877,SYNTHETIC_ROBUSTNESS
1016,over over brown lazy fox dog quick fox brown over jumps brown stream jumps over over compress dog dog stream stream compress laz,99.41140290013948,SYNTHETIC_ROBUSTNESS
1017,stream compress compress compress data data over jumps the data lazy lazy brown quick the compress the the quick stream compress,99.56743947944237,SYNTHETIC_ROBUSTNESS
1018,brown the the jumps compress over quick the stream stream the compress the brown lazy compress data quick over the fox lazy quic,99.59593928510085,SYNTHETIC_ROBUSTNESS
1019,stream compress compress compress data data over jumps the data lazy lazy brown quick the compress the the quick stream compress,99.84343497510292,SYNTHETIC_ROBUSTNESS
1020,fox lazy quick dog compress dog data fox data brown stream quick the data brown fox over compress quick over stream compress qui,99.91654333673975,SYNTHETIC_ROBUSTNESS
1021,compress lazy compress dog stream brown lazy data lazy dog brown jumps stream dog brown compress data lazy the over brown lazy o,99.93938064298518,SYNTHETIC_ROBUSTNESS
1022,brown the the jumps compress over quick the stream stream the compress the brown lazy compress data quick over the fox lazy quic,99.99270149855644,SYNTHETIC_ROBUSTNESS
1023,brown the over the compress quick fox jumps compress stream stream stream compress the compress quick stream fox fox jumps dog l,100.24956416325043,SYNTHETIC_ROBUSTNESS
1024,compress lazy compress dog stream brown lazy data lazy dog brown jumps stream dog brown compress data lazy the over brown lazy o,100.31460292591295,SYNTHETIC_ROBUSTNESS
1025,compress jumps over lazy data lazy dog compress jumps fox compress dog over jumps quick jumps brown dog lazy quick the jumps qui,100.52231942778874,SYNTHETIC_ROBUSTNESS
1026,quick brown over the compress jumps dog quick jumps stream lazy jumps compress lazy data data the lazy stream data data the over,100.53973485600532,SYNTHETIC_ROBUSTNESS
1027,data fox dog lazy brown data lazy data data dog dog jumps quick lazy stream quick data fox fox brown lazy fox stream compress da,100.78502729226437,SYNTHETIC_ROBUSTNESS
1028,lazy the over data compress data over fox lazy stream the over over dog lazy compress quick stream compress compress brown brown,100.84134780541967,SYNTHETIC_ROBUSTNESS
1029,fox lazy quick dog compress dog data fox data brown stream quick the data brown fox over compress quick over stream compress qui,101.1164335712214,SYNTHETIC_ROBUSTNESS
1030,data over the brown data fox over brown brown data brown over compress fox jumps over dog over stream stream fox data the jumps ,101.31748373291273,SYNTHETIC_ROBUSTNESS
1031,compress jumps over lazy data lazy dog compress jumps fox compress dog over jumps quick jumps brown dog lazy quick the jumps qui,101.4253547898006,SYNTHETIC_ROBUSTNESS
1032,data over the brown data fox over brown brown data brown over compress fox jumps over dog over stream stream fox data the jumps ,101.53708734434261,SYNTHETIC_ROBUSTNESS
1033,compress lazy compress dog stream brown lazy data lazy dog brown jumps stream dog brown compress data lazy the over brown lazy o,101.56085064465282,SYNTHETIC_ROBUSTNESS
1034,over over brown lazy fox dog quick fox brown over jumps brown stream jumps over over compress dog dog stream stream compress laz,101.65318967682619,SYNTHETIC_ROBUSTNESS
1035,data over the brown data fox over brown brown data brown over compress fox jumps over dog over stream stream fox data the jumps ,101.73292841409247,SYNTHETIC_ROBUSTNESS
1036,quick stream over compress over jumps compress quick compress jumps the fox over compress the dog over lazy the brown the stream,101.77359705490268,SYNTHETIC_ROBUSTNESS
1037,compress the over stream stream the dog jumps the stream over brown dog data compress over dog dog quick over compress jumps ove,101.84404244589145,SYNTHETIC_ROBUSTNESS
1038,lazy the over data compress data over fox lazy stream the over over dog lazy compress quick stream compress compress brown brown,102.1087523767125,SYNTHETIC_ROBUSTNESS
1039,quick brown over the compress jumps dog quick jumps stream lazy jumps compress lazy data data the lazy stream data data the over,102.10928435559345,SYNTHETIC_ROBUSTNESS
1040,stream compress compress compress data data over jumps the data lazy lazy brown quick the compress the the quick stream compress,102.16326245233623,SYNTHETIC_ROBUSTNESS
1041,compress jumps over lazy data lazy dog compress jumps fox compress dog over jumps quick jumps brown dog lazy quick the jumps qui,102.2038547817578,SYNTHETIC_ROBUSTNESS
1042,fox lazy quick dog compress dog data fox data brown stream quick the data brown fox over compress quick over stream compress qui,102.52886838773645,SYNTHETIC_ROBUSTNESS
1043,compress lazy compress dog stream brown lazy data lazy dog brown jumps stream dog brown compress data lazy the over brown lazy o,102.89342828429035,SYNTHETIC_ROBUSTNESS
1044,fox lazy quick dog compress dog data fox data brown stream quick the data brown fox over compress quick over stream compress qui,102.9815352521814,SYNTHETIC_ROBUSTNESS
1045,fox lazy quick dog compress dog data fox data brown stream quick the data brown fox over compress quick over stream compress qui,103.06138757035754,SYNTHETIC_ROBUSTNESS
1046,quick brown over the compress jumps dog quick jumps stream lazy jumps compress lazy data data the lazy stream data data the over,103.29491130958912,SYNTHETIC_ROBUSTNESS
1047,compress lazy compress dog stream brown lazy data lazy dog brown jumps stream dog brown compress data lazy the over brown lazy o,103.29556770654457,SYNTHETIC_ROBUSTNESS
1048,quick brown over the compress jumps dog quick jumps stream lazy jumps compress lazy data data the lazy stream data data the over,103.3781854285294,SYNTHETIC_ROBUSTNESS
1049,compress jumps over lazy data lazy dog compress jumps fox compress dog over jumps quick jumps brown dog lazy quick the jumps qui,103.38067951472254,SYNTHETIC_ROBUSTNESS
1050,fox lazy quick dog compress dog data fox data brown stream quick the data brown fox over compress quick over stream compress qui,103.72538984031114,SYNTHETIC_ROBUSTNESS
1051,stream compress compress compress data data over jumps the data lazy lazy brown quick the compress the the quick stream compress,103.76397955546054,SYNTHETIC_ROBUSTNESS
1052,jumps the jumps lazy jumps stream the compress quick brown quick the over lazy data dog quick lazy compress brown brown the comp,103.83754355034814,SYNTHETIC_ROBUSTNESS
1053,quick brown over the compress jumps dog quick jumps stream lazy jumps compress lazy data data the lazy stream data data the over,103.89159792083984,SYNTHETIC_ROBUSTNESS
1054,data the stream stream jumps jumps fox the data lazy brown the data compress dog fox fox quick stream compress lazy over over do,104.11567556668211,SYNTHETIC_ROBUSTNESS
1055,lazy the over data compress data over fox lazy stream the over over dog lazy compress quick stream compress compress brown brown,104.97679527628749,SYNTHETIC_ROBUSTNESS
1056,fox lazy quick dog compress dog data fox data brown stream quick the data brown fox over compress quick over stream compress qui,104.98387915992352,SYNTHETIC_ROBUSTNESS
1057,compress lazy compress dog stream brown lazy data lazy dog brown jumps stream dog brown compress data lazy the over brown lazy o,105.1155676083498,SYNTHETIC_ROBUSTNESS
1058,stream lazy the brown data quick fox dog compress stream lazy dog compress stream quick stream over jumps data quick brown strea,105.16145397910387,SYNTHETIC_ROBUSTNESS
1059,over over brown lazy fox dog quick fox brown over jumps brown stream jumps over over compress dog dog stream stream compress laz,105.17642852611058,SYNTHETIC_ROBUSTNESS
1060,lazy the over data compress data over fox lazy stream the over over dog lazy compress quick stream compress compress brown brown,105.22842147489655,SYNTHETIC_ROBUSTNESS
1061,quick brown over the compress jumps dog quick jumps stream lazy jumps compress lazy data data the lazy stream data data the over,105.8574964527363,SYNTHETIC_ROBUSTNESS
1062,data the stream stream jumps jumps fox the data lazy brown the data compress dog fox fox quick stream compress lazy over over do,105.9017457741135,SYNTHETIC_ROBUSTNESS
1063,over over brown lazy fox dog quick fox brown over jumps brown stream jumps over over compress dog dog stream stream compress laz,105.93423564934942,SYNTHETIC_ROBUSTNESS
1064,lazy lazy lazy stream quick over data jumps data stream fox over fox stream over stream over over jumps the over lazy jumps brow,106.12142726117862,SYNTHETIC_ROBUSTNESS
1065,brown data lazy dog brown jumps dog fox lazy dog data data over dog the stream the lazy lazy jumps compress dog dog brown theaaa,106.32387563801485,SYNTHETIC_ROBUSTNESS
1066,quick brown over the compress jumps dog quick jumps stream lazy jumps compress lazy data data the lazy stream data data the over,106.36525598885387,SYNTHETIC_ROBUSTNESS
1067,over over brown lazy fox dog quick fox brown over jumps brown stream jumps over over compress dog dog stream stream compress laz,106.40073411132853,SYNTHETIC_ROBUSTNESS
1068,data the stream stream jumps jumps fox the data lazy brown the data compress dog fox fox quick stream compress lazy over over do,106.5049426040236,SYNTHETIC_ROBUSTNESS
1069,compress jumps over lazy data lazy dog compress jumps fox compress dog over jumps quick jumps brown dog lazy quick the jumps qui,106.52790637375941,SYNTHETIC_ROBUSTNESS
1070,brown the the jumps compress over quick the stream stream the compress the brown lazy compress data quick over the fox lazy quic,106.59401027520371,SYNTHETIC_ROBUSTNESS
1071,fox data quick brown the stream fox dog dog data fox quick data quick dog data data quick jumps fox quick fox stream stream data,106.60924892957902,SYNTHETIC_ROBUSTNESS
1072,lazy the over data compress data over fox lazy stream the over over dog lazy compress quick stream compress compress brown brown,106.64559799543649,SYNTHETIC_ROBUSTNESS
1073,stream compress compress compress data data over jumps the data lazy lazy brown quick the compress the the quick stream compress,106.68090634946905,SYNTHETIC_ROBUSTNESS
1074,quick brown over the compress jumps dog quick jumps stream lazy jumps compress lazy data data the lazy stream data data the over,106.79961790672645,SYNTHETIC_ROBUSTNESS
1075,compress jumps over lazy data lazy dog compress jumps fox compress dog over jumps quick jumps brown dog lazy quick the jumps qui,106.83278451211005,SYNTHETIC_ROBUSTNESS
1076,over over brown lazy fox dog quick fox brown over jumps brown stream jumps over over compress dog dog stream stream compress laz,107.06154992713694,SYNTHETIC_ROBUSTNESS
1077,data fox jumps dog quick data the over dog lazy fox fox the data compress quick jumps data jumps jumps data brown dog lazy brown,107.46927563223736,SYNTHETIC_ROBUSTNESS
1078,brown the the jumps compress over quick the stream stream the compress the brown lazy compress data quick over the fox lazy quic,107.4777292620816,SYNTHETIC_ROBUSTNESS
1079,compress jumps over lazy data lazy dog compress jumps fox compress dog over jumps quick jumps brown dog lazy quick the jumps qui,107.52842052965707,SYNTHETIC_ROBUSTNESS
1080,dog jumps lazy the compress jumps fox dog data dog compress jumps stream quick brown jumps quick compress over lazy lazy lazy st,107.56435137959804,SYNTHETIC_ROBUSTNESS
1081,jumps stream compress over the fox over fox compress fox compress data dog jumps brown brown compress jumps data jumps data fox ,107.60773631449469,SYNTHETIC_ROBUSTNESS
1082,brown the the jumps compress over quick the stream stream the compress the brown lazy compress data quick over the fox lazy quic,107.63857308795104,SYNTHETIC_ROBUSTNESS
1083,lazy the over data compress data over fox lazy stream the over over dog lazy compress quick stream compress compress brown brown,107.68680741073418,SYNTHETIC_ROBUSTNESS
1084,stream compress compress compress data data over jumps the data lazy lazy brown quick the compress the the quick stream compress,107.70205432266818,SYNTHETIC_ROBUSTNESS
1085,quick brown over the compress jumps dog quick jumps stream lazy jumps compress lazy data data the lazy stream data data the over,107.73487949304241,SYNTHETIC_ROBUSTNESS
1086,lazy the over data compress data over fox lazy stream the over over dog lazy compress quick stream compress compress brown brown,107.87263986763992,SYNTHETIC_ROBUSTNESS
1087,brown the the jumps compress over quick the stream stream the compress the brown lazy compress data quick over the fox lazy quic,107.9148064092202,SYNTHETIC_ROBUSTNESS
1088,quick brown over the compress jumps dog quick jumps stream lazy jumps compress lazy data data the lazy stream data data the over,107.93810495381214,SYNTHETIC_ROBUSTNESS
1089,fox lazy quick dog compress dog data fox data brown stream quick the data brown fox over compress quick over stream compress qui,107.94958366095493,SYNTHETIC_ROBUSTNESS
1090,data quick compress the over jumps over over over jumps jumps compress jumps jumps lazy brown brown jumps quick stream jumps dat,107.99235536874887,SYNTHETIC_ROBUSTNESS
1091,data over the brown data fox over brown brown data brown over compress fox jumps over dog over stream stream fox data the jumps ,108.09547197482436,SYNTHETIC_ROBUSTNESS
1092,stream compress compress compress data data over jumps the data lazy lazy brown quick the compress the the quick stream compress,108.12468180526642,SYNTHETIC_ROBUSTNESS
1093,fox lazy quick dog compress dog data fox data brown stream quick the data brown fox over compress quick over stream compress qui,108.17957708519678,SYNTHETIC_ROBUSTNESS
1094,over over brown lazy fox dog quick fox brown over jumps brown stream jumps over over compress dog dog stream stream compress laz,108.48406635329555,SYNTHETIC_ROBUSTNESS
1095,compress lazy compress dog stream brown lazy data lazy dog brown jumps stream dog brown compress data lazy the over brown lazy o,108.56444358448273,SYNTHETIC_ROBUSTNESS
1096,quick brown over the compress jumps dog quick jumps stream lazy jumps compress lazy data data the lazy stream data data the over,108.64035916738095,SYNTHETIC_ROBUSTNESS
1097,compress jumps over lazy data lazy dog compress jumps fox compress dog over jumps quick jumps brown dog lazy quick the jumps qui,108.69311283401159,SYNTHETIC_ROBUSTNESS
1098,over over brown lazy fox dog quick fox brown over jumps brown stream jumps over over compress dog dog stream stream compress laz,108.77449526885619,SYNTHETIC_ROBUSTNESS
1099,fox data brown fox fox quick stream lazy fox compress fox over quick the brown lazy over dog fox quick the dog dog quick jumpsaa,109.19162176736822,SYNTHETIC_ROBUSTNESS
1100,compress jumps over lazy data lazy dog compress jumps fox compress dog over jumps quick jumps brown dog lazy quick the jumps qui,109.22089885460865,SYNTHETIC_ROBUSTNESS
1101,lazy the over data compress data over fox lazy stream the over over dog lazy compress quick stream compress compress brown brown,109.50550583943925,SYNTHETIC_ROBUSTNESS
1102,data the stream stream jumps jumps fox the data lazy brown the data compress dog fox fox quick stream compress lazy over over do,109.52164849611793,SYNTHETIC_ROBUSTNESS
1103,quick brown over the compress jumps dog quick jumps stream lazy jumps compress lazy data data the lazy stream data data the over,109.53342615308465,SYNTHETIC_ROBUSTNESS
1104,over over brown lazy fox dog quick fox brown over jumps brown stream jumps over over compress dog dog stream stream compress laz,109.63975148680173,SYNTHETIC_ROBUSTNESS
1105,fox lazy quick dog compress dog data fox data brown stream quick the data brown fox over compress quick over stream compress qui,109.66867702103013,SYNTHETIC_ROBUSTNESS
1106,brown the the jumps compress over quick the stream stream the compress the brown lazy compress data quick over the fox lazy quic,109.72744630309603,SYNTHETIC_ROBUSTNESS
1107,data the the quick data lazy quick jumps stream quick brown lazy quick lazy over stream data jumps fox brown fox stream jumps br,109.85825185328046,SYNTHETIC_ROBUSTNESS
1108,data the stream stream jumps jumps fox the data lazy brown the data compress dog fox fox quick stream compress lazy over over do,109.9347895610864,SYNTHETIC_ROBUSTNESS
1109,data fox stream dog quick fox over brown brown lazy dog over compress compress lazy compress data compress brown compress brown ,109.93617403579454,SYNTHETIC_ROBUSTNESS
1110,over over brown lazy fox dog quick fox brown over jumps brown stream jumps over over compress dog dog stream stream compress laz,109.9726797812842,SYNTHETIC_ROBUSTNESS
1111,stream dog quick stream stream compress dog stream quick fox over lazy jumps over data lazy dog fox brown stream fox jumps quick,109.97936715061515,SYNTHETIC_ROBUSTNESS
1112,brown the the jumps compress over quick the stream stream the compress the brown lazy compress data quick over the fox lazy quic,110.23989108650044,SYNTHETIC_ROBUSTNESS
1113,the brown stream jumps jumps quick over data stream data dog compress brown compress fox dog quick lazy data quick compress fox ,110.39819434539206,SYNTHETIC_ROBUSTNESS
1114,lazy dog quick the fox lazy data fox over over fox compress fox jumps dog quick lazy quick data quick data dog data brown lazyaa,110.81072638731344,SYNTHETIC_ROBUSTNESS
1115,lazy the over data compress data over fox lazy stream the over over dog lazy compress quick stream compress compress brown brown,111.02710397595641,SYNTHETIC_ROBUSTNESS
1116,lazy the over data compress data over fox lazy stream the over over dog lazy compress quick stream compress compress brown brown,111.09160293963144,SYNTHETIC_ROBUSTNESS
1117,over over brown lazy fox dog quick fox brown over jumps brown stream jumps over over compress dog dog stream stream compress laz,111.30581766200046,SYNTHETIC_ROBUSTNESS
1118,data over the brown data fox over brown brown data brown over compress fox jumps over dog over stream stream fox data the jumps ,111.41742564212572,SYNTHETIC_ROBUSTNESS
1119,stream compress compress compress data data over jumps the data lazy lazy brown quick the compress the the quick stream compress,111.49178544225349,SYNTHETIC_ROBUSTNESS
1120,data the stream stream jumps jumps fox the data lazy brown the data compress dog fox fox quick stream compress lazy over over do,111.53809158779961,SYNTHETIC_ROBUSTNESS
1121,compress compress brown jumps fox the lazy brown fox compress brown the jumps fox fox the fox the over data stream quick the qui,111.6523374028267,SYNTHETIC_ROBUSTNESS
1122,lazy the over data compress data over fox lazy stream the over over dog lazy compress quick stream compress compress brown brown,111.74152976223509,SYNTHETIC_ROBUSTNESS
1123,brown the the jumps compress over quick the stream stream the compress the brown lazy compress data quick over the fox lazy quic,111.83676948762253,SYNTHETIC_ROBUSTNESS
1124,data the stream stream jumps jumps fox the data lazy brown the data compress dog fox fox quick stream compress lazy over over do,111.88782394247583,SYNTHETIC_ROBUSTNESS
1125,data over the brown data fox over brown brown data brown over compress fox jumps over dog over stream stream fox data the jumps ,112.02226823602774,SYNTHETIC_ROBUSTNESS
1126,quick brown over the compress jumps dog quick jumps stream lazy jumps compress lazy data data the lazy stream data data the over,112.03075245654045,SYNTHETIC_ROBUSTNESS
1127,lazy the over data compress data over fox lazy stream the over over dog lazy compress quick stream compress compress brown brown,112.16027320624828,SYNTHETIC_ROBUSTNESS
1128,stream lazy data lazy jumps data lazy quick the lazy compress jumps dog data brown stream jumps quick fox stream brown quick dog,112.29148890452785,SYNTHETIC_ROBUSTNESS
1129,over over brown lazy fox dog quick fox brown over jumps brown stream jumps over over compress dog dog stream stream compress laz,112.36404424726909,SYNTHETIC_ROBUSTNESS
1130,lazy the over data compress data over fox lazy stream the over over dog lazy compress quick stream compress compress brown brown,112.39459941263421,SYNTHETIC_ROBUSTNESS
1131,fox compress over stream compress brown quick jumps the dog over lazy the fox fox quick lazy data stream stream data over stream,112.46784571745476,SYNTHETIC_ROBUSTNESS
1132,over over brown lazy fox dog quick fox brown over jumps brown stream jumps over over compress dog dog stream stream compress laz,112.48098037389924,SYNTHETIC_ROBUSTNESS
1133,over over brown lazy fox dog quick fox brown over jumps brown stream jumps over over compress dog dog stream stream compress laz,112.51454775799581,SYNTHETIC_ROBUSTNESS
1134,compress stream the lazy data quick stream fox lazy fox the stream brown quick compress compress compress over quick the data da,112.56924484405701,SYNTHETIC_ROBUSTNESS
1135,fox lazy quick dog compress dog data fox data brown stream quick the data brown fox over compress quick over stream compress qui,112.68109587431532,SYNTHETIC_ROBUSTNESS
1136,brown the the jumps compress over quick the stream stream the compress the brown lazy compress data quick over the fox lazy quic,112.70182495751438,SYNTHETIC_ROBUSTNESS
1137,jumps data stream jumps over compress brown lazy data fox data jumps jumps dog over lazy brown dog dog compress lazy data quick ,112.71904276534802,SYNTHETIC_ROBUSTNESS
1138,compress jumps over lazy data lazy dog compress jumps fox compress dog over jumps quick jumps brown dog lazy quick the jumps qui,112.81264017432913,SYNTHETIC_ROBUSTNESS
1139,fox lazy quick dog compress dog data fox data brown stream quick the data brown fox over compress quick over stream compress qui,112.92644168496221,SYNTHETIC_ROBUSTNESS
1140,data over the brown data fox over brown brown data brown over compress fox jumps over dog over stream stream fox data the jumps ,112.93517800188252,SYNTHETIC_ROBUSTNESS
1141,compress jumps over lazy data lazy dog compress jumps fox compress dog over jumps quick jumps brown dog lazy quick the jumps qui,112.93855055688897,SYNTHETIC_ROBUSTNESS
1142,brown data dog fox lazy data stream stream over quick stream data jumps quick compress jumps dog dog jumps dog dog compress brow,112.9544676991547,SYNTHETIC_ROBUSTNESS
1143,quick brown over the compress jumps dog quick jumps stream lazy jumps compress lazy data data the lazy stream data data the over,113.18575821699783,SYNTHETIC_ROBUSTNESS
1144,lazy the over data compress data over fox lazy stream the over over dog lazy compress quick stream compress compress brown brown,113.2974272491584,SYNTHETIC_ROBUSTNESS
1145,stream compress compress compress data data over jumps the data lazy lazy brown quick the compress the the quick stream compress,113.55129079594333,SYNTHETIC_ROBUSTNESS
1146,over stream jumps lazy over data quick fox stream lazy brown over brown data stream over fox dog compress fox fox over brown dog,113.66056817349401,SYNTHETIC_ROBUSTNESS
1147,stream compress compress compress data data over jumps the data lazy lazy brown quick the compress the the quick stream compress,113.99648903358664,SYNTHETIC_ROBUSTNESS
1148,over over brown lazy fox dog quick fox brown over jumps brown stream jumps over over compress dog dog stream stream compress laz,114.0542758360355,SYNTHETIC_ROBUSTNESS
1149,data over the brown data fox over brown brown data brown over compress fox jumps over dog over stream stream fox data the jumps ,114.1456798971221,SYNTHETIC_ROBUSTNESS
1150,data the stream stream jumps jumps fox the data lazy brown the data compress dog fox fox quick stream compress lazy over over do,114.237605773135,SYNTHETIC_ROBUSTNESS
1151,stream compress compress compress data data over jumps the data lazy lazy brown quick the compress the the quick stream compress,114.23792025876915,SYNTHETIC_ROBUSTNESS
1152,compress jumps over lazy data lazy dog compress jumps fox compress dog over jumps quick jumps brown dog lazy quick the jumps qui,114.24070409648844,SYNTHETIC_ROBUSTNESS
1153,brown the the jumps compress over quick the stream stream the compress the brown lazy compress data quick over the fox lazy quic,114.25640050111326,SYNTHETIC_ROBUSTNESS
1154,brown the the jumps compress over quick the stream stream the compress the brown lazy compress data quick over the fox lazy quic,114.32796627747082,SYNTHETIC_ROBUSTNESS
1155,compress lazy compress dog stream brown lazy data lazy dog brown jumps stream dog brown compress data lazy the over brown lazy o,114.38427058397666,SYNTHETIC_ROBUSTNESS
1156,over data over dog compress stream quick brown the quick over data brown over lazy stream fox data dog jumps compress data fox d,114.46186892538421,SYNTHETIC_ROBUSTNESS
1157,compress lazy compress dog stream brown lazy data lazy dog brown jumps stream dog brown compress data lazy the over brown lazy o,114.62305841521923,SYNTHETIC_ROBUSTNESS
1158,quick quick data over data dog compress dog brown the the quick the quick stream dog brown brown the data brown compress fox qui,114.79579066721648,SYNTHETIC_ROBUSTNESS
1159,quick brown over the compress jumps dog quick jumps stream lazy jumps compress lazy data data the lazy stream data data the over,115.17308137505815,SYNTHETIC_ROBUSTNESS
1160,compress lazy compress dog stream brown lazy data lazy dog brown jumps stream dog brown compress data lazy the over brown lazy o,115.25462365936711,SYNTHETIC_ROBUSTNESS
1161,stream over jumps lazy data data lazy data compress compress brown dog lazy dog jumps brown fox jumps over fox quick brown jumps,115.29727447962534,SYNTHETIC_ROBUSTNESS
1162,fox lazy quick dog compress dog data fox data brown stream quick the data brown fox over compress quick over stream compress qui,115.33409541563638,SYNTHETIC_ROBUSTNESS
1163,compress jumps over lazy data lazy dog compress jumps fox compress dog over jumps quick jumps brown dog lazy quick the jumps qui,115.37575938330134,SYNTHETIC_ROBUSTNESS
1164,data over the brown data fox over brown brown data brown over compress fox jumps over dog over stream stream fox data the jumps ,115.41489039995636,SYNTHETIC_ROBUSTNESS
1165,brown the the jumps compress over quick the stream stream the compress the brown lazy compress data quick over the fox lazy quic,115.46479986585408,SYNTHETIC_ROBUSTNESS
1166,dog fox stream over over dog the dog dog jumps over brown the data quick quick over brown dog stream brown brown quick lazy data,115.47258320148597,SYNTHETIC_ROBUSTNESS
1167,quick brown over the compress jumps dog quick jumps stream lazy jumps compress lazy data data the lazy stream data data the over,115.5729404542686,SYNTHETIC_ROBUSTNESS
1168,stream compress compress compress data data over jumps the data lazy lazy brown quick the compress the the quick stream compress,115.65688296617644,SYNTHETIC_ROBUSTNESS
1169,lazy the over data compress data over fox lazy stream the over over dog lazy compress quick stream compress compress brown brown,115.71886536928389,SYNTHETIC_ROBUSTNESS
1170,quick brown over the compress jumps dog quick jumps stream lazy jumps compress lazy data data the lazy stream data data the over,115.7273237426664,SYNTHETIC_ROBUSTNESS
1171,stream compress compress compress data data over jumps the data lazy lazy brown quick the compress the the quick stream compress,115.73710803733057,SYNTHETIC_ROBUSTNESS
1172,data over the brown data fox over brown brown data brown over compress fox jumps over dog over stream stream fox data the jumps ,115.81587694144567,SYNTHETIC_ROBUSTNESS
1173,lazy the over data compress data over fox lazy stream the over over dog lazy compress quick stream compress compress brown brown,115.81960356205525,SYNTHETIC_ROBUSTNESS
1174,compress stream data compress stream brown compress the dog fox fox quick the compress jumps the fox jumps fox quick the lazy fo,115.94862525712935,SYNTHETIC_ROBUSTNESS
1175,stream compress compress compress data data over jumps the data lazy lazy brown quick the compress the the quick stream compress,116.45659392955197,SYNTHETIC_ROBUSTNESS
1176,jumps the brown compress lazy the lazy fox brown compress data jumps compress data jumps over lazy the fox lazy stream lazy jump,116.54757681972856,SYNTHETIC_ROBUSTNESS
1177,compress lazy compress dog stream brown lazy data lazy dog brown jumps stream dog brown compress data lazy the over brown lazy o,116.67610648814049,SYNTHETIC_ROBUSTNESS
1178,stream compress compress compress data data over jumps the data lazy lazy brown quick the compress the the quick stream compress,116.73389851658843,SYNTHETIC_ROBUSTNESS
1179,compress over dog brown compress data over over jumps the lazy lazy lazy over jumps fox compress lazy data the compress the brow,116.84398369533058,SYNTHETIC_ROBUSTNESS
1180,data over the brown data fox over brown brown data brown over compress fox jumps over dog over stream stream fox data the jumps ,116.9494758696782,SYNTHETIC_ROBUSTNESS
1181,over over brown lazy fox dog quick fox brown over jumps brown stream jumps over over compress dog dog stream stream compress laz,117.12325465681003,SYNTHETIC_ROBUSTNESS
1182,over the lazy stream quick compress quick jumps quick compress brown the compress brown lazy compress dog jumps quick dog the co,117.2475050885782,SYNTHETIC_ROBUSTNESS
1183,brown the the jumps compress over quick the stream stream the compress the brown lazy compress data quick over the fox lazy quic,117.3857550631703,SYNTHETIC_ROBUSTNESS
1184,brown the the jumps compress over quick the stream stream the compress the brown lazy compress data quick over the fox lazy quic,117.46709147935854,SYNTHETIC_ROBUSTNESS
1185,compress jumps over lazy data lazy dog compress jumps fox compress dog over jumps quick jumps brown dog lazy quick the jumps qui,117.53335617432016,SYNTHETIC_ROBUSTNESS
1186,compress jumps over lazy data lazy dog compress jumps fox compress dog over jumps quick jumps brown dog lazy quick the jumps qui,117.59473738395279,SYNTHETIC_ROBUSTNESS
1187,compress jumps over lazy data lazy dog compress jumps fox compress dog over jumps quick jumps brown dog lazy quick the jumps qui,117.64449721982695,SYNTHETIC_ROBUSTNESS
1188,data the stream stream jumps jumps fox the data lazy brown the data compress dog fox fox quick stream compress lazy over over do,117.67542562740438,SYNTHETIC_ROBUSTNESS
1189,over over brown lazy fox dog quick fox brown over jumps brown stream jumps over over compress dog dog stream stream compress laz,117.67881347678247,SYNTHETIC_ROBUSTNESS
1190,data over the brown data fox over brown brown data brown over compress fox jumps over dog over stream stream fox data the jumps ,117.79001230155166,SYNTHETIC_ROBUSTNESS
1191,quick the the jumps quick compress data compress dog stream compress lazy data over lazy jumps over brown quick fox compress fox,118.02123665486977,SYNTHETIC_ROBUSTNESS
1192,compress jumps over lazy data lazy dog compress jumps fox compress dog over jumps quick jumps brown dog lazy quick the jumps qui,118.28785424109367,SYNTHETIC_ROBUSTNESS
1193,over over brown lazy fox dog quick fox brown over jumps brown stream jumps over over compress dog dog stream stream compress laz,118.37473812706628,SYNTHETIC_ROBUSTNESS
1194,over over brown lazy fox dog quick fox brown over jumps brown stream jumps over over compress dog dog stream stream compress laz,118.38462480367158,SYNTHETIC_ROBUSTNESS
1195,quick brown over the compress jumps dog quick jumps stream lazy jumps compress lazy data data the lazy stream data data the over,118.59554422894662,SYNTHETIC_ROBUSTNESS
1196,compress lazy compress dog stream brown lazy data lazy dog brown jumps stream dog brown compress data lazy the over brown lazy o,118.73327566213831,SYNTHETIC_ROBUSTNESS
1197,over over brown lazy fox dog quick fox brown over jumps brown stream jumps over over compress dog dog stream stream compress laz,118.76223218715216,SYNTHETIC_ROBUSTNESS
1198,compress fox quick stream quick the brown quick lazy jumps data jumps quick compress stream compress over lazy fox the stream co,118.92496434522417,SYNTHETIC_ROBUSTNESS
1199,compress lazy compress dog stream brown lazy data lazy dog brown jumps stream dog brown compress data lazy the over brown lazy o,118.98883175007938,SYNTHETIC_ROBUSTNESS
1200,the fox data over data over stream brown jumps lazy dog dog compress quick dog data the quick stream brown data stream over jump,119.20739475601401,SYNTHETIC_ROBUSTNESS
1201,quick the compress brown fox lazy dog dog over data compress lazy over fox quick dog lazy compress stream fox fox stream lazy st,119.2358449272322,SYNTHETIC_ROBUSTNESS
1202,data over the brown data fox over brown brown data brown over compress fox jumps over dog over stream stream fox data the jumps ,119.3972427077629,SYNTHETIC_ROBUSTNESS
1203,data over the brown data fox over brown brown data brown over compress fox jumps over dog over stream stream fox data the jumps ,119.52169105213662,SYNTHETIC_ROBUSTNESS
1204,quick brown over the compress jumps dog quick jumps stream lazy jumps compress lazy data data the lazy stream data data the over,119.52314569823851,SYNTHETIC_ROBUSTNESS
1205,compress jumps over lazy data lazy dog compress jumps fox compress dog over jumps quick jumps brown dog lazy quick the jumps qui,119.60600450548651,SYNTHETIC_ROBUSTNESS
1206,data over the brown data fox over brown brown data brown over compress fox jumps over dog over stream stream fox data the jumps ,119.73171875724522,SYNTHETIC_ROBUSTNESS
1207,fox compress quick quick compress dog compress over quick stream brown brown dog quick lazy dog the dog data jumps over dog data,119.74872771917364,SYNTHETIC_ROBUSTNESS
1208,over over brown lazy fox dog quick fox brown over jumps brown stream jumps over over compress dog dog stream stream compress laz,119.82463482482372,SYNTHETIC_ROBUSTNESS
1209,stream over jumps the quick jumps dog the jumps data compress data quick stream dog jumps fox jumps data quick lazy dog over dog,119.86088658131584,SYNTHETIC_ROBUSTNESS
1210,data over the brown data fox over brown brown data brown over compress fox jumps over dog over stream stream fox data the jumps ,119.98004256941658,SYNTHETIC_ROBUSTNESS
1211,data the stream stream jumps jumps fox the data lazy brown the data compress dog fox fox quick stream compress lazy over over do,120.05772584709217,SYNTHETIC_ROBUSTNESS
1212,over compress the jumps fox quick lazy lazy brown lazy lazy dog stream brown brown jumps over the data lazy compress jumps jumps,120.1548686703849,SYNTHETIC_ROBUSTNESS
1213,fox compress dog quick dog over jumps dog the compress fox compress lazy over lazy compress data compress the stream data dog do,120.16239921405621,SYNTHETIC_ROBUSTNESS
1214,stream the quick the compress jumps the data jumps jumps jumps data brown dog fox fox data fox jumps jumps quick jumps fox jumps,120.17722545207334,SYNTHETIC_ROBUSTNESS
1215,stream compress compress compress data data over jumps the data lazy lazy brown quick the compress the the quick stream compress,120.25754156511577,SYNTHETIC_ROBUSTNESS
1216,data over the brown data fox over brown brown data brown over compress fox jumps over dog over stream stream fox data the jumps ,120.27752979577316,SYNTHETIC_ROBUSTNESS
1217,stream data the compress jumps data stream data brown dog quick brown stream stream compress quick dog lazy dog the the dog stre,120.34658309008077,SYNTHETIC_ROBUSTNESS
1218,quick brown over the compress jumps dog quick jumps stream lazy jumps compress lazy data data the lazy stream data data the over,120.46371083994471,SYNTHETIC_ROBUSTNESS
1219,compress jumps over lazy data lazy dog compress jumps fox compress dog over jumps quick jumps brown dog lazy quick the jumps qui,120.62966387954646,SYNTHETIC_ROBUSTNESS
1220,quick stream stream quick jumps quick lazy the data dog dog jumps quick compress fox the data jumps jumps quick the lazy lazy st,120.64509640975469,SYNTHETIC_ROBUSTNESS
1221,stream compress compress compress data data over jumps the data lazy lazy brown quick the compress the the quick stream compress,120.78052903946606,SYNTHETIC_ROBUSTNESS
1222,compress over the compress the data lazy over jumps the compress data quick the data compress the the jumps data over data data ,120.82565681870157,SYNTHETIC_ROBUSTNESS
1223,over the over the over quick jumps fox jumps lazy data jumps quick jumps brown quick over dog stream dog brown lazy lazy over fo,120.9392673548451,SYNTHETIC_ROBUSTNESS
1224,data over the brown data fox over brown brown data brown over compress fox jumps over dog over stream stream fox data the jumps ,120.95496603175833,SYNTHETIC_ROBUSTNESS
1225,lazy the over data compress data over fox lazy stream the over over dog lazy compress quick stream compress compress brown brown,121.02736279703193,SYNTHETIC_ROBUSTNESS
1226,stream compress compress compress data data over jumps the data lazy lazy brown quick the compress the the quick stream compress,121.20910885547984,SYNTHETIC_ROBUSTNESS
1227,lazy the over data compress data over fox lazy stream the over over dog lazy compress quick stream compress compress brown brown,121.22036207473997,SYNTHETIC_ROBUSTNESS
1228,compress lazy compress dog stream brown lazy data lazy dog brown jumps stream dog brown compress data lazy the over brown lazy o,121.39620272128823,SYNTHETIC_ROBUSTNESS
1229,brown the the jumps compress over quick the stream stream the compress the brown lazy compress data quick over the fox lazy quic,121.45649103709144,SYNTHETIC_ROBUSTNESS
1230,stream quick jumps stream data compress jumps fox the quick over dog data dog jumps dog compress over jumps brown fox stream bro,121.62980515744987,SYNTHETIC_ROBUSTNESS
1231,compress lazy compress dog stream brown lazy data lazy dog brown jumps stream dog brown compress data lazy the over brown lazy o,121.94774112980276,SYNTHETIC_ROBUSTNESS
1232,stream jumps quick lazy stream over lazy jumps lazy fox quick dog brown brown dog compress dog lazy the dog fox brown quick the ,121.96513512103097,SYNTHETIC_ROBUSTNESS
1233,fox fox over jumps over compress fox data data fox the over stream brown the dog jumps fox fox the dog stream compress data comp,122.07739579042543,SYNTHETIC_ROBUSTNESS
1234,compress lazy compress dog stream brown lazy data lazy dog brown jumps stream dog brown compress data lazy the over brown lazy o,122.1041963440848,SYNTHETIC_ROBUSTNESS
1235,lazy the over data compress data over fox lazy stream the over over dog lazy compress quick stream compress compress brown brown,122.11876301990607,SYNTHETIC_ROBUSTNESS
1236,over over brown lazy fox dog quick fox brown over jumps brown stream jumps over over compress dog dog stream stream compress laz,122.21767136808079,SYNTHETIC_ROBUSTNESS
1237,stream compress compress compress data data over jumps the data lazy lazy brown quick the compress the the quick stream compress,122.22909844781054,SYNTHETIC_ROBUSTNESS
1238,fox lazy quick dog compress dog data fox data brown stream quick the data brown fox over compress quick over stream compress qui,122.29167956232051,SYNTHETIC_ROBUSTNESS
1239,compress jumps over lazy data lazy dog compress jumps fox compress dog over jumps quick jumps brown dog lazy quick the jumps qui,122.3927271603817,SYNTHETIC_ROBUSTNESS
1240,fox lazy quick dog compress dog data fox data brown stream quick the data brown fox over compress quick over stream compress qui,122.4619680512889,SYNTHETIC_ROBUSTNESS
1241,compress jumps over lazy data lazy dog compress jumps fox compress dog over jumps quick jumps brown dog lazy quick the jumps qui,122.58139316506949,SYNTHETIC_ROBUSTNESS
1242,over over brown lazy fox dog quick fox brown over jumps brown stream jumps over over compress dog dog stream stream compress laz,122.74304546177903,SYNTHETIC_ROBUSTNESS
1243,fox the jumps over dog fox lazy lazy data lazy jumps compress fox lazy over fox dog lazy the the lazy fox the quick quickaaaaaaa,122.94881066661073,SYNTHETIC_ROBUSTNESS
1244,compress jumps over lazy data lazy dog compress jumps fox compress dog over jumps quick jumps brown dog lazy quick the jumps qui,123.03087969324335,SYNTHETIC_ROBUSTNESS
1245,data the stream stream jumps jumps fox the data lazy brown the data compress dog fox fox quick stream compress lazy over over do,123.06326320145725,SYNTHETIC_ROBUSTNESS
1246,data the stream stream jumps jumps fox the data lazy brown the data compress dog fox fox quick stream compress lazy over over do,123.13452920754402,SYNTHETIC_ROBUSTNESS
1247,compress lazy compress dog stream brown lazy data lazy dog brown jumps stream dog brown compress data lazy the over brown lazy o,123.18358063898432,SYNTHETIC_ROBUSTNESS
1248,data over the brown data fox over brown brown data brown over compress fox jumps over dog over stream stream fox data the jumps ,123.20918936623671,SYNTHETIC_ROBUSTNESS
1249,compress jumps over lazy data lazy dog compress jumps fox compress dog over jumps quick jumps brown dog lazy quick the jumps qui,123.28449338013375,SYNTHETIC_ROBUSTNESS
1250,fox lazy quick dog compress dog data fox data brown stream quick the data brown fox over compress quick over stream compress qui,123.28678492283802,SYNTHETIC_ROBUSTNESS
1251,data lazy brown dog brown over data data data stream brown jumps lazy the the brown stream dog brown the over the compress data ,123.37981498912728,SYNTHETIC_ROBUSTNESS
1252,stream compress compress compress data data over jumps the data lazy lazy brown quick the compress the the quick stream compress,123.55218982135473,SYNTHETIC_ROBUSTNESS
1253,data over the brown data fox over brown brown data brown over compress fox jumps over dog over stream stream fox data the jumps ,124.30018591435791,SYNTHETIC_ROBUSTNESS
1254,brown brown brown dog data quick jumps quick jumps stream compress quick data the over over brown dog jumps dog data over brown ,124.55487996108747,SYNTHETIC_ROBUSTNESS
1255,compress lazy compress dog stream brown lazy data lazy dog brown jumps stream dog brown compress data lazy the over brown lazy o,124.56429080207793,SYNTHETIC_ROBUSTNESS
1256,data over the brown data fox over brown brown data brown over compress fox jumps over dog over stream stream fox data the jumps ,124.58201577168694,SYNTHETIC_ROBUSTNESS
1257,data compress stream lazy fox compress jumps jumps brown compress jumps lazy brown fox lazy the the data fox quick jumps over ov,124.59694058272898,SYNTHETIC_ROBUSTNESS
1258,brown the the jumps compress over quick the stream stream the compress the brown lazy compress data quick over the fox lazy quic,124.67866469090853,SYNTHETIC_ROBUSTNESS
1259,brown the the jumps compress over quick the stream stream the compress the brown lazy compress data quick over the fox lazy quic,124.68336713974718,SYNTHETIC_ROBUSTNESS
1260,jumps compress compress fox quick compress jumps over lazy dog fox over fox compress stream fox jumps compress dog stream the ov,124.95981766214466,SYNTHETIC_ROBUSTNESS
1261,data over the brown data fox over brown brown data brown over compress fox jumps over dog over stream stream fox data the jumps ,124.96620078410861,SYNTHETIC_ROBUSTNESS
1262,over data quick over jumps brown lazy compress brown compress the fox the data compress quick stream brown quick quick brown str,125.0158356357939,SYNTHETIC_ROBUSTNESS
1263,dog quick quick fox fox fox brown jumps jumps quick stream fox compress jumps jumps quick over compress compress dog dog over fo,125.24023878427839,SYNTHETIC_ROBUSTNESS
1264,compress jumps over lazy data lazy dog compress jumps fox compress dog over jumps quick jumps brown dog lazy quick the jumps qui,125.5366201392025,SYNTHETIC_ROBUSTNESS
1265,lazy the over data compress data over fox lazy stream the over over dog lazy compress quick stream compress compress brown brown,125.59922335962213,SYNTHETIC_ROBUSTNESS
1266,data the stream stream jumps jumps fox the data lazy brown the data compress dog fox fox quick stream compress lazy over over do,125.66625074710977,SYNTHETIC_ROBUSTNESS
1267,compress jumps over lazy data lazy dog compress jumps fox compress dog over jumps quick jumps brown dog lazy quick the jumps qui,125.7673595521977,SYNTHETIC_ROBUSTNESS
1268,over over brown lazy fox dog quick fox brown over jumps brown stream jumps over over compress dog dog stream stream compress laz,125.81972342200662,SYNTHETIC_ROBUSTNESS
1269,dog the quick lazy dog jumps data brown dog quick over lazy brown brown stream dog data compress the over fox stream dog fox dat,125.85897751627816,SYNTHETIC_ROBUSTNESS
1270,data the stream stream jumps jumps fox the data lazy brown the data compress dog fox fox quick stream compress lazy over over do,125.99346474361161,SYNTHETIC_ROBUSTNESS
1271,the the over lazy brown brown jumps fox brown over over fox quick over stream stream quick fox data the stream jumps quick quick,126.08394007424916,SYNTHETIC_ROBUSTNESS
1272,data over the brown data fox over brown brown data brown over compress fox jumps over dog over stream stream fox data the jumps ,126.14965460281957,SYNTHETIC_ROBUSTNESS
1273,over over brown lazy fox dog quick fox brown over jumps brown stream jumps over over compress dog dog stream stream compress laz,126.16027817435237,SYNTHETIC_ROBUSTNESS
1274,data the stream stream jumps jumps fox the data lazy brown the data compress dog fox fox quick stream compress lazy over over do,126.16741291204039,SYNTHETIC_ROBUSTNESS
1275,brown the the jumps compress over quick the stream stream the compress the brown lazy compress data quick over the fox lazy quic,126.23891441191941,SYNTHETIC_ROBUSTNESS
1276,lazy stream data quick dog the jumps quick over compress data fox brown the fox fox the jumps stream stream jumps stream fox jum,126.33552337884872,SYNTHETIC_ROBUSTNESS
1277,over dog stream brown quick over jumps the dog the stream fox fox fox data jumps data jumps quick data quick jumps data fox foxa,126.44267516412927,SYNTHETIC_ROBUSTNESS
1278,fox jumps the compress fox brown compress lazy lazy quick quick the lazy lazy compress quick lazy stream dog the jumps brown ove,126.66795005261928,SYNTHETIC_ROBUSTNESS
1279,compress jumps over lazy data lazy dog compress jumps fox compress dog over jumps quick jumps brown dog lazy quick the jumps qui,126.83735428798373,SYNTHETIC_ROBUSTNESS
1280,data the stream stream jumps jumps fox the data lazy brown the data compress dog fox fox quick stream compress lazy over over do,126.85252524868574,SYNTHETIC_ROBUSTNESS
1281,dog jumps dog quick stream over brown compress brown lazy dog data compress brown over brown data compress brown brown the fox d,127.01072258216603,SYNTHETIC_ROBUSTNESS
1282,data over the brown data fox over brown brown data brown over compress fox jumps over dog over stream stream fox data the jumps ,127.12351736498172,SYNTHETIC_ROBUSTNESS
1283,over over brown lazy fox dog quick fox brown over jumps brown stream jumps over over compress dog dog stream stream compress laz,127.29956024571543,SYNTHETIC_ROBUSTNESS
1284,the fox dog quick brown jumps brown lazy data compress data stream lazy quick the jumps lazy brown data data data lazy lazy data,127.48493730727849,SYNTHETIC_ROBUSTNESS
1285,data over the brown data fox over brown brown data brown over compress fox jumps over dog over stream stream fox data the jumps ,127.52733065519185,SYNTHETIC_ROBUSTNESS
1286,lazy the over data compress data over fox lazy stream the over over dog lazy compress quick stream compress compress brown brown,127.55788388126768,SYNTHETIC_ROBUSTNESS
1287,over over brown lazy fox dog quick fox brown over jumps brown stream jumps over over compress dog dog stream stream compress laz,127.63832171032786,SYNTHETIC_ROBUSTNESS
1288,over jumps the lazy fox jumps brown dog dog jumps compress over fox the stream lazy the lazy jumps fox data compress dog fox com,127.67379050056172,SYNTHETIC_ROBUSTNESS
1289,data the stream stream jumps jumps fox the data lazy brown the data compress dog fox fox quick stream compress lazy over over do,127.7168203946582,SYNTHETIC_ROBUSTNESS
1290,brown the the jumps compress over quick the stream stream the compress the brown lazy compress data quick over the fox lazy quic,127.72398718915537,SYNTHETIC_ROBUSTNESS
1291,data over the brown data fox over brown brown data brown over compress fox jumps over dog over stream stream fox data the jumps ,128.19916558373325,SYNTHETIC_ROBUSTNESS
1292,over over brown lazy fox dog quick fox brown over jumps brown stream jumps over over compress dog dog stream stream compress laz,128.23617011380588,SYNTHETIC_ROBUSTNESS
1293,compress the lazy data lazy jumps dog brown lazy lazy quick compress over fox jumps brown compress quick fox over stream compres,128.38761621977056,SYNTHETIC_ROBUSTNESS
1294,quick brown over the compress jumps dog quick jumps stream lazy jumps compress lazy data data the lazy stream data data the over,128.88608804545436,SYNTHETIC_ROBUSTNESS
1295,quick brown over the compress jumps dog quick jumps stream lazy jumps compress lazy data data the lazy stream data data the over,129.23387218655634,SYNTHETIC_ROBUSTNESS
1296,lazy the over data compress data over fox lazy stream the over over dog lazy compress quick stream compress compress brown brown,129.33435246004964,SYNTHETIC_ROBUSTNESS
1297,compress lazy compress dog stream brown lazy data lazy dog brown jumps stream dog brown compress data lazy the over brown lazy o,129.4117147724194,SYNTHETIC_ROBUSTNESS
1298,lazy the over data compress data over fox lazy stream the over over dog lazy compress quick stream compress compress brown brown,129.4487163396742,SYNTHETIC_ROBUSTNESS
1299,jumps dog brown compress stream compress brown the jumps compress jumps data the quick jumps stream the jumps over dog stream do,129.64640969203577,SYNTHETIC_ROBUSTNESS
1300,data the stream stream jumps jumps fox the data lazy brown the data compress dog fox fox quick stream compress lazy over over do,129.68765793086175,SYNTHETIC_ROBUSTNESS
1301,over jumps dog fox over compress over the the data over jumps jumps over lazy data stream lazy the compress lazy compress data o,129.69894387553,SYNTHETIC_ROBUSTNESS
1302,brown the the jumps compress over quick the stream stream the compress the brown lazy compress data quick over the fox lazy quic,129.73377181710097,SYNTHETIC_ROBUSTNESS
1303,compress jumps over lazy data lazy dog compress jumps fox compress dog over jumps quick jumps brown dog lazy quick the jumps qui,129.77161967037352,SYNTHETIC_ROBUSTNESS
1304,fox lazy quick dog compress dog data fox data brown stream quick the data brown fox over compress quick over stream compress qui,129.8983767573284,SYNTHETIC_ROBUSTNESS
1305,fox jumps lazy lazy quick compress data compress quick lazy jumps over quick compress compress fox compress fox the quick fox fo,129.91695454467342,SYNTHETIC_ROBUSTNESS
1306,data over the brown data fox over brown brown data brown over compress fox jumps over dog over stream stream fox data the jumps ,129.955060564267,SYNTHETIC_ROBUSTNESS
1307,brown dog stream data fox lazy stream the the lazy data fox compress stream lazy jumps the stream the brown brown the data dog f,129.9630283710046,SYNTHETIC_ROBUSTNESS
1308,over over brown lazy fox dog quick fox brown over jumps brown stream jumps over over compress dog dog stream stream compress laz,130.15168011432476,SYNTHETIC_ROBUSTNESS
1309,compress jumps over lazy data lazy dog compress jumps fox compress dog over jumps quick jumps brown dog lazy quick the jumps qui,130.28069691202745,SYNTHETIC_ROBUSTNESS
1310,brown the the jumps compress over quick the stream stream the compress the brown lazy compress data quick over the fox lazy quic,130.33823101600896,SYNTHETIC_ROBUSTNESS
1311,quick lazy data fox quick compress stream lazy fox quick the quick compress lazy dog brown quick fox jumps stream quick over ove,130.39444558612146,SYNTHETIC_ROBUSTNESS
1312,data lazy compress stream fox fox lazy brown stream data over stream lazy the quick fox stream lazy compress stream lazy over da,130.41264236382938,SYNTHETIC_ROBUSTNESS
1313,stream compress compress compress data data over jumps the data lazy lazy brown quick the compress the the quick stream compress,130.46117003091692,SYNTHETIC_ROBUSTNESS
1314,stream data quick stream over quick data the lazy quick the quick the brown compress fox dog compress stream over compress lazy ,130.6984978015096,SYNTHETIC_ROBUSTNESS
1315,brown the the jumps compress over quick the stream stream the compress the brown lazy compress data quick over the fox lazy quic,130.7134241682817,SYNTHETIC_ROBUSTNESS
1316,over over brown lazy fox dog quick fox brown over jumps brown stream jumps over over compress dog dog stream stream compress laz,130.8582532231254,SYNTHETIC_ROBUSTNESS
1317,quick brown over the compress jumps dog quick jumps stream lazy jumps compress lazy data data the lazy stream data data the over,130.8630857119844,SYNTHETIC_ROBUSTNESS
1318,quick dog the data fox over fox dog compress the stream stream fox the compress dog compress dog quick fox dog quick over the br,130.90043578982878,SYNTHETIC_ROBUSTNESS
1319,compress jumps over lazy data lazy dog compress jumps fox compress dog over jumps quick jumps brown dog lazy quick the jumps qui,131.08812671760822,SYNTHETIC_ROBUSTNESS
1320,brown the the jumps compress over quick the stream stream the compress the brown lazy compress data quick over the fox lazy quic,131.14700250037316,SYNTHETIC_ROBUSTNESS
1321,fox lazy quick dog compress dog data fox data brown stream quick the data brown fox over compress quick over stream compress qui,131.26830185088903,SYNTHETIC_ROBUSTNESS
1322,quick brown over the compress jumps dog quick jumps stream lazy jumps compress lazy data data the lazy stream data data the over,131.27923220755358,SYNTHETIC_ROBUSTNESS
1323,compress lazy compress dog stream brown lazy data lazy dog brown jumps stream dog brown compress data lazy the over brown lazy o,131.39425195138088,SYNTHETIC_ROBUSTNESS
1324,quick brown over the compress jumps dog quick jumps stream lazy jumps compress lazy data data the lazy stream data data the over,131.56518918239152,SYNTHETIC_ROBUSTNESS
1325,compress jumps over lazy data lazy dog compress jumps fox compress dog over jumps quick jumps brown dog lazy quick the jumps qui,131.72879091768988,SYNTHETIC_ROBUSTNESS
1326,dog quick stream stream compress the over jumps lazy fox the fox the compress stream lazy jumps the stream stream data jumps dog,131.78657114060437,SYNTHETIC_ROBUSTNESS
1327,lazy the over data compress data over fox lazy stream the over over dog lazy compress quick stream compress compress brown brown,132.02105903911763,SYNTHETIC_ROBUSTNESS
1328,data over the brown data fox over brown brown data brown over compress fox jumps over dog over stream stream fox data the jumps ,132.10661976227834,SYNTHETIC_ROBUSTNESS
1329,data the stream stream jumps jumps fox the data lazy brown the data compress dog fox fox quick stream compress lazy over over do,132.27692417589725,SYNTHETIC_ROBUSTNESS
1330,compress lazy compress dog stream brown lazy data lazy dog brown jumps stream dog brown compress data lazy the over brown lazy o,132.30093525822684,SYNTHETIC_ROBUSTNESS
1331,data over the brown data fox over brown brown data brown over compress fox jumps over dog over stream stream fox data the jumps ,132.32453794093334,SYNTHETIC_ROBUSTNESS
1332,data the stream stream jumps jumps fox the data lazy brown the data compress dog fox fox quick stream compress lazy over over do,132.4649276578106,SYNTHETIC_ROBUSTNESS
1333,stream stream compress fox fox compress over jumps quick over jumps over stream lazy the quick the stream compress brown the dog,132.56895306967897,SYNTHETIC_ROBUSTNESS
1334,compress jumps over lazy data lazy dog compress jumps fox compress dog over jumps quick jumps brown dog lazy quick the jumps qui,132.6817499363439,SYNTHETIC_ROBUSTNESS
1335,quick brown over the compress jumps dog quick jumps stream lazy jumps compress lazy data data the lazy stream data data the over,132.70874335763403,SYNTHETIC_ROBUSTNESS
1336,jumps dog over stream over dog brown over stream the dog the stream jumps over lazy data quick over the jumps over data compress,132.75976304549323,SYNTHETIC_ROBUSTNESS
1337,lazy the over data compress data over fox lazy stream the over over dog lazy compress quick stream compress compress brown brown,132.78965483336552,SYNTHETIC_ROBUSTNESS
1338,lazy the over data compress data over fox lazy stream the over over dog lazy compress quick stream compress compress brown brown,132.79671059245416,SYNTHETIC_ROBUSTNESS
1339,stream compress compress compress data data over jumps the data lazy lazy brown quick the compress the the quick stream compress,132.81951881347456,SYNTHETIC_ROBUSTNESS
1340,compress quick lazy dog jumps quick jumps the brown compress data fox data fox quick fox quick the the jumps fox stream brown fo,133.35269164600345,SYNTHETIC_ROBUSTNESS
1341,fox lazy quick dog compress dog data fox data brown stream quick the data brown fox over compress quick over stream compress qui,133.37935443305565,SYNTHETIC_ROBUSTNESS
1342,compress jumps over lazy data lazy dog compress jumps fox compress dog over jumps quick jumps brown dog lazy quick the jumps qui,133.3967056686736,SYNTHETIC_ROBUSTNESS
1343,stream compress compress compress data data over jumps the data lazy lazy brown quick the compress the the quick stream compress,133.5160672637253,SYNTHETIC_ROBUSTNESS
1344,data the stream stream jumps jumps fox the data lazy brown the data compress dog fox fox quick stream compress lazy over over do,133.60823388807512,SYNTHETIC_ROBUSTNESS
1345,compress fox jumps jumps lazy lazy data lazy fox lazy lazy jumps over compress stream data dog over fox lazy quick the brown str,133.74528113349209,SYNTHETIC_ROBUSTNESS
1346,lazy the over data compress data over fox lazy stream the over over dog lazy compress quick stream compress compress brown brown,133.85131834756424,SYNTHETIC_ROBUSTNESS
1347,brown the the jumps compress over quick the stream stream the compress the brown lazy compress data quick over the fox lazy quic,133.8765489903503,SYNTHETIC_ROBUSTNESS
1348,over over brown lazy fox dog quick fox brown over jumps brown stream jumps over over compress dog dog stream stream compress laz,133.9460450811125,SYNTHETIC_ROBUSTNESS
1349,over over brown lazy fox dog quick fox brown over jumps brown stream jumps over over compress dog dog stream stream compress laz,133.96548159744376,SYNTHETIC_ROBUSTNESS
1350,compress lazy over dog data stream lazy lazy the dog fox over fox quick jumps lazy brown jumps over lazy the dog the dog lazyaaa,133.99472264463589,SYNTHETIC_ROBUSTNESS
1351,compress jumps over lazy data lazy dog compress jumps fox compress dog over jumps quick jumps brown dog lazy quick the jumps qui,134.42837176649743,SYNTHETIC_ROBUSTNESS
1352,quick quick dog stream fox over data over dog the quick stream compress the stream the compress the dog the data data dog over s,134.55881737933473,SYNTHETIC_ROBUSTNESS
1353,fox lazy quick dog compress dog data fox data brown stream quick the data brown fox over compress quick over stream compress qui,134.7115342899572,SYNTHETIC_ROBUSTNESS
1354,quick brown over the compress jumps dog quick jumps stream lazy jumps compress lazy data data the lazy stream data data the over,134.7145863098744,SYNTHETIC_ROBUSTNESS
1355,quick compress jumps lazy jumps the jumps quick quick over jumps compress lazy brown quick the compress quick quick compress dat,134.76273466748435,SYNTHETIC_ROBUSTNESS
1356,brown the the jumps compress over quick the stream stream the compress the brown lazy compress data quick over the fox lazy quic,134.84375871024767,SYNTHETIC_ROBUSTNESS
1357,compress lazy compress dog stream brown lazy data lazy dog brown jumps stream dog brown compress data lazy the over brown lazy o,134.8599722599986,SYNTHETIC_ROBUSTNESS
1358,stream compress compress compress data data over jumps the data lazy lazy brown quick the compress the the quick stream compress,135.04871987144082,SYNTHETIC_ROBUSTNESS
1359,quick brown over the compress jumps dog quick jumps stream lazy jumps compress lazy data data the lazy stream data data the over,135.0637556839876,SYNTHETIC_ROBUSTNESS
1360,lazy the over data compress data over fox lazy stream the over over dog lazy compress quick stream compress compress brown brown,135.1649547870155,SYNTHETIC_ROBUSTNESS
1361,quick dog fox quick brown lazy data quick the lazy compress stream over brown fox stream dog stream brown the fox over dog compr,135.24551634490183,SYNTHETIC_ROBUSTNESS
1362,brown the the jumps compress over quick the stream stream the compress the brown lazy compress data quick over the fox lazy quic,135.4347715248058,SYNTHETIC_ROBUSTNESS
1363,stream compress compress compress data data over jumps the data lazy lazy brown quick the compress the the quick stream compress,135.47214066173902,SYNTHETIC_ROBUSTNESS
1364,compress lazy compress dog stream brown lazy data lazy dog brown jumps stream dog brown compress data lazy the over brown lazy o,135.5055598647289,SYNTHETIC_ROBUSTNESS
1365,data the stream stream jumps jumps fox the data lazy brown the data compress dog fox fox quick stream compress lazy over over do,135.69290874558416,SYNTHETIC_ROBUSTNESS
1366,stream compress compress compress data data over jumps the data lazy lazy brown quick the compress the the quick stream compress,135.71793528014055,SYNTHETIC_ROBUSTNESS
1367,data the stream stream jumps jumps fox the data lazy brown the data compress dog fox fox quick stream compress lazy over over do,135.85499368055164,SYNTHETIC_ROBUSTNESS
1368,jumps lazy lazy brown over jumps jumps stream jumps the fox stream quick data the lazy stream stream quick the dog fox data data,135.87620734766423,SYNTHETIC_ROBUSTNESS
1369,compress lazy brown dog over brown jumps stream brown lazy over the dog dog fox fox jumps lazy lazy stream jumps jumps dog quick,136.08470938519076,SYNTHETIC_ROBUSTNESS
1370,fox stream dog brown compress stream quick stream fox dog jumps quick data the data jumps data fox fox quick compress jumps quic,136.26738395161152,SYNTHETIC_ROBUSTNESS
1371,lazy the over data compress data over fox lazy stream the over over dog lazy compress quick stream compress compress brown brown,136.42224789364215,SYNTHETIC_ROBUSTNESS
1372,brown jumps data data fox over stream the data over compress the stream fox brown data the the compress fox lazy compress dog qu,136.4898712521266,SYNTHETIC_ROBUSTNESS
1373,lazy the quick data quick jumps jumps dog quick quick over over quick compress fox lazy jumps lazy compress compress data quick ,136.49331375421795,SYNTHETIC_ROBUSTNESS
1374,quick brown over the compress jumps dog quick jumps stream lazy jumps compress lazy data data the lazy stream data data the over,136.50752371975204,SYNTHETIC_ROBUSTNESS
1375,compress jumps over lazy data lazy dog compress jumps fox compress dog over jumps quick jumps brown dog lazy quick the jumps qui,136.56851561695785,SYNTHETIC_ROBUSTNESS
1376,over over brown lazy fox dog quick fox brown over jumps brown stream jumps over over compress dog dog stream stream compress laz,136.57297850306284,SYNTHETIC_ROBUSTNESS
1377,over over brown lazy fox dog quick fox brown over jumps brown stream jumps over over compress dog dog stream stream compress laz,136.57953613625693,SYNTHETIC_ROBUSTNESS
1378,stream compress compress compress data data over jumps the data lazy lazy brown quick the compress the the quick stream compress,136.59294687355978,SYNTHETIC_ROBUSTNESS
1379,quick brown over the compress jumps dog quick jumps stream lazy jumps compress lazy data data the lazy stream data data the over,136.62317186693545,SYNTHETIC_ROBUSTNESS
1380,compress lazy compress dog stream brown lazy data lazy dog brown jumps stream dog brown compress data lazy the over brown lazy o,136.76153078505604,SYNTHETIC_ROBUSTNESS
1381,compress jumps over lazy data lazy dog compress jumps fox compress dog over jumps quick jumps brown dog lazy quick the jumps qui,136.7664479602023,SYNTHETIC_ROBUSTNESS
1382,over over brown lazy fox dog quick fox brown over jumps brown stream jumps over over compress dog dog stream stream compress laz,137.17773585918536,SYNTHETIC_ROBUSTNESS
1383,lazy the over data compress data over fox lazy stream the over over dog lazy compress quick stream compress compress brown brown,137.20973290634487,SYNTHETIC_ROBUSTNESS
1384,lazy the over data compress data over fox lazy stream the over over dog lazy compress quick stream compress compress brown brown,137.24832824366172,SYNTHETIC_ROBUSTNESS
1385,compress data quick compress the stream over compress data compress lazy jumps brown jumps data fox the fox data jumps data stre,137.27681483286867,SYNTHETIC_ROBUSTNESS
1386,data the stream stream jumps jumps fox the data lazy brown the data compress dog fox fox quick stream compress lazy over over do,137.36904339437248,SYNTHETIC_ROBUSTNESS
1387,lazy the over data compress data over fox lazy stream the over over dog lazy compress quick stream compress compress brown brown,137.37100517478592,SYNTHETIC_ROBUSTNESS
1388,brown fox quick compress the over jumps data the lazy brown fox jumps fox brown data fox lazy quick brown the stream compress la,137.38082926964475,SYNTHETIC_ROBUSTNESS
1389,data over the brown data fox over brown brown data brown over compress fox jumps over dog over stream stream fox data the jumps ,137.39122957328394,SYNTHETIC_ROBUSTNESS
1390,lazy the over data compress data over fox lazy stream the over over dog lazy compress quick stream compress compress brown brown,137.50045257083622,SYNTHETIC_ROBUSTNESS
1391,compress data brown data the dog brown dog jumps dog stream compress over dog the compress stream dog compress stream stream laz,137.54042897051465,SYNTHETIC_ROBUSTNESS
1392,stream compress compress compress data data over jumps the data lazy lazy brown quick the compress the the quick stream compress,137.5979643516721,SYNTHETIC_ROBUSTNESS
1393,over over brown lazy fox dog quick fox brown over jumps brown stream jumps over over compress dog dog stream stream compress laz,137.89748429997167,SYNTHETIC_ROBUSTNESS
1394,brown the the jumps compress over quick the stream stream the compress the brown lazy compress data quick over the fox lazy quic,137.91980401484946,SYNTHETIC_ROBUSTNESS
1395,compress jumps over lazy data lazy dog compress jumps fox compress dog over jumps quick jumps brown dog lazy quick the jumps qui,137.92708224640919,SYNTHETIC_ROBUSTNESS
1396,data the stream stream jumps jumps fox the data lazy brown the data compress dog fox fox quick stream compress lazy over over do,137.98531856757873,SYNTHETIC_ROBUSTNESS
1397,brown the the jumps compress over quick the stream stream the compress the brown lazy compress data quick over the fox lazy quic,138.0032399920172,SYNTHETIC_ROBUSTNESS
1398,data over the brown data fox over brown brown data brown over compress fox jumps over dog over stream stream fox data the jumps ,138.01886528146744,SYNTHETIC_ROBUSTNESS
1399,lazy the over data compress data over fox lazy stream the over over dog lazy compress quick stream compress compress brown brown,138.0716509451411,SYNTHETIC_ROBUSTNESS
1400,stream compress compress compress data data over jumps the data lazy lazy brown quick the compress the the quick stream compress,138.18241155308957,SYNTHETIC_ROBUSTNESS
1401,over over brown lazy fox dog quick fox brown over jumps brown stream jumps over over compress dog dog stream stream compress laz,138.21023119354962,SYNTHETIC_ROBUSTNESS
1402,fox lazy quick dog compress dog data fox data brown stream quick the data brown fox over compress quick over stream compress qui,138.41894945235583,SYNTHETIC_ROBUSTNESS
1403,compress jumps over lazy data lazy dog compress jumps fox compress dog over jumps quick jumps brown dog lazy quick the jumps qui,138.46396138770237,SYNTHETIC_ROBUSTNESS
1404,compress brown stream data compress data dog compress over over brown the dog data brown over jumps data dog fox data fox data q,138.7358445928652,SYNTHETIC_ROBUSTNESS
1405,fox lazy quick dog compress dog data fox data brown stream quick the data brown fox over compress quick over stream compress qui,138.80364981697892,SYNTHETIC_ROBUSTNESS
1406,brown the the jumps compress over quick the stream stream the compress the brown lazy compress data quick over the fox lazy quic,138.93338220158995,SYNTHETIC_ROBUSTNESS
1407,compress jumps over lazy data lazy dog compress jumps fox compress dog over jumps quick jumps brown dog lazy quick the jumps qui,139.12244091160872,SYNTHETIC_ROBUSTNESS
1408,quick brown over the compress jumps dog quick jumps stream lazy jumps compress lazy data data the lazy stream data data the over,139.1978835867132,SYNTHETIC_ROBUSTNESS
1409,the brown stream data brown over lazy brown dog data stream dog over stream jumps lazy quick lazy the fox brown lazy jumps compr,139.38781145222066,SYNTHETIC_ROBUSTNESS
1410,quick brown over the compress jumps dog quick jumps stream lazy jumps compress lazy data data the lazy stream data data the over,139.43529004269521,SYNTHETIC_ROBUSTNESS
1411,data the stream stream jumps jumps fox the data lazy brown the data compress dog fox fox quick stream compress lazy over over do,139.48045205913377,SYNTHETIC_ROBUSTNESS
1412,data over the brown data fox over brown brown data brown over compress fox jumps over dog over stream stream fox data the jumps ,139.63847074684563,SYNTHETIC_ROBUSTNESS
1413,data over the brown data fox over brown brown data brown over compress fox jumps over dog over stream stream fox data the jumps ,139.66608164017205,SYNTHETIC_ROBUSTNESS
1414,lazy the over data compress data over fox lazy stream the over over dog lazy compress quick stream compress compress brown brown,139.79232608033954,SYNTHETIC_ROBUSTNESS
1415,fox lazy data stream the quick fox lazy jumps stream fox jumps jumps data fox over quick over dog dog data over dog over dataaaa,139.80034810637065,SYNTHETIC_ROBUSTNESS
1416,compress jumps over lazy data lazy dog compress jumps fox compress dog over jumps quick jumps brown dog lazy quick the jumps qui,139.90130529605662,SYNTHETIC_ROBUSTNESS
1417,data the stream stream jumps jumps fox the data lazy brown the data compress dog fox fox quick stream compress lazy over over do,140.185880979981,SYNTHETIC_ROBUSTNESS
1418,data over the brown data fox over brown brown data brown over compress fox jumps over dog over stream stream fox data the jumps ,140.24684726086662,SYNTHETIC_ROBUSTNESS
1419,compress jumps over lazy data lazy dog compress jumps fox compress dog over jumps quick jumps brown dog lazy quick the jumps qui,140.3006267000299,SYNTHETIC_ROBUSTNESS
1420,data the stream stream jumps jumps fox the data lazy brown the data compress dog fox fox quick stream compress lazy over over do,140.37839722696006,SYNTHETIC_ROBUSTNESS
1421,fox lazy quick dog compress dog data fox data brown stream quick the data brown fox over compress quick over stream compress qui,140.50553894110487,SYNTHETIC_ROBUSTNESS
1422,brown the the jumps compress over quick the stream stream the compress the brown lazy compress data quick over the fox lazy quic,140.54998598977693,SYNTHETIC_ROBUSTNESS
1423,fox lazy quick dog compress dog data fox data brown stream quick the data brown fox over compress quick over stream compress qui,140.54999899174922,SYNTHETIC_ROBUSTNESS
1424,over over brown lazy fox dog quick fox brown over jumps brown stream jumps over over compress dog dog stream stream compress laz,140.61973152348264,SYNTHETIC_ROBUSTNESS
1425,dog the stream stream lazy over stream dog dog dog the brown lazy stream quick compress over the quick dog stream jumps data qui,140.6740798633359,SYNTHETIC_ROBUSTNESS
1426,jumps dog the lazy brown brown quick data over jumps lazy compress fox data over over dog fox compress over brown lazy over over,140.75015890144923,SYNTHETIC_ROBUSTNESS
1427,over dog over data dog quick brown fox quick over compress jumps jumps over jumps stream over the quick jumps jumps over the com,140.87579514377475,SYNTHETIC_ROBUSTNESS
1428,fox lazy quick dog compress dog data fox data brown stream quick the data brown fox over compress quick over stream compress qui,140.90911764261722,SYNTHETIC_ROBUSTNESS
1429,lazy the over data compress data over fox lazy stream the over over dog lazy compress quick stream compress compress brown brown,140.97948986799264,SYNTHETIC_ROBUSTNESS
1430,stream lazy quick fox stream stream data lazy stream compress lazy dog jumps brown fox dog data over fox stream stream stream th,141.00871093246153,SYNTHETIC_ROBUSTNESS
1431,compress jumps over lazy data lazy dog compress jumps fox compress dog over jumps quick jumps brown dog lazy quick the jumps qui,141.07020862630898,SYNTHETIC_ROBUSTNESS
1432,compress jumps over lazy data lazy dog compress jumps fox compress dog over jumps quick jumps brown dog lazy quick the jumps qui,141.11245028999952,SYNTHETIC_ROBUSTNESS
1433,over over brown lazy fox dog quick fox brown over jumps brown stream jumps over over compress dog dog stream stream compress laz,141.15850177715114,SYNTHETIC_ROBUSTNESS
1434,fox lazy quick dog compress dog data fox data brown stream quick the data brown fox over compress quick over stream compress qui,141.24509981873413,SYNTHETIC_ROBUSTNESS
1435,compress jumps over lazy data lazy dog compress jumps fox compress dog over jumps quick jumps brown dog lazy quick the jumps qui,141.3620927090765,SYNTHETIC_ROBUSTNESS
1436,brown the the jumps compress over quick the stream stream the compress the brown lazy compress data quick over the fox lazy quic,141.36336663895307,SYNTHETIC_ROBUSTNESS
1437,compress jumps over lazy data lazy dog compress jumps fox compress dog over jumps quick jumps brown dog lazy quick the jumps qui,141.5726324806598,SYNTHETIC_ROBUSTNESS
1438,brown the the jumps compress over quick the stream stream the compress the brown lazy compress data quick over the fox lazy quic,141.61794090332853,SYNTHETIC_ROBUSTNESS
1439,fox lazy quick dog compress dog data fox data brown stream quick the data brown fox over compress quick over stream compress qui,141.7211139581165,SYNTHETIC_ROBUSTNESS
1440,over over brown lazy fox dog quick fox brown over jumps brown stream jumps over over compress dog dog stream stream compress laz,141.73416953256304,SYNTHETIC_ROBUSTNESS
1441,data over the brown data fox over brown brown data brown over compress fox jumps over dog over stream stream fox data the jumps ,141.8189057376119,SYNTHETIC_ROBUSTNESS
1442,lazy the over data compress data over fox lazy stream the over over dog lazy compress quick stream compress compress brown brown,141.93236892424136,SYNTHETIC_ROBUSTNESS
1443,quick brown over the compress jumps dog quick jumps stream lazy jumps compress lazy data data the lazy stream data data the over,141.94949973257022,SYNTHETIC_ROBUSTNESS
1444,compress lazy compress dog stream brown lazy data lazy dog brown jumps stream dog brown compress data lazy the over brown lazy o,142.1927176472926,SYNTHETIC_ROBUSTNESS
1445,quick brown over the compress jumps dog quick jumps stream lazy jumps compress lazy data data the lazy stream data data the over,142.33437915234757,SYNTHETIC_ROBUSTNESS
1446,fox lazy quick dog compress dog data fox data brown stream quick the data brown fox over compress quick over stream compress qui,142.41071885664317,SYNTHETIC_ROBUSTNESS
1447,compress lazy compress dog stream brown lazy data lazy dog brown jumps stream dog brown compress data lazy the over brown lazy o,142.42887896259464,SYNTHETIC_ROBUSTNESS
1448,data the stream stream jumps jumps fox the data lazy brown the data compress dog fox fox quick stream compress lazy over over do,142.62953627075794,SYNTHETIC_ROBUSTNESS
1449,dog the compress stream data data fox over stream fox stream brown stream lazy brown fox quick brown fox dog lazy fox dog data j,142.6366457037816,SYNTHETIC_ROBUSTNESS
1450,brown the the jumps compress over quick the stream stream the compress the brown lazy compress data quick over the fox lazy quic,142.64888185414424,SYNTHETIC_ROBUSTNESS
1451,over compress data compress quick compress the data dog lazy dog compress fox jumps dog jumps lazy data quick brown lazy lazy st,142.76867239155266,SYNTHETIC_ROBUSTNESS
1452,compress jumps over lazy data lazy dog compress jumps fox compress dog over jumps quick jumps brown dog lazy quick the jumps qui,142.79795670856163,SYNTHETIC_ROBUSTNESS
1453,brown the the jumps compress over quick the stream stream the compress the brown lazy compress data quick over the fox lazy quic,142.85944908729468,SYNTHETIC_ROBUSTNESS
1454,fox lazy quick dog compress dog data fox data brown stream quick the data brown fox over compress quick over stream compress qui,142.93686531667558,SYNTHETIC_ROBUSTNESS
1455,fox lazy quick dog compress dog data fox data brown stream quick the data brown fox over compress quick over stream compress qui,142.99815745648394,SYNTHETIC_ROBUSTNESS
1456,stream compress compress compress data data over jumps the data lazy lazy brown quick the compress the the quick stream compress,143.00691973904247,SYNTHETIC_ROBUSTNESS
1457,quick brown over the compress jumps dog quick jumps stream lazy jumps compress lazy data data the lazy stream data data the over,143.14066042154627,SYNTHETIC_ROBUSTNESS
1458,stream compress compress compress data data over jumps the data lazy lazy brown quick the compress the the quick stream compress,143.1681028176722,SYNTHETIC_ROBUSTNESS
1459,over over brown lazy fox dog quick fox brown over jumps brown stream jumps over over compress dog dog stream stream compress laz,143.30224703301013,SYNTHETIC_ROBUSTNESS
1460,compress lazy compress dog stream brown lazy data lazy dog brown jumps stream dog brown compress data lazy the over brown lazy o,143.50271071218515,SYNTHETIC_ROBUSTNESS
1461,compress jumps over lazy data lazy dog compress jumps fox compress dog over jumps quick jumps brown dog lazy quick the jumps qui,143.57957838314917,SYNTHETIC_ROBUSTNESS
1462,quick brown over the compress jumps dog quick jumps stream lazy jumps compress lazy data data the lazy stream data data the over,143.70212405669852,SYNTHETIC_ROBUSTNESS
1463,stream compress compress compress data data over jumps the data lazy lazy brown quick the compress the the quick stream compress,143.705887783197,SYNTHETIC_ROBUSTNESS
1464,data quick dog quick quick data compress over data compress over the lazy over over the brown quick stream jumps data dog quick ,143.70963181726657,SYNTHETIC_ROBUSTNESS
1465,compress stream brown brown dog jumps dog brown jumps jumps lazy dog the brown jumps the over jumps jumps brown dog over quick d,143.73159208614018,SYNTHETIC_ROBUSTNESS
1466,data over the brown data fox over brown brown data brown over compress fox jumps over dog over stream stream fox data the jumps ,143.77596850422438,SYNTHETIC_ROBUSTNESS
1467,fox lazy quick dog compress dog data fox data brown stream quick the data brown fox over compress quick over stream compress qui,143.79615366900373,SYNTHETIC_ROBUSTNESS
1468,compress jumps over lazy data lazy dog compress jumps fox compress dog over jumps quick jumps brown dog lazy quick the jumps qui,143.89692857707982,SYNTHETIC_ROBUSTNESS
1469,compress jumps over lazy data lazy dog compress jumps fox compress dog over jumps quick jumps brown dog lazy quick the jumps qui,143.92934763997715,SYNTHETIC_ROBUSTNESS
1470,dog the compress data compress over the jumps data stream data lazy jumps dog dog brown stream stream dog fox compress quick ove,144.11626636635577,SYNTHETIC_ROBUSTNESS
1471,fox lazy quick dog compress dog data fox data brown stream quick the data brown fox over compress quick over stream compress qui,144.19850174290832,SYNTHETIC_ROBUSTNESS
1472,compress lazy compress dog stream brown lazy data lazy dog brown jumps stream dog brown compress data lazy the over brown lazy o,144.24599604905333,SYNTHETIC_ROBUSTNESS
1473,compress jumps over lazy data lazy dog compress jumps fox compress dog over jumps quick jumps brown dog lazy quick the jumps qui,144.46956177299126,SYNTHETIC_ROBUSTNESS
1474,quick brown over the compress jumps dog quick jumps stream lazy jumps compress lazy data data the lazy stream data data the over,144.6457991585552,SYNTHETIC_ROBUSTNESS
1475,data over the brown data fox over brown brown data brown over compress fox jumps over dog over stream stream fox data the jumps ,144.81729852894003,SYNTHETIC_ROBUSTNESS
1476,compress lazy compress dog stream brown lazy data lazy dog brown jumps stream dog brown compress data lazy the over brown lazy o,144.94762306932464,SYNTHETIC_ROBUSTNESS
1477,data the stream stream jumps jumps fox the data lazy brown the data compress dog fox fox quick stream compress lazy over over do,145.04287040330752,SYNTHETIC_ROBUSTNESS
1478,compress lazy compress dog stream brown lazy data lazy dog brown jumps stream dog brown compress data lazy the over brown lazy o,145.08857099386137,SYNTHETIC_ROBUSTNESS
1479,data lazy data lazy the jumps lazy jumps stream data the quick the compress quick fox compress lazy the quick compress compress ,145.14349306890867,SYNTHETIC_ROBUSTNESS
1480,data over the brown data fox over brown brown data brown over compress fox jumps over dog over stream stream fox data the jumps ,145.24765692278956,SYNTHETIC_ROBUSTNESS
1481,brown the the jumps compress over quick the stream stream the compress the brown lazy compress data quick over the fox lazy quic,145.26663642406587,SYNTHETIC_ROBUSTNESS
1482,quick brown over the compress jumps dog quick jumps stream lazy jumps compress lazy data data the lazy stream data data the over,145.44255478409227,SYNTHETIC_ROBUSTNESS
1483,brown jumps over stream fox quick compress fox quick the brown fox compress jumps jumps dog compress compress compress brown laz,145.72170375939942,SYNTHETIC_ROBUSTNESS
1484,brown the the jumps compress over quick the stream stream the compress the brown lazy compress data quick over the fox lazy quic,145.73201657212215,SYNTHETIC_ROBUSTNESS
1485,compress jumps over lazy data lazy dog compress jumps fox compress dog over jumps quick jumps brown dog lazy quick the jumps qui,145.73428773702986,SYNTHETIC_ROBUSTNESS
1486,quick brown over the compress jumps dog quick jumps stream lazy jumps compress lazy data data the lazy stream data data the over,145.74968449372497,SYNTHETIC_ROBUSTNESS
1487,over over brown lazy fox dog quick fox brown over jumps brown stream jumps over over compress dog dog stream stream compress laz,145.89235555638433,SYNTHETIC_ROBUSTNESS
1488,the lazy over data over jumps the quick quick quick the brown fox brown brown jumps dog lazy stream jumps dog quick the over jum,145.90376502886272,SYNTHETIC_ROBUSTNESS
1489,stream compress compress compress data data over jumps the data lazy lazy brown quick the compress the the quick stream compress,145.95032628616795,SYNTHETIC_ROBUSTNESS
1490,data over the brown data fox over brown brown data brown over compress fox jumps over dog over stream stream fox data the jumps ,145.95684667944943,SYNTHETIC_ROBUSTNESS
1491,data the stream stream jumps jumps fox the data lazy brown the data compress dog fox fox quick stream compress lazy over over do,146.01350820676166,SYNTHETIC_ROBUSTNESS
1492,lazy the over data compress data over fox lazy stream the over over dog lazy compress quick stream compress compress brown brown,146.1061067311363,SYNTHETIC_ROBUSTNESS
1493,compress lazy compress dog stream brown lazy data lazy dog brown jumps stream dog brown compress data lazy the over brown lazy o,146.20512995681764,SYNTHETIC_ROBUSTNESS
1494,stream compress compress compress data data over jumps the data lazy lazy brown quick the compress the the quick stream compress,146.27830115965807,SYNTHETIC_ROBUSTNESS
1495,jumps over over quick stream quick quick dog fox lazy jumps compress data compress jumps stream compress data compress data fox ,146.55653745063643,SYNTHETIC_ROBUSTNESS
1496,brown the the jumps compress over quick the stream stream the compress the brown lazy compress data quick over the fox lazy quic,146.6322818169124,SYNTHETIC_ROBUSTNESS
1497,lazy jumps lazy brown compress dog lazy lazy over jumps over data fox stream the dog the dog brown the compress stream brown fox,146.82835030902237,SYNTHETIC_ROBUSTNESS
1498,dog over over data fox over lazy the lazy brown over stream brown brown dog the quick compress quick brown data over brown brown,147.32490328402142,SYNTHETIC_ROBUSTNESS
1499,data over the brown data fox over brown brown data brown over compress fox jumps over dog over stream stream fox data the jumps ,147.3510067007267,SYNTHETIC_ROBUSTNESS
1500,quick brown over the compress jumps dog quick jumps stream lazy jumps compress lazy data data the lazy stream data data the over,147.3818680510381,SYNTHETIC_ROBUSTNESS
1501,the jumps compress over over fox jumps the lazy brown lazy fox lazy data lazy brown compress data data fox brown stream fox stre,147.4556552151513,SYNTHETIC_ROBUSTNESS
1502,lazy the over data compress data over fox lazy stream the over over dog lazy compress quick stream compress compress brown brown,147.4757907771317,SYNTHETIC_ROBUSTNESS
1503,compress lazy compress dog stream brown lazy data lazy dog brown jumps stream dog brown compress data lazy the over brown lazy o,147.55883077023614,SYNTHETIC_ROBUSTNESS
1504,the stream quick quick data over quick dog stream jumps dog over fox jumps over dog lazy lazy compress compress quick the over l,147.67415554120413,SYNTHETIC_ROBUSTNESS
1505,data over the brown data fox over brown brown data brown over compress fox jumps over dog over stream stream fox data the jumps ,147.68038538296997,SYNTHETIC_ROBUSTNESS
1506,stream compress compress compress data data over jumps the data lazy lazy brown quick the compress the the quick stream compress,147.79476567124186,SYNTHETIC_ROBUSTNESS
1507,lazy the over data compress data over fox lazy stream the over over dog lazy compress quick stream compress compress brown brown,147.81213756097415,SYNTHETIC_ROBUSTNESS
1508,fox lazy quick dog compress dog data fox data brown stream quick the data brown fox over compress quick over stream compress qui,147.84770776093194,SYNTHETIC_ROBUSTNESS
1509,data the stream stream jumps jumps fox the data lazy brown the data compress dog fox fox quick stream compress lazy over over do,147.98195840930455,SYNTHETIC_ROBUSTNESS
1510,fox lazy quick dog compress dog data fox data brown stream quick the data brown fox over compress quick over stream compress qui,147.99982204437387,SYNTHETIC_ROBUSTNESS
1511,fox data data fox jumps compress fox stream lazy jumps jumps jumps quick the over over compress jumps data fox data compress dat,148.0756830408411,SYNTHETIC_ROBUSTNESS
1512,dog dog dog stream over fox data jumps stream quick stream compress jumps quick dog jumps data compress lazy brown dog dog data ,148.16464190996916,SYNTHETIC_ROBUSTNESS
1513,compress lazy compress dog stream brown lazy data lazy dog brown jumps stream dog brown compress data lazy the over brown lazy o,148.18259739351873,SYNTHETIC_ROBUSTNESS
1514,brown the the jumps compress over quick the stream stream the compress the brown lazy compress data quick over the fox lazy quic,148.21472561504902,SYNTHETIC_ROBUSTNESS
1515,lazy quick dog data quick quick jumps stream over over the lazy quick the quick lazy data over compress data stream jumps the la,148.30798386802633,SYNTHETIC_ROBUSTNESS
1516,quick over stream quick fox stream the dog fox over fox the over over compress lazy over over the compress compress quick compre,148.36982467448192,SYNTHETIC_ROBUSTNESS
1517,brown stream quick stream over data jumps lazy stream data over data jumps quick quick lazy lazy data compress data over lazy br,148.47770015080937,SYNTHETIC_ROBUSTNESS
1518,over over brown lazy fox dog quick fox brown over jumps brown stream jumps over over compress dog dog stream stream compress laz,148.67060724037512,SYNTHETIC_ROBUSTNESS
1519,quick brown over the compress jumps dog quick jumps stream lazy jumps compress lazy data data the lazy stream data data the over,148.6851137510614,SYNTHETIC_ROBUSTNESS
1520,stream compress compress compress data data over jumps the data lazy lazy brown quick the compress the the quick stream compress,148.69243887726125,SYNTHETIC_ROBUSTNESS
1521,compress lazy compress dog stream brown lazy data lazy dog brown jumps stream dog brown compress data lazy the over brown lazy o,148.8023180783941,SYNTHETIC_ROBUSTNESS
1522,the quick dog quick fox brown jumps quick dog dog dog quick the the brown quick lazy the fox data data brown dog data overaaaaaa,148.94956591423266,SYNTHETIC_ROBUSTNESS
1523,fox lazy quick dog compress dog data fox data brown stream quick the data brown fox over compress quick over stream compress qui,149.0092236915545,SYNTHETIC_ROBUSTNESS
1524,brown the the jumps compress over quick the stream stream the compress the brown lazy compress data quick over the fox lazy quic,149.05929628296613,SYNTHETIC_ROBUSTNESS
1525,brown over dog brown dog brown fox compress brown lazy dog quick data dog lazy dog stream quick fox quick lazy quick brown dog s,149.15012155955176,SYNTHETIC_ROBUSTNESS
1526,lazy the over data compress data over fox lazy stream the over over dog lazy compress quick stream compress compress brown brown,149.23029595277393,SYNTHETIC_ROBUSTNESS
1527,quick brown over the compress jumps dog quick jumps stream lazy jumps compress lazy data data the lazy stream data data the over,149.29766388254913,SYNTHETIC_ROBUSTNESS
1528,jumps over brown lazy quick over jumps jumps the brown fox fox stream data quick data data quick dog fox quick compress over com,149.4684269273034,SYNTHETIC_ROBUSTNESS
1529,lazy the over data compress data over fox lazy stream the over over dog lazy compress quick stream compress compress brown brown,149.48748251913574,SYNTHETIC_ROBUSTNESS
1530,brown the the jumps compress over quick the stream stream the compress the brown lazy compress data quick over the fox lazy quic,149.60180444772345,SYNTHETIC_ROBUSTNESS
1531,compress jumps over lazy data lazy dog compress jumps fox compress dog over jumps quick jumps brown dog lazy quick the jumps qui,149.7370284290955,SYNTHETIC_ROBUSTNESS
1532,lazy the over data compress data over fox lazy stream the over over dog lazy compress quick stream compress compress brown brown,149.96859749934862,SYNTHETIC_ROBUSTNESS
1533,data over the brown data fox over brown brown data brown over compress fox jumps over dog over stream stream fox data the jumps ,150.2588220613966,SYNTHETIC_ROBUSTNESS
1534,stream compress compress compress data data over jumps the data lazy lazy brown quick the compress the the quick stream compress,150.32972241006004,SYNTHETIC_ROBUSTNESS
1535,stream compress compress compress data data over jumps the data lazy lazy brown quick the compress the the quick stream compress,150.38657494897294,SYNTHETIC_ROBUSTNESS
1536,compress jumps over lazy data lazy dog compress jumps fox compress dog over jumps quick jumps brown dog lazy quick the jumps qui,150.45667445122317,SYNTHETIC_ROBUSTNESS
1537,lazy the over data compress data over fox lazy stream the over over dog lazy compress quick stream compress compress brown brown,150.58856765781718,SYNTHETIC_ROBUSTNESS
1538,stream compress compress compress data data over jumps the data lazy lazy brown quick the compress the the quick stream compress,150.59029970846302,SYNTHETIC_ROBUSTNESS
1539,compress jumps over lazy data lazy dog compress jumps fox compress dog over jumps quick jumps brown dog lazy quick the jumps qui,150.60943318612715,SYNTHETIC_ROBUSTNESS
1540,fox lazy quick dog compress dog data fox data brown stream quick the data brown fox over compress quick over stream compress qui,150.84766781811624,SYNTHETIC_ROBUSTNESS
1541,fox lazy quick dog compress dog data fox data brown stream quick the data brown fox over compress quick over stream compress qui,150.86941313040816,SYNTHETIC_ROBUSTNESS
1542,stream the quick over brown jumps data quick dog compress compress fox lazy data fox compress fox jumps the stream lazy jumps br,150.89535283400596,SYNTHETIC_ROBUSTNESS
1543,the dog jumps jumps quick fox fox jumps dog brown jumps the jumps jumps compress dog dog compress dog brown data dog jumps compr,151.17580509526218,SYNTHETIC_ROBUSTNESS
1544,lazy the over data compress data over fox lazy stream the over over dog lazy compress quick stream compress compress brown brown,151.21065881320328,SYNTHETIC_ROBUSTNESS
1545,over over brown lazy fox dog quick fox brown over jumps brown stream jumps over over compress dog dog stream stream compress laz,151.24497022142418,SYNTHETIC_ROBUSTNESS
1546,brown the the jumps compress over quick the stream stream the compress the brown lazy compress data quick over the fox lazy quic,151.50229004842035,SYNTHETIC_ROBUSTNESS
1547,fox quick brown the lazy fox jumps stream stream data lazy dog over brown quick lazy over data jumps quick compress stream compr,151.5493035312493,SYNTHETIC_ROBUSTNESS
1548,stream jumps quick compress over brown brown jumps brown brown brown dog quick fox dog over compress brown dog jumps quick data ,151.61741393425933,SYNTHETIC_ROBUSTNESS
1549,fox lazy quick dog compress dog data fox data brown stream quick the data brown fox over compress quick over stream compress qui,151.6996046104621,SYNTHETIC_ROBUSTNESS
1550,quick brown over the compress jumps dog quick jumps stream lazy jumps compress lazy data data the lazy stream data data the over,151.9023141738901,SYNTHETIC_ROBUSTNESS
1551,brown the the jumps compress over quick the stream stream the compress the brown lazy compress data quick over the fox lazy quic,151.9103887073359,SYNTHETIC_ROBUSTNESS
1552,data over the brown data fox over brown brown data brown over compress fox jumps over dog over stream stream fox data the jumps ,151.9406149910659,SYNTHETIC_ROBUSTNESS
1553,lazy data brown data fox brown stream the fox dog brown over over fox brown fox compress compress stream quick quick quick brown,152.02904772009128,SYNTHETIC_ROBUSTNESS
1554,fox lazy quick dog compress dog data fox data brown stream quick the data brown fox over compress quick over stream compress qui,152.0860721630382,SYNTHETIC_ROBUSTNESS
1555,stream compress compress compress data data over jumps the data lazy lazy brown quick the compress the the quick stream compress,152.11868406876718,SYNTHETIC_ROBUSTNESS
1556,quick brown over the compress jumps dog quick jumps stream lazy jumps compress lazy data data the lazy stream data data the over,152.17138672734328,SYNTHETIC_ROBUSTNESS
1557,quick brown over the compress jumps dog quick jumps stream lazy jumps compress lazy data data the lazy stream data data the over,152.510242394586,SYNTHETIC_ROBUSTNESS
1558,data the stream stream jumps jumps fox the data lazy brown the data compress dog fox fox quick stream compress lazy over over do,152.51236808464654,SYNTHETIC_ROBUSTNESS
1559,data the stream stream jumps jumps fox the data lazy brown the data compress dog fox fox quick stream compress lazy over over do,152.52826466870889,SYNTHETIC_ROBUSTNESS
1560,over over brown lazy fox dog quick fox brown over jumps brown stream jumps over over compress dog dog stream stream compress laz,152.53014780571502,SYNTHETIC_ROBUSTNESS
1561,compress lazy compress dog stream brown lazy data lazy dog brown jumps stream dog brown compress data lazy the over brown lazy o,152.62013952178685,SYNTHETIC_ROBUSTNESS
1562,stream compress compress compress data data over jumps the data lazy lazy brown quick the compress the the quick stream compress,152.621441650327,SYNTHETIC_ROBUSTNESS
1563,data over the brown data fox over brown brown data brown over compress fox jumps over dog over stream stream fox data the jumps ,152.68195820669715,SYNTHETIC_ROBUSTNESS
1564,quick brown over the compress jumps dog quick jumps stream lazy jumps compress lazy data data the lazy stream data data the over,152.87799699982529,SYNTHETIC_ROBUSTNESS
1565,lazy the over data compress data over fox lazy stream the over over dog lazy compress quick stream compress compress brown brown,152.88822297591975,SYNTHETIC_ROBUSTNESS
1566,stream compress compress compress data data over jumps the data lazy lazy brown quick the compress the the quick stream compress,152.93366341799987,SYNTHETIC_ROBUSTNESS
1567,over over brown lazy fox dog quick fox brown over jumps brown stream jumps over over compress dog dog stream stream compress laz,152.98114460240248,SYNTHETIC_ROBUSTNESS
1568,over over brown lazy fox dog quick fox brown over jumps brown stream jumps over over compress dog dog stream stream compress laz,153.0261261631841,SYNTHETIC_ROBUSTNESS
1569,compress jumps over lazy data lazy dog compress jumps fox compress dog over jumps quick jumps brown dog lazy quick the jumps qui,153.15612390220707,SYNTHETIC_ROBUSTNESS
1570,over over brown lazy fox dog quick fox brown over jumps brown stream jumps over over compress dog dog stream stream compress laz,153.15656583719897,SYNTHETIC_ROBUSTNESS
1571,fox lazy quick dog compress dog data fox data brown stream quick the data brown fox over compress quick over stream compress qui,153.30796273638683,SYNTHETIC_ROBUSTNESS
1572,brown dog compress fox jumps lazy quick brown brown quick fox the fox data jumps jumps over brown brown data over fox data jumps,153.49062350554993,SYNTHETIC_ROBUSTNESS
1573,the quick data data over fox over brown data the stream fox lazy stream the data dog brown the compress the compress quick jumps,153.54709249322357,SYNTHETIC_ROBUSTNESS
1574,lazy the over data compress data over fox lazy stream the over over dog lazy compress quick stream compress compress brown brown,153.76526827015076,SYNTHETIC_ROBUSTNESS
1575,data over the brown data fox over brown brown data brown over compress fox jumps over dog over stream stream fox data the jumps ,153.8132395736246,SYNTHETIC_ROBUSTNESS
1576,fox the data compress over quick compress lazy quick dog data compress compress the stream jumps brown quick dog brown jumps laz,153.93189307398072,SYNTHETIC_ROBUSTNESS
1577,compress lazy compress dog stream brown lazy data lazy dog brown jumps stream dog brown compress data lazy the over brown lazy o,153.98113024889741,SYNTHETIC_ROBUSTNESS
1578,over over brown lazy fox dog quick fox brown over jumps brown stream jumps over over compress dog dog stream stream compress laz,153.98498805665236,SYNTHETIC_ROBUSTNESS
1579,data the stream stream jumps jumps fox the data lazy brown the data compress dog fox fox quick stream compress lazy over over do,153.9936993446477,SYNTHETIC_ROBUSTNESS
1580,compress jumps over lazy data lazy dog compress jumps fox compress dog over jumps quick jumps brown dog lazy quick the jumps qui,154.05204783256733,SYNTHETIC_ROBUSTNESS
1581,compress jumps over lazy data lazy dog compress jumps fox compress dog over jumps quick jumps brown dog lazy quick the jumps qui,154.51353043013225,SYNTHETIC_ROBUSTNESS
1582,lazy lazy over quick stream the over dog the compress lazy brown over fox the jumps fox stream jumps lazy fox data brown over fo,154.53307802291047,SYNTHETIC_ROBUSTNESS
1583,data the stream stream jumps jumps fox the data lazy brown the data compress dog fox fox quick stream compress lazy over over do,154.75901330215893,SYNTHETIC_ROBUSTNESS
1584,compress lazy compress dog stream brown lazy data lazy dog brown jumps stream dog brown compress data lazy the over brown lazy o,155.01083175343078,SYNTHETIC_ROBUSTNESS
1585,compress lazy compress dog stream brown lazy data lazy dog brown jumps stream dog brown compress data lazy the over brown lazy o,155.06353552305868,SYNTHETIC_ROBUSTNESS
1586,data over the brown data fox over brown brown data brown over compress fox jumps over dog over stream stream fox data the jumps ,155.12549276292287,SYNTHETIC_ROBUSTNESS
1587,over over brown lazy fox dog quick fox brown over jumps brown stream jumps over over compress dog dog stream stream compress laz,155.1953731664323,SYNTHETIC_ROBUSTNESS
1588,compress the compress compress brown over quick the fox brown over compress stream dog dog stream lazy compress dog jumps quick ,155.3425178106351,SYNTHETIC_ROBUSTNESS
1589,stream jumps fox quick lazy fox over data stream lazy lazy dog dog fox data brown data over jumps over dog stream data lazy stre,155.35572526946544,SYNTHETIC_ROBUSTNESS
1590,quick the the dog the fox quick quick over lazy stream compress data fox compress lazy dog fox quick fox quick fox quick lazy st,155.3955698398641,SYNTHETIC_ROBUSTNESS
1591,over over brown lazy fox dog quick fox brown over jumps brown stream jumps over over compress dog dog stream stream compress laz,155.41428745256295,SYNTHETIC_ROBUSTNESS
1592,stream jumps dog data fox fox compress stream the the dog brown over data jumps dog over compress brown compress data compress s,155.62500092163512,SYNTHETIC_ROBUSTNESS
1593,lazy the over data compress data over fox lazy stream the over over dog lazy compress quick stream compress compress brown brown,155.63231371347706,SYNTHETIC_ROBUSTNESS
1594,lazy brown jumps jumps stream brown the the quick lazy compress dog stream brown dog brown lazy stream dog data quick dog data q,155.77002900156367,SYNTHETIC_ROBUSTNESS
1595,quick over over compress dog quick lazy compress stream data over jumps compress quick the compress data compress dog over quick,155.82796464134782,SYNTHETIC_ROBUSTNESS
1596,lazy the over data compress data over fox lazy stream the over over dog lazy compress quick stream compress compress brown brown,155.95335245168982,SYNTHETIC_ROBUSTNESS
1597,jumps quick dog lazy brown stream jumps brown compress the over stream quick stream fox over quick stream the stream over compre,156.17398476810408,SYNTHETIC_ROBUSTNESS
1598,over over brown lazy fox dog quick fox brown over jumps brown stream jumps over over compress dog dog stream stream compress laz,156.21548516112557,SYNTHETIC_ROBUSTNESS
1599,data the stream stream jumps jumps fox the data lazy brown the data compress dog fox fox quick stream compress lazy over over do,156.24123296487218,SYNTHETIC_ROBUSTNESS
1600,compress data stream over the brown jumps over over data lazy dog data fox brown lazy compress stream compress over fox stream q,156.34627765236678,SYNTHETIC_ROBUSTNESS
1601,brown the the jumps compress over quick the stream stream the compress the brown lazy compress data quick over the fox lazy quic,156.94646277152185,SYNTHETIC_ROBUSTNESS
1602,jumps over dog quick data brown jumps the stream the dog data compress data compress brown brown quick compress stream quick com,157.07721420125864,SYNTHETIC_ROBUSTNESS
1603,compress dog jumps data compress brown quick over jumps over over stream lazy brown over fox data quick quick lazy over data the,157.23599280672343,SYNTHETIC_ROBUSTNESS
1604,jumps jumps data jumps the the jumps data compress quick jumps jumps the stream stream quick the over stream stream fox over dat,157.33537945485753,SYNTHETIC_ROBUSTNESS
1605,quick brown over the compress jumps dog quick jumps stream lazy jumps compress lazy data data the lazy stream data data the over,157.38129507545702,SYNTHETIC_ROBUSTNESS
1606,lazy the over data compress data over fox lazy stream the over over dog lazy compress quick stream compress compress brown brown,157.48761310922987,SYNTHETIC_ROBUSTNESS
1607,data over the brown data fox over brown brown data brown over compress fox jumps over dog over stream stream fox data the jumps ,157.50137281456674,SYNTHETIC_ROBUSTNESS
1608,quick brown over the compress jumps dog quick jumps stream lazy jumps compress lazy data data the lazy stream data data the over,157.56847578115773,SYNTHETIC_ROBUSTNESS
1609,lazy data lazy brown stream over compress fox data over over fox dog jumps quick quick fox dog over over dog lazy data data comp,157.65358654586055,SYNTHETIC_ROBUSTNESS
1610,stream compress compress compress data data over jumps the data lazy lazy brown quick the compress the the quick stream compress,157.890833653983,SYNTHETIC_ROBUSTNESS
1611,brown the the jumps compress over quick the stream stream the compress the brown lazy compress data quick over the fox lazy quic,158.14305629625608,SYNTHETIC_ROBUSTNESS
1612,stream dog quick stream jumps brown quick lazy data lazy lazy over jumps data stream compress fox lazy over over over lazy lazy ,158.14925708321587,SYNTHETIC_ROBUSTNESS
1613,the compress stream jumps brown fox dog over lazy data dog data dog data stream the brown data brown lazy dog stream stream quic,158.2491920204831,SYNTHETIC_ROBUSTNESS
1614,stream quick quick lazy the quick stream dog data compress stream brown brown lazy fox brown data dog dog fox the fox stream the,158.40834727436828,SYNTHETIC_ROBUSTNESS
1615,data over the brown data fox over brown brown data brown over compress fox jumps over dog over stream stream fox data the jumps ,158.48523104093587,SYNTHETIC_ROBUSTNESS
1616,fox lazy quick dog compress dog data fox data brown stream quick the data brown fox over compress quick over stream compress qui,158.49528715233748,SYNTHETIC_ROBUSTNESS
1617,compress fox lazy dog stream lazy brown data compress quick brown over brown quick stream jumps lazy fox compress stream stream ,158.52177871472963,SYNTHETIC_ROBUSTNESS
1618,brown the the jumps compress over quick the stream stream the compress the brown lazy compress data quick over the fox lazy quic,158.55941459405727,SYNTHETIC_ROBUSTNESS
1619,dog lazy dog brown brown lazy jumps brown data stream compress compress dog dog stream jumps compress stream quick stream jumps ,158.66812232447995,SYNTHETIC_ROBUSTNESS
1620,quick brown over the compress jumps dog quick jumps stream lazy jumps compress lazy data data the lazy stream data data the over,158.67490508932082,SYNTHETIC_ROBUSTNESS
1621,quick fox data dog compress lazy dog fox data dog compress jumps brown the stream the lazy lazy the stream the brown brown lazy ,158.75467147610507,SYNTHETIC_ROBUSTNESS
1622,compress jumps over lazy data lazy dog compress jumps fox compress dog over jumps quick jumps brown dog lazy quick the jumps qui,158.76620520721565,SYNTHETIC_ROBUSTNESS
1623,the lazy dog over lazy compress compress the lazy data dog compress the the compress quick lazy dog stream the lazy stream quick,158.81647769092248,SYNTHETIC_ROBUSTNESS
1624,data data data quick over brown over over stream dog fox fox jumps data brown quick jumps brown jumps compress quick jumps dog f,158.87191300652023,SYNTHETIC_ROBUSTNESS
1625,fox lazy quick dog compress dog data fox data brown stream quick the data brown fox over compress quick over stream compress qui,158.9320314213274,SYNTHETIC_ROBUSTNESS
1626,data over the brown data fox over brown brown data brown over compress fox jumps over dog over stream stream fox data the jumps ,159.05611909059303,SYNTHETIC_ROBUSTNESS
1627,compress jumps over lazy data lazy dog compress jumps fox compress dog over jumps quick jumps brown dog lazy quick the jumps qui,159.06458738151565,SYNTHETIC_ROBUSTNESS
1628,quick over fox lazy fox data stream quick dog brown jumps over jumps the compress data over lazy lazy data the compress data the,159.09581796741574,SYNTHETIC_ROBUSTNESS
1629,compress data over the fox over jumps lazy the stream stream dog quick lazy dog lazy dog compress dog jumps dog stream dog jumps,159.19829741165398,SYNTHETIC_ROBUSTNESS
1630,over over brown lazy fox dog quick fox brown over jumps brown stream jumps over over compress dog dog stream stream compress laz,159.48576497251793,SYNTHETIC_ROBUSTNESS
1631,lazy the over data compress data over fox lazy stream the over over dog lazy compress quick stream compress compress brown brown,159.58273346291173,SYNTHETIC_ROBUSTNESS
1632,over data compress fox the stream quick the fox quick over jumps lazy dog fox brown over jumps the over stream lazy stream lazy ,159.79760500469646,SYNTHETIC_ROBUSTNESS
1633,the brown jumps brown data stream fox stream compress brown compress stream data stream dog the dog lazy quick over brown jumps ,160.1430835486478,SYNTHETIC_ROBUSTNESS
1634,lazy the over data compress data over fox lazy stream the over over dog lazy compress quick stream compress compress brown brown,160.3584176118482,SYNTHETIC_ROBUSTNESS
1635,data brown dog quick jumps jumps stream dog quick stream data brown jumps the stream fox over fox compress jumps jumps quick qui,160.71671427228375,SYNTHETIC_ROBUSTNESS
1636,data the stream stream jumps jumps fox the data lazy brown the data compress dog fox fox quick stream compress lazy over over do,160.86679120785573,SYNTHETIC_ROBUSTNESS
1637,stream compress compress compress data data over jumps the data lazy lazy brown quick the compress the the quick stream compress,161.08496643906153,SYNTHETIC_ROBUSTNESS
1638,data the stream stream jumps jumps fox the data lazy brown the data compress dog fox fox quick stream compress lazy over over do,161.15258591584785,SYNTHETIC_ROBUSTNESS
1639,stream compress compress compress data data over jumps the data lazy lazy brown quick the compress the the quick stream compress,161.19496497521789,SYNTHETIC_ROBUSTNESS
1640,compress lazy compress dog stream brown lazy data lazy dog brown jumps stream dog brown compress data lazy the over brown lazy o,162.00974535229088,SYNTHETIC_ROBUSTNESS
1641,dog compress data fox fox over over stream stream data brown brown quick the dog the lazy the quick jumps lazy quick quick fox s,162.02003281354374,SYNTHETIC_ROBUSTNESS
1642,fox lazy quick dog compress dog data fox data brown stream quick the data brown fox over compress quick over stream compress qui,162.3375154606545,SYNTHETIC_ROBUSTNESS
1643,brown the the jumps compress over quick the stream stream the compress the brown lazy compress data quick over the fox lazy quic,162.39388085620044,SYNTHETIC_ROBUSTNESS
1644,stream compress compress compress data data over jumps the data lazy lazy brown quick the compress the the quick stream compress,162.39614461816913,SYNTHETIC_ROBUSTNESS
1645,dog stream stream lazy quick compress brown compress stream stream over compress over the stream fox compress data stream fox la,162.55860811360367,SYNTHETIC_ROBUSTNESS
1646,the brown fox dog jumps over fox the jumps data quick fox compress dog jumps quick dog stream over lazy lazy the compress fox qu,162.61734579225146,SYNTHETIC_ROBUSTNESS
1647,data over the brown data fox over brown brown data brown over compress fox jumps over dog over stream stream fox data the jumps ,162.77763479858962,SYNTHETIC_ROBUSTNESS
1648,compress lazy compress dog stream brown lazy data lazy dog brown jumps stream dog brown compress data lazy the over brown lazy o,162.7822199765338,SYNTHETIC_ROBUSTNESS
1649,stream compress compress compress data data over jumps the data lazy lazy brown quick the compress the the quick stream compress,163.1477509125411,SYNTHETIC_ROBUSTNESS
1650,compress jumps over lazy data lazy dog compress jumps fox compress dog over jumps quick jumps brown dog lazy quick the jumps qui,163.2589322024317,SYNTHETIC_ROBUSTNESS
1651,compress lazy compress dog stream brown lazy data lazy dog brown jumps stream dog brown compress data lazy the over brown lazy o,163.26385082572227,SYNTHETIC_ROBUSTNESS
1652,compress lazy compress dog stream brown lazy data lazy dog brown jumps stream dog brown compress data lazy the over brown lazy o,163.26431658632896,SYNTHETIC_ROBUSTNESS
1653,fox lazy quick dog compress dog data fox data brown stream quick the data brown fox over compress quick over stream compress qui,163.35445718729719,SYNTHETIC_ROBUSTNESS
1654,dog the the fox quick lazy the stream the over dog over quick over stream lazy lazy fox compress stream lazy data brown over dog,163.72952968955153,SYNTHETIC_ROBUSTNESS
1655,data the stream stream jumps jumps fox the data lazy brown the data compress dog fox fox quick stream compress lazy over over do,163.80376332478997,SYNTHETIC_ROBUSTNESS
1656,data quick data over jumps compress brown brown stream fox data data stream over lazy stream stream brown compress fox quick qui,163.84744255394318,SYNTHETIC_ROBUSTNESS
1657,data over the brown data fox over brown brown data brown over compress fox jumps over dog over stream stream fox data the jumps ,164.1270093519177,SYNTHETIC_ROBUSTNESS
1658,stream brown the quick jumps dog the fox stream jumps data jumps lazy over quick jumps stream dog brown fox data jumps lazy the ,164.54023650451805,SYNTHETIC_ROBUSTNESS
1659,quick brown over the compress jumps dog quick jumps stream lazy jumps compress lazy data data the lazy stream data data the over,164.6937088912552,SYNTHETIC_ROBUSTNESS
1660,the stream over dog brown quick stream the over data over compress jumps quick the fox dog compress jumps compress stream jumps ,164.8202634875318,SYNTHETIC_ROBUSTNESS
1661,stream compress compress compress data data over jumps the data lazy lazy brown quick the compress the the quick stream compress,164.82047007100812,SYNTHETIC_ROBUSTNESS
1662,over fox brown dog fox quick data quick data stream jumps the dog lazy compress the the lazy brown over over lazy jumps stream d,164.85811158633314,SYNTHETIC_ROBUSTNESS
1663,brown the the jumps compress over quick the stream stream the compress the brown lazy compress data quick over the fox lazy quic,165.11737357261447,SYNTHETIC_ROBUSTNESS
1664,over over brown lazy fox dog quick fox brown over jumps brown stream jumps over over compress dog dog stream stream compress laz,165.16328165199002,SYNTHETIC_ROBUSTNESS
1665,jumps dog dog dog jumps brown compress quick fox compress jumps over dog brown stream fox lazy jumps stream jumps jumps over qui,165.2040152732622,SYNTHETIC_ROBUSTNESS
1666,brown the the jumps compress over quick the stream stream the compress the brown lazy compress data quick over the fox lazy quic,165.2810571219871,SYNTHETIC_ROBUSTNESS
1667,data the stream stream jumps jumps fox the data lazy brown the data compress dog fox fox quick stream compress lazy over over do,165.34043915009957,SYNTHETIC_ROBUSTNESS
1668,compress jumps over lazy data lazy dog compress jumps fox compress dog over jumps quick jumps brown dog lazy quick the jumps qui,165.536195443331,SYNTHETIC_ROBUSTNESS
1669,jumps brown quick over brown over the compress jumps the quick quick the the jumps brown lazy compress compress jumps quick the ,165.5447181296556,SYNTHETIC_ROBUSTNESS
1670,over over brown lazy fox dog quick fox brown over jumps brown stream jumps over over compress dog dog stream stream compress laz,165.65223193325167,SYNTHETIC_ROBUSTNESS
1671,stream compress compress compress data data over jumps the data lazy lazy brown quick the compress the the quick stream compress,165.77169696834636,SYNTHETIC_ROBUSTNESS
1672,compress jumps over lazy data lazy dog compress jumps fox compress dog over jumps quick jumps brown dog lazy quick the jumps qui,165.98381733489435,SYNTHETIC_ROBUSTNESS
1673,fox lazy quick dog compress dog data fox data brown stream quick the data brown fox over compress quick over stream compress qui,166.0375658542756,SYNTHETIC_ROBUSTNESS
1674,compress data dog data over jumps over compress over the lazy data stream quick stream stream the data brown jumps stream stream,166.0725223598557,SYNTHETIC_ROBUSTNESS
1675,lazy the over data compress data over fox lazy stream the over over dog lazy compress quick stream compress compress brown brown,166.17102238376972,SYNTHETIC_ROBUSTNESS
1676,stream data lazy stream the brown stream over brown fox stream the over quick jumps brown brown brown quick jumps stream stream ,166.3000935582927,SYNTHETIC_ROBUSTNESS
1677,quick brown over the compress jumps dog quick jumps stream lazy jumps compress lazy data data the lazy stream data data the over,166.31884457090678,SYNTHETIC_ROBUSTNESS
1678,dog lazy compress data data compress dog quick dog fox fox the brown fox lazy compress stream data dog stream the compress data ,166.3360615321313,SYNTHETIC_ROBUSTNESS
1679,the over dog fox fox lazy brown jumps the quick compress dog fox fox the fox the stream over dog data brown lazy fox overaaaaaaa,166.36666014154375,SYNTHETIC_ROBUSTNESS
1680,fox lazy quick dog compress dog data fox data brown stream quick the data brown fox over compress quick over stream compress qui,166.3951510430714,SYNTHETIC_ROBUSTNESS
1681,brown quick the jumps quick data fox compress over jumps jumps brown lazy data the compress quick data lazy compress fox fox laz,166.53404246478357,SYNTHETIC_ROBUSTNESS
1682,compress jumps over lazy data lazy dog compress jumps fox compress dog over jumps quick jumps brown dog lazy quick the jumps qui,166.60969432389177,SYNTHETIC_ROBUSTNESS
1683,quick fox data data compress over stream dog brown dog lazy compress brown over jumps lazy lazy dog brown quick stream over lazy,166.68905537313051,SYNTHETIC_ROBUSTNESS
1684,over stream fox the jumps compress compress the over the compress fox over the fox stream jumps quick over quick compress data t,166.6905365045223,SYNTHETIC_ROBUSTNESS
1685,lazy the over data compress data over fox lazy stream the over over dog lazy compress quick stream compress compress brown brown,167.20652299143657,SYNTHETIC_ROBUSTNESS
1686,quick brown over the compress jumps dog quick jumps stream lazy jumps compress lazy data data the lazy stream data data the over,167.38359526798513,SYNTHETIC_ROBUSTNESS
1687,data over the brown data fox over brown brown data brown over compress fox jumps over dog over stream stream fox data the jumps ,167.44223364218774,SYNTHETIC_ROBUSTNESS
1688,quick jumps dog brown stream brown lazy jumps quick lazy jumps stream data fox lazy fox jumps quick the brown over lazy the comp,167.44915602692228,SYNTHETIC_ROBUSTNESS
1689,data the stream stream jumps jumps fox the data lazy brown the data compress dog fox fox quick stream compress lazy over over do,167.56766720068993,SYNTHETIC_ROBUSTNESS
1690,stream compress compress compress data data over jumps the data lazy lazy brown quick the compress the the quick stream compress,167.64424891182222,SYNTHETIC_ROBUSTNESS
1691,stream compress compress compress data data over jumps the data lazy lazy brown quick the compress the the quick stream compress,167.75742619044294,SYNTHETIC_ROBUSTNESS
1692,stream compress compress compress data data over jumps the data lazy lazy brown quick the compress the the quick stream compress,167.8706154325879,SYNTHETIC_ROBUSTNESS
1693,data the stream stream jumps jumps fox the data lazy brown the data compress dog fox fox quick stream compress lazy over over do,167.8874258664166,SYNTHETIC_ROBUSTNESS
1694,over over brown lazy fox dog quick fox brown over jumps brown stream jumps over over compress dog dog stream stream compress laz,167.9272961465833,SYNTHETIC_ROBUSTNESS
1695,over brown dog lazy jumps the brown stream data quick fox the lazy brown fox quick the fox data lazy over jumps the compress laz,167.92908811187857,SYNTHETIC_ROBUSTNESS
1696,stream the brown compress stream dog the quick lazy lazy data data lazy jumps quick brown quick compress the quick dog dog over ,168.33229736001132,SYNTHETIC_ROBUSTNESS
1697,brown the the jumps compress over quick the stream stream the compress the brown lazy compress data quick over the fox lazy quic,168.49652730509666,SYNTHETIC_ROBUSTNESS
1698,lazy the over data compress data over fox lazy stream the over over dog lazy compress quick stream compress compress brown brown,168.76076557276414,SYNTHETIC_ROBUSTNESS
1699,compress jumps over lazy data lazy dog compress jumps fox compress dog over jumps quick jumps brown dog lazy quick the jumps qui,168.7652789752691,SYNTHETIC_ROBUSTNESS
1700,compress jumps over lazy data lazy dog compress jumps fox compress dog over jumps quick jumps brown dog lazy quick the jumps qui,168.8346631166322,SYNTHETIC_ROBUSTNESS
1701,compress dog fox dog stream fox quick jumps over stream data quick the fox over the brown quick compress over jumps data quick d,168.97227128575898,SYNTHETIC_ROBUSTNESS
1702,fox lazy quick dog compress dog data fox data brown stream quick the data brown fox over compress quick over stream compress qui,168.98321982557704,SYNTHETIC_ROBUSTNESS
1703,brown jumps jumps brown stream the stream fox stream compress jumps brown brown the brown dog dog dog data over fox data compres,169.13331717776572,SYNTHETIC_ROBUSTNESS
1704,data fox data the fox over lazy jumps fox stream compress compress fox brown fox lazy jumps data jumps quick fox quick quick laz,169.23758828812765,SYNTHETIC_ROBUSTNESS
1705,data the stream stream jumps jumps fox the data lazy brown the data compress dog fox fox quick stream compress lazy over over do,169.65726125867454,SYNTHETIC_ROBUSTNESS
1706,fox lazy quick dog compress dog data fox data brown stream quick the data brown fox over compress quick over stream compress qui,169.6724442724879,SYNTHETIC_ROBUSTNESS
1707,brown over jumps stream compress fox stream over lazy dog data quick over data lazy the jumps dog quick compress fox over dog la,169.7716743628549,SYNTHETIC_ROBUSTNESS
1708,compress jumps over lazy data lazy dog compress jumps fox compress dog over jumps quick jumps brown dog lazy quick the jumps qui,170.06567453503226,SYNTHETIC_ROBUSTNESS
1709,data the stream stream jumps jumps fox the data lazy brown the data compress dog fox fox quick stream compress lazy over over do,170.20180326667528,SYNTHETIC_ROBUSTNESS
1710,quick brown over the compress jumps dog quick jumps stream lazy jumps compress lazy data data the lazy stream data data the over,170.24277286758914,SYNTHETIC_ROBUSTNESS
1711,quick brown over the compress jumps dog quick jumps stream lazy jumps compress lazy data data the lazy stream data data the over,170.25547110839474,SYNTHETIC_ROBUSTNESS
1712,fox lazy quick dog compress dog data fox data brown stream quick the data brown fox over compress quick over stream compress qui,170.58724822786135,SYNTHETIC_ROBUSTNESS
1713,fox lazy quick dog compress dog data fox data brown stream quick the data brown fox over compress quick over stream compress qui,170.59471020769388,SYNTHETIC_ROBUSTNESS
1714,lazy the over data compress data over fox lazy stream the over over dog lazy compress quick stream compress compress brown brown,170.96427426045713,SYNTHETIC_ROBUSTNESS
1715,data over the brown data fox over brown brown data brown over compress fox jumps over dog over stream stream fox data the jumps ,171.0004446888217,SYNTHETIC_ROBUSTNESS
1716,jumps compress over over quick brown lazy compress the compress over fox stream compress data over over compress fox the data fo,171.19727844288073,SYNTHETIC_ROBUSTNESS
1717,over over brown lazy fox dog quick fox brown over jumps brown stream jumps over over compress dog dog stream stream compress laz,171.27809200561745,SYNTHETIC_ROBUSTNESS
1718,compress jumps over lazy data lazy dog compress jumps fox compress dog over jumps quick jumps brown dog lazy quick the jumps qui,171.5218071699379,SYNTHETIC_ROBUSTNESS
1719,data over the brown data fox over brown brown data brown over compress fox jumps over dog over stream stream fox data the jumps ,171.57742764418776,SYNTHETIC_ROBUSTNESS
1720,quick brown over the compress jumps dog quick jumps stream lazy jumps compress lazy data data the lazy stream data data the over,171.76700903776106,SYNTHETIC_ROBUSTNESS
1721,brown the the jumps compress over quick the stream stream the compress the brown lazy compress data quick over the fox lazy quic,171.7942404577627,SYNTHETIC_ROBUSTNESS
1722,fox lazy quick dog compress dog data fox data brown stream quick the data brown fox over compress quick over stream compress qui,171.8571153595294,SYNTHETIC_ROBUSTNESS
1723,data over the brown data fox over brown brown data brown over compress fox jumps over dog over stream stream fox data the jumps ,172.0443922193744,SYNTHETIC_ROBUSTNESS
1724,brown the the jumps compress over quick the stream stream the compress the brown lazy compress data quick over the fox lazy quic,172.05698955616873,SYNTHETIC_ROBUSTNESS
1725,compress jumps over lazy data lazy dog compress jumps fox compress dog over jumps quick jumps brown dog lazy quick the jumps qui,172.1874183455106,SYNTHETIC_ROBUSTNESS
1726,compress lazy data the over fox over data stream brown brown compress lazy lazy brown dog lazy over the brown data lazy lazy laz,172.24484314737947,SYNTHETIC_ROBUSTNESS
1727,over over brown lazy fox dog quick fox brown over jumps brown stream jumps over over compress dog dog stream stream compress laz,172.31683641205166,SYNTHETIC_ROBUSTNESS
1728,brown data over fox brown jumps data the over compress over data lazy brown data dog compress brown the over brown fox lazy jump,172.40335623928985,SYNTHETIC_ROBUSTNESS
1729,data the stream stream jumps jumps fox the data lazy brown the data compress dog fox fox quick stream compress lazy over over do,172.435605689922,SYNTHETIC_ROBUSTNESS
1730,compress jumps over lazy data lazy dog compress jumps fox compress dog over jumps quick jumps brown dog lazy quick the jumps qui,172.44573942955867,SYNTHETIC_ROBUSTNESS
1731,fox lazy quick dog compress dog data fox data brown stream quick the data brown fox over compress quick over stream compress qui,172.44762299301453,SYNTHETIC_ROBUSTNESS
1732,quick brown jumps quick over dog the fox compress brown quick lazy dog jumps compress dog data the brown compress compress compr,172.50399678840847,SYNTHETIC_ROBUSTNESS
1733,compress lazy compress dog stream brown lazy data lazy dog brown jumps stream dog brown compress data lazy the over brown lazy o,172.5353132881925,SYNTHETIC_ROBUSTNESS
1734,fox lazy quick dog compress dog data fox data brown stream quick the data brown fox over compress quick over stream compress qui,172.6355335810258,SYNTHETIC_ROBUSTNESS
1735,data over the brown data fox over brown brown data brown over compress fox jumps over dog over stream stream fox data the jumps ,172.7613898135297,SYNTHETIC_ROBUSTNESS
1736,over over brown lazy fox dog quick fox brown over jumps brown stream jumps over over compress dog dog stream stream compress laz,172.83145629946355,SYNTHETIC_ROBUSTNESS
1737,brown the the jumps compress over quick the stream stream the compress the brown lazy compress data quick over the fox lazy quic,172.92794173739983,SYNTHETIC_ROBUSTNESS
1738,data over the brown data fox over brown brown data brown over compress fox jumps over dog over stream stream fox data the jumps ,173.01020951064788,SYNTHETIC_ROBUSTNESS
1739,quick brown over the compress jumps dog quick jumps stream lazy jumps compress lazy data data the lazy stream data data the over,173.01066836689625,SYNTHETIC_ROBUSTNESS
1740,data brown quick brown the brown lazy lazy jumps quick over brown stream over over compress quick lazy over brown brown the quic,173.19499591341207,SYNTHETIC_ROBUSTNESS
1741,quick brown over the compress jumps dog quick jumps stream lazy jumps compress lazy data data the lazy stream data data the over,173.2011369249261,SYNTHETIC_ROBUSTNESS
1742,compress quick compress fox data over brown stream over quick dog over dog over fox compress data compress quick brown dog quick,173.25395791461153,SYNTHETIC_ROBUSTNESS
1743,lazy the over data compress data over fox lazy stream the over over dog lazy compress quick stream compress compress brown brown,173.26572580028164,SYNTHETIC_ROBUSTNESS
1744,stream compress compress compress data data over jumps the data lazy lazy brown quick the compress the the quick stream compress,173.3742896651017,SYNTHETIC_ROBUSTNESS
1745,stream stream dog dog lazy fox quick over stream fox brown data brown over dog quick quick brown compress dog compress dog quick,173.41368103803492,SYNTHETIC_ROBUSTNESS
1746,lazy the over data compress data over fox lazy stream the over over dog lazy compress quick stream compress compress brown brown,173.42106207379274,SYNTHETIC_ROBUSTNESS
1747,fox lazy quick dog compress dog data fox data brown stream quick the data brown fox over compress quick over stream compress qui,173.4257034187656,SYNTHETIC_ROBUSTNESS
1748,brown the the jumps compress over quick the stream stream the compress the brown lazy compress data quick over the fox lazy quic,173.45277172336407,SYNTHETIC_ROBUSTNESS
1749,the fox quick lazy stream quick compress over over dog dog data dog lazy over over over over the quick stream stream data data d,173.56281254028636,SYNTHETIC_ROBUSTNESS
1750,quick brown over the compress jumps dog quick jumps stream lazy jumps compress lazy data data the lazy stream data data the over,173.6894759374061,SYNTHETIC_ROBUSTNESS
1751,lazy the over data compress data over fox lazy stream the over over dog lazy compress quick stream compress compress brown brown,173.70322189474334,SYNTHETIC_ROBUSTNESS
1752,data the stream stream jumps jumps fox the data lazy brown the data compress dog fox fox quick stream compress lazy over over do,173.7182010059983,SYNTHETIC_ROBUSTNESS
1753,stream data lazy lazy data data compress compress over the fox quick brown over jumps lazy the dog quick fox the jumps fox quick,173.8081509903519,SYNTHETIC_ROBUSTNESS
1754,data over the brown data fox over brown brown data brown over compress fox jumps over dog over stream stream fox data the jumps ,174.123427842364,SYNTHETIC_ROBUSTNESS
1755,data the stream stream jumps jumps fox the data lazy brown the data compress dog fox fox quick stream compress lazy over over do,174.20392761631058,SYNTHETIC_ROBUSTNESS
1756,brown the the jumps compress over quick the stream stream the compress the brown lazy compress data quick over the fox lazy quic,174.3283175971189,SYNTHETIC_ROBUSTNESS
1757,data over the brown data fox over brown brown data brown over compress fox jumps over dog over stream stream fox data the jumps ,174.41398212948857,SYNTHETIC_ROBUSTNESS
1758,brown the the jumps compress over quick the stream stream the compress the brown lazy compress data quick over the fox lazy quic,174.4250569387638,SYNTHETIC_ROBUSTNESS
1759,compress jumps over lazy data lazy dog compress jumps fox compress dog over jumps quick jumps brown dog lazy quick the jumps qui,174.7177970541479,SYNTHETIC_ROBUSTNESS
1760,over over brown lazy fox dog quick fox brown over jumps brown stream jumps over over compress dog dog stream stream compress laz,174.7252677854615,SYNTHETIC_ROBUSTNESS
1761,lazy stream lazy dog stream lazy brown fox quick lazy fox lazy compress stream the dog fox over data stream quick the quick fox ,174.86792532851467,SYNTHETIC_ROBUSTNESS
1762,fox lazy quick dog compress dog data fox data brown stream quick the data brown fox over compress quick over stream compress qui,175.25594011565215,SYNTHETIC_ROBUSTNESS
1763,over over brown lazy fox dog quick fox brown over jumps brown stream jumps over over compress dog dog stream stream compress laz,175.2943590027753,SYNTHETIC_ROBUSTNESS
1764,fox lazy quick dog compress dog data fox data brown stream quick the data brown fox over compress quick over stream compress qui,175.3131885687435,SYNTHETIC_ROBUSTNESS
1765,compress jumps over lazy data lazy dog compress jumps fox compress dog over jumps quick jumps brown dog lazy quick the jumps qui,175.39669982529534,SYNTHETIC_ROBUSTNESS
1766,the fox brown dog stream brown brown brown dog dog brown dog stream compress data dog fox stream data over brown over over jumps,175.55520683087553,SYNTHETIC_ROBUSTNESS
1767,brown the the jumps compress over quick the stream stream the compress the brown lazy compress data quick over the fox lazy quic,175.85373563058405,SYNTHETIC_ROBUSTNESS
1768,fox lazy quick dog compress dog data fox data brown stream quick the data brown fox over compress quick over stream compress qui,175.97204625202272,SYNTHETIC_ROBUSTNESS
1769,lazy compress jumps quick data jumps compress the over fox brown over jumps jumps stream dog over data compress over data stream,176.01297445764797,SYNTHETIC_ROBUSTNESS
1770,data the stream stream jumps jumps fox the data lazy brown the data compress dog fox fox quick stream compress lazy over over do,176.08116475266874,SYNTHETIC_ROBUSTNESS
1771,stream compress compress compress data data over jumps the data lazy lazy brown quick the compress the the quick stream compress,176.22437788776057,SYNTHETIC_ROBUSTNESS
1772,data over the brown data fox over brown brown data brown over compress fox jumps over dog over stream stream fox data the jumps ,176.37946291764234,SYNTHETIC_ROBUSTNESS
1773,data quick jumps compress dog compress brown compress stream stream quick stream fox quick data compress the lazy dog data the l,176.38719825233886,SYNTHETIC_ROBUSTNESS
1774,over over brown lazy fox dog quick fox brown over jumps brown stream jumps over over compress dog dog stream stream compress laz,176.48232262060955,SYNTHETIC_ROBUSTNESS
1775,fox lazy quick dog compress dog data fox data brown stream quick the data brown fox over compress quick over stream compress qui,176.82457509714018,SYNTHETIC_ROBUSTNESS
1776,lazy compress quick quick jumps brown the stream over jumps over fox lazy stream over brown over quick stream lazy stream jumps ,176.97840628929583,SYNTHETIC_ROBUSTNESS
1777,compress jumps over lazy data lazy dog compress jumps fox compress dog over jumps quick jumps brown dog lazy quick the jumps qui,176.97914126220172,SYNTHETIC_ROBUSTNESS
1778,brown data over jumps fox over data lazy quick stream brown compress dog the the the the brown quick stream lazy lazy stream com,177.004622948108,SYNTHETIC_ROBUSTNESS
1779,stream compress compress compress data data over jumps the data lazy lazy brown quick the compress the the quick stream compress,177.06350324595292,SYNTHETIC_ROBUSTNESS
1780,compress stream jumps lazy dog stream the jumps stream lazy quick fox quick jumps data data stream data the quick quick quick co,177.18601249498272,SYNTHETIC_ROBUSTNESS
1781,fox lazy quick dog compress dog data fox data brown stream quick the data brown fox over compress quick over stream compress qui,177.26703605108906,SYNTHETIC_ROBUSTNESS
1782,compress jumps over lazy data lazy dog compress jumps fox compress dog over jumps quick jumps brown dog lazy quick the jumps qui,177.2750841827795,SYNTHETIC_ROBUSTNESS
1783,compress lazy quick data fox quick over data lazy the fox quick the stream stream quick data brown data lazy quick dog data the ,177.40912782543447,SYNTHETIC_ROBUSTNESS
1784,over over brown lazy fox dog quick fox brown over jumps brown stream jumps over over compress dog dog stream stream compress laz,177.5915852374358,SYNTHETIC_ROBUSTNESS
1785,stream compress compress compress data data over jumps the data lazy lazy brown quick the compress the the quick stream compress,177.6146219233274,SYNTHETIC_ROBUSTNESS
1786,lazy the over data compress data over fox lazy stream the over over dog lazy compress quick stream compress compress brown brown,177.62160234693042,SYNTHETIC_ROBUSTNESS
1787,over over brown lazy fox dog quick fox brown over jumps brown stream jumps over over compress dog dog stream stream compress laz,177.7781241265212,SYNTHETIC_ROBUSTNESS
1788,over over brown lazy fox dog quick fox brown over jumps brown stream jumps over over compress dog dog stream stream compress laz,177.88041331553308,SYNTHETIC_ROBUSTNESS
1789,data the stream stream jumps jumps fox the data lazy brown the data compress dog fox fox quick stream compress lazy over over do,178.0431246491237,SYNTHETIC_ROBUSTNESS
1790,brown compress lazy lazy quick lazy dog compress lazy fox compress lazy fox jumps compress data brown dog data the over jumps th,178.12673332057116,SYNTHETIC_ROBUSTNESS
1791,quick the data the data quick stream over jumps the dog lazy lazy compress fox compress brown dog compress jumps lazy fox dog ov,178.18268903086587,SYNTHETIC_ROBUSTNESS
1792,lazy the over data compress data over fox lazy stream the over over dog lazy compress quick stream compress compress brown brown,178.51258302326158,SYNTHETIC_ROBUSTNESS
1793,quick brown over the compress jumps dog quick jumps stream lazy jumps compress lazy data data the lazy stream data data the over,178.6639775051618,SYNTHETIC_ROBUSTNESS
1794,over over brown lazy fox dog quick fox brown over jumps brown stream jumps over over compress dog dog stream stream compress laz,178.7170660954493,SYNTHETIC_ROBUSTNESS
1795,quick brown over the compress jumps dog quick jumps stream lazy jumps compress lazy data data the lazy stream data data the over,178.95514031364291,SYNTHETIC_ROBUSTNESS
1796,dog brown dog dog data compress brown over brown brown jumps stream brown compress lazy dog fox quick data lazy data quick fox d,179.45872402710907,SYNTHETIC_ROBUSTNESS
1797,fox lazy quick dog compress dog data fox data brown stream quick the data brown fox over compress quick over stream compress qui,179.49557514364537,SYNTHETIC_ROBUSTNESS
1798,stream compress compress compress data data over jumps the data lazy lazy brown quick the compress the the quick stream compress,179.7185799973949,SYNTHETIC_ROBUSTNESS
1799,brown the the jumps compress over quick the stream stream the compress the brown lazy compress data quick over the fox lazy quic,179.72322602022504,SYNTHETIC_ROBUSTNESS
1800,data the stream stream jumps jumps fox the data lazy brown the data compress dog fox fox quick stream compress lazy over over do,179.74735028110447,SYNTHETIC_ROBUSTNESS
1801,fox lazy quick dog compress dog data fox data brown stream quick the data brown fox over compress quick over stream compress qui,179.7648942827229,SYNTHETIC_ROBUSTNESS
1802,brown the the jumps compress over quick the stream stream the compress the brown lazy compress data quick over the fox lazy quic,179.80899215136162,SYNTHETIC_ROBUSTNESS
1803,compress lazy compress dog stream brown lazy data lazy dog brown jumps stream dog brown compress data lazy the over brown lazy o,179.89168803044754,SYNTHETIC_ROBUSTNESS
1804,data over the brown data fox over brown brown data brown over compress fox jumps over dog over stream stream fox data the jumps ,180.01897740126438,SYNTHETIC_ROBUSTNESS
1805,data the stream stream jumps jumps fox the data lazy brown the data compress dog fox fox quick stream compress lazy over over do,180.25207976464282,SYNTHETIC_ROBUSTNESS
1806,brown the the jumps compress over quick the stream stream the compress the brown lazy compress data quick over the fox lazy quic,180.2693423518458,SYNTHETIC_ROBUSTNESS
1807,brown the the jumps compress over quick the stream stream the compress the brown lazy compress data quick over the fox lazy quic,180.355684554548,SYNTHETIC_ROBUSTNESS
1808,data over the brown data fox over brown brown data brown over compress fox jumps over dog over stream stream fox data the jumps ,180.4365837628346,SYNTHETIC_ROBUSTNESS
1809,over over brown lazy fox dog quick fox brown over jumps brown stream jumps over over compress dog dog stream stream compress laz,180.49792015785616,SYNTHETIC_ROBUSTNESS
1810,stream compress compress compress data data over jumps the data lazy lazy brown quick the compress the the quick stream compress,180.61652776468725,SYNTHETIC_ROBUSTNESS
1811,brown the the jumps compress over quick the stream stream the compress the brown lazy compress data quick over the fox lazy quic,180.68855105807447,SYNTHETIC_ROBUSTNESS
1812,brown the the jumps compress over quick the stream stream the compress the brown lazy compress data quick over the fox lazy quic,180.7684443696239,SYNTHETIC_ROBUSTNESS
1813,stream compress compress compress data data over jumps the data lazy lazy brown quick the compress the the quick stream compress,181.0020906186447,SYNTHETIC_ROBUSTNESS
1814,over lazy data the jumps lazy fox over brown over stream quick brown over data lazy lazy the stream the data the fox over theaaa,181.19889652973131,SYNTHETIC_ROBUSTNESS
1815,compress jumps over lazy data lazy dog compress jumps fox compress dog over jumps quick jumps brown dog lazy quick the jumps qui,181.28501383093058,SYNTHETIC_ROBUSTNESS
1816,data the stream stream jumps jumps fox the data lazy brown the data compress dog fox fox quick stream compress lazy over over do,181.30199895328155,SYNTHETIC_ROBUSTNESS
1817,quick brown dog quick quick the data quick compress quick compress stream dog over lazy fox fox the dog the dog the quick the da,181.62069183643976,SYNTHETIC_ROBUSTNESS
1818,data the stream stream jumps jumps fox the data lazy brown the data compress dog fox fox quick stream compress lazy over over do,181.7181632836069,SYNTHETIC_ROBUSTNESS
1819,data over the brown data fox over brown brown data brown over compress fox jumps over dog over stream stream fox data the jumps ,181.8829160150306,SYNTHETIC_ROBUSTNESS
1820,the fox fox compress over stream dog stream lazy data fox jumps over jumps dog stream brown brown compress quick compress data t,181.88857535447428,SYNTHETIC_ROBUSTNESS
1821,over over brown lazy fox dog quick fox brown over jumps brown stream jumps over over compress dog dog stream stream compress laz,182.11570859134318,SYNTHETIC_ROBUSTNESS
1822,brown the the jumps compress over quick the stream stream the compress the brown lazy compress data quick over the fox lazy quic,182.23396088609945,SYNTHETIC_ROBUSTNESS
1823,data the stream stream jumps jumps fox the data lazy brown the data compress dog fox fox quick stream compress lazy over over do,182.34961412680371,SYNTHETIC_ROBUSTNESS
1824,data over the brown data fox over brown brown data brown over compress fox jumps over dog over stream stream fox data the jumps ,182.36128013308814,SYNTHETIC_ROBUSTNESS
1825,stream fox compress jumps data brown compress fox brown quick stream dog jumps the quick dog brown fox jumps brown fox over over,182.48605981482675,SYNTHETIC_ROBUSTNESS
1826,the data over brown jumps quick fox quick brown data data brown lazy stream dog data fox dog jumps over data the the dog overaaa,182.49403312560025,SYNTHETIC_ROBUSTNESS
1827,data over jumps lazy jumps quick brown the over dog stream lazy over quick data jumps data fox stream quick jumps the over fox d,182.4997776019905,SYNTHETIC_ROBUSTNESS
1828,quick brown over the compress jumps dog quick jumps stream lazy jumps compress lazy data data the lazy stream data data the over,182.53913341949834,SYNTHETIC_ROBUSTNESS
1829,compress jumps over lazy data lazy dog compress jumps fox compress dog over jumps quick jumps brown dog lazy quick the jumps qui,182.54147764650884,SYNTHETIC_ROBUSTNESS
1830,over over brown lazy fox dog quick fox brown over jumps brown stream jumps over over compress dog dog stream stream compress laz,182.55886837921418,SYNTHETIC_ROBUSTNESS
1831,fox lazy quick dog compress dog data fox data brown stream quick the data brown fox over compress quick over stream compress qui,182.6883773636105,SYNTHETIC_ROBUSTNESS
1832,over over brown lazy fox dog quick fox brown over jumps brown stream jumps over over compress dog dog stream stream compress laz,182.86851318476738,SYNTHETIC_ROBUSTNESS
1833,lazy the over data compress data over fox lazy stream the over over dog lazy compress quick stream compress compress brown brown,182.8882999324015,SYNTHETIC_ROBUSTNESS
1834,stream dog data fox fox lazy quick the stream the fox jumps brown quick compress fox data compress brown brown quick dog dog laz,183.06162873103776,SYNTHETIC_ROBUSTNESS
1835,quick brown over the compress jumps dog quick jumps stream lazy jumps compress lazy data data the lazy stream data data the over,183.12712337124117,SYNTHETIC_ROBUSTNESS
1836,quick brown over the compress jumps dog quick jumps stream lazy jumps compress lazy data data the lazy stream data data the over,183.44388140766694,SYNTHETIC_ROBUSTNESS
1837,lazy the over data compress data over fox lazy stream the over over dog lazy compress quick stream compress compress brown brown,183.45888337470268,SYNTHETIC_ROBUSTNESS
1838,dog dog dog quick dog dog quick quick lazy quick lazy the stream stream quick quick dog the compress compress the stream quick b,183.46438865017473,SYNTHETIC_ROBUSTNESS
1839,lazy the over data compress data over fox lazy stream the over over dog lazy compress quick stream compress compress brown brown,183.65087323178312,SYNTHETIC_ROBUSTNESS
1840,data over the brown data fox over brown brown data brown over compress fox jumps over dog over stream stream fox data the jumps ,183.69581266575167,SYNTHETIC_ROBUSTNESS
1841,stream compress lazy stream the lazy brown lazy jumps fox brown jumps the the fox the lazy quick lazy compress over quick lazy f,183.7569086095168,SYNTHETIC_ROBUSTNESS
1842,stream compress compress compress data data over jumps the data lazy lazy brown quick the compress the the quick stream compress,183.82861039381268,SYNTHETIC_ROBUSTNESS
1843,lazy the over data compress data over fox lazy stream the over over dog lazy compress quick stream compress compress brown brown,184.00300264286716,SYNTHETIC_ROBUSTNESS
1844,brown the the jumps compress over quick the stream stream the compress the brown lazy compress data quick over the fox lazy quic,184.01090700480873,SYNTHETIC_ROBUSTNESS
1845,lazy the over data compress data over fox lazy stream the over over dog lazy compress quick stream compress compress brown brown,184.0910079241752,SYNTHETIC_ROBUSTNESS
1846,fox lazy quick dog compress dog data fox data brown stream quick the data brown fox over compress quick over stream compress qui,184.14731955680017,SYNTHETIC_ROBUSTNESS
1847,lazy the over data compress data over fox lazy stream the over over dog lazy compress quick stream compress compress brown brown,184.18891358099006,SYNTHETIC_ROBUSTNESS
1848,fox lazy quick dog compress dog data fox data brown stream quick the data brown fox over compress quick over stream compress qui,184.2317047805866,SYNTHETIC_ROBUSTNESS
1849,data over the brown data fox over brown brown data brown over compress fox jumps over dog over stream stream fox data the jumps ,184.49811876523805,SYNTHETIC_ROBUSTNESS
1850,compress lazy compress dog stream brown lazy data lazy dog brown jumps stream dog brown compress data lazy the over brown lazy o,184.52933161482107,SYNTHETIC_ROBUSTNESS
1851,fox lazy quick dog compress dog data fox data brown stream quick the data brown fox over compress quick over stream compress qui,184.58995870969463,SYNTHETIC_ROBUSTNESS
1852,data over the brown data fox over brown brown data brown over compress fox jumps over dog over stream stream fox data the jumps ,184.6578441601639,SYNTHETIC_ROBUSTNESS
1853,fox the fox dog lazy over dog quick data compress over fox over lazy fox fox fox data compress data stream quick stream over ove,184.78509209010875,SYNTHETIC_ROBUSTNESS
1854,over stream over fox lazy dog compress dog the compress the the lazy stream stream fox dog the fox lazy dog quick the stream dat,184.85827809661737,SYNTHETIC_ROBUSTNESS
1855,quick brown over the compress jumps dog quick jumps stream lazy jumps compress lazy data data the lazy stream data data the over,184.95536143158378,SYNTHETIC_ROBUSTNESS
1856,lazy the over data compress data over fox lazy stream the over over dog lazy compress quick stream compress compress brown brown,185.0062493261686,SYNTHETIC_ROBUSTNESS
1857,the brown brown over stream over over over brown brown fox stream jumps compress stream compress brown dog lazy over fox brown l,185.13305305191335,SYNTHETIC_ROBUSTNESS
1858,lazy the over data compress data over fox lazy stream the over over dog lazy compress quick stream compress compress brown brown,185.19576124709272,SYNTHETIC_ROBUSTNESS
1859,quick brown over the compress jumps dog quick jumps stream lazy jumps compress lazy data data the lazy stream data data the over,185.22095582450916,SYNTHETIC_ROBUSTNESS
1860,over over brown lazy fox dog quick fox brown over jumps brown stream jumps over over compress dog dog stream stream compress laz,185.3907446124106,SYNTHETIC_ROBUSTNESS
1861,fox lazy quick dog compress dog data fox data brown stream quick the data brown fox over compress quick over stream compress qui,185.53575418737844,SYNTHETIC_ROBUSTNESS
1862,compress jumps over lazy data lazy dog compress jumps fox compress dog over jumps quick jumps brown dog lazy quick the jumps qui,185.63450336608085,SYNTHETIC_ROBUSTNESS
1863,brown the the jumps compress over quick the stream stream the compress the brown lazy compress data quick over the fox lazy quic,185.70830677808854,SYNTHETIC_ROBUSTNESS
1864,lazy brown dog over the compress brown jumps fox data fox quick stream quick over lazy fox compress dog brown fox compress dog l,185.73168882616446,SYNTHETIC_ROBUSTNESS
1865,fox lazy quick dog compress dog data fox data brown stream quick the data brown fox over compress quick over stream compress qui,185.93445276707754,SYNTHETIC_ROBUSTNESS
1866,fox lazy quick dog compress dog data fox data brown stream quick the data brown fox over compress quick over stream compress qui,185.94467734210025,SYNTHETIC_ROBUSTNESS
1867,fox jumps quick quick data the the brown data quick compress quick stream dog fox lazy lazy jumps jumps stream compress quick ov,185.99299575626253,SYNTHETIC_ROBUSTNESS
1868,quick compress quick stream dog lazy lazy fox over quick brown lazy fox stream stream compress over quick over over jumps compre,186.18442978503057,SYNTHETIC_ROBUSTNESS
1869,compress lazy compress dog stream brown lazy data lazy dog brown jumps stream dog brown compress data lazy the over brown lazy o,186.27495665191785,SYNTHETIC_ROBUSTNESS
1870,stream compress compress compress data data over jumps the data lazy lazy brown quick the compress the the quick stream compress,186.3326923543513,SYNTHETIC_ROBUSTNESS
1871,brown dog over quick data compress over the jumps data fox brown compress dog stream over over over dog brown stream the over co,186.48940723949252,SYNTHETIC_ROBUSTNESS
1872,data the stream stream jumps jumps fox the data lazy brown the data compress dog fox fox quick stream compress lazy over over do,186.9451790765246,SYNTHETIC_ROBUSTNESS
1873,compress dog jumps compress quick dog lazy the quick the compress brown jumps over brown data data dog jumps quick the quick com,186.9661047923628,SYNTHETIC_ROBUSTNESS
1874,stream compress compress compress data data over jumps the data lazy lazy brown quick the compress the the quick stream compress,186.9713113096775,SYNTHETIC_ROBUSTNESS
1875,compress lazy compress dog stream brown lazy data lazy dog brown jumps stream dog brown compress data lazy the over brown lazy o,187.0334848007923,SYNTHETIC_ROBUSTNESS
1876,brown the the jumps compress over quick the stream stream the compress the brown lazy compress data quick over the fox lazy quic,187.0673677576262,SYNTHETIC_ROBUSTNESS
1877,fox dog compress quick stream brown compress lazy quick data over jumps over over data over compress lazy over jumps the fox ove,187.1772544509274,SYNTHETIC_ROBUSTNESS
1878,fox lazy quick dog compress dog data fox data brown stream quick the data brown fox over compress quick over stream compress qui,187.24542738397133,SYNTHETIC_ROBUSTNESS
1879,stream compress compress compress data data over jumps the data lazy lazy brown quick the compress the the quick stream compress,187.31454289106662,SYNTHETIC_ROBUSTNESS
1880,brown the the jumps compress over quick the stream stream the compress the brown lazy compress data quick over the fox lazy quic,187.3583906011197,SYNTHETIC_ROBUSTNESS
1881,quick brown over the compress jumps dog quick jumps stream lazy jumps compress lazy data data the lazy stream data data the over,187.38204806687747,SYNTHETIC_ROBUSTNESS
1882,data fox quick the lazy brown dog stream dog over the quick the quick jumps over fox brown jumps lazy stream jumps dog the strea,187.4060585131628,SYNTHETIC_ROBUSTNESS
1883,compress lazy compress dog stream brown lazy data lazy dog brown jumps stream dog brown compress data lazy the over brown lazy o,187.4549926927875,SYNTHETIC_ROBUSTNESS
1884,over over brown lazy fox dog quick fox brown over jumps brown stream jumps over over compress dog dog stream stream compress laz,187.56951145450122,SYNTHETIC_ROBUSTNESS
1885,lazy dog fox the over compress fox lazy jumps dog lazy quick over lazy lazy fox compress quick over quick brown lazy stream brow,187.61063198498334,SYNTHETIC_ROBUSTNESS
1886,compress lazy compress dog stream brown lazy data lazy dog brown jumps stream dog brown compress data lazy the over brown lazy o,187.65008704175827,SYNTHETIC_ROBUSTNESS
1887,data over the brown data fox over brown brown data brown over compress fox jumps over dog over stream stream fox data the jumps ,187.70542566681561,SYNTHETIC_ROBUSTNESS
1888,compress over dog dog over dog jumps dog jumps stream over data compress dog lazy compress over brown data stream quick dog data,188.17495107634707,SYNTHETIC_ROBUSTNESS
1889,data the stream stream jumps jumps fox the data lazy brown the data compress dog fox fox quick stream compress lazy over over do,188.1845180212519,SYNTHETIC_ROBUSTNESS
1890,compress jumps over lazy data lazy dog compress jumps fox compress dog over jumps quick jumps brown dog lazy quick the jumps qui,188.21942448789497,SYNTHETIC_ROBUSTNESS
1891,quick brown over the compress jumps dog quick jumps stream lazy jumps compress lazy data data the lazy stream data data the over,188.25395590344996,SYNTHETIC_ROBUSTNESS
1892,stream jumps jumps lazy quick quick quick over over brown brown brown fox data compress jumps the fox data dog the the data stre,188.62086663834424,SYNTHETIC_ROBUSTNESS
1893,fox lazy quick dog compress dog data fox data brown stream quick the data brown fox over compress quick over stream compress qui,188.67315274771516,SYNTHETIC_ROBUSTNESS
1894,compress lazy compress dog stream brown lazy data lazy dog brown jumps stream dog brown compress data lazy the over brown lazy o,188.7568480213844,SYNTHETIC_ROBUSTNESS
1895,fox data compress dog brown brown compress over stream quick quick over lazy dog lazy data dog jumps quick the stream dog stream,188.77892901910053,SYNTHETIC_ROBUSTNESS
1896,data the stream stream jumps jumps fox the data lazy brown the data compress dog fox fox quick stream compress lazy over over do,188.780207997237,SYNTHETIC_ROBUSTNESS
1897,quick jumps brown stream compress lazy jumps compress fox stream jumps quick jumps jumps data dog dog lazy brown brown dog compr,188.82164890818524,SYNTHETIC_ROBUSTNESS
1898,data the stream stream jumps jumps fox the data lazy brown the data compress dog fox fox quick stream compress lazy over over do,188.923545799106,SYNTHETIC_ROBUSTNESS
1899,data the stream stream jumps jumps fox the data lazy brown the data compress dog fox fox quick stream compress lazy over over do,189.04116226428096,SYNTHETIC_ROBUSTNESS
1900,fox lazy quick dog compress dog data fox data brown stream quick the data brown fox over compress quick over stream compress qui,189.18135417665516,SYNTHETIC_ROBUSTNESS
1901,quick jumps brown jumps compress data stream compress quick data lazy the data quick the dog jumps over over quick quick jumps f,189.37844062091486,SYNTHETIC_ROBUSTNESS
1902,quick brown over the compress jumps dog quick jumps stream lazy jumps compress lazy data data the lazy stream data data the over,189.39072780937042,SYNTHETIC_ROBUSTNESS
1903,compress jumps over lazy data lazy dog compress jumps fox compress dog over jumps quick jumps brown dog lazy quick the jumps qui,189.39936997670264,SYNTHETIC_ROBUSTNESS
1904,brown the the jumps compress over quick the stream stream the compress the brown lazy compress data quick over the fox lazy quic,189.55433859244997,SYNTHETIC_ROBUSTNESS
1905,stream data jumps compress over data dog quick over brown data stream compress jumps jumps over fox dog quick brown over lazy ju,189.61156461609062,SYNTHETIC_ROBUSTNESS
1906,data over the brown data fox over brown brown data brown over compress fox jumps over dog over stream stream fox data the jumps ,189.90553143451953,SYNTHETIC_ROBUSTNESS
1907,fox lazy quick dog compress dog data fox data brown stream quick the data brown fox over compress quick over stream compress qui,190.19285583403862,SYNTHETIC_ROBUSTNESS
1908,brown the the jumps compress over quick the stream stream the compress the brown lazy compress data quick over the fox lazy quic,190.20813041308764,SYNTHETIC_ROBUSTNESS
1909,brown fox brown data compress jumps brown quick compress fox lazy compress brown the fox quick jumps over jumps over dog the qui,190.32564457994025,SYNTHETIC_ROBUSTNESS
1910,brown over fox dog over quick the over brown dog over over quick compress jumps brown brown quick data fox jumps stream data bro,190.33259109030058,SYNTHETIC_ROBUSTNESS
1911,compress jumps over lazy data lazy dog compress jumps fox compress dog over jumps quick jumps brown dog lazy quick the jumps qui,190.3842436112635,SYNTHETIC_ROBUSTNESS
1912,quick brown over the compress jumps dog quick jumps stream lazy jumps compress lazy data data the lazy stream data data the over,190.5685762874675,SYNTHETIC_ROBUSTNESS
1913,compress lazy compress dog stream brown lazy data lazy dog brown jumps stream dog brown compress data lazy the over brown lazy o,190.6303727488205,SYNTHETIC_ROBUSTNESS
1914,compress lazy compress dog stream brown lazy data lazy dog brown jumps stream dog brown compress data lazy the over brown lazy o,190.63379188404392,SYNTHETIC_ROBUSTNESS
1915,data over the brown data fox over brown brown data brown over compress fox jumps over dog over stream stream fox data the jumps ,190.66127882055693,SYNTHETIC_ROBUSTNESS
1916,quick jumps jumps quick quick data jumps lazy dog over fox compress brown the compress lazy dog jumps lazy fox dog quick compres,190.6703118294094,SYNTHETIC_ROBUSTNESS
1917,fox lazy quick dog compress dog data fox data brown stream quick the data brown fox over compress quick over stream compress qui,190.7227764469629,SYNTHETIC_ROBUSTNESS
1918,quick quick dog jumps stream brown dog over over the over the compress compress brown stream data jumps data fox brown brown ove,190.84207941984437,SYNTHETIC_ROBUSTNESS
1919,brown the the jumps compress over quick the stream stream the compress the brown lazy compress data quick over the fox lazy quic,190.95006556070695,SYNTHETIC_ROBUSTNESS
1920,compress lazy compress dog stream brown lazy data lazy dog brown jumps stream dog brown compress data lazy the over brown lazy o,191.0769842697805,SYNTHETIC_ROBUSTNESS
1921,compress lazy compress dog stream brown lazy data lazy dog brown jumps stream dog brown compress data lazy the over brown lazy o,191.12540523699,SYNTHETIC_ROBUSTNESS
1922,brown the the jumps compress over quick the stream stream the compress the brown lazy compress data quick over the fox lazy quic,191.156231762871,SYNTHETIC_ROBUSTNESS
1923,compress jumps over lazy data lazy dog compress jumps fox compress dog over jumps quick jumps brown dog lazy quick the jumps qui,191.16209348539064,SYNTHETIC_ROBUSTNESS
1924,quick brown over the compress jumps dog quick jumps stream lazy jumps compress lazy data data the lazy stream data data the over,191.4460952419774,SYNTHETIC_ROBUSTNESS
1925,fox lazy quick dog compress dog data fox data brown stream quick the data brown fox over compress quick over stream compress qui,191.45868334627042,SYNTHETIC_ROBUSTNESS
1926,data over the brown data fox over brown brown data brown over compress fox jumps over dog over stream stream fox data the jumps ,191.47831454237757,SYNTHETIC_ROBUSTNESS
1927,compress jumps over lazy data lazy dog compress jumps fox compress dog over jumps quick jumps brown dog lazy quick the jumps qui,191.48084640533648,SYNTHETIC_ROBUSTNESS
1928,jumps stream lazy jumps fox compress data quick the dog stream jumps over quick brown fox compress the compress over the over st,191.51899708043743,SYNTHETIC_ROBUSTNESS
1929,brown the the jumps compress over quick the stream stream the compress the brown lazy compress data quick over the fox lazy quic,191.6898383940316,SYNTHETIC_ROBUSTNESS
1930,the over stream stream data brown fox brown over dog dog lazy jumps fox fox over fox dog compress quick brown the over compress ,191.73022204735767,SYNTHETIC_ROBUSTNESS
1931,data over the brown data fox over brown brown data brown over compress fox jumps over dog over stream stream fox data the jumps ,191.8398783044867,SYNTHETIC_ROBUSTNESS
1932,data the stream stream jumps jumps fox the data lazy brown the data compress dog fox fox quick stream compress lazy over over do,192.1766871906995,SYNTHETIC_ROBUSTNESS
1933,lazy the over data compress data over fox lazy stream the over over dog lazy compress quick stream compress compress brown brown,192.39974210184292,SYNTHETIC_ROBUSTNESS
1934,stream compress compress compress data data over jumps the data lazy lazy brown quick the compress the the quick stream compress,192.41958379937094,SYNTHETIC_ROBUSTNESS
1935,the fox lazy compress brown data brown the the over the quick brown compress lazy brown fox brown dog over brown stream stream f,192.46408873270303,SYNTHETIC_ROBUSTNESS
1936,compress quick compress brown brown brown lazy brown brown the quick quick compress data compress over over quick the brown the ,192.6031754118242,SYNTHETIC_ROBUSTNESS
1937,the dog over fox jumps stream over fox data data compress lazy fox dog the quick data compress the data quick lazy lazy brown fo,192.9833070696759,SYNTHETIC_ROBUSTNESS
1938,stream compress compress compress data data over jumps the data lazy lazy brown quick the compress the the quick stream compress,193.1091622674929,SYNTHETIC_ROBUSTNESS
1939,lazy quick data lazy the compress dog quick data dog compress quick compress data quick data compress brown over the dog fox fox,193.13822591346556,SYNTHETIC_ROBUSTNESS
1940,over over brown lazy fox dog quick fox brown over jumps brown stream jumps over over compress dog dog stream stream compress laz,193.1524770966905,SYNTHETIC_ROBUSTNESS
1941,over quick fox quick stream fox data the jumps stream jumps data dog over data the dog quick stream quick data stream compress d,193.22082840766564,SYNTHETIC_ROBUSTNESS
1942,lazy the over data compress data over fox lazy stream the over over dog lazy compress quick stream compress compress brown brown,193.24226554137053,SYNTHETIC_ROBUSTNESS
1943,compress lazy compress dog stream brown lazy data lazy dog brown jumps stream dog brown compress data lazy the over brown lazy o,193.2680927299672,SYNTHETIC_ROBUSTNESS
1944,data over the brown data fox over brown brown data brown over compress fox jumps over dog over stream stream fox data the jumps ,193.3687229726153,SYNTHETIC_ROBUSTNESS
1945,the brown compress dog dog brown compress the dog data dog fox compress dog data jumps dog brown brown compress quick fox compre,193.44104966928853,SYNTHETIC_ROBUSTNESS
1946,stream compress compress compress data data over jumps the data lazy lazy brown quick the compress the the quick stream compress,193.4539118186872,SYNTHETIC_ROBUSTNESS
1947,jumps fox over data compress stream data quick compress compress quick jumps quick quick brown the the dog the jumps brown data ,193.47059736952792,SYNTHETIC_ROBUSTNESS
1948,quick brown over the compress jumps dog quick jumps stream lazy jumps compress lazy data data the lazy stream data data the over,193.47255994197207,SYNTHETIC_ROBUSTNESS
1949,compress jumps over lazy data lazy dog compress jumps fox compress dog over jumps quick jumps brown dog lazy quick the jumps qui,193.49736248277415,SYNTHETIC_ROBUSTNESS
1950,quick quick lazy the over lazy jumps jumps fox jumps data quick quick data brown brown jumps dog fox stream over data over fox f,193.71567674658397,SYNTHETIC_ROBUSTNESS
1951,quick brown over the compress jumps dog quick jumps stream lazy jumps compress lazy data data the lazy stream data data the over,193.87319650573824,SYNTHETIC_ROBUSTNESS
1952,data over the brown data fox over brown brown data brown over compress fox jumps over dog over stream stream fox data the jumps ,193.92677357404224,SYNTHETIC_ROBUSTNESS
1953,stream compress compress compress data data over jumps the data lazy lazy brown quick the compress the the quick stream compress,194.06222760448588,SYNTHETIC_ROBUSTNESS
1954,over over brown lazy fox dog quick fox brown over jumps brown stream jumps over over compress dog dog stream stream compress laz,194.11447850898816,SYNTHETIC_ROBUSTNESS
1955,over over brown lazy fox dog quick fox brown over jumps brown stream jumps over over compress dog dog stream stream compress laz,194.27155026044338,SYNTHETIC_ROBUSTNESS
1956,over over brown lazy fox dog quick fox brown over jumps brown stream jumps over over compress dog dog stream stream compress laz,194.29163295043892,SYNTHETIC_ROBUSTNESS
1957,stream compress compress compress data data over jumps the data lazy lazy brown quick the compress the the quick stream compress,194.30818144277757,SYNTHETIC_ROBUSTNESS
1958,data over the brown data fox over brown brown data brown over compress fox jumps over dog over stream stream fox data the jumps ,194.31629600669618,SYNTHETIC_ROBUSTNESS
1959,stream quick stream data fox jumps quick fox brown brown quick dog brown stream compress the brown fox brown stream the brown da,194.34397765083844,SYNTHETIC_ROBUSTNESS
1960,fox lazy quick dog compress dog data fox data brown stream quick the data brown fox over compress quick over stream compress qui,194.35979709574264,SYNTHETIC_ROBUSTNESS
1961,over over brown lazy fox dog quick fox brown over jumps brown stream jumps over over compress dog dog stream stream compress laz,194.52006387042113,SYNTHETIC_ROBUSTNESS
1962,brown the the jumps compress over quick the stream stream the compress the brown lazy compress data quick over the fox lazy quic,194.54750383007965,SYNTHETIC_ROBUSTNESS
1963,lazy the over data compress data over fox lazy stream the over over dog lazy compress quick stream compress compress brown brown,194.62011377068262,SYNTHETIC_ROBUSTNESS
1964,lazy the over data compress data over fox lazy stream the over over dog lazy compress quick stream compress compress brown brown,194.7612533087954,SYNTHETIC_ROBUSTNESS
1965,brown the the jumps compress over quick the stream stream the compress the brown lazy compress data quick over the fox lazy quic,194.8742866567749,SYNTHETIC_ROBUSTNESS
1966,quick brown over the compress jumps dog quick jumps stream lazy jumps compress lazy data data the lazy stream data data the over,194.8971763605568,SYNTHETIC_ROBUSTNESS
1967,compress jumps over lazy data lazy dog compress jumps fox compress dog over jumps quick jumps brown dog lazy quick the jumps qui,194.90519674934774,SYNTHETIC_ROBUSTNESS
1968,compress lazy compress dog stream brown lazy data lazy dog brown jumps stream dog brown compress data lazy the over brown lazy o,195.14796809993814,SYNTHETIC_ROBUSTNESS
1969,stream compress compress compress data data over jumps the data lazy lazy brown quick the compress the the quick stream compress,195.2452525518737,SYNTHETIC_ROBUSTNESS
1970,lazy compress the compress brown stream compress stream stream the stream jumps compress data jumps compress the fox jumps lazy ,195.36786202187344,SYNTHETIC_ROBUSTNESS
1971,stream compress stream jumps the brown brown fox stream data the the data data fox compress data lazy data the over fox brown co,195.41664034463847,SYNTHETIC_ROBUSTNESS
1972,stream compress compress compress data data over jumps the data lazy lazy brown quick the compress the the quick stream compress,195.4442956815117,SYNTHETIC_ROBUSTNESS
1973,fox lazy quick dog compress dog data fox data brown stream quick the data brown fox over compress quick over stream compress qui,195.51992940194816,SYNTHETIC_ROBUSTNESS
1974,the data dog the over data jumps compress over data the dog data the compress dog data brown over lazy data jumps lazy lazy lazy,195.52803759570293,SYNTHETIC_ROBUSTNESS
1975,data the stream stream jumps jumps fox the data lazy brown the data compress dog fox fox quick stream compress lazy over over do,195.68896960945867,SYNTHETIC_ROBUSTNESS
1976,quick lazy dog brown jumps compress data lazy brown dog data brown brown data brown compress over dog dog quick the over compres,195.79524732932762,SYNTHETIC_ROBUSTNESS
1977,stream compress compress compress data data over jumps the data lazy lazy brown quick the compress the the quick stream compress,195.93864212246135,SYNTHETIC_ROBUSTNESS
1978,over over brown lazy fox dog quick fox brown over jumps brown stream jumps over over compress dog dog stream stream compress laz,196.0228673899267,SYNTHETIC_ROBUSTNESS
1979,compress jumps over lazy data lazy dog compress jumps fox compress dog over jumps quick jumps brown dog lazy quick the jumps qui,196.109120858729,SYNTHETIC_ROBUSTNESS
1980,brown dog the brown quick dog over quick lazy dog the over quick the fox compress quick jumps the dog lazy brown over fox overaa,196.20084389107836,SYNTHETIC_ROBUSTNESS
1981,jumps jumps fox jumps compress the lazy the quick jumps fox stream stream compress fox data fox stream fox the data quick the la,196.3541652459718,SYNTHETIC_ROBUSTNESS
1982,lazy stream brown compress over dog quick quick quick compress lazy quick fox dog dog fox quick the stream brown jumps stream co,196.37970421322353,SYNTHETIC_ROBUSTNESS
1983,compress lazy compress lazy stream fox quick the lazy quick fox data fox lazy quick dog quick fox dog quick dog lazy dog stream ,196.49412757626192,SYNTHETIC_ROBUSTNESS
1984,over dog dog jumps dog brown lazy data brown the compress data dog quick data lazy fox the lazy quick the fox stream compress la,196.57458141909376,SYNTHETIC_ROBUSTNESS
1985,quick brown over the compress jumps dog quick jumps stream lazy jumps compress lazy data data the lazy stream data data the over,196.64292244347348,SYNTHETIC_ROBUSTNESS
1986,compress lazy compress dog stream brown lazy data lazy dog brown jumps stream dog brown compress data lazy the over brown lazy o,196.72077259377212,SYNTHETIC_ROBUSTNESS
1987,fox lazy quick dog compress dog data fox data brown stream quick the data brown fox over compress quick over stream compress qui,196.7525455110805,SYNTHETIC_ROBUSTNESS
1988,quick brown over the compress jumps dog quick jumps stream lazy jumps compress lazy data data the lazy stream data data the over,196.7563240718238,SYNTHETIC_ROBUSTNESS
1989,data over the brown data fox over brown brown data brown over compress fox jumps over dog over stream stream fox data the jumps ,196.8986879630306,SYNTHETIC_ROBUSTNESS
1990,fox compress data lazy over lazy fox the data stream dog the over brown data compress the data over dog compress brown lazy brow,197.1465886002136,SYNTHETIC_ROBUSTNESS
1991,data the stream stream jumps jumps fox the data lazy brown the data compress dog fox fox quick stream compress lazy over over do,197.21212800468612,SYNTHETIC_ROBUSTNESS
1992,lazy the over data compress data over fox lazy stream the over over dog lazy compress quick stream compress compress brown brown,197.39408330293782,SYNTHETIC_ROBUSTNESS
1993,data the stream stream jumps jumps fox the data lazy brown the data compress dog fox fox quick stream compress lazy over over do,197.47510904472858,SYNTHETIC_ROBUSTNESS
1994,lazy the over data compress data over fox lazy stream the over over dog lazy compress quick stream compress compress brown brown,197.74146772835405,SYNTHETIC_ROBUSTNESS
1995,dog fox dog fox lazy jumps compress dog over jumps jumps fox the data quick compress jumps jumps lazy quick the compress brown l,197.81248028243405,SYNTHETIC_ROBUSTNESS
1996,quick brown over the compress jumps dog quick jumps stream lazy jumps compress lazy data data the lazy stream data data the over,197.8354030742198,SYNTHETIC_ROBUSTNESS
1997,over over brown lazy fox dog quick fox brown over jumps brown stream jumps over over compress dog dog stream stream compress laz,198.03951374487295,SYNTHETIC_ROBUSTNESS
1998,data over over fox compress stream fox over compress fox compress quick fox stream compress data compress stream the data the ju,198.2005935251987,SYNTHETIC_ROBUSTNESS
1999,compress jumps over lazy data lazy dog compress jumps fox compress dog over jumps quick jumps brown dog lazy quick the jumps qui,198.25134509176925,SYNTHETIC_ROBUSTNESS
