msg_id,text,timestamp,source_type
0,the over brown data compress stream brown over quick lazy brown stream lazy the stream lazy over over data data jumps compress l,0.10367678681537931,SYNTHETIC_ROBUSTNESS
1,brown stream data lazy lazy over stream the quick the brown the compress compress compress data data brown data the brown quick ,0.16044241142798482,SYNTHETIC_ROBUSTNESS
2,jumps jumps quick compress jumps quick jumps stream jumps the the data jumps the the compress jumps stream fox jumps fox brown o,0.17486979867615457,SYNTHETIC_ROBUSTNESS
3,the dog over dog jumps fox over data quick lazy fox over over jumps jumps over data quick lazy over brown data brown compress da,0.1754638656777164,SYNTHETIC_ROBUSTNESS
4,data lazy dog over over over fox the data dog lazy brown fox brown jumps over stream quick dog dog compress lazy the jumps strea,0.17847653052004764,SYNTHETIC_ROBUSTNESS
5,fox jumps fox data data brown data lazy dog dog stream jumps stream jumps brown dog lazy data fox fox data quick quick data over,0.38060613207001115,SYNTHETIC_ROBUSTNESS
6,fox fox brown lazy lazy compress data over dog data dog the compress fox compress lazy compress data stream jumps dog dog the br,0.4418231850856936,SYNTHETIC_ROBUSTNESS
7,compress data stream brown stream brown fox compress compress data fox lazy lazy stream jumps jumps fox lazy dog fox the quick l,0.548950295163497,SYNTHETIC_ROBUSTNESS
8,brown data jumps fox dog data compress stream lazy dog over data quick the data data over over jumps compress stream quick compr,0.8135106607567959,SYNTHETIC_ROBUSTNESS
9,compress over the compress the quick dog dog fox brown stream the quick quick quick data stream stream data over lazy jumps data,0.8270101761341291,SYNTHETIC_ROBUSTNESS
10,dog quick fox quick data jumps dog lazy data fox over lazy data over stream jumps jumps brown quick data brown quick the over do,0.8863613394333084,SYNTHETIC_ROBUSTNESS
11,quick brown quick over stream compress over lazy dog over the brown quick the quick brown compress stream lazy jumps stream fox ,0.9638116838140142,SYNTHETIC_ROBUSTNESS
12,the brown over dog quick compress stream stream lazy the quick compress dog data the jumps fox quick dog brown the brown data la,1.1480337782973629,SYNTHETIC_ROBUSTNESS
13,over compress fox data dog compress the dog jumps lazy lazy dog over brown the lazy data stream dog dog quick lazy stream jumps ,1.6550472256506308,SYNTHETIC_ROBUSTNESS
14,brown fox compress brown stream dog brown stream brown compress over fox quick jumps the over compress stream over the compress ,1.7794151312253945,SYNTHETIC_ROBUSTNESS
15,data quick compress fox dog stream over dog dog lazy jumps stream quick lazy fox over data fox the lazy quick over jumps over qu,1.8820910312712409,SYNTHETIC_ROBUSTNESS
16,stream jumps compress stream the stream dog stream data fox stream brown stream fox dog over stream jumps the data dog fox over ,2.135055322495545,SYNTHETIC_ROBUSTNESS
17,jumps lazy stream fox over over brown quick brown lazy dog brown dog compress stream lazy the stream jumps brown fox dog fox qui,2.3166897927182464,SYNTHETIC_ROBUSTNESS
18,brown stream data lazy lazy over stream the quick the brown the compress compress compress data data brown data the brown quick ,2.5169705626024323,SYNTHETIC_ROBUSTNESS
19,stream lazy the quick dog brown lazy stream fox compress stream compress brown compress lazy over jumps compress brown over data,2.517241501778394,SYNTHETIC_ROBUSTNESS
20,brown data quick compress jumps lazy the over fox jumps lazy stream dog quick jumps lazy the quick compress jumps jumps data fox,2.5894851145564792,SYNTHETIC_ROBUSTNESS
21,over data over over the data brown lazy jumps data fox jumps fox brown dog the jumps brown brown fox dog quick over dog dataaaaa,2.742145901111471,SYNTHETIC_ROBUSTNESS
22,over quick data lazy compress fox brown over lazy dog the fox brown jumps the dog quick stream dog compress over brown the brown,2.7621688509166833,SYNTHETIC_ROBUSTNESS
23,stream lazy jumps fox dog jumps quick over the data dog brown compress fox brown stream quick data compress data the brown quick,2.901380897553836,SYNTHETIC_ROBUSTNESS
24,over compress brown jumps dog quick over the lazy dog over quick the stream compress lazy lazy the the quick fox the jumps compr,2.902301133935753,SYNTHETIC_ROBUSTNESS
25,fox quick lazy the compress over quick compress dog the data dog jumps over fox fox lazy fox compress lazy quick fox data jumps ,2.9879069740762603,SYNTHETIC_ROBUSTNESS
26,dog the jumps the lazy data jumps quick brown jumps over over dog fox compress fox over the data lazy compress jumps quick over ,3.1785083289698264,SYNTHETIC_ROBUSTNESS
27,over quick jumps quick over dog data brown fox jumps stream data over brown quick stream fox compress compress lazy stream strea,3.234957055090973,SYNTHETIC_ROBUSTNESS
28,dog data data over over compress jumps fox dog over stream brown stream compress compress the jumps brown lazy the the data fox ,3.3694540750045885,SYNTHETIC_ROBUSTNESS
29,the stream over compress stream fox fox over quick stream the over data compress dog stream data jumps stream lazy the dog dog l,3.445041192813073,SYNTHETIC_ROBUSTNESS
30,quick jumps compress the fox stream jumps lazy quick dog over stream the stream dog jumps quick stream fox over compress data ov,3.5492523791576733,SYNTHETIC_ROBUSTNESS
31,dog quick fox quick data jumps dog lazy data fox over lazy data over stream jumps jumps brown quick data brown quick the over do,3.6219575108385746,SYNTHETIC_ROBUSTNESS
32,over lazy quick lazy over jumps compress brown jumps dog dog lazy stream over the lazy brown fox quick fox data stream brown com,3.68655271929183,SYNTHETIC_ROBUSTNESS
33,jumps fox fox the fox quick brown jumps over dog quick jumps brown compress compress fox data dog dog compress brown compress do,3.870832680718866,SYNTHETIC_ROBUSTNESS
34,jumps quick the jumps stream quick lazy compress fox dog brown over jumps quick compress brown fox dog quick data compress compr,3.8805656529043913,SYNTHETIC_ROBUSTNESS
35,stream data lazy quick dog over quick fox fox compress data fox brown fox brown lazy the quick stream lazy fox data over dog the,3.968429336436724,SYNTHETIC_ROBUSTNESS
36,lazy dog lazy fox jumps compress compress the fox brown over fox data compress lazy fox compress quick quick jumps fox quick qui,3.9806246883184153,SYNTHETIC_ROBUSTNESS
37,fox jumps the quick over data stream data brown dog the jumps quick compress compress stream over over fox the brown the over th,4.063362950219668,SYNTHETIC_ROBUSTNESS
38,brown data jumps fox dog data compress stream lazy dog over data quick the data data over over jumps compress stream quick compr,4.394670729491035,SYNTHETIC_ROBUSTNESS
39,dog quick fox quick data jumps dog lazy data fox over lazy data over stream jumps jumps brown quick data brown quick the over do,4.400550010471883,SYNTHETIC_ROBUSTNESS
40,lazy over over dog over brown over dog data jumps stream over over lazy data compress brown brown over over data data quick brow,4.455369328533383,SYNTHETIC_ROBUSTNESS
41,jumps stream the fox quick the jumps fox data brown compress dog data over lazy over quick the compress brown jumps fox stream q,4.61730360910476,SYNTHETIC_ROBUSTNESS
42,lazy quick the lazy jumps lazy dog data jumps stream jumps data stream jumps the jumps dog stream quick jumps dog brown dog brow,4.663458209643103,SYNTHETIC_ROBUSTNESS
43,brown data jumps fox dog data compress stream lazy dog over data quick the data data over over jumps compress stream quick compr,4.736920725216951,SYNTHETIC_ROBUSTNESS
44,stream stream lazy over fox compress data jumps over brown fox brown jumps jumps fox the data jumps lazy the brown brown compres,4.7491044778919225,SYNTHETIC_ROBUSTNESS
45,data quick data the dog the jumps dog fox quick quick jumps brown over stream fox the compress over jumps the quick brown stream,4.774345401730814,SYNTHETIC_ROBUSTNESS
46,dog stream jumps quick fox dog compress lazy jumps quick fox over data the compress dog brown over jumps compress data quick str,4.8903171385568385,SYNTHETIC_ROBUSTNESS
47,brown stream data lazy lazy over stream the quick the brown the compress compress compress data data brown data the brown quick ,5.066685404733927,SYNTHETIC_ROBUSTNESS
48,quick jumps brown compress dog fox quick fox compress jumps quick over stream fox lazy over over quick data dog stream brown dog,5.17066023681719,SYNTHETIC_ROBUSTNESS
49,over stream quick lazy over over stream compress the jumps lazy lazy lazy stream lazy dog data dog over lazy compress data over ,5.352012216214469,SYNTHETIC_ROBUSTNESS
50,jumps compress stream over data compress lazy data jumps quick quick compress jumps compress lazy dog jumps brown data brown laz,5.445065753686009,SYNTHETIC_ROBUSTNESS
51,the fox fox over dog data fox over quick data fox over jumps dog the fox over compress lazy the compress lazy lazy quick dogaaaa,5.611248518105159,SYNTHETIC_ROBUSTNESS
52,the jumps data quick fox brown jumps data fox compress fox over brown data dog quick dog quick over fox quick fox jumps dog lazy,6.0180390419235055,SYNTHETIC_ROBUSTNESS
53,brown compress stream quick lazy data over lazy brown quick jumps data stream stream data compress data stream data data compres,6.02668471146031,SYNTHETIC_ROBUSTNESS
54,data compress data lazy over over jumps compress quick data compress over data stream quick dog jumps stream fox dog over fox br,6.092010002069103,SYNTHETIC_ROBUSTNESS
55,the brown over quick data fox jumps jumps the data brown the over brown data lazy jumps lazy over lazy jumps fox quick jumps str,6.1130688550109795,SYNTHETIC_ROBUSTNESS
56,compress the jumps data quick brown lazy stream over brown fox dog quick lazy fox dog over jumps lazy jumps jumps over lazy dog ,6.175660436527137,SYNTHETIC_ROBUSTNESS
57,the quick fox the the stream jumps data over over quick dog data jumps lazy dog dog dog brown dog stream lazy dog dog foxaaaaaaa,6.244892537686661,SYNTHETIC_ROBUSTNESS
58,dog brown brown data stream lazy compress over dog stream jumps brown fox jumps lazy over dog lazy dog brown over quick over bro,6.342157821790714,SYNTHETIC_ROBUSTNESS
59,dog quick fox quick data jumps dog lazy data fox over lazy data over stream jumps jumps brown quick data brown quick the over do,6.400014390358096,SYNTHETIC_ROBUSTNESS
60,dog quick fox quick data jumps dog lazy data fox over lazy data over stream jumps jumps brown quick data brown quick the over do,6.439276054947195,SYNTHETIC_ROBUSTNESS
61,over compress fox data dog compress the dog jumps lazy lazy dog over brown the lazy data stream dog dog quick lazy stream jumps ,6.443688830972023,SYNTHETIC_ROBUSTNESS
62,the fox jumps compress compress dog stream lazy compress lazy dog the the lazy jumps data compress over lazy quick fox dog lazy ,6.447230155553648,SYNTHETIC_ROBUSTNESS
63,data stream data jumps the lazy fox over the data brown the lazy stream dog jumps data fox data the stream lazy quick the overaa,6.466468357162425,SYNTHETIC_ROBUSTNESS
64,over compress fox data dog compress the dog jumps lazy lazy dog over brown the lazy data stream dog dog quick lazy stream jumps ,6.526067937700573,SYNTHETIC_ROBUSTNESS
65,dog jumps over stream brown fox jumps compress dog over fox the the over data data over over over lazy the stream compress strea,6.580113300098356,SYNTHETIC_ROBUSTNESS
66,data over over the over the data fox quick jumps data jumps dog data lazy fox lazy dog dog lazy jumps quick over brown brownaaaa,6.60127130356707,SYNTHETIC_ROBUSTNESS
67,stream stream quick brown dog quick stream jumps over data fox quick over dog fox the fox dog stream data fox over jumps over br,6.774059429297811,SYNTHETIC_ROBUSTNESS
68,stream jumps compress stream the stream dog stream data fox stream brown stream fox dog over stream jumps the data dog fox over ,6.889100488246012,SYNTHETIC_ROBUSTNESS
69,dog compress the compress compress fox jumps dog quick the brown fox fox lazy brown fox stream data lazy quick the lazy lazy jum,6.931132728801416,SYNTHETIC_ROBUSTNESS
70,data the the dog fox brown data the over data quick the data brown the fox fox data brown fox over jumps brown the lazyaaaaaaaaa,7.090571675841742,SYNTHETIC_ROBUSTNESS
71,the compress over stream fox over fox fox quick jumps lazy quick jumps compress over jumps dog stream data jumps quick data lazy,7.543818547548142,SYNTHETIC_ROBUSTNESS
72,compress over lazy lazy data data dog lazy dog the jumps fox stream brown fox brown fox compress quick compress stream brown dat,7.571927919722811,SYNTHETIC_ROBUSTNESS
73,dog data data over over compress jumps fox dog over stream brown stream compress compress the jumps brown lazy the the data fox ,7.616962123788717,SYNTHETIC_ROBUSTNESS
74,stream jumps compress stream the stream dog stream data fox stream brown stream fox dog over stream jumps the data dog fox over ,8.111703558174106,SYNTHETIC_ROBUSTNESS
75,stream compress data over quick fox data over over lazy over dog brown fox fox the jumps over brown the fox data data stream jum,8.126539937115377,SYNTHETIC_ROBUSTNESS
76,fox over brown stream stream stream data lazy fox lazy the jumps brown data compress stream data quick data the fox fox stream d,8.134572886354947,SYNTHETIC_ROBUSTNESS
77,brown brown the jumps the over fox data stream compress the data data brown data jumps over lazy fox jumps the brown data data d,8.208176509081898,SYNTHETIC_ROBUSTNESS
78,brown data jumps fox dog data compress stream lazy dog over data quick the data data over over jumps compress stream quick compr,8.271368379016725,SYNTHETIC_ROBUSTNESS
79,data brown stream fox jumps quick the dog the stream compress the dog the over data fox quick the lazy brown data compress fox t,8.279520706923995,SYNTHETIC_ROBUSTNESS
80,brown stream data lazy lazy over stream the quick the brown the compress compress compress data data brown data the brown quick ,8.313774811612356,SYNTHETIC_ROBUSTNESS
81,quick dog over data fox fox compress lazy brown compress lazy lazy stream stream fox fox data the jumps dog lazy over brown dog ,8.368064363086393,SYNTHETIC_ROBUSTNESS
82,dog quick jumps stream data stream dog data quick stream brown lazy the the lazy data the stream data jumps over over quick jump,8.540779370276164,SYNTHETIC_ROBUSTNESS
83,fox brown compress dog dog quick dog the fox over brown lazy data the over stream fox quick jumps over the dog the compress comp,8.663825544212537,SYNTHETIC_ROBUSTNESS
84,stream lazy compress compress compress fox brown lazy quick dog fox brown dog data the jumps quick fox data dog brown stream jum,8.909780595464008,SYNTHETIC_ROBUSTNESS
85,jumps fox fox the fox quick brown jumps over dog quick jumps brown compress compress fox data dog dog compress brown compress do,8.950202174891794,SYNTHETIC_ROBUSTNESS
86,jumps fox fox the fox quick brown jumps over dog quick jumps brown compress compress fox data dog dog compress brown compress do,8.987218499886307,SYNTHETIC_ROBUSTNESS
87,the stream over compress stream fox fox over quick stream the over data compress dog stream data jumps stream lazy the dog dog l,9.049428060330861,SYNTHETIC_ROBUSTNESS
88,the stream over compress stream fox fox over quick stream the over data compress dog stream data jumps stream lazy the dog dog l,9.050183721965984,SYNTHETIC_ROBUSTNESS
89,compress over the compress the quick dog dog fox brown stream the quick quick quick data stream stream data over lazy jumps data,9.073417300046215,SYNTHETIC_ROBUSTNESS
90,brown stream quick stream data fox fox stream dog brown stream brown over the dog over quick quick quick fox the data the dog st,9.097175923479812,SYNTHETIC_ROBUSTNESS
91,the lazy the over lazy stream fox dog data the the compress over jumps brown dog jumps fox stream data the lazy stream quick qui,9.103479492107466,SYNTHETIC_ROBUSTNESS
92,brown dog over compress data jumps over stream compress compress the jumps quick compress dog dog the fox brown dog dog fox the ,9.164200423180773,SYNTHETIC_ROBUSTNESS
93,the quick stream compress stream data quick compress stream quick over fox dog stream the compress data dog fox over the quick b,9.400137351192118,SYNTHETIC_ROBUSTNESS
94,lazy dog lazy stream lazy lazy quick quick dog stream lazy fox over fox dog quick lazy stream dog lazy stream compress over quic,9.400541207247429,SYNTHETIC_ROBUSTNESS
95,the compress data stream lazy fox quick lazy compress compress the quick compress data compress the fox data over data the strea,9.49953888143814,SYNTHETIC_ROBUSTNESS
96,jumps data stream data compress over dog jumps fox lazy over dog compress lazy jumps lazy the data over compress over stream com,9.711010706950194,SYNTHETIC_ROBUSTNESS
97,fox brown fox jumps quick dog over quick fox jumps lazy fox dog stream jumps dog data data over over jumps quick stream over qui,9.722385947950187,SYNTHETIC_ROBUSTNESS
98,over dog lazy fox data over data lazy data compress stream lazy quick dog dog over fox the stream data data fox over over jumpsa,9.971589084745917,SYNTHETIC_ROBUSTNESS
99,stream jumps compress stream the stream dog stream data fox stream brown stream fox dog over stream jumps the data dog fox over ,10.142250972758672,SYNTHETIC_ROBUSTNESS
100,over dog stream data over dog data over data stream jumps stream data fox jumps the the compress brown brown over the stream the,10.1664035380387,SYNTHETIC_ROBUSTNESS
101,compress data quick brown fox quick dog jumps stream the over fox over fox fox lazy lazy fox jumps the quick stream dog dog data,10.402153690862537,SYNTHETIC_ROBUSTNESS
102,jumps brown jumps stream the stream the jumps jumps lazy stream the data the brown dog data stream brown fox data fox fox dog fo,10.565125807370661,SYNTHETIC_ROBUSTNESS
103,the over over over dog jumps quick the lazy jumps the compress compress the over the the quick lazy brown fox over brown brown c,10.576935388782548,SYNTHETIC_ROBUSTNESS
104,compress brown the data over brown the fox dog quick lazy jumps lazy lazy jumps data compress data data fox lazy jumps over comp,10.754484312222969,SYNTHETIC_ROBUSTNESS
105,data brown stream dog stream brown quick stream brown compress stream quick brown dog data stream jumps jumps lazy dog the quick,10.832612872636547,SYNTHETIC_ROBUSTNESS
106,stream jumps compress stream the stream dog stream data fox stream brown stream fox dog over stream jumps the data dog fox over ,11.00187303828927,SYNTHETIC_ROBUSTNESS
107,dog quick data brown jumps over compress fox fox dog quick lazy data brown data stream compress the compress quick data quick do,11.098018846602923,SYNTHETIC_ROBUSTNESS
108,dog quick fox quick data jumps dog lazy data fox over lazy data over stream jumps jumps brown quick data brown quick the over do,11.147753370727782,SYNTHETIC_ROBUSTNESS
109,dog fox lazy brown over compress data the the data the the compress dog jumps brown dog over dog dog fox compress the data dataa,11.23966796853218,SYNTHETIC_ROBUSTNESS
110,dog quick fox quick data jumps dog lazy data fox over lazy data over stream jumps jumps brown quick data brown quick the over do,11.340777776026862,SYNTHETIC_ROBUSTNESS
111,the stream over compress stream fox fox over quick stream the over data compress dog stream data jumps stream lazy the dog dog l,11.486109328477113,SYNTHETIC_ROBUSTNESS
112,the fox over over data brown dog dog the over jumps quick dog over quick compress over compress dog fox compress fox stream brow,11.663706853403777,SYNTHETIC_ROBUSTNESS
113,dog stream stream over the fox stream jumps data jumps the over lazy data dog brown over fox brown quick quick lazy brown stream,11.772536620834483,SYNTHETIC_ROBUSTNESS
114,stream jumps data quick the stream jumps brown the quick the stream quick dog fox the brown the dog quick lazy fox brown lazy fo,12.229596194567819,SYNTHETIC_ROBUSTNESS
115,compress over the compress the quick dog dog fox brown stream the quick quick quick data stream stream data over lazy jumps data,12.380352463384504,SYNTHETIC_ROBUSTNESS
116,fox over over dog jumps quick fox the stream jumps lazy the quick compress brown stream jumps brown compress over compress dog t,12.622000656050584,SYNTHETIC_ROBUSTNESS
117,quick fox fox over stream stream over compress compress over dog data stream lazy over jumps fox brown lazy data fox the stream ,12.660492569026676,SYNTHETIC_ROBUSTNESS
118,dog the the over compress lazy brown compress compress data stream fox over compress jumps lazy dog lazy data quick brown compre,12.698505561000633,SYNTHETIC_ROBUSTNESS
119,dog data data over over compress jumps fox dog over stream brown stream compress compress the jumps brown lazy the the data fox ,12.743499794143966,SYNTHETIC_ROBUSTNESS
120,jumps data lazy dog stream the over data brown jumps quick brown data brown dog stream compress compress jumps stream brown dog ,12.801430993880524,SYNTHETIC_ROBUSTNESS
121,fox the lazy compress jumps brown dog fox compress over compress data over the dog lazy fox compress fox stream data stream quic,13.126881643943292,SYNTHETIC_ROBUSTNESS
122,data the dog quick lazy dog brown lazy fox jumps lazy lazy over data over dog brown the data fox dog jumps jumps jumps lazyaaaaa,13.134519136925556,SYNTHETIC_ROBUSTNESS
123,compress compress the jumps quick jumps fox stream data dog the over data data the jumps quick fox over data quick over dog stre,13.203523054406025,SYNTHETIC_ROBUSTNESS
124,fox lazy quick over over the fox jumps dog over brown data fox stream over the data the over the over over lazy lazy theaaaaaaaa,13.221096645982271,SYNTHETIC_ROBUSTNESS
125,dog data data over over compress jumps fox dog over stream brown stream compress compress the jumps brown lazy the the data fox ,13.387641067871733,SYNTHETIC_ROBUSTNESS
126,quick quick fox fox data fox brown the data lazy lazy dog the stream compress quick quick fox quick quick jumps fox dog fox data,13.390805024028918,SYNTHETIC_ROBUSTNESS
127,brown stream data lazy lazy over stream the quick the brown the compress compress compress data data brown data the brown quick ,13.451528445169208,SYNTHETIC_ROBUSTNESS
128,dog over compress brown lazy quick compress lazy quick lazy stream over data stream quick the fox lazy stream over fox dog compr,13.501738330295654,SYNTHETIC_ROBUSTNESS
129,the the stream data lazy the compress over compress jumps the quick data fox lazy brown fox fox data compress quick data compres,13.511409355140058,SYNTHETIC_ROBUSTNESS
130,over dog fox dog lazy quick stream compress quick over dog fox dog compress lazy dog jumps jumps brown over the the the jumps st,13.558685129014522,SYNTHETIC_ROBUSTNESS
131,the over over over dog jumps quick the lazy jumps the compress compress the over the the quick lazy brown fox over brown brown c,13.724249282935716,SYNTHETIC_ROBUSTNESS
132,compress lazy lazy data the lazy compress dog compress quick stream dog fox lazy the over over dog quick dog quick over the lazy,13.739038357247347,SYNTHETIC_ROBUSTNESS
133,brown data jumps fox dog data compress stream lazy dog over data quick the data data over over jumps compress stream quick compr,14.149512739820713,SYNTHETIC_ROBUSTNESS
134,fox quick data brown stream brown dog fox quick brown the dog brown lazy fox data data dog over brown compress data lazy stream ,14.155535983863759,SYNTHETIC_ROBUSTNESS
135,brown stream data lazy lazy over stream the quick the brown the compress compress compress data data brown data the brown quick ,14.189658724560248,SYNTHETIC_ROBUSTNESS
136,jumps brown the lazy the data quick stream stream brown dog stream jumps data brown stream lazy fox jumps lazy brown stream brow,14.338779384152966,SYNTHETIC_ROBUSTNESS
137,fox lazy the quick fox data brown fox the brown brown the lazy dog lazy data stream quick lazy lazy quick the fox the brownaaaaa,14.383021542934086,SYNTHETIC_ROBUSTNESS
138,compress over dog dog jumps fox data stream quick brown fox the data fox brown dog lazy dog brown the fox dog fox fox theaaaaaaa,14.448482191522421,SYNTHETIC_ROBUSTNESS
139,the compress the brown brown lazy jumps brown lazy compress over lazy quick quick fox brown jumps brown stream the the the dog d,14.469142613770746,SYNTHETIC_ROBUSTNESS
140,fox the brown stream jumps stream dog lazy the stream the data compress over stream dog quick quick jumps lazy compress the quic,14.594843368926057,SYNTHETIC_ROBUSTNESS
141,dog data data over over compress jumps fox dog over stream brown stream compress compress the jumps brown lazy the the data fox ,14.614632577552578,SYNTHETIC_ROBUSTNESS
142,compress over the compress the quick dog dog fox brown stream the quick quick quick data stream stream data over lazy jumps data,14.803502198745258,SYNTHETIC_ROBUSTNESS
143,jumps fox fox the fox quick brown jumps over dog quick jumps brown compress compress fox data dog dog compress brown compress do,14.881046342332626,SYNTHETIC_ROBUSTNESS
144,dog quick fox quick data jumps dog lazy data fox over lazy data over stream jumps jumps brown quick data brown quick the over do,14.960488354944326,SYNTHETIC_ROBUSTNESS
145,compress jumps compress over dog dog compress lazy brown dog quick dog quick the fox data dog over fox data brown dog lazy lazy ,15.231561121538846,SYNTHETIC_ROBUSTNESS
146,jumps fox fox the fox quick brown jumps over dog quick jumps brown compress compress fox data dog dog compress brown compress do,15.379841463219735,SYNTHETIC_ROBUSTNESS
147,brown data jumps fox dog data compress stream lazy dog over data quick the data data over over jumps compress stream quick compr,15.51576367225282,SYNTHETIC_ROBUSTNESS
148,over quick brown fox dog over fox over dog data jumps stream the jumps lazy fox compress brown fox fox stream over brown brown l,15.710984784456205,SYNTHETIC_ROBUSTNESS
149,fox compress dog data the lazy quick lazy jumps stream lazy over dog dog dog compress jumps dog quick quick brown brown lazy bro,15.720615753589726,SYNTHETIC_ROBUSTNESS
150,compress over the compress the quick dog dog fox brown stream the quick quick quick data stream stream data over lazy jumps data,15.850094663016614,SYNTHETIC_ROBUSTNESS
151,stream over fox data over data over the dog lazy jumps lazy the the brown fox fox lazy jumps lazy compress dog brown stream brow,15.876648621767334,SYNTHETIC_ROBUSTNESS
152,brown data jumps fox dog data compress stream lazy dog over data quick the data data over over jumps compress stream quick compr,15.909630551130018,SYNTHETIC_ROBUSTNESS
153,data jumps quick quick data dog jumps brown over data fox brown the fox over compress brown brown stream the lazy quick data jum,15.911156752278858,SYNTHETIC_ROBUSTNESS
154,the over brown dog lazy fox brown brown data data stream fox lazy jumps brown over brown stream stream dog dog brown data dog ju,16.135325568512165,SYNTHETIC_ROBUSTNESS
155,brown data brown fox fox fox data dog fox jumps stream brown brown data over fox the fox dog the brown brown over stream lazyaaa,16.26969233404875,SYNTHETIC_ROBUSTNESS
156,the lazy compress over brown data fox dog data compress compress lazy stream quick the brown compress over compress over data ov,16.284691765629997,SYNTHETIC_ROBUSTNESS
157,jumps lazy fox quick jumps quick quick jumps stream data over dog quick brown dog lazy brown dog over compress over quick fox do,16.32443003205084,SYNTHETIC_ROBUSTNESS
158,compress over lazy fox fox fox stream lazy over compress jumps data quick lazy stream compress dog brown the data fox data lazy ,16.389809769444735,SYNTHETIC_ROBUSTNESS
159,jumps stream jumps brown dog data fox stream data fox lazy dog brown lazy lazy the quick stream dog compress quick quick the dat,16.457914000000603,SYNTHETIC_ROBUSTNESS
160,fox jumps data quick lazy over over over data fox brown lazy jumps brown brown the fox data the stream dog the lazy lazy theaaaa,16.548462418536655,SYNTHETIC_ROBUSTNESS
161,over the quick brown jumps quick data dog fox brown stream data brown jumps data lazy the jumps jumps over compress jumps brown ,16.61236311762778,SYNTHETIC_ROBUSTNESS
162,over dog data jumps data dog the brown data over compress jumps jumps lazy quick brown brown data quick lazy data compress jumps,16.716959024533192,SYNTHETIC_ROBUSTNESS
163,the stream over compress stream fox fox over quick stream the over data compress dog stream data jumps stream lazy the dog dog l,16.932264212529013,SYNTHETIC_ROBUSTNESS
164,fox dog brown lazy compress data the compress data stream fox dog data dog fox quick jumps dog quick the quick quick stream dog ,16.983026048984936,SYNTHETIC_ROBUSTNESS
165,data stream stream dog brown lazy stream the over brown fox lazy jumps lazy dog over over dog lazy quick fox stream jumps brown ,17.19234839221194,SYNTHETIC_ROBUSTNESS
166,compress over the compress the quick dog dog fox brown stream the quick quick quick data stream stream data over lazy jumps data,17.21714456831635,SYNTHETIC_ROBUSTNESS
167,the over over over dog jumps quick the lazy jumps the compress compress the over the the quick lazy brown fox over brown brown c,17.23008499754944,SYNTHETIC_ROBUSTNESS
168,dog brown dog lazy dog jumps data the dog fox compress fox the fox lazy lazy the dog fox jumps stream jumps quick quick overaaaa,17.257449936370584,SYNTHETIC_ROBUSTNESS
169,quick compress lazy dog dog brown the brown jumps compress stream dog jumps fox quick fox jumps over jumps fox data stream lazy ,17.280591787706086,SYNTHETIC_ROBUSTNESS
170,over quick lazy jumps data brown lazy brown stream fox fox compress data dog the fox compress jumps lazy the lazy brown dog the ,17.70109091321605,SYNTHETIC_ROBUSTNESS
171,compress over over dog compress stream data jumps over jumps quick fox fox stream stream dog over lazy quick the dog fox stream ,17.749064593777412,SYNTHETIC_ROBUSTNESS
172,quick brown lazy quick lazy jumps fox compress jumps dog over quick dog brown brown over jumps jumps compress data brown data la,17.85446862862969,SYNTHETIC_ROBUSTNESS
173,lazy quick data dog stream quick the the compress data lazy data lazy dog jumps the lazy data over compress fox jumps stream dat,17.97355870794935,SYNTHETIC_ROBUSTNESS
174,data data jumps dog data stream lazy stream quick quick jumps stream compress the the fox data data compress quick compress the ,18.032475021220925,SYNTHETIC_ROBUSTNESS
175,fox dog fox over dog the lazy brown data data brown fox lazy dog lazy quick dog fox over compress stream fox jumps data lazyaaaa,18.057780123508294,SYNTHETIC_ROBUSTNESS
176,lazy dog data quick fox stream fox brown compress brown jumps lazy data jumps lazy brown brown the compress fox quick dog over t,18.11542290806065,SYNTHETIC_ROBUSTNESS
177,jumps data dog dog the data lazy over quick quick over over compress brown jumps fox brown brown quick jumps over brown stream d,18.179622866137407,SYNTHETIC_ROBUSTNESS
178,compress the fox data data quick stream stream data lazy over over lazy fox the the quick lazy dog compress dog stream lazy comp,18.48755097300278,SYNTHETIC_ROBUSTNESS
179,quick data lazy stream data brown lazy data data jumps fox quick jumps dog fox data compress fox the the fox data quick fox lazy,18.57162842256516,SYNTHETIC_ROBUSTNESS
180,brown data the compress brown lazy data stream over stream over stream over quick stream over over jumps brown over over the str,18.921860462522865,SYNTHETIC_ROBUSTNESS
181,quick data the over data stream fox quick data data jumps data stream over jumps brown fox brown dog compress data over dog brow,19.0078308639069,SYNTHETIC_ROBUSTNESS
182,fox lazy stream compress lazy brown over quick the data data fox dog brown over jumps the dog fox jumps quick dog jumps jumps qu,19.023496012819027,SYNTHETIC_ROBUSTNESS
183,the stream over compress stream fox fox over quick stream the over data compress dog stream data jumps stream lazy the dog dog l,19.072008005632576,SYNTHETIC_ROBUSTNESS
184,brown over brown the quick brown compress compress fox fox data the compress compress the the data lazy jumps compress data comp,19.22918047660288,SYNTHETIC_ROBUSTNESS
185,quick brown lazy over fox brown stream over dog brown the brown quick data stream jumps over quick quick fox stream over lazy st,19.283933287399993,SYNTHETIC_ROBUSTNESS
186,quick dog compress dog the fox stream brown over dog stream fox jumps the over dog jumps stream dog the fox the data stream comp,19.29443977054229,SYNTHETIC_ROBUSTNESS
187,the data brown the brown over lazy compress quick dog fox over stream the lazy compress stream over brown compress data brown qu,19.30454078760001,SYNTHETIC_ROBUSTNESS
188,data data fox dog fox fox compress jumps compress the dog lazy data dog the compress over lazy brown the the jumps jumps quick b,19.331598999762463,SYNTHETIC_ROBUSTNESS
189,quick dog lazy stream quick jumps the stream data jumps over dog fox over data compress stream quick fox jumps jumps stream jump,19.414787474781615,SYNTHETIC_ROBUSTNESS
190,dog data data over over compress jumps fox dog over stream brown stream compress compress the jumps brown lazy the the data fox ,19.592074363553348,SYNTHETIC_ROBUSTNESS
191,jumps fox fox the fox quick brown jumps over dog quick jumps brown compress compress fox data dog dog compress brown compress do,19.668369705149313,SYNTHETIC_ROBUSTNESS
192,compress quick compress stream fox stream the compress the jumps stream stream lazy quick dog lazy compress dog fox quick jumps ,19.80544345965118,SYNTHETIC_ROBUSTNESS
193,data jumps data quick quick compress fox the stream dog lazy jumps lazy compress lazy fox brown fox fox lazy brown compress brow,19.909174419745888,SYNTHETIC_ROBUSTNESS
194,fox fox brown fox stream quick brown the jumps brown jumps the data over stream the lazy stream data the lazy jumps stream dog b,19.983429001607142,SYNTHETIC_ROBUSTNESS
195,quick fox lazy over stream lazy brown dog the the jumps stream data fox fox dog data over the stream stream compress stream dog ,20.007611692859115,SYNTHETIC_ROBUSTNESS
196,dog compress fox quick stream brown the dog lazy data fox compress brown stream dog quick dog compress lazy fox the over quick q,20.22231398214671,SYNTHETIC_ROBUSTNESS
197,brown stream data lazy lazy over stream the quick the brown the compress compress compress data data brown data the brown quick ,20.25457106874429,SYNTHETIC_ROBUSTNESS
198,jumps lazy dog over data lazy lazy the brown data stream lazy jumps quick data the jumps fox stream lazy lazy over brown jumps l,20.28371597527187,SYNTHETIC_ROBUSTNESS
199,quick brown the compress stream quick jumps brown brown quick quick lazy stream quick fox the brown the data quick over over bro,20.31352930824654,SYNTHETIC_ROBUSTNESS
200,dog the the stream compress stream jumps quick stream brown brown fox data over dog brown over quick compress stream fox lazy th,20.323587110622153,SYNTHETIC_ROBUSTNESS
201,the over over over dog jumps quick the lazy jumps the compress compress the over the the quick lazy brown fox over brown brown c,20.392632998531333,SYNTHETIC_ROBUSTNESS
202,quick over fox quick over over the over stream data stream jumps data dog brown data quick data stream data stream lazy brown ov,20.432312819131994,SYNTHETIC_ROBUSTNESS
203,compress over the compress the quick dog dog fox brown stream the quick quick quick data stream stream data over lazy jumps data,20.50611513666441,SYNTHETIC_ROBUSTNESS
204,stream dog data brown data over brown fox the compress lazy fox dog over compress stream quick dog compress quick stream brown j,20.566466879989513,SYNTHETIC_ROBUSTNESS
205,the stream quick stream quick compress the lazy stream compress lazy jumps lazy compress stream fox jumps the data quick jumps o,20.63982043311305,SYNTHETIC_ROBUSTNESS
206,data quick fox brown lazy quick lazy lazy data the stream brown lazy lazy the compress jumps quick compress dog brown stream ove,20.675153252723657,SYNTHETIC_ROBUSTNESS
207,the over over over dog jumps quick the lazy jumps the compress compress the over the the quick lazy brown fox over brown brown c,20.843967881685057,SYNTHETIC_ROBUSTNESS
208,jumps data compress jumps quick data quick quick brown dog lazy fox over brown stream fox fox stream dog brown fox dog stream th,20.920366271255364,SYNTHETIC_ROBUSTNESS
209,the stream over compress stream fox fox over quick stream the over data compress dog stream data jumps stream lazy the dog dog l,20.94374055748237,SYNTHETIC_ROBUSTNESS
210,quick jumps the jumps lazy over jumps stream stream the the stream compress data the compress fox dog data the quick lazy compre,21.175819231991756,SYNTHETIC_ROBUSTNESS
211,brown fox compress quick fox lazy fox compress jumps brown brown lazy lazy lazy over data quick dog brown fox compress stream th,21.187411407726547,SYNTHETIC_ROBUSTNESS
212,stream jumps compress stream the stream dog stream data fox stream brown stream fox dog over stream jumps the data dog fox over ,21.319624929258264,SYNTHETIC_ROBUSTNESS
213,lazy dog data fox brown compress over stream stream stream stream data dog data quick lazy fox quick the fox dog fox the lazy da,21.4330846557935,SYNTHETIC_ROBUSTNESS
214,data stream fox lazy the over dog dog quick the the stream jumps stream the over the the data compress lazy stream fox data lazy,21.440649609584344,SYNTHETIC_ROBUSTNESS
215,compress jumps the the lazy over fox brown compress data jumps jumps quick the brown over brown stream brown fox dog the jumps b,21.672427214278812,SYNTHETIC_ROBUSTNESS
216,lazy jumps lazy lazy lazy fox data lazy brown over fox dog the data compress data brown brown dog jumps data stream jumps quick ,21.710452636548386,SYNTHETIC_ROBUSTNESS
217,compress jumps brown fox fox fox dog compress lazy quick compress dog compress dog jumps lazy dog over data stream compress stre,21.845504831977923,SYNTHETIC_ROBUSTNESS
218,jumps data brown stream the data data lazy jumps fox the stream dog compress stream dog data brown dog compress brown jumps dog ,21.877939657003633,SYNTHETIC_ROBUSTNESS
219,data data dog compress lazy jumps dog the brown lazy lazy over brown dog over stream lazy dog over the data quick lazy the theaa,21.952529440778456,SYNTHETIC_ROBUSTNESS
220,jumps stream fox fox over fox compress over jumps jumps compress brown lazy dog fox jumps fox brown jumps data lazy brown jumps ,22.31128315054758,SYNTHETIC_ROBUSTNESS
221,fox brown jumps lazy brown fox fox over lazy data jumps jumps compress lazy quick quick over data compress dog brown lazy compre,22.405643282413344,SYNTHETIC_ROBUSTNESS
222,brown quick the jumps compress compress compress the data compress dog stream compress lazy quick data data jumps lazy brown jum,22.440786832006975,SYNTHETIC_ROBUSTNESS
223,stream dog over quick compress fox data stream jumps stream the fox lazy lazy the data dog dog lazy the jumps jumps compress ove,22.502105368190342,SYNTHETIC_ROBUSTNESS
224,lazy stream over over compress dog over dog the fox dog data quick over dog lazy compress brown compress over dog data lazy the ,22.61481924626704,SYNTHETIC_ROBUSTNESS
225,over compress fox fox fox lazy lazy stream fox dog data lazy quick stream compress compress the fox brown brown brown dog the ov,22.673732003812027,SYNTHETIC_ROBUSTNESS
226,compress fox jumps the jumps lazy dog data jumps over fox data quick data stream fox compress over dog quick lazy fox the the da,22.915361778862135,SYNTHETIC_ROBUSTNESS
227,jumps jumps fox dog over brown jumps brown jumps brown jumps lazy brown dog brown data stream dog fox over jumps data data fox c,23.11744941369909,SYNTHETIC_ROBUSTNESS
228,the over over over dog jumps quick the lazy jumps the compress compress the over the the quick lazy brown fox over brown brown c,23.133326735743637,SYNTHETIC_ROBUSTNESS
229,the data dog dog data over brown data over quick lazy dog brown over fox quick stream data the dog stream lazy dog fox dogaaaaaa,23.287010973473897,SYNTHETIC_ROBUSTNESS
230,brown data jumps fox dog data compress stream lazy dog over data quick the data data over over jumps compress stream quick compr,23.57246013677097,SYNTHETIC_ROBUSTNESS
231,brown over lazy brown lazy quick over quick brown fox stream brown stream jumps brown over the quick the dog dog brown jumps fox,23.610572742480837,SYNTHETIC_ROBUSTNESS
232,dog lazy stream quick quick over quick over dog lazy fox over quick quick fox the quick stream the stream the compress jumps dat,23.637782452820435,SYNTHETIC_ROBUSTNESS
233,compress over the compress the quick dog dog fox brown stream the quick quick quick data stream stream data over lazy jumps data,23.638745954254496,SYNTHETIC_ROBUSTNESS
234,fox fox compress stream brown brown data brown dog dog brown jumps brown data quick dog quick dog data lazy lazy brown dog brown,23.65103703176024,SYNTHETIC_ROBUSTNESS
235,compress dog dog dog jumps brown dog stream compress quick quick compress jumps data jumps quick dog brown stream over quick ove,23.975233748108998,SYNTHETIC_ROBUSTNESS
236,stream dog the fox quick quick fox jumps quick quick stream compress over compress compress brown fox dog lazy lazy data compres,24.024847422944717,SYNTHETIC_ROBUSTNESS
237,brown the fox jumps compress over over fox dog data over compress data over over the lazy fox jumps the data over fox quick thea,24.073842188838245,SYNTHETIC_ROBUSTNESS
238,brown compress dog compress lazy dog the the compress dog lazy lazy lazy over jumps quick data quick dog jumps lazy brown over s,24.104859352318236,SYNTHETIC_ROBUSTNESS
239,dog data data over over compress jumps fox dog over stream brown stream compress compress the jumps brown lazy the the data fox ,24.12277906588882,SYNTHETIC_ROBUSTNESS
240,data over quick quick compress dog brown data stream fox jumps over data compress compress stream compress lazy quick data quick,24.193867459166892,SYNTHETIC_ROBUSTNESS
241,lazy stream quick fox compress jumps stream data brown quick fox compress compress lazy lazy lazy dog compress over compress ove,24.322309005463676,SYNTHETIC_ROBUSTNESS
242,data the stream brown data compress stream over dog data lazy stream stream brown over fox brown quick fox the jumps fox fox bro,24.402336672256542,SYNTHETIC_ROBUSTNESS
243,stream brown over stream dog dog data quick lazy brown fox quick brown fox jumps compress brown dog compress quick over compress,24.405946057587425,SYNTHETIC_ROBUSTNESS
244,stream jumps fox dog lazy the quick fox dog stream jumps over stream quick dog quick data data quick quick stream lazy over jump,24.568639893656815,SYNTHETIC_ROBUSTNESS
245,the over lazy data brown lazy over fox data the brown brown quick dog quick over dog compress dog compress compress over over la,24.836869589303138,SYNTHETIC_ROBUSTNESS
246,dog brown jumps data stream dog quick quick compress the stream data fox jumps fox data lazy jumps lazy data compress fox fox fo,24.894918736612492,SYNTHETIC_ROBUSTNESS
247,fox data lazy fox jumps quick stream brown the lazy lazy dog fox over over over dog dog dog the compress lazy the over lazyaaaaa,24.940562669237245,SYNTHETIC_ROBUSTNESS
248,compress quick lazy dog lazy the quick dog fox data stream fox dog jumps quick fox jumps quick compress fox fox brown lazy data ,24.96668018777975,SYNTHETIC_ROBUSTNESS
249,over quick compress stream quick stream dog stream quick dog brown jumps quick compress the over stream data dog over lazy fox l,25.002615225442707,SYNTHETIC_ROBUSTNESS
250,the over over over dog jumps quick the lazy jumps the compress compress the over the the quick lazy brown fox over brown brown c,25.106023463709118,SYNTHETIC_ROBUSTNESS
251,jumps stream dog over jumps compress data lazy over lazy the lazy data data brown compress fox stream compress quick the over qu,25.25305461475974,SYNTHETIC_ROBUSTNESS
252,stream stream jumps quick fox brown fox quick jumps data quick stream fox stream data the quick lazy compress compress stream co,25.293433626380907,SYNTHETIC_ROBUSTNESS
253,stream quick lazy over compress data quick compress dog data quick compress brown fox quick jumps the dog brown brown stream ove,25.334935580556564,SYNTHETIC_ROBUSTNESS
254,jumps jumps fox brown the stream data jumps the data compress over data quick data the brown dog stream jumps the quick compress,25.394919721326225,SYNTHETIC_ROBUSTNESS
255,dog lazy jumps brown jumps data data quick the lazy data compress quick jumps jumps the the quick quick quick fox lazy fox strea,25.413577113036194,SYNTHETIC_ROBUSTNESS
256,compress over the compress the quick dog dog fox brown stream the quick quick quick data stream stream data over lazy jumps data,25.6755922935427,SYNTHETIC_ROBUSTNESS
257,compress dog brown compress fox jumps over data dog lazy stream data brown over compress quick fox dog jumps dog over dog the da,25.79782500491098,SYNTHETIC_ROBUSTNESS
258,over over the fox dog brown data quick jumps the jumps jumps the compress data quick data jumps brown compress lazy compress dat,25.85466755281504,SYNTHETIC_ROBUSTNESS
259,dog fox brown quick compress the lazy compress lazy dog data brown dog fox the data brown brown quick lazy brown brown dog lazy ,25.86770946396803,SYNTHETIC_ROBUSTNESS
260,dog fox over over dog compress the over jumps the over lazy compress compress brown brown quick over fox jumps quick compress do,26.056641543893388,SYNTHETIC_ROBUSTNESS
261,brown data jumps the brown brown brown fox data compress the lazy the over data brown over lazy the fox dog compress lazy over d,26.122751051060543,SYNTHETIC_ROBUSTNESS
262,dog the brown the dog fox over stream stream data stream jumps dog dog stream jumps compress brown stream dog jumps jumps over q,26.282148305105302,SYNTHETIC_ROBUSTNESS
263,over lazy data lazy quick stream over fox the the fox fox dog quick over fox compress lazy the compress compress data jumps over,26.285544745358397,SYNTHETIC_ROBUSTNESS
264,lazy jumps quick compress data the dog quick data fox brown jumps dog jumps over over jumps compress fox lazy data jumps quick o,26.317517637980597,SYNTHETIC_ROBUSTNESS
265,lazy compress data compress fox dog jumps the dog brown brown data quick over lazy dog stream quick compress the dog brown jumps,26.414828981429583,SYNTHETIC_ROBUSTNESS
266,data dog the dog stream quick compress the dog jumps the over over data dog lazy over stream fox compress stream over dog fox br,26.481757071622464,SYNTHETIC_ROBUSTNESS
267,over compress fox data dog compress the dog jumps lazy lazy dog over brown the lazy data stream dog dog quick lazy stream jumps ,26.516723029402748,SYNTHETIC_ROBUSTNESS
268,compress the quick the jumps stream data data dog fox fox jumps lazy quick the dog the fox stream over fox fox jumps lazy browna,26.53917876411249,SYNTHETIC_ROBUSTNESS
269,over over fox over over dog the dog dog fox quick the over stream jumps data compress the stream dog stream jumps jumps fox jump,26.575105641635233,SYNTHETIC_ROBUSTNESS
270,lazy over the brown stream compress lazy fox lazy brown data over quick the stream quick data jumps over lazy compress compress ,26.71071684837266,SYNTHETIC_ROBUSTNESS
271,over stream quick quick quick data compress jumps the jumps lazy the compress dog jumps brown lazy stream brown lazy jumps data ,26.73101508329487,SYNTHETIC_ROBUSTNESS
272,stream compress brown fox over compress compress data fox over data compress lazy lazy fox brown quick the the the quick jumps t,26.82110929784343,SYNTHETIC_ROBUSTNESS
273,compress lazy brown compress data the over dog compress over over the over lazy brown lazy lazy lazy compress stream brown lazy ,26.87621866415582,SYNTHETIC_ROBUSTNESS
274,lazy over fox compress jumps dog quick the lazy over data the data compress the data dog over lazy brown jumps quick brown lazy ,27.020204172409755,SYNTHETIC_ROBUSTNESS
275,data lazy compress brown stream dog fox stream lazy fox data brown data data fox jumps fox lazy lazy quick stream compress compr,27.042721047802456,SYNTHETIC_ROBUSTNESS
276,stream compress brown compress dog the over lazy dog compress jumps quick jumps dog quick over brown dog over fox the over data ,27.07420439375671,SYNTHETIC_ROBUSTNESS
277,dog stream jumps brown stream the fox fox the fox dog brown data the over dog brown dog jumps brown compress jumps fox compress ,27.125068450349307,SYNTHETIC_ROBUSTNESS
278,jumps over lazy data over stream data stream data the compress stream jumps brown the stream data data compress dog quick over q,27.143289679670378,SYNTHETIC_ROBUSTNESS
279,fox the dog dog dog lazy fox lazy quick quick lazy lazy over compress dog over data stream stream dog data data the compress qui,27.20512979284216,SYNTHETIC_ROBUSTNESS
280,brown jumps brown data lazy stream quick compress data quick the brown the dog lazy lazy dog data fox data jumps fox stream fox ,27.258923922861737,SYNTHETIC_ROBUSTNESS
281,compress quick over lazy dog quick jumps over lazy compress stream jumps brown brown jumps jumps stream the stream the lazy quic,27.720300064181036,SYNTHETIC_ROBUSTNESS
282,dog over the lazy fox jumps jumps jumps the quick jumps dog lazy jumps jumps brown compress the lazy lazy lazy over quick fox ov,27.810406712608923,SYNTHETIC_ROBUSTNESS
283,jumps fox fox the fox quick brown jumps over dog quick jumps brown compress compress fox data dog dog compress brown compress do,27.817605951854524,SYNTHETIC_ROBUSTNESS
284,jumps fox fox the fox quick brown jumps over dog quick jumps brown compress compress fox data dog dog compress brown compress do,27.87921376036535,SYNTHETIC_ROBUSTNESS
285,brown dog stream lazy stream quick the the fox quick over the quick data compress dog lazy fox fox stream fox data dog stream ov,28.08999912186435,SYNTHETIC_ROBUSTNESS
286,the stream over compress stream fox fox over quick stream the over data compress dog stream data jumps stream lazy the dog dog l,28.29156514312023,SYNTHETIC_ROBUSTNESS
287,dog jumps the dog over the the brown dog quick brown jumps fox stream fox jumps the jumps over fox stream over brown stream doga,28.618070784974428,SYNTHETIC_ROBUSTNESS
288,dog data data over over compress jumps fox dog over stream brown stream compress compress the jumps brown lazy the the data fox ,28.84272043990638,SYNTHETIC_ROBUSTNESS
289,dog brown fox stream brown dog fox fox fox data data data lazy fox stream the stream stream stream brown stream lazy brown fox d,28.8621152929727,SYNTHETIC_ROBUSTNESS
290,the over over over dog jumps quick the lazy jumps the compress compress the over the the quick lazy brown fox over brown brown c,28.86247295928607,SYNTHETIC_ROBUSTNESS
291,brown stream data lazy lazy over stream the quick the brown the compress compress compress data data brown data the brown quick ,28.95825005807474,SYNTHETIC_ROBUSTNESS
292,the stream over compress stream fox fox over quick stream the over data compress dog stream data jumps stream lazy the dog dog l,29.079465465000794,SYNTHETIC_ROBUSTNESS
293,dog the stream dog compress jumps brown lazy lazy fox dog stream jumps lazy data over fox stream the quick the brown dog fox fox,29.093531096471608,SYNTHETIC_ROBUSTNESS
294,the stream over compress stream fox fox over quick stream the over data compress dog stream data jumps stream lazy the dog dog l,29.11178349010252,SYNTHETIC_ROBUSTNESS
295,stream jumps compress stream the stream dog stream data fox stream brown stream fox dog over stream jumps the data dog fox over ,29.44167436920584,SYNTHETIC_ROBUSTNESS
296,jumps jumps dog data data dog jumps over compress dog the stream data quick jumps brown jumps over fox quick dog brown lazy data,29.729617411072297,SYNTHETIC_ROBUSTNESS
297,fox brown lazy quick stream stream compress fox the dog over data compress jumps fox data the jumps the over over compress the j,29.74669286822131,SYNTHETIC_ROBUSTNESS
298,fox over stream brown stream data quick quick lazy quick lazy lazy lazy jumps lazy lazy fox compress brown fox quick over lazy s,29.775062989450234,SYNTHETIC_ROBUSTNESS
299,dog fox data compress lazy quick lazy lazy quick the stream dog fox compress lazy quick compress over lazy quick brown fox jumps,29.997730692667844,SYNTHETIC_ROBUSTNESS
300,brown stream data lazy lazy over stream the quick the brown the compress compress compress data data brown data the brown quick ,30.054822467039507,SYNTHETIC_ROBUSTNESS
301,quick jumps dog quick dog brown fox data over compress dog fox dog fox jumps brown stream data brown over over the lazy stream b,30.21480718505908,SYNTHETIC_ROBUSTNESS
302,stream over fox brown brown fox jumps stream brown compress quick fox stream lazy compress lazy quick over quick over brown quic,30.26522298040236,SYNTHETIC_ROBUSTNESS
303,fox stream lazy brown quick lazy the data stream lazy quick the brown fox lazy the lazy over stream the brown stream data brown ,30.398548746953416,SYNTHETIC_ROBUSTNESS
304,jumps fox fox the fox quick brown jumps over dog quick jumps brown compress compress fox data dog dog compress brown compress do,30.449103670968285,SYNTHETIC_ROBUSTNESS
305,lazy the data dog stream jumps the fox fox jumps fox quick over brown the lazy quick fox stream lazy the brown stream brown doga,30.678544626290897,SYNTHETIC_ROBUSTNESS
306,stream dog lazy stream quick stream over stream over data the data dog the fox jumps the over brown the jumps compress brown fox,30.717933762451548,SYNTHETIC_ROBUSTNESS
307,lazy data compress dog fox lazy data dog the brown the dog compress the over the compress brown fox compress the quick over stre,30.79198240994533,SYNTHETIC_ROBUSTNESS
308,quick stream compress jumps compress brown lazy fox stream fox the data fox stream quick data dog dog compress stream over data ,30.865745812299267,SYNTHETIC_ROBUSTNESS
309,compress data jumps dog dog jumps data brown brown data quick quick compress compress the brown over data data lazy lazy compres,30.970406080294683,SYNTHETIC_ROBUSTNESS
310,the jumps the fox dog compress data quick the jumps fox dog dog jumps data lazy dog data brown quick over brown quick dog browna,31.007035334025744,SYNTHETIC_ROBUSTNESS
311,the quick brown the compress stream over the quick the brown stream quick stream over quick lazy fox over fox brown the data laz,31.10994223292939,SYNTHETIC_ROBUSTNESS
312,over stream brown quick stream dog fox over brown over jumps over jumps lazy lazy compress dog fox the dog quick quick dog over ,31.125145038628165,SYNTHETIC_ROBUSTNESS
313,fox over brown stream dog the compress over brown dog brown stream dog stream fox jumps over brown brown jumps fox data data jum,31.34921271952322,SYNTHETIC_ROBUSTNESS
314,dog data data over over compress jumps fox dog over stream brown stream compress compress the jumps brown lazy the the data fox ,31.36478147909979,SYNTHETIC_ROBUSTNESS
315,data compress dog compress compress over fox fox over data dog data quick compress data jumps lazy lazy compress brown lazy quic,31.54822412981572,SYNTHETIC_ROBUSTNESS
316,jumps lazy the lazy lazy over compress data jumps the compress brown data fox compress quick fox compress data the brown fox fox,31.666363125659778,SYNTHETIC_ROBUSTNESS
317,quick dog dog fox compress dog over lazy fox stream lazy stream quick stream over stream the compress dog dog quick dog over com,31.708076478549472,SYNTHETIC_ROBUSTNESS
318,brown lazy stream compress quick compress stream jumps lazy stream brown stream dog compress the the over lazy compress dog stre,31.747741868347244,SYNTHETIC_ROBUSTNESS
319,dog quick fox quick data jumps dog lazy data fox over lazy data over stream jumps jumps brown quick data brown quick the over do,32.0860140025668,SYNTHETIC_ROBUSTNESS
320,the dog stream quick data quick jumps stream data data jumps data quick data the the the compress the data fox over over data co,32.10770329805054,SYNTHETIC_ROBUSTNESS
321,dog quick fox quick data jumps dog lazy data fox over lazy data over stream jumps jumps brown quick data brown quick the over do,32.23606219031263,SYNTHETIC_ROBUSTNESS
322,quick compress lazy data over compress lazy over the the quick dog stream jumps lazy the the data dog compress quick the compres,32.25635735649956,SYNTHETIC_ROBUSTNESS
323,stream jumps compress stream the stream dog stream data fox stream brown stream fox dog over stream jumps the data dog fox over ,32.49216451591781,SYNTHETIC_ROBUSTNESS
324,lazy lazy the jumps brown jumps fox compress jumps compress compress dog the lazy dog stream over compress dog jumps brown data ,32.62762044660695,SYNTHETIC_ROBUSTNESS
325,over jumps quick compress compress over over fox data dog quick over compress the lazy fox over brown lazy stream over compress ,32.89748691767109,SYNTHETIC_ROBUSTNESS
326,compress over jumps jumps dog dog over quick stream the compress jumps lazy quick brown over data fox fox data compress dog data,33.10877244934728,SYNTHETIC_ROBUSTNESS
327,data over lazy brown fox over stream data over lazy data quick the compress lazy jumps dog lazy lazy dog stream over compress ov,33.18851192173471,SYNTHETIC_ROBUSTNESS
328,data over fox fox over brown compress data the jumps jumps jumps jumps brown dog over lazy stream brown stream quick quick compr,33.20502640730885,SYNTHETIC_ROBUSTNESS
329,lazy brown fox jumps stream over dog compress brown compress jumps quick the compress jumps fox lazy lazy dog quick data over st,33.230059835706186,SYNTHETIC_ROBUSTNESS
330,the stream over compress stream fox fox over quick stream the over data compress dog stream data jumps stream lazy the dog dog l,33.25260168363793,SYNTHETIC_ROBUSTNESS
331,stream jumps compress stream the stream dog stream data fox stream brown stream fox dog over stream jumps the data dog fox over ,33.277529833026136,SYNTHETIC_ROBUSTNESS
332,brown stream data lazy lazy over stream the quick the brown the compress compress compress data data brown data the brown quick ,33.34223525906241,SYNTHETIC_ROBUSTNESS
333,stream the brown quick compress the lazy compress jumps quick fox compress data fox quick brown jumps fox dog stream dog stream ,33.54457425824342,SYNTHETIC_ROBUSTNESS
334,jumps lazy jumps dog jumps quick the compress fox the compress compress compress quick over the data lazy the the compress over ,33.54691285192958,SYNTHETIC_ROBUSTNESS
335,compress fox quick dog fox brown data lazy stream quick stream over stream jumps stream stream quick quick lazy data lazy dog ju,33.57415678962595,SYNTHETIC_ROBUSTNESS
336,quick lazy brown quick dog over jumps dog stream dog lazy over fox stream brown brown the the fox the jumps stream data data bro,33.66498978521122,SYNTHETIC_ROBUSTNESS
337,jumps compress quick jumps jumps over the lazy over stream dog dog stream stream over brown the stream the data brown brown fox ,33.86547773855003,SYNTHETIC_ROBUSTNESS
338,compress brown compress over stream dog the quick fox over lazy over jumps compress brown lazy lazy fox quick compress dog strea,33.90078593445524,SYNTHETIC_ROBUSTNESS
339,quick jumps stream the the lazy dog stream data fox brown dog data the stream compress compress stream the dog jumps compress br,33.948997953848846,SYNTHETIC_ROBUSTNESS
340,the over over over dog jumps quick the lazy jumps the compress compress the over the the quick lazy brown fox over brown brown c,33.99574669915055,SYNTHETIC_ROBUSTNESS
341,jumps data compress jumps data dog jumps lazy quick the stream over lazy quick stream dog lazy fox dog fox dog dog lazy quick co,34.03051732219056,SYNTHETIC_ROBUSTNESS
342,fox the lazy data lazy the stream dog brown the fox compress stream jumps fox over brown over compress stream over jumps stream ,34.15050299340027,SYNTHETIC_ROBUSTNESS
343,stream jumps compress stream the stream dog stream data fox stream brown stream fox dog over stream jumps the data dog fox over ,34.25716051030759,SYNTHETIC_ROBUSTNESS
344,lazy stream stream over brown fox dog fox lazy lazy over dog quick over quick brown brown jumps stream over fox over lazy data b,34.44248677687685,SYNTHETIC_ROBUSTNESS
345,fox fox over the compress the stream stream lazy dog fox the data over over data fox over the jumps data quick dog fox theaaaaaa,34.69207631359972,SYNTHETIC_ROBUSTNESS
346,compress jumps dog over data dog stream data jumps lazy quick compress brown dog data fox fox jumps the stream lazy data fox dat,34.922811756513724,SYNTHETIC_ROBUSTNESS
347,dog brown quick over compress over fox dog brown quick jumps fox compress over jumps fox quick compress dog fox compress brown s,35.00049960633396,SYNTHETIC_ROBUSTNESS
348,the stream over compress stream fox fox over quick stream the over data compress dog stream data jumps stream lazy the dog dog l,35.02104193775874,SYNTHETIC_ROBUSTNESS
349,fox fox jumps jumps over lazy dog brown stream data the brown compress dog lazy dog data compress compress compress over the ove,35.04616564439823,SYNTHETIC_ROBUSTNESS
350,jumps fox the fox stream jumps jumps data dog over brown jumps over fox stream fox over jumps compress fox lazy fox the lazy jum,35.135387377557485,SYNTHETIC_ROBUSTNESS
351,dog quick fox quick data jumps dog lazy data fox over lazy data over stream jumps jumps brown quick data brown quick the over do,35.38597775499945,SYNTHETIC_ROBUSTNESS
352,the quick compress compress stream data data jumps the lazy fox fox stream jumps compress over fox over quick data compress fox ,35.46157185038548,SYNTHETIC_ROBUSTNESS
353,the stream over compress stream fox fox over quick stream the over data compress dog stream data jumps stream lazy the dog dog l,35.73603581812141,SYNTHETIC_ROBUSTNESS
354,the quick the fox over dog over quick stream lazy fox stream lazy compress the fox brown stream data stream lazy compress dog la,35.76645084706618,SYNTHETIC_ROBUSTNESS
355,data compress stream compress brown quick compress over jumps data jumps lazy fox the brown stream the compress compress jumps f,35.775481265691695,SYNTHETIC_ROBUSTNESS
356,fox dog jumps the lazy compress dog dog compress fox over stream data compress lazy data stream over data the over stream fox do,35.934587251551356,SYNTHETIC_ROBUSTNESS
357,jumps jumps the dog jumps brown compress over compress brown stream lazy quick brown lazy over fox jumps compress quick brown fo,36.14610123829807,SYNTHETIC_ROBUSTNESS
358,over dog lazy lazy fox over compress data jumps lazy the lazy brown jumps lazy brown lazy lazy data over dog brown dog brown dog,36.20553668304824,SYNTHETIC_ROBUSTNESS
359,dog lazy stream quick over lazy brown lazy data fox dog over stream jumps jumps the data dog jumps lazy lazy data the jumps jump,36.216344683802845,SYNTHETIC_ROBUSTNESS
360,brown data jumps fox dog data compress stream lazy dog over data quick the data data over over jumps compress stream quick compr,36.22066960409713,SYNTHETIC_ROBUSTNESS
361,stream fox compress brown compress lazy stream over over brown brown data data lazy brown lazy lazy lazy the the stream stream c,36.22712963406527,SYNTHETIC_ROBUSTNESS
362,jumps stream dog lazy over compress lazy jumps dog jumps compress dog lazy data lazy quick over jumps compress stream jumps fox ,36.28495347627061,SYNTHETIC_ROBUSTNESS
363,fox compress the jumps fox data jumps dog compress brown stream lazy data data fox lazy the compress compress brown fox lazy com,36.31171723951904,SYNTHETIC_ROBUSTNESS
364,dog the fox over stream fox stream stream lazy lazy dog stream jumps dog over compress compress the jumps brown over over the ju,36.37369264411161,SYNTHETIC_ROBUSTNESS
365,over compress fox data dog compress the dog jumps lazy lazy dog over brown the lazy data stream dog dog quick lazy stream jumps ,36.440731361188554,SYNTHETIC_ROBUSTNESS
366,the over quick compress brown compress data dog over fox the fox quick stream lazy the the data brown compress compress fox fox ,36.50199742178961,SYNTHETIC_ROBUSTNESS
367,stream lazy brown fox dog stream lazy fox dog jumps jumps data the brown dog stream fox data data compress compress fox data fox,36.59873540728723,SYNTHETIC_ROBUSTNESS
368,compress stream data lazy compress stream fox the over quick the dog jumps compress brown dog the data over lazy stream quick st,36.71249269185971,SYNTHETIC_ROBUSTNESS
369,over jumps over jumps fox over dog brown data the jumps brown jumps stream the lazy the dog compress data data compress the dog ,36.76290175994088,SYNTHETIC_ROBUSTNESS
370,over compress fox data dog compress the dog jumps lazy lazy dog over brown the lazy data stream dog dog quick lazy stream jumps ,36.80400457206734,SYNTHETIC_ROBUSTNESS
371,compress stream dog dog jumps over quick fox the the over jumps over brown brown quick stream fox dog the compress the lazy fox ,36.84995467509001,SYNTHETIC_ROBUSTNESS
372,stream the data compress jumps quick over stream over compress fox quick jumps stream compress data the data jumps brown the str,36.85723126564046,SYNTHETIC_ROBUSTNESS
373,dog quick fox quick data jumps dog lazy data fox over lazy data over stream jumps jumps brown quick data brown quick the over do,36.8960376183444,SYNTHETIC_ROBUSTNESS
374,data compress lazy data compress quick jumps lazy quick over stream data dog quick jumps stream dog dog compress dog dog brown d,36.91834105484399,SYNTHETIC_ROBUSTNESS
375,compress quick brown over jumps data brown jumps jumps stream over stream fox fox over stream stream quick the stream the compre,36.95270848990221,SYNTHETIC_ROBUSTNESS
376,data compress quick quick data fox stream lazy quick compress lazy jumps compress data quick fox jumps lazy lazy dog dog jumps l,37.07802377960062,SYNTHETIC_ROBUSTNESS
377,data jumps dog data data compress compress data the brown the dog quick lazy the lazy fox brown fox compress quick the quick str,37.524899378281056,SYNTHETIC_ROBUSTNESS
378,stream jumps compress stream the stream dog stream data fox stream brown stream fox dog over stream jumps the data dog fox over ,37.782015093997174,SYNTHETIC_ROBUSTNESS
379,compress data quick dog compress data brown brown jumps lazy jumps compress jumps data jumps fox dog data lazy stream stream laz,37.95440199064517,SYNTHETIC_ROBUSTNESS
380,brown stream data lazy lazy over stream the quick the brown the compress compress compress data data brown data the brown quick ,38.08803707372691,SYNTHETIC_ROBUSTNESS
381,compress over the compress the quick dog dog fox brown stream the quick quick quick data stream stream data over lazy jumps data,38.377965982222584,SYNTHETIC_ROBUSTNESS
382,brown data jumps fox dog data compress stream lazy dog over data quick the data data over over jumps compress stream quick compr,38.51741551023582,SYNTHETIC_ROBUSTNESS
383,lazy over stream compress brown compress dog over fox fox the brown quick compress dog stream jumps over compress fox data data ,38.58108362640498,SYNTHETIC_ROBUSTNESS
384,stream jumps compress stream the stream dog stream data fox stream brown stream fox dog over stream jumps the data dog fox over ,38.67305376197874,SYNTHETIC_ROBUSTNESS
385,fox dog dog fox fox fox jumps jumps lazy lazy lazy lazy stream stream brown compress lazy the fox stream dog data brown data com,38.70955111463258,SYNTHETIC_ROBUSTNESS
386,quick over dog stream over data quick quick brown jumps brown dog data data quick compress jumps the over lazy brown stream dog ,38.70988249687623,SYNTHETIC_ROBUSTNESS
387,lazy fox jumps dog jumps quick the the the quick dog fox lazy lazy brown brown stream the quick over brown brown dog stream comp,38.753518168865064,SYNTHETIC_ROBUSTNESS
388,jumps jumps lazy dog brown data compress quick compress brown quick fox data lazy fox dog fox jumps lazy lazy quick fox over jum,38.805408963927285,SYNTHETIC_ROBUSTNESS
389,quick stream quick compress over the stream compress the quick stream dog the data jumps stream jumps jumps fox dog lazy jumps c,38.93749414789426,SYNTHETIC_ROBUSTNESS
390,data stream over the fox lazy the jumps brown data jumps stream jumps quick quick fox jumps quick data fox lazy the quick the br,39.13355019499681,SYNTHETIC_ROBUSTNESS
391,compress over data brown dog the compress over compress jumps jumps dog fox over lazy fox data over fox brown lazy compress fox ,39.462305064046134,SYNTHETIC_ROBUSTNESS
392,data over data the the jumps jumps compress dog over dog fox over stream quick brown over stream dog over brown quick jumps fox ,39.505659390644155,SYNTHETIC_ROBUSTNESS
393,jumps lazy compress data fox quick over jumps quick the stream jumps quick compress jumps over dog the stream lazy lazy stream c,39.821242301842226,SYNTHETIC_ROBUSTNESS
394,dog data data over over compress jumps fox dog over stream brown stream compress compress the jumps brown lazy the the data fox ,39.98187934239379,SYNTHETIC_ROBUSTNESS
395,data brown data brown jumps fox jumps the data the the fox stream brown dog quick fox jumps over the lazy brown compress over la,39.98501235030323,SYNTHETIC_ROBUSTNESS
396,fox quick fox compress fox the compress over fox stream dog lazy over the compress stream over quick brown lazy jumps brown comp,40.07546359891655,SYNTHETIC_ROBUSTNESS
397,over brown over the fox data data brown stream jumps compress brown the dog over the data brown fox over data over quick brown q,40.120977748867226,SYNTHETIC_ROBUSTNESS
398,over compress fox data dog compress the dog jumps lazy lazy dog over brown the lazy data stream dog dog quick lazy stream jumps ,40.12443805372928,SYNTHETIC_ROBUSTNESS
399,the over over over dog jumps quick the lazy jumps the compress compress the over the the quick lazy brown fox over brown brown c,40.20026062949048,SYNTHETIC_ROBUSTNESS
400,compress fox stream jumps stream brown lazy over the stream data brown compress data brown compress stream stream over lazy brow,40.288164238181785,SYNTHETIC_ROBUSTNESS
401,dog jumps jumps quick fox compress quick data data quick the data over data quick brown dog dog over compress brown over stream ,40.31723032261843,SYNTHETIC_ROBUSTNESS
402,over jumps compress dog dog jumps lazy compress fox over the brown data quick the fox compress the fox brown over fox over over ,40.59837117978736,SYNTHETIC_ROBUSTNESS
403,compress over the compress the quick dog dog fox brown stream the quick quick quick data stream stream data over lazy jumps data,40.69264857272262,SYNTHETIC_ROBUSTNESS
404,lazy over stream lazy fox stream data the compress fox the fox brown dog over fox data lazy brown quick data dog lazy lazy compr,40.71200263672844,SYNTHETIC_ROBUSTNESS
405,jumps fox fox the fox quick brown jumps over dog quick jumps brown compress compress fox data dog dog compress brown compress do,40.83974909301987,SYNTHETIC_ROBUSTNESS
406,dog the brown quick over dog jumps fox over compress stream lazy data dog over stream stream brown dog the dog dog fox dog jumps,40.908891869706636,SYNTHETIC_ROBUSTNESS
407,jumps data fox quick the fox over compress stream over data compress data fox jumps stream the jumps the over over over the lazy,40.97299176351098,SYNTHETIC_ROBUSTNESS
408,the stream over compress stream fox fox over quick stream the over data compress dog stream data jumps stream lazy the dog dog l,41.15289027230642,SYNTHETIC_ROBUSTNESS
409,dog data data over over compress jumps fox dog over stream brown stream compress compress the jumps brown lazy the the data fox ,41.16776113360373,SYNTHETIC_ROBUSTNESS
410,data stream the brown data over fox stream dog data lazy over the stream over the data the stream stream compress lazy the lazy ,41.23528925441368,SYNTHETIC_ROBUSTNESS
411,quick jumps over lazy lazy compress data lazy lazy dog fox lazy data dog data lazy lazy compress over lazy the jumps brown lazy ,41.387049473578884,SYNTHETIC_ROBUSTNESS
412,the over over over dog jumps quick the lazy jumps the compress compress the over the the quick lazy brown fox over brown brown c,41.49504475175069,SYNTHETIC_ROBUSTNESS
413,compress over the compress the quick dog dog fox brown stream the quick quick quick data stream stream data over lazy jumps data,41.49558758819059,SYNTHETIC_ROBUSTNESS
414,jumps lazy quick quick brown stream lazy jumps dog the quick fox jumps brown over the the fox the jumps dog fox quick over dogaa,41.65044566919929,SYNTHETIC_ROBUSTNESS
415,dog quick fox quick data jumps dog lazy data fox over lazy data over stream jumps jumps brown quick data brown quick the over do,41.93989313222144,SYNTHETIC_ROBUSTNESS
416,jumps compress lazy the over the quick dog data data the over data fox brown quick jumps dog compress quick brown compress data ,42.061858928073725,SYNTHETIC_ROBUSTNESS
417,over compress stream data dog dog dog the brown lazy quick over compress quick the quick jumps lazy dog brown compress data over,42.27052643203533,SYNTHETIC_ROBUSTNESS
418,the stream over compress stream fox fox over quick stream the over data compress dog stream data jumps stream lazy the dog dog l,42.31528205388455,SYNTHETIC_ROBUSTNESS
419,brown data jumps fox dog data compress stream lazy dog over data quick the data data over over jumps compress stream quick compr,42.35845318023215,SYNTHETIC_ROBUSTNESS
420,brown stream stream over over the dog jumps brown stream quick over dog quick brown lazy over brown brown quick fox lazy lazy qu,42.39714664597333,SYNTHETIC_ROBUSTNESS
421,compress dog data data brown dog data data stream data fox data jumps the lazy over brown dog fox fox compress dog the data over,42.529937654938756,SYNTHETIC_ROBUSTNESS
422,brown lazy compress dog lazy quick over dog lazy over fox over quick fox quick data quick data compress brown over fox compress ,42.81478266486067,SYNTHETIC_ROBUSTNESS
423,stream lazy over dog fox the the dog jumps dog quick brown quick compress quick brown jumps jumps jumps fox over quick dog data ,43.03141408538091,SYNTHETIC_ROBUSTNESS
424,the stream over compress stream fox fox over quick stream the over data compress dog stream data jumps stream lazy the dog dog l,43.04769114628851,SYNTHETIC_ROBUSTNESS
425,stream over fox jumps fox over quick fox jumps jumps quick quick brown lazy stream lazy stream dog over fox dog stream the over ,43.146069904740635,SYNTHETIC_ROBUSTNESS
426,stream over jumps stream fox brown data quick compress fox data brown compress compress over the lazy lazy fox over quick over b,43.69717838654956,SYNTHETIC_ROBUSTNESS
427,fox dog compress jumps fox quick over over lazy brown lazy over compress quick dog compress jumps data stream stream data jumps ,43.73218640561943,SYNTHETIC_ROBUSTNESS
428,compress over stream data lazy lazy jumps dog dog dog over stream brown compress data compress data fox lazy over quick fox data,43.83291325471662,SYNTHETIC_ROBUSTNESS
429,lazy data brown the stream quick dog lazy brown dog fox over lazy data brown brown data data brown fox dog compress fox lazy the,44.070025165495935,SYNTHETIC_ROBUSTNESS
430,data compress the fox brown jumps quick jumps data compress fox quick fox compress fox quick compress compress stream dog data d,44.29983283272803,SYNTHETIC_ROBUSTNESS
431,fox dog stream stream quick quick fox quick over lazy lazy compress compress compress brown jumps quick jumps dog dog stream str,44.33861626976239,SYNTHETIC_ROBUSTNESS
432,data lazy lazy stream jumps fox compress jumps the the dog lazy quick jumps the jumps compress compress brown quick fox compress,44.348479579864595,SYNTHETIC_ROBUSTNESS
433,compress over quick lazy stream fox jumps lazy stream dog quick over data data the jumps brown fox data fox quick fox brown over,44.452327947292446,SYNTHETIC_ROBUSTNESS
434,fox fox data over data quick the dog data brown quick over fox quick data stream brown lazy stream over fox jumps jumps fox over,44.74601297824776,SYNTHETIC_ROBUSTNESS
435,dog lazy stream brown brown quick brown brown dog compress stream dog jumps data over the data lazy dog brown brown brown brown ,44.81693732720573,SYNTHETIC_ROBUSTNESS
436,quick compress jumps over compress lazy data compress quick over brown brown quick compress data stream the lazy over brown quic,44.8781322832976,SYNTHETIC_ROBUSTNESS
437,fox dog data jumps stream fox fox jumps jumps dog lazy stream dog the lazy lazy jumps jumps data over jumps over quick quick com,45.07760439400521,SYNTHETIC_ROBUSTNESS
438,the quick quick lazy compress compress jumps stream stream dog quick dog brown dog jumps data brown lazy data quick brown the do,45.13287279964254,SYNTHETIC_ROBUSTNESS
439,data stream data quick dog over fox brown quick the compress compress over dog quick dog the stream compress dog the jumps lazy ,45.24710687002056,SYNTHETIC_ROBUSTNESS
440,over compress fox data dog compress the dog jumps lazy lazy dog over brown the lazy data stream dog dog quick lazy stream jumps ,45.2963141852043,SYNTHETIC_ROBUSTNESS
441,brown the brown fox compress the compress dog data jumps the brown over compress quick stream dog over stream lazy jumps stream ,45.343657133141505,SYNTHETIC_ROBUSTNESS
442,jumps the stream lazy stream fox compress dog over quick quick quick data compress the dog stream data jumps brown over over dat,45.36445893098172,SYNTHETIC_ROBUSTNESS
443,over lazy lazy quick fox over quick jumps fox the stream brown the brown over lazy brown quick the the data stream brown dog qui,45.373719997392804,SYNTHETIC_ROBUSTNESS
444,jumps compress fox over data the data stream quick stream the quick fox fox the jumps jumps compress quick dog jumps quick brown,45.590142128337675,SYNTHETIC_ROBUSTNESS
445,over stream over jumps dog lazy data compress lazy data jumps compress compress brown dog compress lazy quick fox the dog fox la,45.610136092019374,SYNTHETIC_ROBUSTNESS
446,stream fox stream over brown dog stream jumps the compress jumps dog quick fox dog lazy compress lazy jumps dog brown compress o,45.61655991154322,SYNTHETIC_ROBUSTNESS
447,data quick fox lazy the lazy jumps dog fox over fox dog data lazy brown compress over dog lazy stream stream fox the over foxaaa,45.703861033644245,SYNTHETIC_ROBUSTNESS
448,data jumps quick compress brown stream data lazy dog the brown jumps compress over quick compress dog stream dog stream the quic,45.78282612550921,SYNTHETIC_ROBUSTNESS
449,over the compress over stream quick jumps data stream data over dog quick data compress fox fox data brown the over the lazy str,45.866702791756836,SYNTHETIC_ROBUSTNESS
450,stream dog brown lazy quick brown the data lazy lazy dog jumps over fox over dog brown fox compress fox compress stream brown la,45.92983368847307,SYNTHETIC_ROBUSTNESS
451,dog data data over over compress jumps fox dog over stream brown stream compress compress the jumps brown lazy the the data fox ,45.945141388541224,SYNTHETIC_ROBUSTNESS
452,dog quick fox quick data jumps dog lazy data fox over lazy data over stream jumps jumps brown quick data brown quick the over do,45.9472550531878,SYNTHETIC_ROBUSTNESS
453,over lazy lazy data fox brown compress dog lazy data the stream jumps brown fox stream fox data data quick fox stream jumps data,45.95200761195471,SYNTHETIC_ROBUSTNESS
454,compress stream quick dog over compress data stream stream dog quick data brown stream dog the data compress stream compress dat,46.23873649744102,SYNTHETIC_ROBUSTNESS
455,brown stream data lazy lazy over stream the quick the brown the compress compress compress data data brown data the brown quick ,46.31463405929754,SYNTHETIC_ROBUSTNESS
456,compress over the compress the quick dog dog fox brown stream the quick quick quick data stream stream data over lazy jumps data,46.365670121734254,SYNTHETIC_ROBUSTNESS
457,lazy brown the jumps jumps brown quick stream jumps stream brown fox compress the stream compress data lazy jumps data data data,46.41857448121026,SYNTHETIC_ROBUSTNESS
458,dog lazy stream quick stream the lazy the the jumps compress lazy stream jumps jumps stream the the compress jumps lazy compress,46.52418591143017,SYNTHETIC_ROBUSTNESS
459,jumps fox fox the fox quick brown jumps over dog quick jumps brown compress compress fox data dog dog compress brown compress do,46.57145267329691,SYNTHETIC_ROBUSTNESS
460,lazy data compress the data quick over compress quick the fox stream data lazy stream dog jumps lazy dog compress lazy fox strea,46.73064148797993,SYNTHETIC_ROBUSTNESS
461,stream lazy quick data fox compress jumps dog jumps stream data data fox stream stream brown over jumps fox fox lazy over data s,46.76074428367322,SYNTHETIC_ROBUSTNESS
462,fox over lazy fox the lazy data brown dog over compress stream data fox data lazy lazy dog stream jumps brown brown data dog the,46.806513714465325,SYNTHETIC_ROBUSTNESS
463,brown compress stream compress stream fox dog brown stream brown lazy quick fox lazy fox stream over dog compress the jumps over,47.07984561655666,SYNTHETIC_ROBUSTNESS
464,jumps over over over data data dog jumps over over lazy the jumps stream stream compress quick lazy data brown over dog stream d,47.10999446753562,SYNTHETIC_ROBUSTNESS
465,the over over over dog jumps quick the lazy jumps the compress compress the over the the quick lazy brown fox over brown brown c,47.21834296530588,SYNTHETIC_ROBUSTNESS
466,stream brown over over stream quick the over data quick over quick lazy compress over brown dog brown jumps fox compress fox str,47.26368787103091,SYNTHETIC_ROBUSTNESS
467,quick data compress over over jumps stream jumps the brown the stream stream data over brown stream stream brown jumps over comp,47.32740182432263,SYNTHETIC_ROBUSTNESS
468,quick data the quick data the dog lazy quick brown the data jumps data lazy brown brown compress stream dog stream stream jumps ,47.332025935933146,SYNTHETIC_ROBUSTNESS
469,data brown over jumps compress brown fox quick fox data jumps the stream lazy fox brown brown dog jumps brown compress lazy stre,47.350326181589324,SYNTHETIC_ROBUSTNESS
470,data the the jumps over jumps the lazy lazy over compress data the jumps fox quick data the lazy over jumps lazy over compress l,47.361074990897144,SYNTHETIC_ROBUSTNESS
471,data compress dog lazy over over jumps data data jumps the over brown over over fox the data brown lazy dog lazy data jumps doga,47.547324400106874,SYNTHETIC_ROBUSTNESS
472,over compress fox data dog compress the dog jumps lazy lazy dog over brown the lazy data stream dog dog quick lazy stream jumps ,47.873532116506446,SYNTHETIC_ROBUSTNESS
473,the stream over compress stream fox fox over quick stream the over data compress dog stream data jumps stream lazy the dog dog l,47.88057163918703,SYNTHETIC_ROBUSTNESS
474,jumps jumps fox quick over lazy stream stream lazy lazy fox quick the data fox over fox fox jumps over lazy dog dog jumps browna,47.888567535409436,SYNTHETIC_ROBUSTNESS
475,lazy stream brown lazy the jumps quick dog lazy stream dog the fox quick stream compress over the stream stream dog dog compress,47.96890145744312,SYNTHETIC_ROBUSTNESS
476,jumps quick the fox stream over compress data fox data jumps lazy compress stream over dog data the stream the lazy stream dog q,48.03902643420216,SYNTHETIC_ROBUSTNESS
477,the lazy data quick data jumps stream jumps brown dog brown quick the data compress over stream jumps quick compress fox brown t,48.14417224691272,SYNTHETIC_ROBUSTNESS
478,the jumps fox over lazy the the data compress stream stream stream jumps over jumps fox jumps brown dog data the compress stream,48.27765857202434,SYNTHETIC_ROBUSTNESS
479,jumps brown the over lazy fox the quick quick brown brown over lazy jumps brown brown dog the fox brown brown over brown fox the,48.437221671677726,SYNTHETIC_ROBUSTNESS
480,dog quick fox quick data jumps dog lazy data fox over lazy data over stream jumps jumps brown quick data brown quick the over do,48.45336578511227,SYNTHETIC_ROBUSTNESS
481,the over over over dog jumps quick the lazy jumps the compress compress the over the the quick lazy brown fox over brown brown c,48.457222793438845,SYNTHETIC_ROBUSTNESS
482,jumps jumps the over stream jumps fox quick data dog fox data brown quick compress over quick the the jumps fox stream fox the c,48.677188532258874,SYNTHETIC_ROBUSTNESS
483,the brown brown stream stream quick dog stream lazy stream jumps brown quick over fox fox the data fox brown compress data lazy ,48.74058977317167,SYNTHETIC_ROBUSTNESS
484,quick quick lazy lazy data jumps fox dog the jumps lazy brown stream compress over quick quick lazy dog dog data lazy stream jum,49.095481792452375,SYNTHETIC_ROBUSTNESS
485,jumps lazy over brown fox jumps fox data jumps fox stream quick stream fox compress quick stream over the dog the jumps dog stre,49.171575045991744,SYNTHETIC_ROBUSTNESS
486,compress stream stream lazy data the stream dog quick fox dog data data over quick lazy over jumps stream data lazy compress dat,49.24291562177245,SYNTHETIC_ROBUSTNESS
487,jumps over quick over the compress jumps jumps data fox stream data stream quick over stream the over brown compress stream dog ,49.3404611559863,SYNTHETIC_ROBUSTNESS
488,data data brown data fox lazy stream dog jumps data brown over brown jumps fox the lazy jumps fox data the brown compress jumps ,49.35911146248402,SYNTHETIC_ROBUSTNESS
489,lazy lazy over stream compress compress stream over fox the dog data fox lazy fox quick data fox brown fox data dog data the com,49.388419860139116,SYNTHETIC_ROBUSTNESS
490,jumps fox fox the fox quick brown jumps over dog quick jumps brown compress compress fox data dog dog compress brown compress do,49.62466022757041,SYNTHETIC_ROBUSTNESS
491,compress over the compress the quick dog dog fox brown stream the quick quick quick data stream stream data over lazy jumps data,49.64852754777315,SYNTHETIC_ROBUSTNESS
492,jumps brown jumps compress compress stream over data fox fox lazy stream compress brown quick fox the data compress quick stream,49.675050592736454,SYNTHETIC_ROBUSTNESS
493,quick fox fox fox fox brown dog stream compress data over the compress quick over brown data compress jumps compress dog dog dog,49.74638234947048,SYNTHETIC_ROBUSTNESS
494,the stream stream over stream the compress jumps lazy stream quick stream quick the compress dog brown data stream quick brown q,49.848867807174535,SYNTHETIC_ROBUSTNESS
495,lazy fox lazy compress jumps stream the fox over lazy quick brown brown the lazy stream jumps lazy jumps dog dog dog dog the str,49.848958234709386,SYNTHETIC_ROBUSTNESS
496,data lazy lazy stream quick over dog fox jumps brown brown stream compress brown stream quick jumps brown the lazy quick over qu,49.90998254233894,SYNTHETIC_ROBUSTNESS
497,over the dog compress jumps lazy jumps dog brown jumps quick dog stream fox jumps dog lazy fox jumps brown over brown data fox j,49.960900760761014,SYNTHETIC_ROBUSTNESS
498,dog quick fox quick data jumps dog lazy data fox over lazy data over stream jumps jumps brown quick data brown quick the over do,50.16160852703612,SYNTHETIC_ROBUSTNESS
499,quick jumps stream the dog data over jumps lazy brown brown quick brown compress stream data data quick jumps lazy compress over,50.34467776884592,SYNTHETIC_ROBUSTNESS
500,dog data data over over compress jumps fox dog over stream brown stream compress compress the jumps brown lazy the the data fox ,50.58104241762329,SYNTHETIC_ROBUSTNESS
501,fox over data fox fox the brown jumps data brown lazy over quick the quick compress dog quick dog over stream dog compress strea,50.7655904793039,SYNTHETIC_ROBUSTNESS
502,the over over over dog jumps quick the lazy jumps the compress compress the over the the quick lazy brown fox over brown brown c,50.920101372343034,SYNTHETIC_ROBUSTNESS
503,brown jumps fox brown data compress the jumps fox data brown stream dog data brown lazy brown dog stream over jumps data jumps d,51.11600442955665,SYNTHETIC_ROBUSTNESS
504,lazy dog dog brown the quick data lazy lazy dog the quick quick over brown lazy the over jumps jumps lazy dog quick dog dogaaaaa,51.13521816998707,SYNTHETIC_ROBUSTNESS
505,stream jumps jumps dog fox quick compress data fox stream lazy jumps jumps compress over jumps jumps jumps jumps fox the over la,51.17689844746392,SYNTHETIC_ROBUSTNESS
506,the stream over compress stream fox fox over quick stream the over data compress dog stream data jumps stream lazy the dog dog l,51.29197904365035,SYNTHETIC_ROBUSTNESS
507,stream fox over brown compress brown the fox quick the over dog data compress dog the lazy jumps compress stream compress brown ,51.548544250218846,SYNTHETIC_ROBUSTNESS
508,the stream over compress stream fox fox over quick stream the over data compress dog stream data jumps stream lazy the dog dog l,51.658478135281065,SYNTHETIC_ROBUSTNESS
509,data over lazy compress dog compress stream dog over fox compress quick lazy lazy dog quick over jumps stream jumps over fox qui,51.681791072742676,SYNTHETIC_ROBUSTNESS
510,the jumps brown compress the stream dog fox compress over over lazy fox data lazy compress dog brown jumps over compress dog com,51.97122615400235,SYNTHETIC_ROBUSTNESS
511,lazy jumps compress the stream compress brown brown stream dog the stream the brown stream quick over compress lazy stream data ,52.114080309383176,SYNTHETIC_ROBUSTNESS
512,the stream over compress stream fox fox over quick stream the over data compress dog stream data jumps stream lazy the dog dog l,52.24015006042546,SYNTHETIC_ROBUSTNESS
513,brown jumps lazy stream stream quick the quick over brown lazy data the dog brown compress fox dog fox fox compress quick compre,52.38391161225128,SYNTHETIC_ROBUSTNESS
514,stream over jumps jumps quick jumps jumps fox dog fox the fox lazy quick quick fox compress stream over quick data brown stream ,52.49154133275995,SYNTHETIC_ROBUSTNESS
515,dog stream quick fox jumps jumps quick fox over lazy compress fox compress over the over dog fox dog brown jumps over the the br,52.49377740594934,SYNTHETIC_ROBUSTNESS
516,fox lazy brown stream stream jumps brown data over data fox quick stream lazy the the dog over stream lazy data the over lazy co,52.52302921528528,SYNTHETIC_ROBUSTNESS
517,fox over compress quick data data lazy the quick over dog stream compress jumps stream brown fox dog quick fox data compress dat,52.8366939352284,SYNTHETIC_ROBUSTNESS
518,brown over fox lazy stream dog compress over data jumps brown data brown data brown dog stream the stream the lazy dog stream qu,52.87074657882022,SYNTHETIC_ROBUSTNESS
519,quick lazy fox over over brown data fox lazy dog brown data the jumps stream brown brown quick brown over compress stream compre,53.01842385527313,SYNTHETIC_ROBUSTNESS
520,jumps fox fox the fox quick brown jumps over dog quick jumps brown compress compress fox data dog dog compress brown compress do,53.07367267506103,SYNTHETIC_ROBUSTNESS
521,compress fox stream dog dog dog the brown quick jumps brown dog stream the lazy over over jumps dog quick stream dog the brown d,53.31175730607965,SYNTHETIC_ROBUSTNESS
522,fox over compress brown the dog dog lazy dog brown brown lazy dog lazy dog over over quick stream data brown quick brown quick b,53.39332699925693,SYNTHETIC_ROBUSTNESS
523,stream stream quick lazy data brown data fox stream over stream lazy dog dog fox the the brown dog quick dog brown lazy fox lazy,53.49326325902019,SYNTHETIC_ROBUSTNESS
524,brown data stream dog stream data over the fox data stream over brown compress quick data compress the fox fox quick the fox dat,53.52065763568319,SYNTHETIC_ROBUSTNESS
525,brown compress dog stream data stream jumps dog stream brown brown the brown over brown quick brown compress data compress jumps,53.52658205512227,SYNTHETIC_ROBUSTNESS
526,stream jumps compress stream the stream dog stream data fox stream brown stream fox dog over stream jumps the data dog fox over ,53.667869009915265,SYNTHETIC_ROBUSTNESS
527,dog data data over over compress jumps fox dog over stream brown stream compress compress the jumps brown lazy the the data fox ,53.67487299000834,SYNTHETIC_ROBUSTNESS
528,over stream data brown brown quick fox brown jumps lazy data over the over brown brown the stream compress data quick dog jumps ,53.802813839822825,SYNTHETIC_ROBUSTNESS
529,the compress dog compress data fox dog quick dog dog the quick stream over data data dog compress stream dog compress dog stream,53.88389275638068,SYNTHETIC_ROBUSTNESS
530,the stream over compress stream fox fox over quick stream the over data compress dog stream data jumps stream lazy the dog dog l,54.05538577392262,SYNTHETIC_ROBUSTNESS
531,data fox compress fox compress over stream compress the data the jumps brown compress lazy dog the fox fox stream lazy quick qui,54.07842438162703,SYNTHETIC_ROBUSTNESS
532,the compress dog brown fox fox lazy dog dog the compress fox over data over quick brown stream quick lazy quick jumps compress f,54.15641034118231,SYNTHETIC_ROBUSTNESS
533,fox compress data the quick stream data jumps lazy lazy the fox brown fox jumps brown data data over stream quick data quick ove,54.25164654286219,SYNTHETIC_ROBUSTNESS
534,brown brown stream data brown jumps over the compress compress jumps fox fox data quick data over compress dog lazy dog dog dog ,54.2593668115745,SYNTHETIC_ROBUSTNESS
535,data fox quick over quick stream quick the dog fox dog dog compress fox dog data compress compress dog stream stream over brown ,54.393667574837956,SYNTHETIC_ROBUSTNESS
536,fox dog quick compress brown jumps data compress stream data stream quick data data the stream over stream jumps lazy lazy fox b,54.44293822448243,SYNTHETIC_ROBUSTNESS
537,compress the compress quick fox dog the fox the jumps stream data quick compress over fox fox data the brown the the dog over th,54.456739691735095,SYNTHETIC_ROBUSTNESS
538,brown data jumps fox dog data compress stream lazy dog over data quick the data data over over jumps compress stream quick compr,54.5056893193072,SYNTHETIC_ROBUSTNESS
539,stream fox lazy compress the compress stream brown compress stream jumps jumps brown dog over dog over jumps quick lazy data dat,54.51603682492336,SYNTHETIC_ROBUSTNESS
540,stream brown dog stream compress lazy brown jumps quick over lazy the brown the over quick compress jumps the over over compress,54.73495878097197,SYNTHETIC_ROBUSTNESS
541,compress quick fox over quick lazy jumps data brown data over fox dog fox fox over lazy lazy stream fox over lazy brown stream d,54.795979169470264,SYNTHETIC_ROBUSTNESS
542,brown brown fox compress brown brown fox compress quick stream data quick brown brown stream fox stream brown compress jumps str,54.81083242581378,SYNTHETIC_ROBUSTNESS
543,dog data data the fox data data stream the over jumps compress over jumps lazy data brown fox data quick compress quick compress,54.83988044787276,SYNTHETIC_ROBUSTNESS
544,the data lazy compress fox dog compress the stream quick quick compress brown data jumps the data brown the jumps jumps data jum,54.96885134856646,SYNTHETIC_ROBUSTNESS
545,stream jumps compress stream the stream dog stream data fox stream brown stream fox dog over stream jumps the data dog fox over ,55.12307048306642,SYNTHETIC_ROBUSTNESS
546,over lazy over the jumps lazy lazy over dog brown data compress jumps stream dog compress jumps quick the lazy fox over data com,55.1272899011167,SYNTHETIC_ROBUSTNESS
547,compress jumps compress data stream data quick stream over compress data lazy jumps fox dog compress data fox dog over lazy lazy,55.133464698405845,SYNTHETIC_ROBUSTNESS
548,compress compress quick jumps stream jumps jumps quick data stream stream brown data the over compress dog lazy stream lazy the ,55.382579512616815,SYNTHETIC_ROBUSTNESS
549,jumps lazy quick lazy jumps over brown quick the fox the brown jumps stream lazy over dog data brown stream lazy lazy lazy dog d,55.422773978018725,SYNTHETIC_ROBUSTNESS
550,quick quick stream data jumps lazy the dog fox data brown data data dog over quick dog brown compress data compress lazy the jum,55.44425727942123,SYNTHETIC_ROBUSTNESS
551,over jumps fox brown quick fox stream dog quick dog over over the data dog brown quick quick over brown over compress stream dat,55.45738867975805,SYNTHETIC_ROBUSTNESS
552,dog brown over lazy dog the the fox stream over lazy jumps lazy lazy data fox jumps lazy jumps quick quick lazy quick fox browna,55.52200692468395,SYNTHETIC_ROBUSTNESS
553,fox brown compress quick over dog over compress dog lazy lazy quick brown dog quick fox dog compress lazy brown data compress fo,55.66943326554619,SYNTHETIC_ROBUSTNESS
554,dog the dog jumps stream fox over quick jumps over quick dog brown lazy over stream the dog jumps data brown brown data fox foxa,55.743063322854475,SYNTHETIC_ROBUSTNESS
555,brown brown data dog lazy jumps lazy over over data the brown the data the jumps data lazy over the data lazy dog over theaaaaaa,55.7451523600437,SYNTHETIC_ROBUSTNESS
556,compress the quick brown compress compress jumps quick quick compress dog the compress fox stream fox fox brown compress brown d,55.811298795646564,SYNTHETIC_ROBUSTNESS
557,the data data jumps data lazy jumps quick compress data dog the brown quick data over brown brown data dog brown dog fox lazy co,55.848645608743126,SYNTHETIC_ROBUSTNESS
558,the jumps data fox lazy fox lazy fox stream dog lazy brown quick brown quick data quick dog lazy stream brown stream jumps fox l,55.9634865433057,SYNTHETIC_ROBUSTNESS
559,fox the data fox data stream the compress compress stream data lazy fox dog jumps stream quick the stream compress compress jump,56.037617181051324,SYNTHETIC_ROBUSTNESS
560,stream stream stream compress dog lazy jumps quick data brown fox jumps jumps quick lazy quick stream data compress lazy brown l,56.373825857934506,SYNTHETIC_ROBUSTNESS
561,stream jumps compress stream the stream dog stream data fox stream brown stream fox dog over stream jumps the data dog fox over ,56.46499701964784,SYNTHETIC_ROBUSTNESS
562,over data quick brown jumps dog quick data lazy compress quick lazy brown quick lazy fox the stream lazy fox fox quick quick the,56.565095036524156,SYNTHETIC_ROBUSTNESS
563,brown stream stream brown data lazy quick data stream the fox stream over fox over jumps fox over dog quick lazy jumps lazy stre,56.63854004337629,SYNTHETIC_ROBUSTNESS
564,over stream jumps lazy the fox quick the quick jumps data stream brown over quick dog the dog fox data dog stream data dog brown,56.67579224059016,SYNTHETIC_ROBUSTNESS
565,stream over lazy compress brown quick lazy data brown fox fox data dog brown compress dog brown compress quick brown data stream,56.77538061659301,SYNTHETIC_ROBUSTNESS
566,the stream over compress stream fox fox over quick stream the over data compress dog stream data jumps stream lazy the dog dog l,56.81586389238715,SYNTHETIC_ROBUSTNESS
567,dog quick fox quick data jumps dog lazy data fox over lazy data over stream jumps jumps brown quick data brown quick the over do,56.942217826618744,SYNTHETIC_ROBUSTNESS
568,dog the data stream quick brown quick compress stream brown data fox compress data dog compress jumps data quick compress data o,56.96924742724109,SYNTHETIC_ROBUSTNESS
569,brown stream data lazy lazy over stream the quick the brown the compress compress compress data data brown data the brown quick ,57.01508044911076,SYNTHETIC_ROBUSTNESS
570,lazy fox the lazy quick jumps brown the dog fox the lazy over fox data over the over fox data jumps data compress lazy foxaaaaaa,57.10270294980641,SYNTHETIC_ROBUSTNESS
571,dog data data over over compress jumps fox dog over stream brown stream compress compress the jumps brown lazy the the data fox ,57.20172135777097,SYNTHETIC_ROBUSTNESS
572,compress dog compress jumps data the stream stream stream lazy data brown jumps compress compress jumps over quick brown quick c,57.31216815613183,SYNTHETIC_ROBUSTNESS
573,compress compress quick over stream dog brown fox fox stream over dog jumps fox brown brown dog dog jumps dog data over jumps co,57.432670981815015,SYNTHETIC_ROBUSTNESS
574,compress fox jumps lazy dog dog data jumps jumps lazy dog the data over brown dog compress fox dog over fox data the compress fo,57.47098847736903,SYNTHETIC_ROBUSTNESS
575,brown stream quick the compress compress the stream compress the over compress stream jumps data brown dog dog dog dog stream st,57.69408602265161,SYNTHETIC_ROBUSTNESS
576,dog stream data lazy fox over jumps the fox compress compress over fox data over data jumps fox brown compress data stream fox o,57.69712509912446,SYNTHETIC_ROBUSTNESS
577,lazy jumps brown dog lazy quick over data quick quick over jumps fox dog the lazy the quick stream data stream brown data jumps ,57.71800355506075,SYNTHETIC_ROBUSTNESS
578,dog compress stream fox over stream dog data dog over over jumps lazy compress data over dog the the the compress fox over brown,57.72527576737972,SYNTHETIC_ROBUSTNESS
579,fox fox stream compress compress brown jumps compress data quick dog jumps stream compress stream lazy stream over over lazy qui,57.83660886703081,SYNTHETIC_ROBUSTNESS
580,brown stream data lazy lazy over stream the quick the brown the compress compress compress data data brown data the brown quick ,57.86858329339591,SYNTHETIC_ROBUSTNESS
581,over compress data jumps lazy compress dog fox stream data quick dog over dog dog compress dog dog jumps compress quick jumps fo,57.89079189287507,SYNTHETIC_ROBUSTNESS
582,jumps fox fox the fox quick brown jumps over dog quick jumps brown compress compress fox data dog dog compress brown compress do,57.95631298506653,SYNTHETIC_ROBUSTNESS
583,dog compress brown compress lazy data the data over brown the over stream compress jumps compress over quick brown quick dog laz,58.05282104912952,SYNTHETIC_ROBUSTNESS
584,the brown dog stream data quick lazy brown quick fox data the over dog the quick quick compress the data dog quick dog jumps bro,58.14938125073895,SYNTHETIC_ROBUSTNESS
585,quick dog fox the stream brown the fox the over compress over the jumps the compress quick fox brown stream the quick quick the ,58.23090200495899,SYNTHETIC_ROBUSTNESS
586,compress over the compress the quick dog dog fox brown stream the quick quick quick data stream stream data over lazy jumps data,58.71356302412164,SYNTHETIC_ROBUSTNESS
587,the over fox fox jumps lazy over compress dog brown over fox lazy compress fox the data the over quick quick over the compress t,58.91032783980967,SYNTHETIC_ROBUSTNESS
588,jumps the jumps jumps quick fox fox over compress fox lazy brown quick lazy compress fox over data stream fox over fox data comp,58.937621663716065,SYNTHETIC_ROBUSTNESS
589,fox dog dog lazy data compress dog quick brown the stream dog data over over fox over dog lazy brown quick fox jumps lazy browna,59.07979983293362,SYNTHETIC_ROBUSTNESS
590,compress dog brown lazy jumps jumps the compress jumps data stream lazy compress dog jumps jumps quick brown data jumps dog dog ,59.1640335366267,SYNTHETIC_ROBUSTNESS
591,stream data over lazy brown data brown dog compress brown fox jumps compress brown data the data data brown quick lazy stream co,59.171346433194195,SYNTHETIC_ROBUSTNESS
592,stream jumps compress stream the stream dog stream data fox stream brown stream fox dog over stream jumps the data dog fox over ,59.1764316760286,SYNTHETIC_ROBUSTNESS
593,over data quick quick lazy compress lazy quick dog jumps the data data quick the over compress compress the data over dog dog br,59.33718517486553,SYNTHETIC_ROBUSTNESS
594,the the the the brown data lazy over jumps brown brown data over dog dog compress dog quick data brown jumps dog data brown data,59.41592891466452,SYNTHETIC_ROBUSTNESS
595,stream data dog jumps compress jumps over brown dog the data lazy data data stream stream jumps lazy stream brown jumps lazy dat,59.500634511028565,SYNTHETIC_ROBUSTNESS
596,fox the the brown lazy lazy lazy over brown stream dog over quick fox fox over the stream stream brown jumps fox over the overaa,59.541622352503,SYNTHETIC_ROBUSTNESS
597,dog brown over dog dog over compress brown jumps lazy brown over data the stream quick jumps brown compress over lazy compress f,59.80804684103437,SYNTHETIC_ROBUSTNESS
598,data lazy the data dog fox over fox stream lazy dog the brown jumps over fox the dog compress compress brown fox over the theaaa,59.93299539932156,SYNTHETIC_ROBUSTNESS
599,over quick compress fox data stream fox stream jumps jumps stream the quick lazy compress over compress fox the the data data co,60.19578883464781,SYNTHETIC_ROBUSTNESS
600,over quick jumps dog data the jumps stream dog the quick dog over quick brown quick compress lazy fox dog over dog compress stre,60.206243503495635,SYNTHETIC_ROBUSTNESS
601,dog quick fox quick data jumps dog lazy data fox over lazy data over stream jumps jumps brown quick data brown quick the over do,60.293885466273075,SYNTHETIC_ROBUSTNESS
602,dog quick fox quick data jumps dog lazy data fox over lazy data over stream jumps jumps brown quick data brown quick the over do,60.395366064218194,SYNTHETIC_ROBUSTNESS
603,fox the jumps data over stream brown over dog quick compress lazy fox fox lazy the brown brown fox jumps fox compress quick stre,60.40883279056742,SYNTHETIC_ROBUSTNESS
604,dog data data over over compress jumps fox dog over stream brown stream compress compress the jumps brown lazy the the data fox ,60.451338109589365,SYNTHETIC_ROBUSTNESS
605,compress over the compress the quick dog dog fox brown stream the quick quick quick data stream stream data over lazy jumps data,60.47552034489103,SYNTHETIC_ROBUSTNESS
606,dog compress compress brown lazy fox data over quick the data lazy the data jumps lazy jumps quick dog over data fox the fox qui,60.89194754637881,SYNTHETIC_ROBUSTNESS
607,compress over the compress the quick dog dog fox brown stream the quick quick quick data stream stream data over lazy jumps data,60.97034562793813,SYNTHETIC_ROBUSTNESS
608,jumps brown over dog jumps quick over compress jumps stream data brown jumps compress fox lazy the jumps dog lazy jumps quick fo,61.008217368752,SYNTHETIC_ROBUSTNESS
609,jumps fox fox the fox quick brown jumps over dog quick jumps brown compress compress fox data dog dog compress brown compress do,61.11742970311396,SYNTHETIC_ROBUSTNESS
610,quick data jumps over fox fox the over brown stream the the fox lazy quick compress compress dog compress dog the quick dog over,61.225177704871875,SYNTHETIC_ROBUSTNESS
611,compress data brown the the jumps brown dog quick stream dog fox fox brown fox data brown jumps over over over over lazy the jum,61.26784612620465,SYNTHETIC_ROBUSTNESS
612,jumps quick jumps compress brown over fox compress lazy jumps fox the dog data fox data fox quick jumps jumps dog stream dog ove,61.77816821833431,SYNTHETIC_ROBUSTNESS
613,lazy data stream jumps data brown fox lazy quick jumps quick dog the quick data compress dog over lazy brown fox dog over fox qu,61.94369629157032,SYNTHETIC_ROBUSTNESS
614,over the lazy fox over over the lazy stream data quick jumps the fox data compress quick the over data data the quick quick thea,61.994831896308796,SYNTHETIC_ROBUSTNESS
615,the over over over dog jumps quick the lazy jumps the compress compress the over the the quick lazy brown fox over brown brown c,62.1027303181744,SYNTHETIC_ROBUSTNESS
616,lazy lazy data brown quick dog quick the compress over fox quick the over over the over stream brown lazy fox lazy over brown th,62.22670400391558,SYNTHETIC_ROBUSTNESS
617,the fox brown lazy fox data brown data over jumps quick data the compress lazy brown stream jumps fox compress stream jumps fox ,62.245797843812596,SYNTHETIC_ROBUSTNESS
618,stream jumps compress stream the stream dog stream data fox stream brown stream fox dog over stream jumps the data dog fox over ,62.456301821379284,SYNTHETIC_ROBUSTNESS
619,stream the the over fox the quick lazy fox over lazy stream compress lazy stream brown quick compress jumps fox jumps quick jump,62.63119355154511,SYNTHETIC_ROBUSTNESS
620,dog dog compress quick the jumps lazy data the data jumps dog fox fox lazy jumps the over data lazy jumps quick dog compress the,62.7721191204633,SYNTHETIC_ROBUSTNESS
621,dog compress jumps data fox over over jumps compress over brown over stream stream lazy data compress the data jumps brown dog d,62.79730893102759,SYNTHETIC_ROBUSTNESS
622,compress data lazy lazy jumps jumps lazy stream brown fox brown data compress dog quick quick fox the stream brown stream jumps ,62.81195609997709,SYNTHETIC_ROBUSTNESS
623,jumps lazy jumps the stream brown data compress quick dog jumps fox quick stream over over brown over fox brown jumps quick the ,62.831868055673866,SYNTHETIC_ROBUSTNESS
624,dog jumps jumps data quick fox data over lazy over lazy data stream over dog brown fox over brown lazy data jumps quick fox foxa,62.841631412370155,SYNTHETIC_ROBUSTNESS
625,dog dog data the data jumps compress dog over jumps compress fox over fox brown dog jumps brown quick brown fox quick data the b,63.12345837922069,SYNTHETIC_ROBUSTNESS
626,dog the the quick the dog data compress over quick quick compress the data compress lazy fox over brown brown data brown stream ,63.31417167371716,SYNTHETIC_ROBUSTNESS
627,stream jumps compress stream the stream dog stream data fox stream brown stream fox dog over stream jumps the data dog fox over ,63.323688434070725,SYNTHETIC_ROBUSTNESS
628,dog quick fox quick data jumps dog lazy data fox over lazy data over stream jumps jumps brown quick data brown quick the over do,63.43699971031464,SYNTHETIC_ROBUSTNESS
629,jumps fox lazy over the lazy quick compress fox brown the fox dog stream the quick lazy data dog stream jumps quick quick jumps ,63.465181288297636,SYNTHETIC_ROBUSTNESS
630,the compress jumps the the quick stream jumps compress dog brown data over over the fox lazy brown the lazy jumps dog compress d,63.466923746643964,SYNTHETIC_ROBUSTNESS
631,stream dog the over data brown over fox over jumps stream jumps brown over data brown lazy quick dog dog over fox fox data compr,63.501510267173295,SYNTHETIC_ROBUSTNESS
632,the over over over dog jumps quick the lazy jumps the compress compress the over the the quick lazy brown fox over brown brown c,63.55949748636289,SYNTHETIC_ROBUSTNESS
633,stream jumps compress stream the stream dog stream data fox stream brown stream fox dog over stream jumps the data dog fox over ,63.561521650907274,SYNTHETIC_ROBUSTNESS
634,dog dog stream jumps data stream fox dog quick jumps brown data compress jumps fox stream quick stream quick quick data data the,63.600636464217054,SYNTHETIC_ROBUSTNESS
635,data the fox stream jumps stream stream the quick data quick fox over the lazy jumps quick stream jumps jumps dog fox stream ove,63.72115135688198,SYNTHETIC_ROBUSTNESS
636,jumps the data jumps dog jumps brown stream brown stream lazy over data the stream stream the the the the over quick data dog qu,63.747083945059536,SYNTHETIC_ROBUSTNESS
637,jumps jumps over compress brown dog over the fox lazy compress compress compress stream dog jumps fox over quick jumps data brow,63.81342200356029,SYNTHETIC_ROBUSTNESS
638,quick stream jumps fox compress fox fox quick stream data over the over dog lazy stream lazy over data compress the data the the,64.03197415786991,SYNTHETIC_ROBUSTNESS
639,jumps fox fox the fox quick brown jumps over dog quick jumps brown compress compress fox data dog dog compress brown compress do,64.03485433802433,SYNTHETIC_ROBUSTNESS
640,over compress fox data dog compress the dog jumps lazy lazy dog over brown the lazy data stream dog dog quick lazy stream jumps ,64.1888628498769,SYNTHETIC_ROBUSTNESS
641,stream the jumps lazy fox fox lazy dog quick jumps compress stream the stream the jumps data over data the dog quick stream dog ,64.23729628417482,SYNTHETIC_ROBUSTNESS
642,compress lazy lazy brown dog fox dog jumps jumps data stream lazy over brown compress quick fox compress over over brown dog qui,64.31519945239937,SYNTHETIC_ROBUSTNESS
643,lazy fox compress brown jumps brown the data quick compress over fox lazy quick brown stream stream fox fox brown lazy the the l,64.3414492043299,SYNTHETIC_ROBUSTNESS
644,stream dog lazy data stream over dog compress jumps brown stream data jumps dog jumps lazy compress fox the brown fox brown over,64.42794920748574,SYNTHETIC_ROBUSTNESS
645,jumps compress fox quick brown compress data over lazy lazy lazy compress compress brown jumps data dog compress quick the lazy ,64.5591420052599,SYNTHETIC_ROBUSTNESS
646,fox quick data compress brown jumps compress jumps over stream over dog over fox lazy dog jumps stream compress data the fox com,64.58164878662157,SYNTHETIC_ROBUSTNESS
647,the over over over dog jumps quick the lazy jumps the compress compress the over the the quick lazy brown fox over brown brown c,64.62369683699035,SYNTHETIC_ROBUSTNESS
648,lazy dog dog quick compress fox brown over brown fox stream the quick brown fox brown data stream brown the dog the the over fox,64.70748615875573,SYNTHETIC_ROBUSTNESS
649,jumps dog fox jumps fox jumps over compress compress compress brown dog dog stream over data over compress stream lazy fox over ,64.76140541022284,SYNTHETIC_ROBUSTNESS
650,data lazy data data brown the dog lazy lazy stream quick over dog fox lazy jumps fox the jumps lazy data quick over lazy overaaa,64.79609949733336,SYNTHETIC_ROBUSTNESS
651,jumps compress brown jumps lazy stream compress data over over quick compress lazy data fox jumps compress dog fox stream the do,64.8561904750046,SYNTHETIC_ROBUSTNESS
652,data quick over stream compress the fox dog data fox lazy brown the dog dog the lazy jumps data lazy data over quick fox foxaaaa,64.89055616084154,SYNTHETIC_ROBUSTNESS
653,stream the fox over fox dog compress jumps compress dog the the over the dog data over lazy brown compress brown dog stream quic,64.92649166883905,SYNTHETIC_ROBUSTNESS
654,stream over quick brown dog fox fox compress jumps compress data dog lazy fox data jumps compress quick quick brown quick lazy d,65.02081513632625,SYNTHETIC_ROBUSTNESS
655,dog the over data the jumps over lazy stream brown quick brown data fox lazy fox fox the stream data the lazy fox data streamaaa,65.08564499883997,SYNTHETIC_ROBUSTNESS
656,jumps fox fox the fox quick brown jumps over dog quick jumps brown compress compress fox data dog dog compress brown compress do,65.19867765748702,SYNTHETIC_ROBUSTNESS
657,lazy compress over over the jumps over data compress brown brown jumps over brown dog lazy stream fox quick jumps dog jumps brow,65.38035154414779,SYNTHETIC_ROBUSTNESS
658,dog quick fox quick data jumps dog lazy data fox over lazy data over stream jumps jumps brown quick data brown quick the over do,65.6667611367878,SYNTHETIC_ROBUSTNESS
659,data fox fox the quick stream quick brown quick dog fox data fox jumps fox lazy fox fox fox dog fox dog fox dog theaaaaaaaaaaaaa,65.68317213633682,SYNTHETIC_ROBUSTNESS
660,jumps over compress dog lazy compress stream compress stream quick lazy fox brown jumps lazy the lazy dog quick jumps quick comp,65.78157299188406,SYNTHETIC_ROBUSTNESS
661,the stream over compress stream fox fox over quick stream the over data compress dog stream data jumps stream lazy the dog dog l,65.86889600555587,SYNTHETIC_ROBUSTNESS
662,fox over fox over brown fox fox compress data compress fox dog jumps lazy fox quick the the lazy dog data over stream jumps quic,66.07059546835451,SYNTHETIC_ROBUSTNESS
663,the the over lazy stream lazy compress dog over lazy stream quick fox brown brown quick over over the the lazy lazy data data st,66.29682610186572,SYNTHETIC_ROBUSTNESS
664,stream dog the compress compress the dog data brown quick data the lazy quick quick lazy dog over brown data compress dog over f,66.43974737013703,SYNTHETIC_ROBUSTNESS
665,dog over dog data lazy jumps data dog fox jumps the fox stream jumps compress over quick lazy data dog brown dog the the dataaaa,66.53024828824596,SYNTHETIC_ROBUSTNESS
666,compress jumps stream fox over dog data brown over fox compress compress compress fox the the fox quick stream dog brown brown j,66.55247053578266,SYNTHETIC_ROBUSTNESS
667,dog data data over over compress jumps fox dog over stream brown stream compress compress the jumps brown lazy the the data fox ,66.58485513977558,SYNTHETIC_ROBUSTNESS
668,dog data data over over compress jumps fox dog over stream brown stream compress compress the jumps brown lazy the the data fox ,66.67717838900009,SYNTHETIC_ROBUSTNESS
669,lazy the brown over dog jumps data data over brown jumps brown fox over brown jumps brown brown data jumps data quick over fox o,66.6921844005947,SYNTHETIC_ROBUSTNESS
670,compress brown fox dog data compress quick brown fox jumps data the data dog quick jumps brown brown fox quick quick dog compres,66.71251410257948,SYNTHETIC_ROBUSTNESS
671,over quick stream jumps over compress the brown stream compress lazy quick fox compress data over the stream the data jumps dog ,66.95491287303113,SYNTHETIC_ROBUSTNESS
672,compress data data over dog fox jumps jumps jumps the brown quick stream over quick lazy fox data the brown lazy quick data the ,67.26798107428782,SYNTHETIC_ROBUSTNESS
673,dog quick fox quick data jumps dog lazy data fox over lazy data over stream jumps jumps brown quick data brown quick the over do,67.26850591968757,SYNTHETIC_ROBUSTNESS
674,jumps fox fox the fox quick brown jumps over dog quick jumps brown compress compress fox data dog dog compress brown compress do,67.46690591335921,SYNTHETIC_ROBUSTNESS
675,stream jumps the jumps stream lazy brown lazy stream brown stream dog data the the dog stream fox quick compress the compress th,67.74498989896466,SYNTHETIC_ROBUSTNESS
676,the data stream dog over the jumps brown data lazy compress dog over quick data over quick fox fox fox lazy data dog dog overaaa,67.81958974598798,SYNTHETIC_ROBUSTNESS
677,fox fox over data lazy over dog fox fox dog the jumps stream quick over lazy the stream quick stream over compress brown dog bro,67.8791737381235,SYNTHETIC_ROBUSTNESS
678,data stream stream lazy compress dog the fox jumps stream stream stream data over brown the brown data lazy stream dog over brow,68.13025712101322,SYNTHETIC_ROBUSTNESS
679,dog quick fox quick data jumps dog lazy data fox over lazy data over stream jumps jumps brown quick data brown quick the over do,68.13101328844024,SYNTHETIC_ROBUSTNESS
680,quick the brown compress compress lazy stream fox stream quick lazy compress quick quick over stream fox fox stream fox brown do,68.31457554441413,SYNTHETIC_ROBUSTNESS
681,dog quick fox quick data jumps dog lazy data fox over lazy data over stream jumps jumps brown quick data brown quick the over do,68.3497550977565,SYNTHETIC_ROBUSTNESS
682,quick lazy the data over jumps lazy dog jumps quick the stream over quick quick brown over fox the fox quick lazy data lazy thea,68.4522435797582,SYNTHETIC_ROBUSTNESS
683,stream quick compress data fox brown quick over quick jumps dog the stream brown over quick brown stream the brown brown the bro,68.49128123550935,SYNTHETIC_ROBUSTNESS
684,brown dog over brown dog fox fox over stream the fox stream stream dog over over data jumps stream brown fox dog compress the do,68.56529353030189,SYNTHETIC_ROBUSTNESS
685,brown data jumps fox dog data compress stream lazy dog over data quick the data data over over jumps compress stream quick compr,68.73048484625042,SYNTHETIC_ROBUSTNESS
686,brown stream data lazy lazy over stream the quick the brown the compress compress compress data data brown data the brown quick ,68.75048481092163,SYNTHETIC_ROBUSTNESS
687,the fox quick jumps brown lazy data over quick dog brown quick over fox the jumps fox compress data the dog data jumps the foxaa,68.85952500522808,SYNTHETIC_ROBUSTNESS
688,the the stream data quick compress brown over brown brown lazy quick stream compress over data lazy lazy over the the compress o,69.08813402918237,SYNTHETIC_ROBUSTNESS
689,stream over over stream the the lazy compress lazy brown stream stream compress dog dog dog stream data quick fox brown over the,69.31944981656974,SYNTHETIC_ROBUSTNESS
690,dog quick fox quick data jumps dog lazy data fox over lazy data over stream jumps jumps brown quick data brown quick the over do,69.54399559170845,SYNTHETIC_ROBUSTNESS
691,the stream over compress stream fox fox over quick stream the over data compress dog stream data jumps stream lazy the dog dog l,69.61707290281385,SYNTHETIC_ROBUSTNESS
692,compress quick jumps over fox jumps over stream brown quick dog the dog lazy brown data brown lazy jumps stream lazy compress st,69.7630460062249,SYNTHETIC_ROBUSTNESS
693,stream lazy the data data brown brown dog dog compress compress dog quick over brown jumps jumps dog compress dog data quick com,69.82226001310057,SYNTHETIC_ROBUSTNESS
694,lazy over jumps brown compress brown fox data jumps quick over compress lazy data fox jumps lazy data data lazy jumps over brown,69.88390888850591,SYNTHETIC_ROBUSTNESS
695,data brown brown fox jumps stream brown jumps dog brown brown stream over quick jumps lazy jumps stream brown quick data brown s,69.91729604865286,SYNTHETIC_ROBUSTNESS
696,the quick stream dog lazy brown over fox quick lazy data fox dog compress quick stream data over data data over quick data strea,69.95087514116373,SYNTHETIC_ROBUSTNESS
697,the over over over dog jumps quick the lazy jumps the compress compress the over the the quick lazy brown fox over brown brown c,69.95473096391264,SYNTHETIC_ROBUSTNESS
698,the over fox over dog quick dog compress over fox quick brown compress jumps jumps jumps stream the compress brown quick the ove,70.03054682502959,SYNTHETIC_ROBUSTNESS
699,dog data compress stream dog dog stream lazy data jumps over stream dog dog dog jumps brown lazy jumps brown stream compress dat,70.06747377659465,SYNTHETIC_ROBUSTNESS
700,the stream over compress stream fox fox over quick stream the over data compress dog stream data jumps stream lazy the dog dog l,70.08826066130042,SYNTHETIC_ROBUSTNESS
701,compress lazy fox data brown fox quick over the compress over data over the dog jumps quick fox jumps lazy over quick over strea,70.10123882661559,SYNTHETIC_ROBUSTNESS
702,dog data over compress brown lazy fox quick jumps jumps jumps brown the fox quick quick brown brown compress over dog stream str,70.14385646240676,SYNTHETIC_ROBUSTNESS
703,the brown fox the brown jumps stream fox over jumps dog brown jumps quick fox brown fox over dog dog dog brown fox brown overaaa,70.3731303965999,SYNTHETIC_ROBUSTNESS
704,fox over stream over the stream quick stream jumps fox jumps stream stream data quick dog data stream over the brown brown fox q,70.44578043840077,SYNTHETIC_ROBUSTNESS
705,lazy lazy the the compress brown dog lazy data over dog brown brown dog lazy fox brown jumps data lazy dog stream jumps data jum,70.52718453739233,SYNTHETIC_ROBUSTNESS
706,fox the data the data data the data brown stream compress fox brown lazy fox jumps the quick the fox the the fox compress dogaaa,70.53277047402565,SYNTHETIC_ROBUSTNESS
707,jumps fox fox the fox quick brown jumps over dog quick jumps brown compress compress fox data dog dog compress brown compress do,70.60613538447521,SYNTHETIC_ROBUSTNESS
708,over compress fox data dog compress the dog jumps lazy lazy dog over brown the lazy data stream dog dog quick lazy stream jumps ,70.71628053831476,SYNTHETIC_ROBUSTNESS
709,the the compress brown compress fox jumps jumps jumps the dog brown jumps lazy dog data quick fox jumps jumps brown compress bro,70.73261661019795,SYNTHETIC_ROBUSTNESS
710,compress stream quick jumps the the stream over quick data over brown stream the over stream lazy quick quick jumps lazy quick q,71.14338266891458,SYNTHETIC_ROBUSTNESS
711,quick over lazy the jumps dog compress the brown jumps stream over fox brown quick data fox stream the jumps fox data data compr,71.39002785346958,SYNTHETIC_ROBUSTNESS
712,fox data quick compress brown data brown stream dog jumps fox stream quick data over the compress fox the brown quick fox dog fo,71.88768402563406,SYNTHETIC_ROBUSTNESS
713,brown brown dog jumps compress compress dog jumps fox lazy over over jumps stream lazy stream the data the stream stream the qui,71.9323622763675,SYNTHETIC_ROBUSTNESS
714,dog quick fox quick data jumps dog lazy data fox over lazy data over stream jumps jumps brown quick data brown quick the over do,72.10512765586134,SYNTHETIC_ROBUSTNESS
715,dog dog compress quick dog jumps compress the brown over fox jumps dog brown the the the fox quick lazy data jumps quick brown c,72.14498689131483,SYNTHETIC_ROBUSTNESS
716,over compress jumps compress over the lazy jumps the lazy fox stream dog stream jumps stream brown jumps lazy jumps brown fox la,72.28326876160196,SYNTHETIC_ROBUSTNESS
717,compress data stream stream the brown stream compress dog dog compress brown the stream fox lazy data stream jumps brown over ju,72.5785931111693,SYNTHETIC_ROBUSTNESS
718,jumps brown compress the fox fox brown compress lazy jumps dog data dog data jumps over compress dog jumps data stream compress ,72.59543741615957,SYNTHETIC_ROBUSTNESS
719,data brown fox jumps quick the the quick brown jumps lazy quick quick data over stream stream the data data jumps over data dog ,72.61055690650204,SYNTHETIC_ROBUSTNESS
720,data the lazy the jumps over stream lazy brown over data dog stream dog data jumps compress brown stream over jumps jumps quick ,72.62158354768837,SYNTHETIC_ROBUSTNESS
721,over compress data brown the dog compress fox the dog compress fox compress over compress data compress brown fox over brown bro,72.78170610246907,SYNTHETIC_ROBUSTNESS
722,quick brown data over fox dog compress the quick data compress stream fox the brown jumps over brown the stream jumps jumps jump,72.89155741335782,SYNTHETIC_ROBUSTNESS
723,dog brown dog compress lazy lazy data lazy the quick data fox fox quick jumps compress fox over compress the the data brown fox ,72.96543782252064,SYNTHETIC_ROBUSTNESS
724,jumps jumps quick jumps lazy compress over jumps dog quick jumps brown jumps compress data lazy lazy over brown the fox fox data,73.11412120926968,SYNTHETIC_ROBUSTNESS
725,brown data jumps fox dog data compress stream lazy dog over data quick the data data over over jumps compress stream quick compr,73.30378200605848,SYNTHETIC_ROBUSTNESS
726,over dog jumps lazy dog dog the lazy the the the data over stream fox the compress the lazy dog quick data fox brown jumpsaaaaaa,73.60241651237803,SYNTHETIC_ROBUSTNESS
727,brown jumps dog over brown jumps lazy quick over data fox fox stream data jumps fox brown lazy compress fox jumps fox compress d,73.62488737111444,SYNTHETIC_ROBUSTNESS
728,dog data jumps the data stream fox jumps compress the jumps jumps stream lazy data the over stream quick fox fox fox compress do,73.68316906729483,SYNTHETIC_ROBUSTNESS
729,stream compress stream data dog jumps the jumps dog fox stream fox data fox jumps fox stream dog over data over quick fox brown ,73.9395813814778,SYNTHETIC_ROBUSTNESS
730,quick fox the compress compress brown stream the quick compress data data over compress dog dog data lazy over data over compres,74.00144542756186,SYNTHETIC_ROBUSTNESS
731,fox over lazy dog compress brown dog data dog dog lazy dog fox over lazy stream lazy brown compress data compress the over jumps,74.06832113752307,SYNTHETIC_ROBUSTNESS
732,lazy brown compress over dog over quick brown over lazy brown lazy dog lazy brown stream stream quick the brown data stream dog ,74.35382296501417,SYNTHETIC_ROBUSTNESS
733,lazy the data dog jumps stream lazy compress compress over fox over the the brown dog compress dog fox the data over lazy lazy c,74.48650343221622,SYNTHETIC_ROBUSTNESS
734,lazy compress over lazy dog compress dog the jumps brown fox quick jumps jumps fox dog brown lazy compress data stream stream st,74.56681038726923,SYNTHETIC_ROBUSTNESS
735,jumps the dog jumps over compress jumps lazy data compress dog over quick quick lazy jumps data stream stream brown lazy fox ove,74.61101596255156,SYNTHETIC_ROBUSTNESS
736,quick compress dog quick fox brown the compress data brown brown fox brown lazy fox lazy brown jumps brown data the quick lazy l,74.8579383521479,SYNTHETIC_ROBUSTNESS
737,brown dog jumps data dog fox stream dog the jumps data lazy jumps stream over stream dog fox dog brown fox data quick lazy foxaa,74.85883622128544,SYNTHETIC_ROBUSTNESS
738,stream the quick over dog lazy fox over lazy dog fox quick fox lazy data data jumps over compress data lazy stream jumps compres,74.89755054925715,SYNTHETIC_ROBUSTNESS
739,data lazy data over fox lazy compress the brown brown fox fox jumps jumps lazy over jumps stream dog lazy data stream the dog st,75.18956324204156,SYNTHETIC_ROBUSTNESS
740,over the lazy compress the over stream lazy fox over brown brown over data fox brown quick data fox stream quick compress over j,75.25851936320042,SYNTHETIC_ROBUSTNESS
741,stream jumps brown the brown stream over brown fox brown stream jumps lazy compress compress brown dog compress over over the fo,75.35629732281704,SYNTHETIC_ROBUSTNESS
742,dog quick fox quick data jumps dog lazy data fox over lazy data over stream jumps jumps brown quick data brown quick the over do,75.43235764557528,SYNTHETIC_ROBUSTNESS
743,jumps fox compress brown brown fox the jumps stream data fox compress compress jumps brown fox stream stream compress fox data b,75.48300129006266,SYNTHETIC_ROBUSTNESS
744,fox stream stream jumps jumps dog dog quick fox dog dog fox brown brown stream jumps compress over lazy the jumps brown data laz,75.59244811062418,SYNTHETIC_ROBUSTNESS
745,jumps quick over jumps lazy quick quick compress jumps data fox stream compress brown compress data brown over lazy stream quick,75.7378946077806,SYNTHETIC_ROBUSTNESS
746,lazy compress fox fox over lazy over jumps jumps the brown the over data over brown fox brown the over quick compress jumps over,75.7832173429963,SYNTHETIC_ROBUSTNESS
747,dog brown stream fox compress lazy quick data compress stream brown brown data stream fox lazy data stream stream data compress ,75.87250441848145,SYNTHETIC_ROBUSTNESS
748,jumps fox fox the fox quick brown jumps over dog quick jumps brown compress compress fox data dog dog compress brown compress do,75.88114282803292,SYNTHETIC_ROBUSTNESS
749,lazy the compress data jumps stream compress dog compress brown compress brown fox lazy compress over compress over fox the over,75.96046122057936,SYNTHETIC_ROBUSTNESS
750,data stream the jumps data quick stream stream data brown over compress over dog jumps stream stream the data dog over jumps qui,76.09819453648362,SYNTHETIC_ROBUSTNESS
751,the over over over dog jumps quick the lazy jumps the compress compress the over the the quick lazy brown fox over brown brown c,76.18620098623387,SYNTHETIC_ROBUSTNESS
752,brown the the brown lazy over quick brown compress compress brown fox over lazy quick over compress data fox brown lazy stream d,76.39694199427342,SYNTHETIC_ROBUSTNESS
753,jumps fox fox the fox quick brown jumps over dog quick jumps brown compress compress fox data dog dog compress brown compress do,76.4306562866304,SYNTHETIC_ROBUSTNESS
754,the over over over dog jumps quick the lazy jumps the compress compress the over the the quick lazy brown fox over brown brown c,76.49833566356105,SYNTHETIC_ROBUSTNESS
755,fox lazy over lazy the brown the lazy data dog fox quick data the brown dog compress fox fox fox the compress quick dog compress,76.50749018598516,SYNTHETIC_ROBUSTNESS
756,compress quick stream quick data brown jumps stream brown dog over the compress brown jumps stream quick compress jumps jumps qu,76.62789443751475,SYNTHETIC_ROBUSTNESS
757,compress over the compress the quick dog dog fox brown stream the quick quick quick data stream stream data over lazy jumps data,76.68639396604662,SYNTHETIC_ROBUSTNESS
758,dog quick fox quick data jumps dog lazy data fox over lazy data over stream jumps jumps brown quick data brown quick the over do,76.76197401525204,SYNTHETIC_ROBUSTNESS
759,compress dog brown data quick compress compress over the jumps data stream the quick fox data dog the jumps quick stream brown d,76.77571587053899,SYNTHETIC_ROBUSTNESS
760,data the jumps brown the over stream dog jumps compress quick data compress data brown jumps data compress quick the lazy brown ,77.36910435929826,SYNTHETIC_ROBUSTNESS
761,lazy jumps stream data dog lazy stream data compress data dog lazy over data over fox jumps compress data fox jumps over lazy ov,77.5169102544008,SYNTHETIC_ROBUSTNESS
762,brown compress fox stream brown brown over data over the data stream data brown fox stream compress over lazy stream lazy jumps ,77.56809783411813,SYNTHETIC_ROBUSTNESS
763,dog quick fox quick data jumps dog lazy data fox over lazy data over stream jumps jumps brown quick data brown quick the over do,77.65248547353647,SYNTHETIC_ROBUSTNESS
764,quick brown compress lazy brown lazy fox the compress lazy over brown compress fox fox quick compress the jumps quick quick lazy,77.74890684961862,SYNTHETIC_ROBUSTNESS
765,data compress data compress stream the dog fox quick jumps the lazy compress brown fox dog stream over data brown fox the brown ,78.07272808432133,SYNTHETIC_ROBUSTNESS
766,the quick dog over dog quick brown over compress over brown brown dog stream the the the dog dog stream brown stream jumps dog f,78.21899751985875,SYNTHETIC_ROBUSTNESS
767,jumps fox fox the fox quick brown jumps over dog quick jumps brown compress compress fox data dog dog compress brown compress do,78.26202456600076,SYNTHETIC_ROBUSTNESS
768,over fox the fox quick jumps compress quick fox stream lazy quick compress stream compress quick jumps brown fox stream the data,78.64236702733494,SYNTHETIC_ROBUSTNESS
769,data brown brown stream lazy jumps jumps data brown lazy stream fox stream stream brown lazy lazy lazy over the brown stream the,78.67829146695534,SYNTHETIC_ROBUSTNESS
770,lazy the dog the compress over over jumps stream over fox over jumps stream fox brown lazy lazy stream brown brown lazy quick do,78.76431702720348,SYNTHETIC_ROBUSTNESS
771,data quick data fox data quick compress the lazy brown compress stream stream jumps brown data brown dog over data over fox stre,78.88493711518291,SYNTHETIC_ROBUSTNESS
772,fox the quick brown lazy jumps jumps fox fox quick the stream dog lazy lazy fox dog lazy dog brown the lazy jumps lazy foxaaaaaa,78.91656252684129,SYNTHETIC_ROBUSTNESS
773,brown lazy dog the quick fox lazy fox quick data data lazy over stream the over the fox brown data over over stream quick lazyaa,79.22974314709863,SYNTHETIC_ROBUSTNESS
774,brown stream data lazy lazy over stream the quick the brown the compress compress compress data data brown data the brown quick ,79.25409179209032,SYNTHETIC_ROBUSTNESS
775,data brown quick quick quick data data quick over the the over over brown quick stream lazy brown brown brown jumps quick quick ,79.31239079112855,SYNTHETIC_ROBUSTNESS
776,data data over brown the dog brown lazy fox data over compress quick compress fox fox quick compress compress lazy compress brow,79.33222043517581,SYNTHETIC_ROBUSTNESS
777,lazy over brown data data stream data fox data stream over jumps jumps jumps jumps jumps brown quick over over over stream dog t,79.540154620859,SYNTHETIC_ROBUSTNESS
778,jumps the over fox data data over brown lazy fox brown compress stream stream data compress fox fox quick brown brown dog data b,79.56520625241258,SYNTHETIC_ROBUSTNESS
779,over compress fox data dog compress the dog jumps lazy lazy dog over brown the lazy data stream dog dog quick lazy stream jumps ,79.56874217927908,SYNTHETIC_ROBUSTNESS
780,lazy jumps the brown brown quick data dog the the jumps the stream stream fox dog jumps lazy brown quick brown compress jumps fo,79.57271406486282,SYNTHETIC_ROBUSTNESS
781,stream compress brown data quick over quick jumps jumps stream lazy compress jumps compress quick dog fox the over jumps quick c,79.62611553654203,SYNTHETIC_ROBUSTNESS
782,the dog lazy stream dog lazy brown jumps jumps lazy fox lazy brown dog over lazy stream fox jumps the over quick dog data browna,79.70009280328598,SYNTHETIC_ROBUSTNESS
783,data brown stream jumps stream brown data stream fox fox dog dog compress lazy the compress compress lazy data fox the over brow,79.70434583938534,SYNTHETIC_ROBUSTNESS
784,lazy dog over brown the fox lazy jumps over jumps stream compress data the compress the quick over brown quick the compress data,79.7140922773359,SYNTHETIC_ROBUSTNESS
785,the stream over compress stream fox fox over quick stream the over data compress dog stream data jumps stream lazy the dog dog l,79.72434683153237,SYNTHETIC_ROBUSTNESS
786,jumps over jumps the compress quick the lazy lazy fox jumps brown dog lazy stream compress the the the fox stream compress strea,79.83475996605,SYNTHETIC_ROBUSTNESS
787,dog fox data fox quick over jumps the stream the jumps quick dog brown the quick fox jumps dog compress the stream data dog quic,79.87040103829301,SYNTHETIC_ROBUSTNESS
788,lazy the the fox stream stream lazy brown the dog jumps the data data over brown compress stream dog fox lazy over lazy dog over,79.95308550347069,SYNTHETIC_ROBUSTNESS
789,brown stream data lazy lazy over stream the quick the brown the compress compress compress data data brown data the brown quick ,79.96074078079563,SYNTHETIC_ROBUSTNESS
790,the over over over dog jumps quick the lazy jumps the compress compress the over the the quick lazy brown fox over brown brown c,80.18341024352748,SYNTHETIC_ROBUSTNESS
791,brown fox over brown quick compress data brown stream stream the data compress quick quick compress jumps compress over over dat,80.21971307598658,SYNTHETIC_ROBUSTNESS
792,jumps fox fox the fox quick brown jumps over dog quick jumps brown compress compress fox data dog dog compress brown compress do,80.37031132260516,SYNTHETIC_ROBUSTNESS
793,jumps fox fox the fox quick brown jumps over dog quick jumps brown compress compress fox data dog dog compress brown compress do,80.54558620282826,SYNTHETIC_ROBUSTNESS
794,compress fox data data compress stream dog compress compress over quick data fox over over compress dog lazy stream dog the over,80.98711259398007,SYNTHETIC_ROBUSTNESS
795,fox over fox data stream brown fox jumps brown jumps jumps data quick brown stream brown the compress lazy stream fox brown over,81.12222033763416,SYNTHETIC_ROBUSTNESS
796,over compress fox data dog compress the dog jumps lazy lazy dog over brown the lazy data stream dog dog quick lazy stream jumps ,81.18070443705608,SYNTHETIC_ROBUSTNESS
797,the over dog stream stream quick the compress lazy data dog data dog the quick brown over quick data stream compress compress da,81.19726596374655,SYNTHETIC_ROBUSTNESS
798,compress data jumps compress fox lazy the data brown the dog the the the brown brown quick brown the brown dog quick lazy fox la,81.2021715677305,SYNTHETIC_ROBUSTNESS
799,compress over the fox jumps brown over fox compress brown the dog data over stream data the brown quick compress fox quick strea,81.41955542076461,SYNTHETIC_ROBUSTNESS
800,jumps compress over jumps fox stream fox data stream dog brown over fox data fox brown jumps lazy the lazy data dog lazy dog the,81.4787342975688,SYNTHETIC_ROBUSTNESS
801,compress over the compress the quick dog dog fox brown stream the quick quick quick data stream stream data over lazy jumps data,81.61734920679815,SYNTHETIC_ROBUSTNESS
802,jumps over quick quick the dog quick compress stream data jumps compress over data compress stream dog data stream stream quick ,81.68593270095646,SYNTHETIC_ROBUSTNESS
803,stream jumps compress stream the stream dog stream data fox stream brown stream fox dog over stream jumps the data dog fox over ,81.89767984236846,SYNTHETIC_ROBUSTNESS
804,data jumps quick lazy data the over jumps brown data the dog dog data data jumps data stream over dog stream dog data stream bro,82.03617550498713,SYNTHETIC_ROBUSTNESS
805,jumps fox fox the fox quick brown jumps over dog quick jumps brown compress compress fox data dog dog compress brown compress do,82.04510866722009,SYNTHETIC_ROBUSTNESS
806,data dog brown brown jumps the dog lazy compress data jumps lazy data lazy jumps stream over brown quick fox over over lazy dog ,82.18460057419914,SYNTHETIC_ROBUSTNESS
807,data dog compress the stream the jumps over data brown dog fox compress data lazy fox over data lazy quick jumps quick over comp,82.21563618024413,SYNTHETIC_ROBUSTNESS
808,compress over the compress the quick dog dog fox brown stream the quick quick quick data stream stream data over lazy jumps data,82.36394147225634,SYNTHETIC_ROBUSTNESS
809,jumps brown quick compress jumps fox fox dog over dog over compress dog stream jumps data dog quick fox over brown over stream b,82.6605879522731,SYNTHETIC_ROBUSTNESS
810,dog compress lazy data dog lazy dog lazy data jumps over quick the data fox dog over fox brown compress data quick the the brown,82.92670300454633,SYNTHETIC_ROBUSTNESS
811,fox jumps fox the dog lazy data brown compress over stream fox the jumps stream fox fox dog lazy brown over dog quick fox dataaa,82.9400561703761,SYNTHETIC_ROBUSTNESS
812,stream dog lazy the quick dog quick brown lazy quick data lazy over the over dog jumps data brown jumps the quick the dog overaa,82.94567852785649,SYNTHETIC_ROBUSTNESS
813,lazy fox data fox fox data fox jumps brown jumps quick brown the stream dog fox over the compress dog dog jumps fox the compress,83.09572864572635,SYNTHETIC_ROBUSTNESS
814,fox compress the over lazy brown the stream dog jumps quick data stream compress over jumps dog quick jumps stream fox quick fox,83.21950287953051,SYNTHETIC_ROBUSTNESS
815,brown stream data lazy lazy over stream the quick the brown the compress compress compress data data brown data the brown quick ,83.23888228830596,SYNTHETIC_ROBUSTNESS
816,fox lazy quick fox stream the fox the quick jumps dog over stream quick lazy fox fox jumps fox lazy dog the data quick quickaaaa,83.3542632920812,SYNTHETIC_ROBUSTNESS
817,fox fox the quick lazy jumps the data fox the brown fox over dog jumps quick stream data the fox data over brown dog streamaaaaa,83.35582419766452,SYNTHETIC_ROBUSTNESS
818,over compress fox data dog compress the dog jumps lazy lazy dog over brown the lazy data stream dog dog quick lazy stream jumps ,83.4555639962403,SYNTHETIC_ROBUSTNESS
819,over compress fox data dog compress the dog jumps lazy lazy dog over brown the lazy data stream dog dog quick lazy stream jumps ,83.63412517031055,SYNTHETIC_ROBUSTNESS
820,the quick brown over compress data dog jumps jumps dog the stream compress compress the fox fox compress quick jumps quick jumps,83.7368024378639,SYNTHETIC_ROBUSTNESS
821,fox fox compress compress lazy lazy brown quick fox compress the brown data compress quick data over lazy brown lazy quick strea,83.74356571976375,SYNTHETIC_ROBUSTNESS
822,data data dog stream compress lazy stream compress compress lazy over jumps brown data jumps jumps the data quick brown over bro,84.21431226757656,SYNTHETIC_ROBUSTNESS
823,dog stream compress data brown the data jumps stream the stream lazy the data lazy data dog lazy stream compress data compress b,84.25833212870766,SYNTHETIC_ROBUSTNESS
824,dog jumps fox dog fox the jumps dog stream brown fox dog quick stream the stream brown dog fox dog dog data quick fox dogaaaaaaa,84.30621286623088,SYNTHETIC_ROBUSTNESS
825,the stream over compress stream fox fox over quick stream the over data compress dog stream data jumps stream lazy the dog dog l,84.31506881504313,SYNTHETIC_ROBUSTNESS
826,compress quick dog compress jumps compress lazy quick stream dog quick jumps quick over quick stream fox the fox stream stream b,84.33335510717309,SYNTHETIC_ROBUSTNESS
827,over compress fox data dog compress the dog jumps lazy lazy dog over brown the lazy data stream dog dog quick lazy stream jumps ,84.36498737911523,SYNTHETIC_ROBUSTNESS
828,brown stream data lazy lazy over stream the quick the brown the compress compress compress data data brown data the brown quick ,84.52553314828346,SYNTHETIC_ROBUSTNESS
829,data lazy fox data dog dog data dog fox over fox lazy quick over stream the over dog dog over jumps the quick quick quickaaaaaaa,84.64321717522029,SYNTHETIC_ROBUSTNESS
830,data over compress stream fox jumps data brown brown stream dog jumps over fox data the data stream stream quick over the brown ,84.73083979678049,SYNTHETIC_ROBUSTNESS
831,the data over compress compress stream compress jumps quick over stream jumps fox compress the lazy jumps over quick dog dog the,84.93027134820082,SYNTHETIC_ROBUSTNESS
832,fox brown dog lazy jumps jumps quick brown data brown jumps quick stream fox brown fox compress lazy compress jumps lazy lazy st,85.54243732845248,SYNTHETIC_ROBUSTNESS
833,stream quick brown compress fox dog brown fox over jumps lazy brown brown fox brown fox over the data quick stream stream over j,85.59101396283229,SYNTHETIC_ROBUSTNESS
834,jumps fox fox the fox quick brown jumps over dog quick jumps brown compress compress fox data dog dog compress brown compress do,85.6406443583744,SYNTHETIC_ROBUSTNESS
835,the brown fox quick jumps quick brown data the jumps fox lazy jumps the jumps compress fox the lazy compress quick brown quick j,85.77385883605835,SYNTHETIC_ROBUSTNESS
836,compress over lazy the data data the stream dog the fox over lazy quick brown the lazy stream fox fox quick lazy jumps quick dat,85.87723932421945,SYNTHETIC_ROBUSTNESS
837,the stream over compress stream fox fox over quick stream the over data compress dog stream data jumps stream lazy the dog dog l,85.87858771913088,SYNTHETIC_ROBUSTNESS
838,compress data brown data lazy the quick stream dog brown lazy quick quick jumps over stream dog stream the quick stream over the,85.98513273853622,SYNTHETIC_ROBUSTNESS
839,stream fox quick compress lazy the the compress dog dog dog stream quick fox quick compress lazy brown compress over brown brown,86.1122895431041,SYNTHETIC_ROBUSTNESS
840,data dog lazy stream compress quick lazy fox jumps data dog jumps over quick compress brown jumps lazy stream brown compress bro,86.53870744686128,SYNTHETIC_ROBUSTNESS
841,compress stream stream data jumps quick dog data brown dog compress quick stream brown compress data quick brown jumps jumps bro,86.62708278352837,SYNTHETIC_ROBUSTNESS
842,dog lazy fox dog over brown dog the fox dog brown lazy quick brown data stream quick jumps stream dog quick compress stream stre,86.7424163962546,SYNTHETIC_ROBUSTNESS
843,compress stream jumps brown stream stream the dog lazy dog jumps lazy compress the compress over quick dog compress over quick d,86.89788661127442,SYNTHETIC_ROBUSTNESS
844,jumps quick stream jumps lazy lazy over stream the over data dog quick lazy stream data over data over the over the quick compre,86.90797473648178,SYNTHETIC_ROBUSTNESS
845,over compress fox data dog compress the dog jumps lazy lazy dog over brown the lazy data stream dog dog quick lazy stream jumps ,87.0406461134706,SYNTHETIC_ROBUSTNESS
846,data compress jumps the the compress compress brown lazy dog brown the quick lazy stream dog the jumps lazy data the data dog qu,87.11980278948464,SYNTHETIC_ROBUSTNESS
847,brown brown compress compress the the compress stream data fox quick brown dog the data over quick data dog brown dog stream the,87.13034723950649,SYNTHETIC_ROBUSTNESS
848,compress over the compress the quick dog dog fox brown stream the quick quick quick data stream stream data over lazy jumps data,87.24117740031369,SYNTHETIC_ROBUSTNESS
849,brown over brown quick quick quick compress brown compress compress quick brown jumps over jumps lazy lazy fox stream over compr,87.26790056512141,SYNTHETIC_ROBUSTNESS
850,data brown the jumps compress jumps stream data compress stream brown over compress over over lazy dog compress compress over fo,87.34509749670181,SYNTHETIC_ROBUSTNESS
851,dog quick fox quick data jumps dog lazy data fox over lazy data over stream jumps jumps brown quick data brown quick the over do,87.37808135486644,SYNTHETIC_ROBUSTNESS
852,dog fox the dog lazy compress dog jumps dog fox data compress jumps fox quick lazy lazy dog data over jumps the over brown jumps,87.38912272289363,SYNTHETIC_ROBUSTNESS
853,quick data quick fox the quick brown over stream lazy lazy lazy fox brown compress dog brown data brown lazy data quick the data,87.41800625224931,SYNTHETIC_ROBUSTNESS
854,compress compress over dog lazy jumps lazy fox lazy stream the dog jumps fox jumps compress over brown fox data the data the dog,87.47577522532244,SYNTHETIC_ROBUSTNESS
855,quick over lazy data data dog the dog quick data brown brown quick quick data over dog compress fox stream brown data quick fox ,87.54392255567588,SYNTHETIC_ROBUSTNESS
856,compress stream jumps the jumps fox data lazy data stream stream data quick data quick lazy jumps data over the fox dog the brow,87.55999589275508,SYNTHETIC_ROBUSTNESS
857,brown stream data lazy lazy over stream the quick the brown the compress compress compress data data brown data the brown quick ,87.59870615983692,SYNTHETIC_ROBUSTNESS
858,the compress data compress quick data over data quick lazy quick fox dog jumps the the brown quick stream fox over over compress,87.79488313524406,SYNTHETIC_ROBUSTNESS
859,brown fox brown over stream over the data dog dog stream the stream lazy quick stream lazy brown quick data over quick over stre,88.03610319099387,SYNTHETIC_ROBUSTNESS
860,fox brown the stream compress quick fox dog jumps over data lazy over jumps over quick stream fox dog over the fox lazy compress,88.11271414439595,SYNTHETIC_ROBUSTNESS
861,dog brown compress dog dog the brown jumps compress over stream the jumps lazy jumps dog quick data brown fox the lazy quick dog,88.18011952841613,SYNTHETIC_ROBUSTNESS
862,stream over the dog quick fox lazy jumps dog brown quick lazy stream dog dog fox compress compress brown brown the stream data d,88.26720565513983,SYNTHETIC_ROBUSTNESS
863,over compress brown over compress over compress jumps stream jumps over data dog jumps fox brown brown quick stream fox compress,88.29135797991107,SYNTHETIC_ROBUSTNESS
864,the over over over dog jumps quick the lazy jumps the compress compress the over the the quick lazy brown fox over brown brown c,88.7960539263374,SYNTHETIC_ROBUSTNESS
865,dog quick fox quick data jumps dog lazy data fox over lazy data over stream jumps jumps brown quick data brown quick the over do,88.93281010635236,SYNTHETIC_ROBUSTNESS
866,the quick fox compress stream fox brown lazy lazy data quick brown fox jumps the brown stream the the jumps dog jumps data quick,88.96008891106091,SYNTHETIC_ROBUSTNESS
867,jumps the compress lazy quick data compress data quick brown brown lazy over jumps compress the jumps quick dog the quick brown ,88.99185444705515,SYNTHETIC_ROBUSTNESS
868,dog over quick data dog jumps fox jumps data brown the brown fox dog over fox fox quick brown brown data compress data the foxaa,89.09638408163246,SYNTHETIC_ROBUSTNESS
869,over fox the the data data dog the the brown over compress stream data over stream stream fox lazy lazy stream stream the compre,89.13536981556037,SYNTHETIC_ROBUSTNESS
870,fox brown lazy data lazy stream fox brown stream brown lazy brown brown quick jumps over dog over the brown brown jumps stream q,89.17926943577768,SYNTHETIC_ROBUSTNESS
871,brown stream data lazy lazy over stream the quick the brown the compress compress compress data data brown data the brown quick ,89.33111161611107,SYNTHETIC_ROBUSTNESS
872,quick quick compress quick dog jumps fox the brown fox stream over jumps lazy quick dog jumps fox quick jumps quick compress ove,89.36216262202187,SYNTHETIC_ROBUSTNESS
873,brown data jumps fox dog data compress stream lazy dog over data quick the data data over over jumps compress stream quick compr,89.48432240926441,SYNTHETIC_ROBUSTNESS
874,quick dog compress quick brown dog over dog the jumps lazy quick brown stream the quick stream the lazy fox data dog over data b,89.75748223368484,SYNTHETIC_ROBUSTNESS
875,dog data data over over compress jumps fox dog over stream brown stream compress compress the jumps brown lazy the the data fox ,89.77073658256087,SYNTHETIC_ROBUSTNESS
876,brown jumps the quick dog quick the data stream the data fox compress over over dog fox lazy compress jumps over jumps fox quick,89.78631827866808,SYNTHETIC_ROBUSTNESS
877,dog over compress the stream over the data the stream dog data over compress data compress jumps compress fox data data compress,90.07256629708185,SYNTHETIC_ROBUSTNESS
878,quick fox over brown the data jumps fox stream jumps jumps jumps over jumps quick brown over fox fox brown stream lazy compress ,90.09532152980634,SYNTHETIC_ROBUSTNESS
879,the stream over compress stream fox fox over quick stream the over data compress dog stream data jumps stream lazy the dog dog l,90.0974337644036,SYNTHETIC_ROBUSTNESS
880,stream jumps jumps quick brown data fox fox compress over over quick over the quick compress brown fox the quick brown data lazy,90.30031462710838,SYNTHETIC_ROBUSTNESS
881,fox quick dog the stream the brown dog data dog data brown fox data the compress lazy stream fox quick dog brown stream fox foxa,90.3334853918208,SYNTHETIC_ROBUSTNESS
882,dog brown lazy stream over compress over brown stream fox data quick over dog the the compress compress data the dog brown strea,90.3689180101306,SYNTHETIC_ROBUSTNESS
883,quick the fox compress jumps brown stream the fox jumps over over over stream quick brown compress quick compress fox lazy quick,90.39465543267936,SYNTHETIC_ROBUSTNESS
884,stream jumps compress stream the stream dog stream data fox stream brown stream fox dog over stream jumps the data dog fox over ,90.64435363692184,SYNTHETIC_ROBUSTNESS
885,dog fox brown compress jumps brown dog compress fox fox compress quick compress over compress dog quick fox quick compress strea,90.79326107871388,SYNTHETIC_ROBUSTNESS
886,brown data jumps fox dog data compress stream lazy dog over data quick the data data over over jumps compress stream quick compr,90.88409146391619,SYNTHETIC_ROBUSTNESS
887,dog data data over over compress jumps fox dog over stream brown stream compress compress the jumps brown lazy the the data fox ,90.94446934679864,SYNTHETIC_ROBUSTNESS
888,data dog fox data dog over jumps compress over data stream quick over compress brown lazy compress compress brown fox stream jum,90.959962959475,SYNTHETIC_ROBUSTNESS
889,brown over dog lazy compress fox data brown jumps jumps jumps dog over over lazy compress quick data over brown compress quick f,91.22031410197113,SYNTHETIC_ROBUSTNESS
890,brown data jumps fox dog data compress stream lazy dog over data quick the data data over over jumps compress stream quick compr,91.35880906739914,SYNTHETIC_ROBUSTNESS
891,fox stream over jumps stream lazy data lazy lazy data compress data fox the fox data dog jumps over dog brown brown quick dog qu,91.39150453002601,SYNTHETIC_ROBUSTNESS
892,stream over data fox data compress fox over brown stream stream compress lazy over stream the lazy brown dog lazy the quick stre,91.68619124684662,SYNTHETIC_ROBUSTNESS
893,jumps fox fox the fox quick brown jumps over dog quick jumps brown compress compress fox data dog dog compress brown compress do,91.95982223570228,SYNTHETIC_ROBUSTNESS
894,lazy brown jumps stream brown stream dog data quick data over compress jumps quick stream compress over dog dog jumps compress c,92.06756178050803,SYNTHETIC_ROBUSTNESS
895,compress over the compress the quick dog dog fox brown stream the quick quick quick data stream stream data over lazy jumps data,92.48755600478528,SYNTHETIC_ROBUSTNESS
896,compress lazy compress jumps over stream dog lazy data lazy lazy brown over stream brown over jumps jumps compress stream quick ,92.50828896089092,SYNTHETIC_ROBUSTNESS
897,compress quick over quick brown over compress brown stream over the fox dog brown the dog stream stream data lazy compress fox c,92.63973857131124,SYNTHETIC_ROBUSTNESS
898,quick lazy fox fox data compress dog fox data jumps the fox quick jumps stream over compress data fox stream the data dog data d,92.65624680590409,SYNTHETIC_ROBUSTNESS
899,lazy fox compress dog the brown brown the the dog quick brown jumps the lazy brown compress stream jumps jumps brown lazy compre,92.77391214859067,SYNTHETIC_ROBUSTNESS
900,fox fox fox data stream dog dog compress compress jumps quick stream fox lazy stream data data brown fox over data over jumps th,93.02629995898815,SYNTHETIC_ROBUSTNESS
901,compress over the compress the quick dog dog fox brown stream the quick quick quick data stream stream data over lazy jumps data,93.10310806006714,SYNTHETIC_ROBUSTNESS
902,brown the over quick brown data brown compress over lazy data fox fox jumps the fox quick compress brown stream lazy brown lazy ,93.24710569490534,SYNTHETIC_ROBUSTNESS
903,brown dog jumps dog over data dog data stream compress quick over compress stream fox data over fox over lazy brown compress ove,93.2625516359912,SYNTHETIC_ROBUSTNESS
904,stream brown compress jumps compress the compress the quick the fox compress data stream the brown quick over the data stream ju,93.36284400959762,SYNTHETIC_ROBUSTNESS
905,the over over over dog jumps quick the lazy jumps the compress compress the over the the quick lazy brown fox over brown brown c,93.36937169121276,SYNTHETIC_ROBUSTNESS
906,fox jumps quick jumps brown lazy lazy quick stream lazy brown stream over quick stream over dog dog brown jumps stream brown str,93.37313127373488,SYNTHETIC_ROBUSTNESS
907,compress over the compress the quick dog dog fox brown stream the quick quick quick data stream stream data over lazy jumps data,93.47366056883594,SYNTHETIC_ROBUSTNESS
908,the fox compress dog the stream over jumps stream jumps stream jumps brown compress dog the jumps jumps jumps compress the compr,93.55871287645559,SYNTHETIC_ROBUSTNESS
909,the over over over dog jumps quick the lazy jumps the compress compress the over the the quick lazy brown fox over brown brown c,93.59864892565882,SYNTHETIC_ROBUSTNESS
910,data data compress compress over lazy fox over stream stream dog quick over lazy dog data lazy jumps compress brown jumps data d,93.67058358853096,SYNTHETIC_ROBUSTNESS
911,over compress lazy dog jumps quick lazy quick lazy quick fox fox brown dog over lazy quick brown dog quick data the compress laz,93.78589259548427,SYNTHETIC_ROBUSTNESS
912,the lazy data fox lazy data the brown compress stream brown stream fox dog data the the quick brown stream fox compress the the ,93.88937970274395,SYNTHETIC_ROBUSTNESS
913,fox the compress jumps data stream over jumps compress brown brown data dog quick compress the the dog fox stream the fox lazy b,93.89702812946176,SYNTHETIC_ROBUSTNESS
914,quick quick stream compress the lazy lazy stream brown over lazy dog quick brown fox stream the stream jumps data fox brown quic,94.01038556603069,SYNTHETIC_ROBUSTNESS
915,dog data data over over compress jumps fox dog over stream brown stream compress compress the jumps brown lazy the the data fox ,94.11812929675337,SYNTHETIC_ROBUSTNESS
916,data the compress fox compress stream quick stream stream lazy fox fox the the compress jumps brown over compress the the data d,94.22887865534304,SYNTHETIC_ROBUSTNESS
917,the stream over compress stream fox fox over quick stream the over data compress dog stream data jumps stream lazy the dog dog l,94.41684154783404,SYNTHETIC_ROBUSTNESS
918,compress the quick the lazy data brown jumps quick lazy dog compress over data data stream quick lazy stream over the lazy quick,94.50280958528728,SYNTHETIC_ROBUSTNESS
919,compress the stream brown the dog the compress fox data compress lazy the dog dog the quick brown quick stream lazy fox stream j,94.78071189624373,SYNTHETIC_ROBUSTNESS
920,fox data jumps data stream quick stream dog compress the dog brown brown lazy the over the data jumps fox compress stream jumps ,95.17196060570443,SYNTHETIC_ROBUSTNESS
921,fox fox the compress data lazy compress data fox over brown the lazy dog lazy lazy fox quick the jumps quick jumps dog quick str,95.31133030775908,SYNTHETIC_ROBUSTNESS
922,quick compress the compress jumps dog lazy fox jumps quick jumps compress compress brown jumps jumps stream fox the dog jumps co,95.35575325389402,SYNTHETIC_ROBUSTNESS
923,jumps fox fox the fox quick brown jumps over dog quick jumps brown compress compress fox data dog dog compress brown compress do,95.37119647432696,SYNTHETIC_ROBUSTNESS
924,dog jumps jumps lazy compress over the compress dog jumps quick dog dog dog compress jumps compress lazy jumps the data jumps da,95.5427540801572,SYNTHETIC_ROBUSTNESS
925,fox brown data stream the lazy the quick stream quick compress the dog jumps brown dog quick stream data fox dog quick data over,95.5586105601231,SYNTHETIC_ROBUSTNESS
926,jumps data quick fox lazy fox data quick jumps the stream stream over fox dog compress data compress dog stream over over data s,95.57441280925534,SYNTHETIC_ROBUSTNESS
927,the over over over dog jumps quick the lazy jumps the compress compress the over the the quick lazy brown fox over brown brown c,95.82579597391782,SYNTHETIC_ROBUSTNESS
928,brown stream data lazy lazy over stream the quick the brown the compress compress compress data data brown data the brown quick ,95.90786509565251,SYNTHETIC_ROBUSTNESS
929,fox compress jumps brown over the the brown brown dog compress the brown jumps fox quick fox quick over compress lazy compress f,95.94258466469766,SYNTHETIC_ROBUSTNESS
930,dog data data over over compress jumps fox dog over stream brown stream compress compress the jumps brown lazy the the data fox ,96.27222485838271,SYNTHETIC_ROBUSTNESS
931,stream over lazy jumps data brown the brown the compress stream jumps fox fox dog stream fox lazy over fox data quick quick comp,96.39509605088547,SYNTHETIC_ROBUSTNESS
932,dog lazy data jumps data brown stream lazy the lazy stream the quick dog dog stream the quick fox stream fox the lazy jumps lazy,96.47163440493338,SYNTHETIC_ROBUSTNESS
933,the stream over compress stream fox fox over quick stream the over data compress dog stream data jumps stream lazy the dog dog l,96.51160461775149,SYNTHETIC_ROBUSTNESS
934,brown the the lazy the stream fox jumps lazy fox compress the lazy dog lazy dog brown quick the lazy lazy over the dog compressa,96.62449626281291,SYNTHETIC_ROBUSTNESS
935,brown data jumps fox dog data compress stream lazy dog over data quick the data data over over jumps compress stream quick compr,96.75576168921064,SYNTHETIC_ROBUSTNESS
936,stream over compress the lazy brown jumps data jumps stream fox dog lazy brown brown over data brown jumps data lazy fox jumps d,96.88027943350211,SYNTHETIC_ROBUSTNESS
937,dog stream the brown jumps jumps compress jumps over fox compress brown lazy fox fox compress the over data dog compress data la,96.90201268640966,SYNTHETIC_ROBUSTNESS
938,compress dog compress fox lazy jumps the fox jumps the compress brown data stream compress quick fox jumps compress the dog over,97.02149557252032,SYNTHETIC_ROBUSTNESS
939,the fox brown brown compress dog over fox jumps stream dog lazy quick quick over lazy quick data dog brown compress data fox qui,97.10859071823721,SYNTHETIC_ROBUSTNESS
940,lazy jumps jumps dog over lazy jumps stream data brown dog fox quick brown the quick lazy brown jumps data over data brown compr,97.29835355759629,SYNTHETIC_ROBUSTNESS
941,dog quick fox quick data jumps dog lazy data fox over lazy data over stream jumps jumps brown quick data brown quick the over do,97.39637484882974,SYNTHETIC_ROBUSTNESS
942,dog dog quick jumps dog jumps stream stream lazy brown data over data data over lazy jumps compress fox lazy the data over lazy ,97.4121896609172,SYNTHETIC_ROBUSTNESS
943,data over brown stream fox dog jumps over compress over dog brown compress over dog brown data fox compress fox lazy the data da,97.45054036442313,SYNTHETIC_ROBUSTNESS
944,jumps dog quick jumps the dog compress brown brown dog fox lazy stream jumps compress the quick compress quick compress the dog ,97.58672694872337,SYNTHETIC_ROBUSTNESS
945,fox fox the quick stream over compress over the jumps jumps stream fox compress the stream over data data brown brown jumps quic,97.72141961517943,SYNTHETIC_ROBUSTNESS
946,dog quick fox quick data jumps dog lazy data fox over lazy data over stream jumps jumps brown quick data brown quick the over do,97.74661440813908,SYNTHETIC_ROBUSTNESS
947,lazy over quick over fox jumps stream dog lazy quick fox dog dog brown jumps jumps lazy dog lazy jumps the over lazy compress do,97.79040187258853,SYNTHETIC_ROBUSTNESS
948,jumps dog fox stream data fox the the stream stream brown over lazy dog quick dog fox stream lazy fox jumps fox quick compress d,97.79194569255397,SYNTHETIC_ROBUSTNESS
949,over over lazy the quick brown quick the data compress fox compress quick quick brown stream lazy jumps jumps fox fox compress t,97.83224818355866,SYNTHETIC_ROBUSTNESS
950,brown compress compress dog data the compress fox data quick fox dog stream the fox fox data stream over lazy data jumps data th,97.83491739387576,SYNTHETIC_ROBUSTNESS
951,data fox quick jumps brown quick over the the fox quick lazy over data data compress compress fox data quick stream quick over c,98.04117245997043,SYNTHETIC_ROBUSTNESS
952,over compress dog stream over jumps quick jumps brown brown stream over the the brown data stream fox quick over quick jumps com,98.15102786230423,SYNTHETIC_ROBUSTNESS
953,data compress compress lazy quick the brown brown brown data compress brown brown the lazy quick brown lazy compress over quick ,98.49888248845163,SYNTHETIC_ROBUSTNESS
954,quick compress over stream quick stream quick dog stream over jumps jumps jumps stream the data brown lazy brown fox the dog dat,98.72137477040361,SYNTHETIC_ROBUSTNESS
955,data compress the stream stream the lazy lazy brown lazy lazy data fox fox stream lazy compress quick dog stream data fox the th,98.8138764603205,SYNTHETIC_ROBUSTNESS
956,the stream over compress stream fox fox over quick stream the over data compress dog stream data jumps stream lazy the dog dog l,98.88377863319283,SYNTHETIC_ROBUSTNESS
957,fox dog over the quick quick brown stream over data lazy quick dog jumps jumps dog lazy over quick quick lazy lazy compress quic,99.09895791559748,SYNTHETIC_ROBUSTNESS
958,stream fox compress over over jumps quick compress data data brown brown jumps stream the brown lazy data lazy brown compress qu,99.13439924979882,SYNTHETIC_ROBUSTNESS
959,data data the dog dog over stream data over lazy brown compress lazy data the fox quick stream brown data brown quick the over d,99.15969746257589,SYNTHETIC_ROBUSTNESS
960,quick dog stream lazy stream brown jumps over over stream fox dog brown compress lazy stream data quick data brown jumps quick d,99.21246431619721,SYNTHETIC_ROBUSTNESS
961,jumps jumps jumps compress fox quick compress the dog the fox lazy brown fox stream jumps dog dog stream the jumps quick quick c,99.21793082876265,SYNTHETIC_ROBUSTNESS
962,fox the compress jumps dog over jumps jumps compress jumps over brown the jumps lazy stream brown over stream lazy dog brown jum,99.25388040992024,SYNTHETIC_ROBUSTNESS
963,stream jumps compress stream the stream dog stream data fox stream brown stream fox dog over stream jumps the data dog fox over ,99.2626194086062,SYNTHETIC_ROBUSTNESS
964,compress compress brown lazy lazy compress dog the lazy stream dog compress brown lazy quick brown quick data dog the fox jumps ,99.26802922969124,SYNTHETIC_ROBUSTNESS
965,over dog over stream dog over quick quick dog dog data quick data over quick the quick lazy data over fox lazy quick jumps jumps,99.3481781802815,SYNTHETIC_ROBUSTNESS
966,the fox fox data fox lazy brown over compress compress brown jumps jumps compress dog fox the quick lazy brown data quick brown ,99.47133492408061,SYNTHETIC_ROBUSTNESS
967,compress fox dog brown fox over brown data data brown the lazy jumps dog the jumps lazy dog over data compress dog over quick fo,99.54826747330395,SYNTHETIC_ROBUSTNESS
968,jumps stream quick compress fox jumps brown quick fox stream brown fox stream brown lazy dog jumps dog jumps data compress brown,99.55558664536892,SYNTHETIC_ROBUSTNESS
969,jumps data over fox fox jumps dog stream compress quick quick lazy brown fox lazy fox brown stream dog jumps quick data brown br,99.60583426160846,SYNTHETIC_ROBUSTNESS
970,dog jumps over the fox over over quick the brown lazy quick jumps stream brown compress brown lazy over lazy over the dog dog br,99.61759460326888,SYNTHETIC_ROBUSTNESS
971,stream data over quick jumps lazy stream brown fox stream the data lazy the brown lazy lazy brown compress stream stream lazy da,99.72259500164563,SYNTHETIC_ROBUSTNESS
972,dog data over quick jumps compress dog dog stream brown lazy compress jumps fox dog the the stream fox data over jumps over stre,99.8976988757178,SYNTHETIC_ROBUSTNESS
973,lazy data quick stream stream jumps data compress jumps quick the lazy quick data quick lazy over jumps data brown the the brown,99.91010856210991,SYNTHETIC_ROBUSTNESS
974,compress over the compress the quick dog dog fox brown stream the quick quick quick data stream stream data over lazy jumps data,99.91702779040803,SYNTHETIC_ROBUSTNESS
975,jumps the lazy lazy fox fox jumps data compress lazy lazy dog jumps quick data quick brown jumps lazy stream the dog lazy data j,99.96910729604679,SYNTHETIC_ROBUSTNESS
976,lazy stream lazy stream fox jumps stream the dog brown quick stream brown the brown jumps quick jumps jumps lazy stream jumps ju,100.00527226529984,SYNTHETIC_ROBUSTNESS
977,jumps jumps stream fox stream compress dog jumps data fox lazy dog over brown stream fox the jumps stream brown lazy the fox com,100.03547604113882,SYNTHETIC_ROBUSTNESS
978,quick compress dog jumps compress lazy fox compress data jumps data stream data brown jumps fox compress quick the dog the the j,100.05922515690578,SYNTHETIC_ROBUSTNESS
979,stream lazy lazy fox data dog quick data fox quick jumps brown fox jumps stream data over the stream dog fox the over the quicka,100.09734022091972,SYNTHETIC_ROBUSTNESS
980,data dog over over data the compress fox the fox lazy jumps over quick compress over jumps over brown jumps quick dog lazy jumps,100.43365652461189,SYNTHETIC_ROBUSTNESS
981,the over over over dog jumps quick the lazy jumps the compress compress the over the the quick lazy brown fox over brown brown c,100.62861788558972,SYNTHETIC_ROBUSTNESS
982,data dog quick compress stream compress quick dog stream over lazy jumps compress fox compress over data fox lazy data over quic,100.72058680794903,SYNTHETIC_ROBUSTNESS
983,brown data jumps fox dog data compress stream lazy dog over data quick the data data over over jumps compress stream quick compr,100.88176816142985,SYNTHETIC_ROBUSTNESS
984,brown the over compress compress jumps data compress brown lazy over stream stream lazy data lazy quick the stream jumps compres,100.88325267985545,SYNTHETIC_ROBUSTNESS
985,quick stream dog lazy over dog quick compress fox the jumps jumps compress compress lazy over stream fox stream over brown fox c,100.89506971427663,SYNTHETIC_ROBUSTNESS
986,the stream over compress stream fox fox over quick stream the over data compress dog stream data jumps stream lazy the dog dog l,100.92966604418548,SYNTHETIC_ROBUSTNESS
987,over compress fox data dog compress the dog jumps lazy lazy dog over brown the lazy data stream dog dog quick lazy stream jumps ,101.03292013218304,SYNTHETIC_ROBUSTNESS
988,the quick jumps compress lazy stream brown jumps compress compress the lazy data data dog over compress dog over fox compress fo,101.24783272963961,SYNTHETIC_ROBUSTNESS
989,brown lazy compress over fox quick jumps fox brown stream the compress dog stream lazy over stream stream jumps jumps dog quick ,101.27411738831954,SYNTHETIC_ROBUSTNESS
990,fox dog over stream data dog over over brown dog lazy compress jumps brown fox jumps the data data lazy dog brown over dog dataa,101.2891069826613,SYNTHETIC_ROBUSTNESS
991,fox compress jumps jumps fox jumps quick lazy the brown the lazy lazy fox stream brown data compress quick data dog quick quick ,101.47744141559383,SYNTHETIC_ROBUSTNESS
992,quick dog the jumps quick quick dog brown stream lazy the data fox quick over jumps brown lazy jumps data brown brown quick over,101.53005829603062,SYNTHETIC_ROBUSTNESS
993,lazy quick over brown dog compress the data stream compress jumps jumps compress jumps stream quick jumps jumps dog over brown o,101.65029185728005,SYNTHETIC_ROBUSTNESS
994,quick jumps fox over compress compress lazy the compress stream lazy stream data the brown dog data brown quick stream dog over ,101.72970552095768,SYNTHETIC_ROBUSTNESS
995,over stream over the quick lazy data lazy over dog lazy quick jumps dog the the compress lazy jumps dog quick brown dog lazy the,101.74905324436153,SYNTHETIC_ROBUSTNESS
996,dog quick fox quick data jumps dog lazy data fox over lazy data over stream jumps jumps brown quick data brown quick the over do,101.86964248144676,SYNTHETIC_ROBUSTNESS
997,brown stream fox jumps compress jumps the stream the brown quick jumps stream brown quick data jumps lazy the fox quick dog stre,101.92424945910435,SYNTHETIC_ROBUSTNESS
998,stream brown the dog quick data lazy the jumps jumps data data compress brown data data data compress over the quick fox data ju,101.95818188442392,SYNTHETIC_ROBUSTNESS
999,brown jumps stream lazy fox compress the stream brown dog stream dog dog data the stream the dog stream lazy lazy dog the the br,102.19117575090486,SYNTHETIC_ROBUSTNESS
1000,compress fox lazy over lazy dog data the jumps the lazy dog dog stream over the lazy fox data brown jumps data compress over str,102.19177613181766,SYNTHETIC_ROBUSTNESS
1001,lazy brown the compress stream dog over lazy quick brown stream data stream over the over stream dog brown fox the quick brown o,102.24367362777357,SYNTHETIC_ROBUSTNESS
1002,stream brown lazy compress lazy lazy brown fox the jumps over the over over the data the dog fox data over fox dog quick foxaaaa,102.2794142909754,SYNTHETIC_ROBUSTNESS
1003,quick the the quick data stream quick the data fox lazy brown jumps stream over data fox stream the fox brown dog dog compress t,102.28501626095843,SYNTHETIC_ROBUSTNESS
1004,data lazy lazy fox compress brown dog over fox over fox stream lazy jumps data dog over the quick compress brown over over jumps,102.29340044001184,SYNTHETIC_ROBUSTNESS
1005,lazy dog compress over lazy stream dog jumps the jumps brown lazy fox jumps lazy quick the jumps quick compress lazy jumps data ,102.31230930749906,SYNTHETIC_ROBUSTNESS
1006,quick jumps jumps jumps fox over fox dog compress jumps fox quick lazy fox lazy stream jumps compress quick data the dog jumps b,102.38262900392202,SYNTHETIC_ROBUSTNESS
1007,dog quick fox quick data jumps dog lazy data fox over lazy data over stream jumps jumps brown quick data brown quick the over do,102.41584724650131,SYNTHETIC_ROBUSTNESS
1008,jumps brown over quick fox brown over stream data data compress compress jumps lazy lazy jumps the lazy dog stream dog fox quick,102.59777614909284,SYNTHETIC_ROBUSTNESS
1009,over jumps quick data over the fox fox lazy jumps brown dog fox compress quick quick the lazy compress quick data lazy the compr,102.62521666273965,SYNTHETIC_ROBUSTNESS
1010,jumps fox fox the fox quick brown jumps over dog quick jumps brown compress compress fox data dog dog compress brown compress do,102.75259226099048,SYNTHETIC_ROBUSTNESS
1011,fox fox stream fox over lazy stream the compress jumps over lazy jumps dog quick the stream compress data compress quick dog str,102.7762121862914,SYNTHETIC_ROBUSTNESS
1012,brown data dog fox jumps the quick stream brown data over data quick dog quick the compress brown data brown jumps jumps compres,102.7805606318196,SYNTHETIC_ROBUSTNESS
1013,dog data data over over compress jumps fox dog over stream brown stream compress compress the jumps brown lazy the the data fox ,102.81129765708661,SYNTHETIC_ROBUSTNESS
1014,the dog data compress over compress fox data lazy the over stream quick over fox quick jumps over brown fox compress jumps strea,102.99304756332887,SYNTHETIC_ROBUSTNESS
1015,stream quick jumps data compress fox quick brown brown compress data data jumps brown fox dog quick dog compress data data fox c,103.00163071356307,SYNTHETIC_ROBUSTNESS
1016,brown quick data data quick quick compress data stream quick the stream the brown over jumps fox compress fox data dog stream fo,103.04386574948602,SYNTHETIC_ROBUSTNESS
1017,dog quick fox quick data jumps dog lazy data fox over lazy data over stream jumps jumps brown quick data brown quick the over do,103.04467066171921,SYNTHETIC_ROBUSTNESS
1018,brown stream data lazy lazy over stream the quick the brown the compress compress compress data data brown data the brown quick ,103.14416201095845,SYNTHETIC_ROBUSTNESS
1019,data the compress the quick dog lazy stream brown jumps dog stream lazy over quick compress dog lazy over lazy brown over stream,103.43021186729933,SYNTHETIC_ROBUSTNESS
1020,data lazy brown dog quick data jumps the data over jumps lazy stream lazy over lazy fox dog the the quick the dog quick jumpsaaa,103.4787221607281,SYNTHETIC_ROBUSTNESS
1021,compress over the compress the quick dog dog fox brown stream the quick quick quick data stream stream data over lazy jumps data,103.56474107136822,SYNTHETIC_ROBUSTNESS
1022,stream jumps compress stream the stream dog stream data fox stream brown stream fox dog over stream jumps the data dog fox over ,103.62494100131771,SYNTHETIC_ROBUSTNESS
1023,brown lazy brown jumps over over dog dog brown data compress brown fox brown quick jumps stream compress brown quick jumps dog j,103.9873653696708,SYNTHETIC_ROBUSTNESS
1024,the stream jumps dog fox the data the dog over dog fox lazy the lazy over quick quick the fox over brown data stream compressaaa,104.12054548030719,SYNTHETIC_ROBUSTNESS
1025,fox compress jumps compress data stream over fox brown quick stream lazy quick over brown jumps jumps stream quick compress data,104.12506854615748,SYNTHETIC_ROBUSTNESS
1026,dog data dog data lazy compress fox fox brown stream stream dog stream stream dog data fox jumps data compress dog over over ove,104.13657873440239,SYNTHETIC_ROBUSTNESS
1027,stream lazy data over jumps jumps over compress jumps data brown data jumps quick the over over jumps stream stream lazy the qui,104.20015732585468,SYNTHETIC_ROBUSTNESS
1028,dog data data over over compress jumps fox dog over stream brown stream compress compress the jumps brown lazy the the data fox ,104.3000555428008,SYNTHETIC_ROBUSTNESS
1029,brown jumps fox the dog fox over data the data the data stream stream fox brown compress over lazy dog jumps brown dog compress ,104.33436034823845,SYNTHETIC_ROBUSTNESS
1030,brown stream data lazy lazy over stream the quick the brown the compress compress compress data data brown data the brown quick ,104.4466440975064,SYNTHETIC_ROBUSTNESS
1031,jumps fox fox the fox quick brown jumps over dog quick jumps brown compress compress fox data dog dog compress brown compress do,104.53257027091135,SYNTHETIC_ROBUSTNESS
1032,over brown fox compress stream lazy data stream jumps stream jumps fox dog lazy lazy fox lazy compress lazy data over stream str,104.5896796125108,SYNTHETIC_ROBUSTNESS
1033,quick jumps compress dog compress the compress dog brown compress compress data stream jumps lazy brown brown quick data jumps b,104.67697808122416,SYNTHETIC_ROBUSTNESS
1034,dog stream quick fox dog compress stream jumps data compress fox brown stream fox lazy fox jumps dog over compress data stream d,104.92522527828893,SYNTHETIC_ROBUSTNESS
1035,compress over the compress the quick dog dog fox brown stream the quick quick quick data stream stream data over lazy jumps data,104.95309145128851,SYNTHETIC_ROBUSTNESS
1036,jumps jumps brown fox stream lazy over data compress data data the fox jumps over lazy dog fox lazy quick data jumps jumps the d,105.10973500909223,SYNTHETIC_ROBUSTNESS
1037,jumps lazy over stream quick brown jumps fox jumps over lazy lazy compress jumps brown quick data fox compress jumps stream stre,105.11093793090073,SYNTHETIC_ROBUSTNESS
1038,dog data data over over compress jumps fox dog over stream brown stream compress compress the jumps brown lazy the the data fox ,105.11979901380127,SYNTHETIC_ROBUSTNESS
1039,jumps quick stream dog stream data quick stream dog quick data data quick over data lazy the dog jumps the quick stream data fox,105.41874526639897,SYNTHETIC_ROBUSTNESS
1040,brown quick over over compress dog stream the stream quick dog brown fox over stream fox fox lazy quick compress fox over brown ,105.53838828681847,SYNTHETIC_ROBUSTNESS
1041,quick fox brown data fox lazy brown jumps compress the jumps data over dog the quick compress fox compress stream lazy dog fox o,105.63871410018724,SYNTHETIC_ROBUSTNESS
1042,jumps fox data data over lazy over over brown stream dog lazy jumps brown the jumps lazy lazy lazy brown fox lazy lazy quick ove,105.67936895984023,SYNTHETIC_ROBUSTNESS
1043,brown data jumps fox dog data compress stream lazy dog over data quick the data data over over jumps compress stream quick compr,105.69974438184977,SYNTHETIC_ROBUSTNESS
1044,stream jumps compress stream the stream dog stream data fox stream brown stream fox dog over stream jumps the data dog fox over ,105.74753442617002,SYNTHETIC_ROBUSTNESS
1045,dog quick fox quick data jumps dog lazy data fox over lazy data over stream jumps jumps brown quick data brown quick the over do,105.83876185525583,SYNTHETIC_ROBUSTNESS
1046,fox fox dog over jumps quick dog dog over dog brown quick brown brown jumps stream over dog quick over lazy over dog fox compres,105.93937843525116,SYNTHETIC_ROBUSTNESS
1047,over data dog jumps quick fox quick fox data compress fox quick jumps lazy compress lazy dog over over quick brown the jumps ove,105.95795727095532,SYNTHETIC_ROBUSTNESS
1048,stream compress over over quick the over data over jumps quick compress lazy data brown quick the data lazy data over compress f,106.01692646447776,SYNTHETIC_ROBUSTNESS
1049,jumps data quick dog jumps dog the over brown dog jumps stream data compress stream quick dog stream dog lazy over the quick com,106.10057245440673,SYNTHETIC_ROBUSTNESS
1050,quick stream over fox lazy the the the stream lazy over brown dog lazy compress fox dog quick lazy lazy lazy quick compress data,106.4223621084439,SYNTHETIC_ROBUSTNESS
1051,lazy fox the lazy quick compress data compress lazy compress fox dog stream compress the jumps quick dog over lazy dog over dog ,106.50208476118941,SYNTHETIC_ROBUSTNESS
1052,quick dog jumps stream lazy over over fox stream dog stream lazy lazy stream the the jumps lazy data stream fox over data quick ,106.58897763658945,SYNTHETIC_ROBUSTNESS
1053,lazy brown lazy over quick compress jumps over the over brown compress lazy dog jumps compress jumps data stream compress quick ,106.73387493669904,SYNTHETIC_ROBUSTNESS
1054,the stream over compress stream fox fox over quick stream the over data compress dog stream data jumps stream lazy the dog dog l,106.78816023442377,SYNTHETIC_ROBUSTNESS
1055,over fox brown data data data brown jumps dog the brown dog fox brown jumps stream lazy lazy brown quick stream over over brown ,106.83658961390381,SYNTHETIC_ROBUSTNESS
1056,brown data jumps fox dog data compress stream lazy dog over data quick the data data over over jumps compress stream quick compr,106.92597143023407,SYNTHETIC_ROBUSTNESS
1057,dog compress over the data quick compress lazy data the quick brown data fox data brown compress the compress dog over fox strea,107.07889917167368,SYNTHETIC_ROBUSTNESS
1058,the over over over dog jumps quick the lazy jumps the compress compress the over the the quick lazy brown fox over brown brown c,107.18039479712492,SYNTHETIC_ROBUSTNESS
1059,fox dog dog fox stream the the dog compress dog dog data dog over compress fox dog stream data dog jumps stream jumps data overa,107.20099040145944,SYNTHETIC_ROBUSTNESS
1060,data lazy jumps fox brown dog over stream stream the dog over compress over the compress lazy quick quick lazy the compress data,107.25169040995766,SYNTHETIC_ROBUSTNESS
1061,dog lazy data data over stream data brown compress quick jumps jumps stream data dog fox jumps quick jumps dog data fox fox data,107.32355676685118,SYNTHETIC_ROBUSTNESS
1062,data dog the brown jumps data brown fox stream jumps data quick compress brown data jumps over quick quick stream the quick brow,107.39773682304309,SYNTHETIC_ROBUSTNESS
1063,fox fox stream lazy compress the quick stream over jumps fox lazy dog quick lazy data compress dog over stream brown the lazy do,107.43922704366261,SYNTHETIC_ROBUSTNESS
1064,jumps jumps stream dog quick jumps dog brown data fox compress brown stream dog over brown stream jumps jumps compress quick jum,107.51312828119335,SYNTHETIC_ROBUSTNESS
1065,data brown stream data compress stream fox quick quick brown jumps brown lazy data brown data the quick lazy fox lazy data jumps,107.62490026688967,SYNTHETIC_ROBUSTNESS
1066,dog quick fox quick data jumps dog lazy data fox over lazy data over stream jumps jumps brown quick data brown quick the over do,107.68800631688286,SYNTHETIC_ROBUSTNESS
1067,compress data dog dog stream quick data jumps dog stream fox compress dog brown brown compress data compress compress lazy dog f,107.74803529272133,SYNTHETIC_ROBUSTNESS
1068,compress over the compress the quick dog dog fox brown stream the quick quick quick data stream stream data over lazy jumps data,107.90977364457845,SYNTHETIC_ROBUSTNESS
1069,stream data stream quick compress jumps fox the brown dog data fox dog brown lazy the quick data stream lazy lazy lazy jumps dog,108.05117639528946,SYNTHETIC_ROBUSTNESS
1070,compress over the compress the quick dog dog fox brown stream the quick quick quick data stream stream data over lazy jumps data,108.10606462197782,SYNTHETIC_ROBUSTNESS
1071,dog stream lazy dog jumps data quick dog lazy lazy dog over quick lazy quick jumps jumps dog stream jumps data data data over qu,108.65854482241366,SYNTHETIC_ROBUSTNESS
1072,dog data data over over compress jumps fox dog over stream brown stream compress compress the jumps brown lazy the the data fox ,108.66542314612065,SYNTHETIC_ROBUSTNESS
1073,compress jumps compress brown quick brown compress jumps compress stream brown brown lazy the data jumps compress lazy compress ,108.70487503042325,SYNTHETIC_ROBUSTNESS
1074,stream jumps compress stream the stream dog stream data fox stream brown stream fox dog over stream jumps the data dog fox over ,108.70862761790467,SYNTHETIC_ROBUSTNESS
1075,brown data fox compress fox compress dog stream quick dog jumps dog lazy over stream compress stream data the stream quick quick,108.89155467697181,SYNTHETIC_ROBUSTNESS
1076,the over quick fox lazy over dog quick compress compress lazy lazy over dog compress compress over data stream data dog dog the ,109.03246195045881,SYNTHETIC_ROBUSTNESS
1077,jumps fox lazy quick quick jumps fox lazy brown brown over jumps compress fox lazy compress jumps fox jumps lazy dog data the st,109.14756096818573,SYNTHETIC_ROBUSTNESS
1078,data brown quick stream data compress stream over over brown stream fox compress the over dog dog lazy the data lazy quick the o,109.17170091418747,SYNTHETIC_ROBUSTNESS
1079,the over over over dog jumps quick the lazy jumps the compress compress the over the the quick lazy brown fox over brown brown c,109.29470482336515,SYNTHETIC_ROBUSTNESS
1080,dog quick fox quick data jumps dog lazy data fox over lazy data over stream jumps jumps brown quick data brown quick the over do,109.33860366575932,SYNTHETIC_ROBUSTNESS
1081,jumps fox fox the fox quick brown jumps over dog quick jumps brown compress compress fox data dog dog compress brown compress do,109.54153137555738,SYNTHETIC_ROBUSTNESS
1082,dog data data over over compress jumps fox dog over stream brown stream compress compress the jumps brown lazy the the data fox ,109.56378345569544,SYNTHETIC_ROBUSTNESS
1083,data compress over over over brown fox fox over compress fox fox jumps lazy fox brown dog lazy jumps jumps compress fox jumps fo,109.5883531487055,SYNTHETIC_ROBUSTNESS
1084,jumps fox fox the fox quick brown jumps over dog quick jumps brown compress compress fox data dog dog compress brown compress do,109.91171730494696,SYNTHETIC_ROBUSTNESS
1085,data fox quick quick stream brown data lazy jumps jumps dog jumps lazy quick compress stream lazy data over brown stream brown b,109.98449533894573,SYNTHETIC_ROBUSTNESS
1086,jumps compress data fox quick jumps over compress stream quick over over fox quick over the dog over brown over dog jumps quick ,110.04362405054901,SYNTHETIC_ROBUSTNESS
1087,dog the lazy brown brown jumps dog stream brown data the over fox compress data data over stream quick the the brown jumps jumps,110.08697173606369,SYNTHETIC_ROBUSTNESS
1088,brown quick over data compress fox over data quick brown lazy data over fox brown dog quick brown brown over over over lazy lazy,110.26488322355978,SYNTHETIC_ROBUSTNESS
1089,data over data jumps compress lazy compress data data dog brown over dog dog lazy compress dog data brown fox fox stream over th,110.30837893092449,SYNTHETIC_ROBUSTNESS
1090,the compress jumps dog brown stream dog lazy dog over jumps lazy fox data compress compress quick brown brown over the fox data ,110.35240896350568,SYNTHETIC_ROBUSTNESS
1091,brown data jumps fox dog data compress stream lazy dog over data quick the data data over over jumps compress stream quick compr,110.36557190099202,SYNTHETIC_ROBUSTNESS
1092,jumps jumps data brown the brown the lazy compress over over fox lazy dog jumps the compress jumps stream stream the jumps data ,110.43912026319992,SYNTHETIC_ROBUSTNESS
1093,data quick stream brown dog quick quick lazy data over brown compress brown dog dog lazy brown brown over data the fox quick bro,110.69649403776789,SYNTHETIC_ROBUSTNESS
1094,data lazy compress the data data jumps over jumps lazy compress data jumps brown compress data quick quick dog compress over str,111.0124115050731,SYNTHETIC_ROBUSTNESS
1095,lazy fox brown lazy jumps data over brown compress over over jumps lazy stream fox data fox lazy jumps lazy lazy jumps jumps str,111.55312526799672,SYNTHETIC_ROBUSTNESS
1096,fox brown lazy jumps the the data fox fox brown stream data brown quick jumps dog compress brown stream brown lazy the data jump,111.61719412687826,SYNTHETIC_ROBUSTNESS
1097,compress over the compress the quick dog dog fox brown stream the quick quick quick data stream stream data over lazy jumps data,111.76633654316595,SYNTHETIC_ROBUSTNESS
1098,the dog over stream fox compress jumps quick fox lazy fox fox compress dog quick fox over dog data fox the the brown data dataaa,111.84675217899844,SYNTHETIC_ROBUSTNESS
1099,jumps stream over data brown the data the dog lazy jumps over dog the jumps the quick over fox data fox jumps data stream browna,111.92615014117668,SYNTHETIC_ROBUSTNESS
1100,the the data brown quick brown jumps stream dog the the fox quick jumps brown stream the data over compress dog compress compres,112.09026411111743,SYNTHETIC_ROBUSTNESS
1101,brown data jumps fox dog data compress stream lazy dog over data quick the data data over over jumps compress stream quick compr,112.27066228410398,SYNTHETIC_ROBUSTNESS
1102,fox over over quick dog stream over data dog dog lazy compress dog brown the quick jumps quick data the stream quick jumps quick,112.2726614605726,SYNTHETIC_ROBUSTNESS
1103,brown compress fox lazy data compress compress the the lazy stream lazy jumps data quick compress compress lazy jumps over data ,112.55876386286049,SYNTHETIC_ROBUSTNESS
1104,fox data brown over data jumps the the compress data compress brown data dog over compress fox jumps compress jumps lazy the ove,112.7319151137569,SYNTHETIC_ROBUSTNESS
1105,compress fox over compress lazy brown brown over the dog over brown jumps fox stream lazy the dog dog the data jumps data quick ,112.85960845469185,SYNTHETIC_ROBUSTNESS
1106,jumps fox lazy jumps quick stream jumps over data brown fox stream lazy fox fox brown dog brown stream the dog data dog the brow,113.05068463106655,SYNTHETIC_ROBUSTNESS
1107,data data lazy jumps dog over the stream lazy stream quick brown stream fox dog dog over lazy dog jumps the the jumps dog dataaa,113.12774432889971,SYNTHETIC_ROBUSTNESS
1108,data compress quick jumps lazy quick stream quick the compress compress stream quick jumps data brown the the lazy compress over,113.27614101117348,SYNTHETIC_ROBUSTNESS
1109,data dog quick stream fox brown lazy brown quick dog jumps stream compress brown fox lazy quick fox the fox lazy fox fox fox fox,113.36743290451562,SYNTHETIC_ROBUSTNESS
1110,jumps jumps stream dog quick brown over data brown dog quick compress quick fox dog compress stream dog fox dog over dog jumps t,113.44572493560761,SYNTHETIC_ROBUSTNESS
1111,dog quick fox quick data jumps dog lazy data fox over lazy data over stream jumps jumps brown quick data brown quick the over do,113.46950088547548,SYNTHETIC_ROBUSTNESS
1112,the over over over dog jumps quick the lazy jumps the compress compress the over the the quick lazy brown fox over brown brown c,113.65750425101366,SYNTHETIC_ROBUSTNESS
1113,jumps over compress dog jumps fox dog jumps lazy stream fox fox quick dog fox jumps fox compress compress fox lazy fox fox compr,113.87280962900215,SYNTHETIC_ROBUSTNESS
1114,brown over over data over quick quick the lazy lazy fox fox data lazy the lazy quick fox quick data brown the lazy lazy streamaa,114.22752201193119,SYNTHETIC_ROBUSTNESS
1115,jumps jumps quick the fox lazy data lazy jumps quick data lazy jumps quick quick quick fox over lazy compress brown brown over f,114.2403552099124,SYNTHETIC_ROBUSTNESS
1116,stream the compress fox fox the compress over fox quick brown brown data jumps data brown jumps quick over compress fox lazy laz,114.27482620449443,SYNTHETIC_ROBUSTNESS
1117,fox stream over dog brown fox lazy the the jumps brown stream over compress stream compress stream stream jumps jumps data strea,114.39047333867454,SYNTHETIC_ROBUSTNESS
1118,compress brown dog data dog brown compress compress jumps the over the data lazy quick jumps fox over lazy compress brown lazy l,114.58373378963779,SYNTHETIC_ROBUSTNESS
1119,quick jumps fox jumps fox brown compress quick fox jumps compress fox stream brown dog the quick over compress compress dog jump,114.72288626133437,SYNTHETIC_ROBUSTNESS
1120,jumps brown jumps compress data dog jumps over dog quick brown dog the data jumps over jumps lazy fox dog dog over the brown the,114.7836919109497,SYNTHETIC_ROBUSTNESS
1121,fox data compress data over fox fox jumps the over the lazy stream fox lazy data the data dog compress data fox jumps compress j,114.91314637996032,SYNTHETIC_ROBUSTNESS
1122,the data data jumps brown brown compress data lazy the jumps data fox fox jumps stream stream fox the fox brown over stream data,114.9206321952377,SYNTHETIC_ROBUSTNESS
1123,brown quick quick lazy dog the brown the over the over jumps over fox brown the dog stream data the jumps quick over dog compres,115.0292625645812,SYNTHETIC_ROBUSTNESS
1124,fox lazy dog fox dog compress over quick dog quick dog dog fox jumps stream the the brown stream stream compress the quick quick,115.03006707826228,SYNTHETIC_ROBUSTNESS
1125,jumps fox fox the fox quick brown jumps over dog quick jumps brown compress compress fox data dog dog compress brown compress do,115.0349387158788,SYNTHETIC_ROBUSTNESS
1126,over data the over jumps compress jumps quick compress dog brown dog stream lazy brown data lazy fox lazy jumps over dog fox com,115.1765298023348,SYNTHETIC_ROBUSTNESS
1127,stream the quick fox over over quick stream fox compress the quick jumps quick compress lazy the compress quick quick lazy lazy ,115.24146714973556,SYNTHETIC_ROBUSTNESS
1128,data the brown quick jumps over lazy over stream compress jumps brown data jumps compress lazy quick data fox over quick the jum,115.24760693386217,SYNTHETIC_ROBUSTNESS
1129,quick brown data lazy over brown fox over brown dog jumps fox data quick the stream lazy compress data dog the jumps stream brow,115.31335814465051,SYNTHETIC_ROBUSTNESS
1130,jumps over fox dog the data compress lazy fox brown data over stream lazy jumps stream dog data fox jumps over compress fox stre,115.31983912902825,SYNTHETIC_ROBUSTNESS
1131,lazy dog the quick the fox lazy brown over brown quick over lazy dog jumps brown quick quick dog stream dog fox compress data co,115.36230885205698,SYNTHETIC_ROBUSTNESS
1132,fox fox the dog stream stream data lazy brown stream quick compress lazy compress lazy lazy data quick compress stream the compr,115.37943189387045,SYNTHETIC_ROBUSTNESS
1133,jumps fox fox the fox quick brown jumps over dog quick jumps brown compress compress fox data dog dog compress brown compress do,115.40419760899161,SYNTHETIC_ROBUSTNESS
1134,the over over over dog jumps quick the lazy jumps the compress compress the over the the quick lazy brown fox over brown brown c,115.4259641677935,SYNTHETIC_ROBUSTNESS
1135,over fox fox the data brown fox brown over lazy jumps the brown jumps dog over lazy over dog data fox lazy dog the jumpsaaaaaaaa,115.47244873124654,SYNTHETIC_ROBUSTNESS
1136,jumps data brown lazy the over over brown brown over the compress jumps dog lazy lazy data fox the dog fox stream compress brown,115.4838673680218,SYNTHETIC_ROBUSTNESS
1137,fox data jumps jumps compress quick stream over the stream dog the stream brown compress jumps compress fox compress over compre,115.55888917606734,SYNTHETIC_ROBUSTNESS
1138,compress stream brown stream over brown compress the fox jumps over compress lazy quick lazy stream compress jumps fox over jump,115.61116229987661,SYNTHETIC_ROBUSTNESS
1139,over brown brown the data dog the dog the stream stream brown compress compress the fox the compress the data compress stream th,115.7943361339418,SYNTHETIC_ROBUSTNESS
1140,stream brown data dog fox data over the fox quick quick brown quick jumps stream jumps fox fox stream fox brown fox fox brown ju,115.96916309076333,SYNTHETIC_ROBUSTNESS
1141,compress stream the fox lazy the compress jumps compress brown data quick compress brown jumps jumps over data brown compress fo,116.14304817466036,SYNTHETIC_ROBUSTNESS
1142,quick fox dog jumps compress the dog brown jumps data data the the quick stream the fox data over quick data over fox brown jump,116.20646796394837,SYNTHETIC_ROBUSTNESS
1143,lazy dog dog quick quick fox the data dog data stream over fox lazy compress stream jumps fox dog dog lazy stream the jumps lazy,116.24082812823195,SYNTHETIC_ROBUSTNESS
1144,compress brown stream jumps fox quick quick over jumps lazy lazy fox lazy over jumps over stream lazy data dog brown dog stream ,116.29451108880653,SYNTHETIC_ROBUSTNESS
1145,lazy compress over fox jumps brown the fox stream dog over compress stream over jumps the lazy quick fox quick lazy fox stream d,116.41078513458679,SYNTHETIC_ROBUSTNESS
1146,fox brown dog brown quick jumps data brown data over over jumps over jumps data compress the brown data over lazy brown the data,116.48624194727516,SYNTHETIC_ROBUSTNESS
1147,dog quick fox quick data jumps dog lazy data fox over lazy data over stream jumps jumps brown quick data brown quick the over do,116.58413947256658,SYNTHETIC_ROBUSTNESS
1148,quick fox the quick data the dog jumps the over quick jumps the over data the stream jumps jumps jumps brown lazy lazy stream fo,116.70246429050427,SYNTHETIC_ROBUSTNESS
1149,stream fox jumps compress quick quick brown dog brown over the stream lazy compress compress data brown data the stream brown da,116.95301192063117,SYNTHETIC_ROBUSTNESS
1150,the stream over compress stream fox fox over quick stream the over data compress dog stream data jumps stream lazy the dog dog l,117.24120913331842,SYNTHETIC_ROBUSTNESS
1151,compress over the compress the quick dog dog fox brown stream the quick quick quick data stream stream data over lazy jumps data,117.42476146105386,SYNTHETIC_ROBUSTNESS
1152,brown stream data lazy lazy over stream the quick the brown the compress compress compress data data brown data the brown quick ,117.43148891340647,SYNTHETIC_ROBUSTNESS
1153,lazy lazy lazy jumps the data the fox data stream brown the the quick brown the quick brown fox compress stream stream quick qui,117.81942031898744,SYNTHETIC_ROBUSTNESS
1154,compress jumps dog compress fox compress stream brown the jumps data quick fox data fox jumps brown lazy stream jumps stream bro,117.94103522453503,SYNTHETIC_ROBUSTNESS
1155,dog brown compress over fox jumps stream lazy brown the compress jumps jumps over stream dog quick fox stream the fox stream fox,118.059253795198,SYNTHETIC_ROBUSTNESS
1156,dog data fox over data lazy the compress compress jumps compress fox over compress brown stream fox jumps compress over data laz,118.06159150619881,SYNTHETIC_ROBUSTNESS
1157,dog quick fox quick data jumps dog lazy data fox over lazy data over stream jumps jumps brown quick data brown quick the over do,118.1268688197229,SYNTHETIC_ROBUSTNESS
1158,fox jumps quick jumps quick lazy the quick stream dog jumps jumps the compress the brown stream quick stream compress fox brown ,118.22535246403552,SYNTHETIC_ROBUSTNESS
1159,over data quick data lazy fox fox jumps brown over over over dog fox the stream data stream data over quick jumps over lazy comp,118.2579960574958,SYNTHETIC_ROBUSTNESS
1160,lazy jumps fox compress quick over lazy brown lazy the stream the compress over compress dog data jumps the lazy brown lazy data,118.26668701747145,SYNTHETIC_ROBUSTNESS
1161,jumps fox dog data the brown stream over brown quick the the stream quick over the jumps the jumps data data brown fox the compr,118.34271081678052,SYNTHETIC_ROBUSTNESS
1162,the brown compress fox the lazy fox over quick lazy quick data compress compress jumps over fox brown compress jumps dog data ov,118.40182305950226,SYNTHETIC_ROBUSTNESS
1163,over jumps brown stream dog the stream over over data brown lazy compress lazy brown fox stream over fox the jumps fox stream th,118.40633119855488,SYNTHETIC_ROBUSTNESS
1164,the over over over dog jumps quick the lazy jumps the compress compress the over the the quick lazy brown fox over brown brown c,118.47960695961021,SYNTHETIC_ROBUSTNESS
1165,lazy lazy dog quick brown data brown compress over data dog stream brown dog over stream the over quick stream the stream jumps ,118.49100413453336,SYNTHETIC_ROBUSTNESS
1166,jumps fox fox the fox quick brown jumps over dog quick jumps brown compress compress fox data dog dog compress brown compress do,118.54626456285906,SYNTHETIC_ROBUSTNESS
1167,compress quick dog lazy dog brown compress stream the stream lazy brown over compress jumps data data fox compress jumps quick j,118.57779221639237,SYNTHETIC_ROBUSTNESS
1168,fox dog quick jumps compress jumps dog over dog data data fox quick over stream stream over fox fox quick quick brown over lazy ,118.93002982239173,SYNTHETIC_ROBUSTNESS
1169,the over over over dog jumps quick the lazy jumps the compress compress the over the the quick lazy brown fox over brown brown c,118.93356490012938,SYNTHETIC_ROBUSTNESS
1170,over stream brown fox dog brown lazy brown jumps dog data the over dog stream compress stream the lazy compress over quick lazy ,119.01566823640557,SYNTHETIC_ROBUSTNESS
1171,the stream over compress stream fox fox over quick stream the over data compress dog stream data jumps stream lazy the dog dog l,119.03214630518792,SYNTHETIC_ROBUSTNESS
1172,over compress fox data dog compress the dog jumps lazy lazy dog over brown the lazy data stream dog dog quick lazy stream jumps ,119.07060879998959,SYNTHETIC_ROBUSTNESS
1173,jumps the lazy lazy over quick quick quick quick quick quick stream stream brown lazy data fox brown the compress data quick dat,119.0909307572859,SYNTHETIC_ROBUSTNESS
1174,brown quick the stream brown the data lazy stream lazy dog jumps brown lazy brown stream jumps data quick fox brown over jumps c,119.62374409954808,SYNTHETIC_ROBUSTNESS
1175,stream dog jumps quick over quick fox quick jumps fox dog quick fox over over compress over jumps quick brown over quick lazy br,119.62703382934293,SYNTHETIC_ROBUSTNESS
1176,data jumps lazy lazy over stream quick the jumps quick stream over lazy compress the brown compress compress compress brown comp,119.70498202634955,SYNTHETIC_ROBUSTNESS
1177,compress jumps stream data over brown fox data fox dog brown data stream dog stream dog fox quick over data quick compress the f,119.79864226745897,SYNTHETIC_ROBUSTNESS
1178,stream jumps compress stream the stream dog stream data fox stream brown stream fox dog over stream jumps the data dog fox over ,119.94655689805114,SYNTHETIC_ROBUSTNESS
1179,quick data jumps jumps stream compress over lazy data data data dog data stream over stream quick over compress brown quick over,120.04490243890712,SYNTHETIC_ROBUSTNESS
1180,over compress quick over data the quick jumps data lazy stream lazy fox compress fox quick stream dog brown quick compress quick,120.07121399144833,SYNTHETIC_ROBUSTNESS
1181,dog data data over over compress jumps fox dog over stream brown stream compress compress the jumps brown lazy the the data fox ,120.16235398333973,SYNTHETIC_ROBUSTNESS
1182,over over the the the data over brown data over quick jumps jumps dog data data dog dog quick jumps dog brown data stream dogaaa,120.5311095231475,SYNTHETIC_ROBUSTNESS
1183,data lazy over quick stream over fox compress quick quick data dog dog quick dog stream compress over over lazy dog stream dog l,120.71979465771288,SYNTHETIC_ROBUSTNESS
1184,the the brown compress brown quick jumps the stream the dog quick stream dog lazy dog lazy over dog jumps over fox stream brown ,120.7802162267365,SYNTHETIC_ROBUSTNESS
1185,dog quick fox quick data jumps dog lazy data fox over lazy data over stream jumps jumps brown quick data brown quick the over do,120.84511169181714,SYNTHETIC_ROBUSTNESS
1186,data brown compress compress jumps compress dog fox fox data compress brown quick data jumps stream lazy jumps dog dog quick laz,120.85937275715392,SYNTHETIC_ROBUSTNESS
1187,quick fox dog data compress brown data jumps compress quick lazy lazy stream quick brown quick compress the stream dog the quick,120.94375235240535,SYNTHETIC_ROBUSTNESS
1188,compress brown fox brown the over the fox stream the jumps over fox dog fox jumps dog compress dog over fox jumps lazy brown ove,120.97663656940044,SYNTHETIC_ROBUSTNESS
1189,data brown dog fox lazy quick over dog fox lazy data compress fox stream data fox jumps over jumps the jumps data lazy compress ,120.98807829376518,SYNTHETIC_ROBUSTNESS
1190,over compress jumps data jumps data quick quick data over brown lazy data jumps the compress fox lazy data jumps the over stream,121.05236351923153,SYNTHETIC_ROBUSTNESS
1191,jumps stream fox jumps the quick data quick the fox over brown the quick quick stream dog jumps compress compress brown the comp,121.05697537765577,SYNTHETIC_ROBUSTNESS
1192,data compress over the data jumps jumps brown jumps lazy stream lazy brown compress compress dog data compress brown fox the bro,121.06977368677181,SYNTHETIC_ROBUSTNESS
1193,brown stream data lazy lazy over stream the quick the brown the compress compress compress data data brown data the brown quick ,121.09449733183877,SYNTHETIC_ROBUSTNESS
1194,dog brown quick the data dog brown compress over quick over data fox over fox data jumps lazy stream the quick stream data strea,121.56157083524546,SYNTHETIC_ROBUSTNESS
1195,the jumps brown lazy data compress lazy data quick dog compress fox fox data dog fox quick dog the lazy fox stream fox brown dog,121.72684797452922,SYNTHETIC_ROBUSTNESS
1196,over data fox the over data fox fox over dog dog dog the compress lazy quick quick jumps over data jumps data jumps fox theaaaaa,121.80488383294617,SYNTHETIC_ROBUSTNESS
1197,lazy stream stream dog data brown jumps stream compress jumps lazy jumps quick stream brown compress over lazy the fox data quic,121.83135403237925,SYNTHETIC_ROBUSTNESS
1198,dog compress data stream over data brown dog over over quick fox stream over dog over stream stream over quick jumps lazy the do,121.90452617952892,SYNTHETIC_ROBUSTNESS
1199,compress compress the stream data the compress over compress compress fox compress data stream compress brown dog lazy jumps com,122.0092222549068,SYNTHETIC_ROBUSTNESS
1200,quick data dog data lazy compress dog jumps lazy the the brown brown data lazy brown stream the dog over quick the fox fox strea,122.00967969125566,SYNTHETIC_ROBUSTNESS
1201,the data quick lazy jumps quick dog quick over dog compress quick the fox brown over over fox fox the jumps dog the fox lazyaaaa,122.4510818290293,SYNTHETIC_ROBUSTNESS
1202,dog jumps over dog jumps lazy lazy jumps quick lazy compress quick the data data the quick data data over lazy lazy stream over ,122.54964081919732,SYNTHETIC_ROBUSTNESS
1203,stream jumps compress stream the stream dog stream data fox stream brown stream fox dog over stream jumps the data dog fox over ,122.99400102385923,SYNTHETIC_ROBUSTNESS
1204,dog dog dog stream fox lazy fox lazy jumps quick brown data stream over quick over the stream brown the quick over jumps dog dat,123.05731274081488,SYNTHETIC_ROBUSTNESS
1205,the compress over lazy lazy over stream compress brown over compress the quick jumps dog over over stream over compress over dog,123.15499841634873,SYNTHETIC_ROBUSTNESS
1206,dog jumps fox stream compress jumps brown lazy the quick brown the data dog dog brown brown quick quick lazy brown stream lazy s,123.21688790464289,SYNTHETIC_ROBUSTNESS
1207,dog fox jumps dog fox fox dog brown the data over quick jumps lazy compress over the fox over lazy brown over jumps data streama,123.2178407945302,SYNTHETIC_ROBUSTNESS
1208,compress stream compress brown stream the dog compress quick jumps stream dog the stream over quick brown jumps jumps lazy dog t,123.40748062979291,SYNTHETIC_ROBUSTNESS
1209,quick compress compress over jumps fox brown compress the stream dog data the over the lazy dog stream compress over jumps data ,123.46708296906345,SYNTHETIC_ROBUSTNESS
1210,dog the brown fox brown compress compress data stream brown stream fox dog quick stream lazy lazy lazy compress brown lazy dog d,123.53074759248562,SYNTHETIC_ROBUSTNESS
1211,over quick compress dog the quick over compress lazy stream compress dog quick stream data jumps lazy jumps stream data dog fox ,123.57537069967934,SYNTHETIC_ROBUSTNESS
1212,jumps fox compress data compress compress lazy the quick compress fox lazy over compress quick over quick quick fox jumps fox do,123.63204972781611,SYNTHETIC_ROBUSTNESS
1213,quick dog the the stream brown the dog brown the data quick stream quick compress lazy stream data brown compress over the brown,123.76134860733187,SYNTHETIC_ROBUSTNESS
1214,dog data data over over compress jumps fox dog over stream brown stream compress compress the jumps brown lazy the the data fox ,123.88195426517251,SYNTHETIC_ROBUSTNESS
1215,quick compress jumps brown lazy over compress over dog the compress over stream quick brown lazy jumps jumps fox jumps jumps str,124.04717782365279,SYNTHETIC_ROBUSTNESS
1216,data data quick quick compress brown lazy dog fox quick the the fox stream dog brown the dog lazy data over over over compress q,124.41474283525572,SYNTHETIC_ROBUSTNESS
1217,jumps stream lazy over the data lazy quick data quick over dog dog data data quick data over jumps data data lazy jumps fox thea,124.46436367184145,SYNTHETIC_ROBUSTNESS
1218,brown stream data lazy lazy over stream the quick the brown the compress compress compress data data brown data the brown quick ,124.5057576915642,SYNTHETIC_ROBUSTNESS
1219,compress over the compress the quick dog dog fox brown stream the quick quick quick data stream stream data over lazy jumps data,124.57378573583922,SYNTHETIC_ROBUSTNESS
1220,over compress fox data dog compress the dog jumps lazy lazy dog over brown the lazy data stream dog dog quick lazy stream jumps ,124.59055538595615,SYNTHETIC_ROBUSTNESS
1221,lazy jumps brown data fox brown jumps lazy data jumps compress fox data lazy dog dog lazy quick data fox quick brown the dog com,124.73244937836287,SYNTHETIC_ROBUSTNESS
1222,over brown fox brown lazy brown data jumps data the over jumps data the quick quick compress data quick over lazy fox dog quick ,124.81947073737126,SYNTHETIC_ROBUSTNESS
1223,the stream over compress stream fox fox over quick stream the over data compress dog stream data jumps stream lazy the dog dog l,124.8432128270922,SYNTHETIC_ROBUSTNESS
1224,brown stream data lazy lazy over stream the quick the brown the compress compress compress data data brown data the brown quick ,125.0427486432723,SYNTHETIC_ROBUSTNESS
1225,jumps dog jumps over stream quick brown compress over jumps quick compress over compress brown brown compress the lazy over stre,125.13926064376794,SYNTHETIC_ROBUSTNESS
1226,compress over the compress the quick dog dog fox brown stream the quick quick quick data stream stream data over lazy jumps data,125.1427238587548,SYNTHETIC_ROBUSTNESS
1227,stream lazy over jumps brown brown fox dog lazy fox stream fox jumps data over over data over stream fox fox fox fox data stream,125.16460377005106,SYNTHETIC_ROBUSTNESS
1228,dog lazy brown over fox fox stream fox stream dog fox jumps over dog quick brown fox lazy data jumps over over over quick lazyaa,125.38633031459482,SYNTHETIC_ROBUSTNESS
1229,the stream over compress stream fox fox over quick stream the over data compress dog stream data jumps stream lazy the dog dog l,125.43430267517418,SYNTHETIC_ROBUSTNESS
1230,data quick brown stream over lazy dog fox dog over dog dog dog stream brown compress over the dog jumps over fox jumps fox foxaa,125.85004124433175,SYNTHETIC_ROBUSTNESS
1231,over dog stream the data brown data lazy lazy jumps lazy dog dog brown quick compress jumps jumps dog stream dog the stream quic,125.92549081174178,SYNTHETIC_ROBUSTNESS
1232,data stream jumps data compress data over the compress compress over over fox jumps over dog jumps dog the quick lazy compress d,125.94879948726002,SYNTHETIC_ROBUSTNESS
1233,stream fox lazy compress stream quick over the fox data stream compress quick over lazy over over compress quick over lazy quick,126.03891373209112,SYNTHETIC_ROBUSTNESS
1234,over brown compress over fox over data jumps compress lazy compress stream fox dog over brown jumps fox the the stream lazy dog ,126.04971134080999,SYNTHETIC_ROBUSTNESS
1235,brown compress jumps brown over data quick compress fox fox quick fox over over dog the brown compress lazy the data quick compr,126.21448489908228,SYNTHETIC_ROBUSTNESS
1236,jumps lazy compress data brown the over compress stream data fox stream compress stream brown jumps lazy data over lazy quick da,126.31332809623333,SYNTHETIC_ROBUSTNESS
1237,jumps dog the jumps stream jumps fox dog lazy fox stream data jumps lazy compress jumps stream jumps brown dog fox quick data ov,126.64560356176237,SYNTHETIC_ROBUSTNESS
1238,dog data data over over compress jumps fox dog over stream brown stream compress compress the jumps brown lazy the the data fox ,126.76275663715037,SYNTHETIC_ROBUSTNESS
1239,over lazy fox lazy stream compress stream stream data fox brown dog dog dog quick stream quick dog lazy data quick compress the ,126.76779657031378,SYNTHETIC_ROBUSTNESS
1240,fox data dog dog dog quick lazy fox fox the quick stream stream compress dog lazy data stream data compress the brown dog quick ,126.8325046884862,SYNTHETIC_ROBUSTNESS
1241,the over over over dog jumps quick the lazy jumps the compress compress the over the the quick lazy brown fox over brown brown c,126.90828611119159,SYNTHETIC_ROBUSTNESS
1242,over compress fox data dog compress the dog jumps lazy lazy dog over brown the lazy data stream dog dog quick lazy stream jumps ,127.15690802123355,SYNTHETIC_ROBUSTNESS
1243,brown stream data lazy lazy over stream the quick the brown the compress compress compress data data brown data the brown quick ,127.21355362265933,SYNTHETIC_ROBUSTNESS
1244,quick jumps fox stream over over data the brown stream quick data fox fox the the quick data jumps dog over brown brown data ove,127.30357409664815,SYNTHETIC_ROBUSTNESS
1245,dog fox compress dog jumps lazy jumps jumps fox over quick stream the lazy jumps fox lazy data brown fox stream jumps compress t,127.32414819554732,SYNTHETIC_ROBUSTNESS
1246,quick stream brown fox fox jumps quick over stream jumps over over data brown the quick dog lazy data over quick dog brown brown,127.35220244300092,SYNTHETIC_ROBUSTNESS
1247,lazy quick data over the over data stream jumps compress jumps jumps dog the brown brown quick jumps data quick brown compress c,127.43173965240771,SYNTHETIC_ROBUSTNESS
1248,quick jumps jumps jumps over lazy compress lazy data over stream the brown jumps quick quick dog over brown data the stream stre,127.55113680541882,SYNTHETIC_ROBUSTNESS
1249,data stream dog compress stream the jumps fox lazy lazy data compress brown the brown the compress the dog lazy over dog fox ove,127.60831133345033,SYNTHETIC_ROBUSTNESS
1250,dog data data over over compress jumps fox dog over stream brown stream compress compress the jumps brown lazy the the data fox ,127.66499249385878,SYNTHETIC_ROBUSTNESS
1251,brown over compress compress data jumps dog dog lazy the stream fox quick compress data quick dog brown jumps over brown brown q,127.69456315040563,SYNTHETIC_ROBUSTNESS
1252,compress stream compress data fox brown fox fox over dog over the brown stream over compress over stream brown jumps fox jumps j,127.81433928581815,SYNTHETIC_ROBUSTNESS
1253,brown data jumps fox dog data compress stream lazy dog over data quick the data data over over jumps compress stream quick compr,127.81488807649437,SYNTHETIC_ROBUSTNESS
1254,brown data jumps fox dog data compress stream lazy dog over data quick the data data over over jumps compress stream quick compr,127.88678969624179,SYNTHETIC_ROBUSTNESS
1255,data the lazy lazy over the stream the data fox compress jumps fox fox quick the dog over data compress lazy brown fox jumps the,127.88714680863289,SYNTHETIC_ROBUSTNESS
1256,compress over the compress the quick dog dog fox brown stream the quick quick quick data stream stream data over lazy jumps data,127.97715604968202,SYNTHETIC_ROBUSTNESS
1257,compress dog stream dog lazy data quick dog lazy fox quick stream data the jumps fox compress stream quick lazy the quick data o,127.98029546686617,SYNTHETIC_ROBUSTNESS
1258,lazy compress the jumps fox the quick dog brown compress brown compress compress compress quick over over the quick lazy fox com,128.2617484009142,SYNTHETIC_ROBUSTNESS
1259,brown dog dog dog over jumps lazy brown fox compress quick compress jumps over fox compress brown quick fox compress quick quick,128.3267483126044,SYNTHETIC_ROBUSTNESS
1260,fox lazy data compress dog stream the fox the over jumps compress compress fox brown the quick quick quick fox over brown over d,128.44195681287695,SYNTHETIC_ROBUSTNESS
1261,lazy brown jumps lazy dog the stream dog jumps jumps stream over jumps brown the fox compress data fox over dog quick fox quick ,128.63409703866415,SYNTHETIC_ROBUSTNESS
1262,dog over dog the stream the compress lazy data lazy dog lazy fox the over fox stream fox brown compress lazy fox lazy brown jump,128.6609401767281,SYNTHETIC_ROBUSTNESS
1263,dog data data over over compress jumps fox dog over stream brown stream compress compress the jumps brown lazy the the data fox ,128.73860477421997,SYNTHETIC_ROBUSTNESS
1264,compress over fox jumps the dog dog data fox brown stream dog quick quick data lazy the fox over jumps dog compress brown over l,128.93771091285276,SYNTHETIC_ROBUSTNESS
1265,over fox stream stream fox lazy dog quick brown the over compress the fox fox lazy quick data quick jumps the the the lazy theaa,129.01488096104976,SYNTHETIC_ROBUSTNESS
1266,compress data the quick dog jumps lazy fox dog data jumps compress fox dog stream the quick compress fox fox over fox lazy strea,129.06476613683185,SYNTHETIC_ROBUSTNESS
1267,the compress jumps dog stream fox compress brown the lazy jumps dog lazy dog quick compress the fox jumps stream jumps lazy stre,129.1107904478964,SYNTHETIC_ROBUSTNESS
1268,fox lazy data over data brown the lazy quick dog jumps brown fox jumps lazy compress compress stream dog over lazy quick quick b,129.1592588719127,SYNTHETIC_ROBUSTNESS
1269,jumps the stream over lazy stream fox the brown quick dog fox stream data compress data dog data the fox compress the quick data,129.25482215211875,SYNTHETIC_ROBUSTNESS
1270,data jumps lazy the brown fox over jumps data lazy fox stream fox quick brown lazy over lazy over stream brown quick lazy stream,129.259495799841,SYNTHETIC_ROBUSTNESS
1271,stream brown data the quick quick quick compress jumps lazy jumps stream compress quick stream the lazy fox compress jumps the s,129.31317561308953,SYNTHETIC_ROBUSTNESS
1272,fox fox over brown brown brown lazy lazy over over lazy fox over jumps fox data dog brown brown jumps fox jumps fox stream brown,129.39540765091016,SYNTHETIC_ROBUSTNESS
1273,stream quick quick over dog data compress brown stream quick fox fox data over dog brown compress jumps brown lazy jumps dog dog,129.5497636738571,SYNTHETIC_ROBUSTNESS
1274,data fox dog compress over fox dog over the fox lazy brown dog the stream stream jumps dog compress fox quick brown over brown o,129.62526460157204,SYNTHETIC_ROBUSTNESS
1275,over dog lazy compress the lazy jumps fox brown brown jumps fox fox quick quick the lazy fox brown lazy lazy dog over brown doga,129.88586731884303,SYNTHETIC_ROBUSTNESS
1276,fox quick lazy fox quick jumps jumps jumps the dog lazy brown fox quick dog jumps jumps lazy stream quick jumps over compress st,129.94452519693846,SYNTHETIC_ROBUSTNESS
1277,quick compress compress brown lazy fox jumps quick fox stream fox over fox fox compress stream dog fox fox quick data the fox ov,130.04973456752757,SYNTHETIC_ROBUSTNESS
1278,dog the data brown fox over compress fox fox dog data stream brown the jumps quick compress lazy compress lazy over compress bro,130.05150831714738,SYNTHETIC_ROBUSTNESS
1279,brown stream data lazy lazy over stream the quick the brown the compress compress compress data data brown data the brown quick ,130.07874800826661,SYNTHETIC_ROBUSTNESS
1280,jumps the dog jumps fox dog the the compress dog jumps dog brown stream the over dog brown stream quick over the jumps stream st,130.24773547400554,SYNTHETIC_ROBUSTNESS
1281,jumps data data stream over brown the data brown jumps fox jumps quick over jumps quick quick data lazy over jumps stream over d,130.33597636370732,SYNTHETIC_ROBUSTNESS
1282,jumps compress compress fox compress lazy jumps dog jumps lazy the the data brown brown fox brown lazy quick jumps lazy compress,130.628174484987,SYNTHETIC_ROBUSTNESS
1283,quick dog dog lazy quick over fox compress stream fox fox jumps data dog quick the fox jumps fox lazy brown stream fox over thea,130.7679611663529,SYNTHETIC_ROBUSTNESS
1284,compress over the compress the quick dog dog fox brown stream the quick quick quick data stream stream data over lazy jumps data,130.82768376841534,SYNTHETIC_ROBUSTNESS
1285,the stream over compress stream fox fox over quick stream the over data compress dog stream data jumps stream lazy the dog dog l,130.97851246350356,SYNTHETIC_ROBUSTNESS
1286,jumps fox stream compress brown quick brown dog the over quick lazy the the compress data jumps over quick the the data data bro,131.04158357185486,SYNTHETIC_ROBUSTNESS
1287,data the data brown data lazy the the fox stream brown lazy fox data data the data brown lazy quick the jumps over over compress,131.08165653638127,SYNTHETIC_ROBUSTNESS
1288,fox stream compress data compress jumps fox over compress compress fox the over quick over brown brown quick fox compress compre,131.0864806554278,SYNTHETIC_ROBUSTNESS
1289,the brown stream dog the dog lazy dog stream jumps over lazy fox lazy over stream brown data compress fox dog stream stream lazy,131.28719152582283,SYNTHETIC_ROBUSTNESS
1290,compress compress stream lazy the lazy stream lazy jumps dog fox compress brown quick compress over stream over dog dog lazy com,131.34148195029243,SYNTHETIC_ROBUSTNESS
1291,fox data over quick lazy compress over data the fox jumps dog data fox data compress brown quick lazy the compress stream the br,131.457054287663,SYNTHETIC_ROBUSTNESS
1292,the lazy over over compress compress brown brown fox over quick fox data quick jumps jumps dog jumps dog data jumps over compres,131.4736667694002,SYNTHETIC_ROBUSTNESS
1293,over compress fox data dog compress the dog jumps lazy lazy dog over brown the lazy data stream dog dog quick lazy stream jumps ,131.65025393059227,SYNTHETIC_ROBUSTNESS
1294,fox data compress fox dog stream brown data stream the fox quick quick data dog jumps stream stream data brown quick brown the f,131.82409501368508,SYNTHETIC_ROBUSTNESS
1295,brown data jumps fox dog data compress stream lazy dog over data quick the data data over over jumps compress stream quick compr,131.88990151490202,SYNTHETIC_ROBUSTNESS
1296,the over over over dog jumps quick the lazy jumps the compress compress the over the the quick lazy brown fox over brown brown c,132.00141981002233,SYNTHETIC_ROBUSTNESS
1297,dog quick fox quick data jumps dog lazy data fox over lazy data over stream jumps jumps brown quick data brown quick the over do,132.075120070877,SYNTHETIC_ROBUSTNESS
1298,stream the the dog compress over over over the over fox fox jumps compress over brown over jumps compress fox fox lazy the dog d,132.15547566192936,SYNTHETIC_ROBUSTNESS
1299,compress over the compress the quick dog dog fox brown stream the quick quick quick data stream stream data over lazy jumps data,132.37511956099826,SYNTHETIC_ROBUSTNESS
1300,fox jumps stream quick quick stream the data lazy data brown lazy data lazy brown the lazy jumps brown over over fox fox compres,132.71598929866448,SYNTHETIC_ROBUSTNESS
1301,jumps over jumps the dog fox compress data data lazy compress lazy fox over data data brown over data lazy compress stream over ,132.7617966374044,SYNTHETIC_ROBUSTNESS
1302,fox stream compress compress stream lazy compress dog stream brown quick stream fox the data quick compress jumps data quick str,132.80210340476617,SYNTHETIC_ROBUSTNESS
1303,fox stream brown fox data fox data over jumps fox quick stream lazy jumps dog compress the fox data over the brown the compress ,132.83831630322766,SYNTHETIC_ROBUSTNESS
1304,data quick the brown brown data brown quick dog the data brown brown dog the compress dog quick data jumps compress stream dog o,132.98561435598947,SYNTHETIC_ROBUSTNESS
1305,fox jumps data data brown over brown stream dog brown the lazy fox lazy compress compress dog over lazy data over lazy fox compr,133.1139511219351,SYNTHETIC_ROBUSTNESS
1306,data brown compress dog over quick lazy quick lazy compress lazy dog data stream over over jumps brown brown data data the dog o,133.11842994816737,SYNTHETIC_ROBUSTNESS
1307,compress over the compress the quick dog dog fox brown stream the quick quick quick data stream stream data over lazy jumps data,133.12768983202642,SYNTHETIC_ROBUSTNESS
1308,stream lazy quick lazy compress jumps fox compress quick jumps brown the fox jumps jumps lazy dog fox quick data the dog over qu,133.23159356681154,SYNTHETIC_ROBUSTNESS
1309,dog data data over over compress jumps fox dog over stream brown stream compress compress the jumps brown lazy the the data fox ,133.26374622238353,SYNTHETIC_ROBUSTNESS
1310,fox over compress quick fox jumps quick brown jumps over jumps dog data the stream lazy brown fox quick over lazy quick data the,133.2733511024024,SYNTHETIC_ROBUSTNESS
1311,quick quick fox lazy compress compress data fox over stream jumps fox lazy compress quick data fox stream fox lazy data the the ,133.32673728073857,SYNTHETIC_ROBUSTNESS
1312,stream brown dog fox dog fox stream dog over the lazy jumps the jumps brown the quick brown lazy lazy quick compress the data ov,133.536687689692,SYNTHETIC_ROBUSTNESS
1313,compress fox stream quick jumps dog lazy brown lazy brown jumps lazy dog brown over quick lazy brown over data data jumps fox la,133.58230751145277,SYNTHETIC_ROBUSTNESS
1314,compress the jumps over stream fox stream brown fox compress the data data over lazy compress brown stream data fox the data laz,133.70125864543346,SYNTHETIC_ROBUSTNESS
1315,the dog lazy brown lazy compress compress lazy dog the data jumps compress compress over lazy jumps fox brown jumps dog fox comp,133.93209368304423,SYNTHETIC_ROBUSTNESS
1316,jumps fox fox dog compress lazy fox data brown compress dog compress dog compress the fox fox fox fox dog over lazy compress com,133.95064391380777,SYNTHETIC_ROBUSTNESS
1317,lazy dog lazy the over data the lazy quick quick the quick lazy jumps dog brown dog quick stream stream data data over fox quick,134.04472831800902,SYNTHETIC_ROBUSTNESS
1318,fox lazy the fox fox compress brown compress compress jumps compress brown the jumps fox fox brown the data over dog stream over,134.2829552834077,SYNTHETIC_ROBUSTNESS
1319,over compress fox data dog compress the dog jumps lazy lazy dog over brown the lazy data stream dog dog quick lazy stream jumps ,134.3044496464807,SYNTHETIC_ROBUSTNESS
1320,jumps stream the over brown brown lazy lazy stream data over quick brown over over over the dog compress brown dog quick the the,134.75285659060157,SYNTHETIC_ROBUSTNESS
1321,data over data data over over the brown jumps the stream fox data lazy lazy dog compress jumps dog dog data stream dog over quic,134.79828277378238,SYNTHETIC_ROBUSTNESS
1322,stream brown lazy over over dog the stream jumps jumps fox the dog lazy the the jumps data quick brown fox over dog compress the,134.82281220792223,SYNTHETIC_ROBUSTNESS
1323,compress over the compress the quick dog dog fox brown stream the quick quick quick data stream stream data over lazy jumps data,135.00471671465462,SYNTHETIC_ROBUSTNESS
1324,lazy stream dog stream stream lazy the quick stream brown stream brown data compress compress fox fox over fox compress compress,135.0678107870596,SYNTHETIC_ROBUSTNESS
1325,dog compress data quick data quick brown jumps lazy quick quick data over compress stream brown fox data over jumps quick fox br,135.1788827698969,SYNTHETIC_ROBUSTNESS
1326,fox brown over dog lazy stream fox lazy jumps stream data dog data over over the the fox brown jumps compress lazy brown lazy da,135.24614023801809,SYNTHETIC_ROBUSTNESS
1327,compress lazy stream lazy lazy lazy stream lazy data jumps fox fox brown brown fox jumps brown data jumps lazy data lazy over ju,135.34929013969287,SYNTHETIC_ROBUSTNESS
1328,over data lazy quick dog lazy over stream data quick fox compress brown lazy lazy data the fox dog dog over jumps compress over ,135.35289108393323,SYNTHETIC_ROBUSTNESS
1329,lazy quick the fox lazy fox over brown fox quick quick over over stream stream dog stream brown fox data quick the the dog foxaa,135.39599710654602,SYNTHETIC_ROBUSTNESS
1330,lazy fox compress the the brown lazy compress jumps data dog over quick compress compress over jumps over fox lazy compress brow,135.50309055216525,SYNTHETIC_ROBUSTNESS
1331,compress stream lazy dog data dog quick fox quick lazy quick over stream jumps compress compress quick jumps quick stream compre,135.5462890054852,SYNTHETIC_ROBUSTNESS
1332,dog quick fox quick data jumps dog lazy data fox over lazy data over stream jumps jumps brown quick data brown quick the over do,135.69579044355345,SYNTHETIC_ROBUSTNESS
1333,the over over over dog jumps quick the lazy jumps the compress compress the over the the quick lazy brown fox over brown brown c,136.01991411349823,SYNTHETIC_ROBUSTNESS
1334,stream jumps lazy brown data data over dog lazy quick compress brown stream stream stream over stream the over over stream jumps,136.02372703498065,SYNTHETIC_ROBUSTNESS
1335,dog fox lazy dog data the dog brown stream the lazy compress jumps dog compress fox dog jumps dog over stream fox stream the the,136.21704884711988,SYNTHETIC_ROBUSTNESS
1336,brown fox over lazy over fox quick data stream data the over compress fox the data over the over quick dog the jumps quick jumps,136.2355690994992,SYNTHETIC_ROBUSTNESS
1337,dog quick fox quick data jumps dog lazy data fox over lazy data over stream jumps jumps brown quick data brown quick the over do,136.48486753120432,SYNTHETIC_ROBUSTNESS
1338,brown data jumps fox dog data compress stream lazy dog over data quick the data data over over jumps compress stream quick compr,136.77822358524398,SYNTHETIC_ROBUSTNESS
1339,over data data dog fox the over the the over dog the quick brown brown dog the jumps compress dog lazy lazy data lazy dogaaaaaaa,136.86242998442177,SYNTHETIC_ROBUSTNESS
1340,stream fox fox the the dog compress brown compress lazy the fox fox data stream the jumps lazy jumps stream compress quick data ,136.92763283475293,SYNTHETIC_ROBUSTNESS
1341,the over over over dog jumps quick the lazy jumps the compress compress the over the the quick lazy brown fox over brown brown c,137.06972137199162,SYNTHETIC_ROBUSTNESS
1342,lazy data brown dog dog data lazy quick quick lazy dog quick fox brown fox over over the brown lazy fox over quick compress doga,137.31985121258202,SYNTHETIC_ROBUSTNESS
1343,the over over over dog jumps quick the lazy jumps the compress compress the over the the quick lazy brown fox over brown brown c,137.34630586633955,SYNTHETIC_ROBUSTNESS
1344,dog fox quick dog lazy jumps lazy stream dog jumps brown fox brown over jumps data compress jumps fox fox brown the data over qu,137.39450400472842,SYNTHETIC_ROBUSTNESS
1345,compress over quick dog dog stream jumps quick compress over fox jumps jumps jumps compress jumps over over stream over quick qu,137.4485527936564,SYNTHETIC_ROBUSTNESS
1346,quick jumps data brown jumps data over dog data the brown stream quick stream over stream fox stream compress lazy lazy over laz,137.63551705538896,SYNTHETIC_ROBUSTNESS
1347,dog data data over over compress jumps fox dog over stream brown stream compress compress the jumps brown lazy the the data fox ,137.65024149946194,SYNTHETIC_ROBUSTNESS
1348,stream over over fox jumps lazy lazy fox lazy brown over fox the data dog dog data the lazy over quick compress compress lazy la,137.7478042287335,SYNTHETIC_ROBUSTNESS
1349,jumps stream over the quick fox jumps jumps fox brown jumps over data lazy dog lazy lazy dog stream jumps jumps brown brown dog ,137.79102744123125,SYNTHETIC_ROBUSTNESS
1350,the dog dog over quick dog compress brown quick fox fox quick over stream lazy lazy quick brown brown quick stream stream dog da,138.00775782414505,SYNTHETIC_ROBUSTNESS
1351,jumps fox fox the fox quick brown jumps over dog quick jumps brown compress compress fox data dog dog compress brown compress do,138.0492776884769,SYNTHETIC_ROBUSTNESS
1352,over fox dog jumps data over data data jumps brown over stream the quick jumps compress data quick over lazy fox quick quick jum,138.4307051087469,SYNTHETIC_ROBUSTNESS
1353,compress the jumps compress stream over over stream brown compress quick over dog the data stream over compress the brown jumps ,138.43228066663187,SYNTHETIC_ROBUSTNESS
1354,compress fox quick lazy quick data the data the quick jumps jumps brown the jumps over stream brown lazy lazy data data brown ju,138.45966563458794,SYNTHETIC_ROBUSTNESS
1355,data jumps data data lazy compress jumps stream quick the dog brown jumps stream brown lazy the the brown compress quick data qu,138.52078934800855,SYNTHETIC_ROBUSTNESS
1356,the the over quick quick brown jumps the compress jumps lazy compress brown dog dog the data lazy quick data the dog stream dog ,138.55040440868788,SYNTHETIC_ROBUSTNESS
1357,compress lazy stream data the the jumps the brown quick stream quick brown quick quick the compress stream brown compress fox th,138.68411426942458,SYNTHETIC_ROBUSTNESS
1358,jumps brown brown brown compress the the data stream jumps lazy compress data brown stream quick dog the data fox jumps the over,138.85261205909688,SYNTHETIC_ROBUSTNESS
1359,dog data data over over compress jumps fox dog over stream brown stream compress compress the jumps brown lazy the the data fox ,138.9721821021068,SYNTHETIC_ROBUSTNESS
1360,brown stream data lazy lazy over stream the quick the brown the compress compress compress data data brown data the brown quick ,139.324175070047,SYNTHETIC_ROBUSTNESS
1361,compress quick fox fox fox jumps the stream dog fox over brown jumps over data over data stream brown lazy fox brown stream the ,139.3850626590801,SYNTHETIC_ROBUSTNESS
1362,data compress jumps compress data the over compress over quick dog quick fox jumps data compress data over the stream jumps lazy,139.7751205103818,SYNTHETIC_ROBUSTNESS
1363,compress lazy brown over compress over quick brown compress the compress fox stream fox compress stream jumps data the jumps fox,139.78842916016515,SYNTHETIC_ROBUSTNESS
1364,brown data jumps fox dog data compress stream lazy dog over data quick the data data over over jumps compress stream quick compr,139.9754734954817,SYNTHETIC_ROBUSTNESS
1365,fox quick data quick compress dog the jumps dog compress fox fox stream stream compress fox fox fox brown the over stream quick ,139.97939346086042,SYNTHETIC_ROBUSTNESS
1366,jumps jumps over quick over brown lazy the dog jumps dog compress over data quick compress over stream brown lazy lazy over brow,140.05530433306956,SYNTHETIC_ROBUSTNESS
1367,lazy the jumps jumps dog compress fox the the the brown data over fox dog compress quick stream jumps compress the quick quick q,140.1215606240573,SYNTHETIC_ROBUSTNESS
1368,brown brown data jumps quick the over quick the brown compress fox compress lazy over compress lazy over quick dog over brown th,140.3155631059336,SYNTHETIC_ROBUSTNESS
1369,the stream over compress stream fox fox over quick stream the over data compress dog stream data jumps stream lazy the dog dog l,140.43620483163332,SYNTHETIC_ROBUSTNESS
1370,quick data brown lazy quick quick lazy fox jumps data data stream jumps fox over the stream brown fox jumps the data dog data da,140.4943755236837,SYNTHETIC_ROBUSTNESS
1371,stream lazy brown jumps jumps compress fox fox quick jumps over fox dog the data jumps over quick stream brown the brown quick s,140.72039664586356,SYNTHETIC_ROBUSTNESS
1372,dog brown brown brown jumps compress stream compress data stream dog the fox the dog lazy brown data quick jumps jumps over data,140.93743783060063,SYNTHETIC_ROBUSTNESS
1373,data dog compress fox over brown brown lazy compress over dog data over jumps fox jumps jumps lazy jumps quick over fox brown fo,140.93994211090674,SYNTHETIC_ROBUSTNESS
1374,over lazy fox over over over lazy dog lazy data lazy lazy brown the dog dog lazy fox brown brown lazy brown jumps fox foxaaaaaaa,141.1447508019048,SYNTHETIC_ROBUSTNESS
1375,compress compress compress brown the jumps jumps data fox over over over lazy data jumps compress data fox brown brown dog data ,141.21952916691316,SYNTHETIC_ROBUSTNESS
1376,jumps over the lazy fox quick the brown dog jumps fox compress brown over dog stream compress data quick over fox compress jumps,141.402139933734,SYNTHETIC_ROBUSTNESS
1377,stream jumps compress stream the stream dog stream data fox stream brown stream fox dog over stream jumps the data dog fox over ,141.42214657217136,SYNTHETIC_ROBUSTNESS
1378,the data the data over over data lazy the lazy quick brown dog data fox quick data compress compress fox brown fox fox lazy data,141.43852743288167,SYNTHETIC_ROBUSTNESS
1379,data jumps the compress over quick brown fox fox brown fox compress quick data lazy compress stream quick dog the dog the brown ,141.56661395011673,SYNTHETIC_ROBUSTNESS
1380,stream compress dog stream fox over brown dog quick the dog brown over lazy fox data lazy dog quick lazy compress compress brown,141.59882166197193,SYNTHETIC_ROBUSTNESS
1381,lazy over jumps lazy the quick fox data fox compress dog data lazy data compress over fox the quick jumps quick lazy compress fo,141.68065655273895,SYNTHETIC_ROBUSTNESS
1382,dog data data over over compress jumps fox dog over stream brown stream compress compress the jumps brown lazy the the data fox ,141.79739349471728,SYNTHETIC_ROBUSTNESS
1383,data the compress data compress brown data dog the over compress lazy fox dog the data fox stream compress over data lazy quick ,141.89165889281168,SYNTHETIC_ROBUSTNESS
1384,over stream compress brown jumps data jumps stream brown jumps the stream lazy the quick fox jumps the lazy the data stream brow,142.01171192426517,SYNTHETIC_ROBUSTNESS
1385,the the compress compress brown dog stream fox brown quick stream the brown jumps jumps compress jumps over stream fox quick str,142.10856439290245,SYNTHETIC_ROBUSTNESS
1386,compress data the quick stream over fox jumps brown stream quick data data lazy fox jumps the over compress compress the compres,142.15622743166765,SYNTHETIC_ROBUSTNESS
1387,compress data data compress lazy dog over compress jumps dog compress brown quick quick quick the jumps compress data quick stre,142.16571284577222,SYNTHETIC_ROBUSTNESS
1388,stream jumps compress stream the stream dog stream data fox stream brown stream fox dog over stream jumps the data dog fox over ,142.359053316251,SYNTHETIC_ROBUSTNESS
1389,the quick compress over dog data jumps dog data compress brown lazy fox dog stream over quick the compress fox jumps over quick ,142.54613892164,SYNTHETIC_ROBUSTNESS
1390,fox data over over jumps lazy lazy dog fox dog stream the dog brown lazy fox quick data brown compress quick compress the over c,142.5467084466125,SYNTHETIC_ROBUSTNESS
1391,dog quick fox quick data jumps dog lazy data fox over lazy data over stream jumps jumps brown quick data brown quick the over do,142.73050899735634,SYNTHETIC_ROBUSTNESS
1392,dog the compress jumps the over lazy brown over quick stream the dog data the lazy compress compress the lazy dog fox dog stream,142.74687728814857,SYNTHETIC_ROBUSTNESS
1393,over compress fox data dog compress the dog jumps lazy lazy dog over brown the lazy data stream dog dog quick lazy stream jumps ,142.78735321433578,SYNTHETIC_ROBUSTNESS
1394,brown data jumps fox dog data compress stream lazy dog over data quick the data data over over jumps compress stream quick compr,142.84068567171286,SYNTHETIC_ROBUSTNESS
1395,jumps fox compress compress dog brown compress data lazy over dog data fox data fox data jumps data fox brown compress quick fox,142.95451380679435,SYNTHETIC_ROBUSTNESS
1396,compress stream stream compress the lazy the the data dog stream lazy brown jumps quick brown over brown compress quick the the ,142.96421066559472,SYNTHETIC_ROBUSTNESS
1397,stream jumps compress jumps fox brown lazy quick data lazy lazy brown quick fox fox jumps quick stream lazy stream stream data s,143.1394523818723,SYNTHETIC_ROBUSTNESS
1398,over lazy jumps jumps fox stream quick compress over fox brown the dog fox dog quick quick dog jumps quick dog data jumps stream,143.42548127885425,SYNTHETIC_ROBUSTNESS
1399,brown data jumps fox dog data compress stream lazy dog over data quick the data data over over jumps compress stream quick compr,143.73059704318948,SYNTHETIC_ROBUSTNESS
1400,quick fox dog quick data stream jumps the lazy dog over compress dog jumps lazy compress over compress fox brown the fox brown c,143.7402302935765,SYNTHETIC_ROBUSTNESS
1401,dog data data over over compress jumps fox dog over stream brown stream compress compress the jumps brown lazy the the data fox ,143.99203146023154,SYNTHETIC_ROBUSTNESS
1402,dog quick fox quick data jumps dog lazy data fox over lazy data over stream jumps jumps brown quick data brown quick the over do,144.0759248299806,SYNTHETIC_ROBUSTNESS
1403,data over dog compress brown over compress compress over fox compress data compress quick stream jumps fox data data brown strea,144.20572701423154,SYNTHETIC_ROBUSTNESS
1404,over compress fox data dog compress the dog jumps lazy lazy dog over brown the lazy data stream dog dog quick lazy stream jumps ,144.47250910981276,SYNTHETIC_ROBUSTNESS
1405,jumps fox fox the fox quick brown jumps over dog quick jumps brown compress compress fox data dog dog compress brown compress do,144.5806832867434,SYNTHETIC_ROBUSTNESS
1406,stream jumps compress stream the stream dog stream data fox stream brown stream fox dog over stream jumps the data dog fox over ,144.64169990993585,SYNTHETIC_ROBUSTNESS
1407,over dog compress quick the compress jumps stream stream compress over stream the over brown over over compress fox stream compr,144.7161675040699,SYNTHETIC_ROBUSTNESS
1408,jumps compress fox over data fox quick jumps quick stream the quick lazy compress dog brown lazy quick over the data jumps strea,144.8315282664826,SYNTHETIC_ROBUSTNESS
1409,jumps fox fox the fox quick brown jumps over dog quick jumps brown compress compress fox data dog dog compress brown compress do,145.12102451666863,SYNTHETIC_ROBUSTNESS
1410,brown data jumps fox dog data compress stream lazy dog over data quick the data data over over jumps compress stream quick compr,145.34157824818507,SYNTHETIC_ROBUSTNESS
1411,lazy quick compress quick the jumps stream dog fox quick compress compress brown data the jumps over jumps dog lazy over jumps d,145.42763245904467,SYNTHETIC_ROBUSTNESS
1412,data the brown fox over fox brown brown data compress brown compress stream stream quick dog quick over lazy quick dog over dog ,145.45133265639757,SYNTHETIC_ROBUSTNESS
1413,stream fox jumps jumps lazy data stream jumps the jumps over the dog dog fox the over jumps data jumps lazy data stream dog over,145.49390899829783,SYNTHETIC_ROBUSTNESS
1414,brown quick jumps lazy fox brown the compress quick jumps brown compress brown dog data jumps compress stream stream dog over qu,145.53882052972608,SYNTHETIC_ROBUSTNESS
1415,brown compress brown lazy the the stream over stream the compress jumps quick compress over brown over quick lazy stream fox qui,145.57295329499394,SYNTHETIC_ROBUSTNESS
1416,dog fox fox lazy compress data compress the brown stream jumps stream the compress stream brown jumps brown stream lazy brown la,145.71028936490313,SYNTHETIC_ROBUSTNESS
1417,quick over the jumps stream jumps data quick stream lazy data over brown stream dog fox compress compress over lazy over over co,145.89107069032175,SYNTHETIC_ROBUSTNESS
1418,brown over the dog brown stream over lazy the over quick stream dog dog fox lazy over the stream stream lazy brown quick brown f,145.9296120729912,SYNTHETIC_ROBUSTNESS
1419,over compress fox data dog compress the dog jumps lazy lazy dog over brown the lazy data stream dog dog quick lazy stream jumps ,146.11677418357715,SYNTHETIC_ROBUSTNESS
1420,quick the brown lazy jumps brown data jumps compress jumps lazy quick compress jumps compress compress lazy data the brown jumps,146.2493646549991,SYNTHETIC_ROBUSTNESS
1421,quick lazy over dog over quick dog quick data jumps the jumps jumps quick over stream jumps data over the jumps fox brown jumps ,146.30754607489698,SYNTHETIC_ROBUSTNESS
1422,stream jumps brown quick jumps jumps fox quick compress jumps lazy the dog dog fox data fox dog lazy dog fox quick over quick co,146.42749868874208,SYNTHETIC_ROBUSTNESS
1423,the stream jumps fox quick over lazy data dog quick data lazy brown stream dog jumps fox the jumps compress lazy jumps brown com,146.57417900803983,SYNTHETIC_ROBUSTNESS
1424,dog data jumps jumps quick quick jumps dog the stream compress quick jumps data data the over data stream stream fox stream stre,146.65651168013665,SYNTHETIC_ROBUSTNESS
1425,jumps fox quick quick fox fox dog brown brown compress the stream quick stream brown lazy fox lazy the data quick over compress ,146.71505104325567,SYNTHETIC_ROBUSTNESS
1426,brown fox lazy compress stream brown the brown over stream dog stream lazy the compress quick the lazy the stream fox over dog f,146.72577777059465,SYNTHETIC_ROBUSTNESS
1427,brown the the data dog brown lazy lazy quick quick over lazy jumps lazy data dog dog brown brown the dog over stream compress do,146.7259148315923,SYNTHETIC_ROBUSTNESS
1428,stream over jumps compress jumps fox over compress quick over compress data over brown data quick data over brown jumps fox stre,147.00277659028905,SYNTHETIC_ROBUSTNESS
1429,brown lazy dog lazy brown over stream brown brown quick data compress jumps brown lazy compress the compress quick the the lazy ,147.03390370618274,SYNTHETIC_ROBUSTNESS
1430,data over lazy jumps over the stream dog jumps lazy the compress fox lazy lazy stream the data lazy compress data quick lazy dog,147.14266619949152,SYNTHETIC_ROBUSTNESS
1431,the over compress the the the data quick jumps brown the quick data dog lazy over over jumps brown the data over lazy fox quicka,147.4297722278487,SYNTHETIC_ROBUSTNESS
1432,stream stream lazy dog dog over brown quick fox compress lazy data dog lazy compress fox dog over the data lazy fox compress ove,147.60030725831038,SYNTHETIC_ROBUSTNESS
1433,brown data fox data compress stream lazy over quick brown fox over fox the compress stream data compress dog stream lazy stream ,147.61338452750155,SYNTHETIC_ROBUSTNESS
1434,jumps fox fox the fox quick brown jumps over dog quick jumps brown compress compress fox data dog dog compress brown compress do,147.77528914515634,SYNTHETIC_ROBUSTNESS
1435,lazy the over dog over dog data brown lazy quick quick lazy brown over the jumps quick the over jumps brown dog the stream dataa,147.90489543220744,SYNTHETIC_ROBUSTNESS
1436,jumps over the the the brown over compress jumps dog over fox fox compress brown jumps compress over brown stream compress jumps,147.94485324465555,SYNTHETIC_ROBUSTNESS
1437,jumps fox fox the fox quick brown jumps over dog quick jumps brown compress compress fox data dog dog compress brown compress do,148.0618431730901,SYNTHETIC_ROBUSTNESS
1438,over over brown dog over over lazy stream compress jumps fox brown compress jumps dog dog quick lazy over fox quick fox over com,148.2366483792164,SYNTHETIC_ROBUSTNESS
1439,over compress jumps over quick stream lazy compress lazy over compress dog fox brown brown quick dog jumps quick fox jumps data ,148.27109787977219,SYNTHETIC_ROBUSTNESS
1440,the over data compress jumps jumps fox fox brown jumps lazy the compress over lazy brown lazy jumps quick compress data compress,148.47437602493218,SYNTHETIC_ROBUSTNESS
1441,jumps the data fox the lazy stream dog dog the data dog jumps fox quick data dog jumps dog lazy dog dog dog lazy dogaaaaaaaaaaaa,148.48258539749648,SYNTHETIC_ROBUSTNESS
1442,stream fox quick over quick brown lazy stream the stream jumps lazy jumps compress lazy stream lazy lazy dog jumps quick lazy do,148.55754751184972,SYNTHETIC_ROBUSTNESS
1443,the stream over compress stream fox fox over quick stream the over data compress dog stream data jumps stream lazy the dog dog l,148.58410300210397,SYNTHETIC_ROBUSTNESS
1444,jumps compress dog lazy over brown compress the fox compress over quick over jumps over jumps over the quick compress over dog o,148.71430218173197,SYNTHETIC_ROBUSTNESS
1445,lazy the data quick stream brown the over quick lazy data stream compress the quick compress quick compress stream the quick fox,148.7335231288526,SYNTHETIC_ROBUSTNESS
1446,compress over the compress the quick dog dog fox brown stream the quick quick quick data stream stream data over lazy jumps data,148.77529518728903,SYNTHETIC_ROBUSTNESS
1447,lazy stream data quick compress stream quick jumps the fox the lazy dog fox data dog compress compress fox dog the quick dog the,148.78892135685965,SYNTHETIC_ROBUSTNESS
1448,compress quick jumps over dog lazy over data brown dog brown compress fox dog over jumps stream dog the compress compress the co,148.9560073471362,SYNTHETIC_ROBUSTNESS
1449,compress over the compress the quick dog dog fox brown stream the quick quick quick data stream stream data over lazy jumps data,148.97019536572216,SYNTHETIC_ROBUSTNESS
1450,quick jumps brown the the dog dog data lazy brown dog quick lazy over brown data data jumps data the dog jumps data over brownaa,149.09862388938825,SYNTHETIC_ROBUSTNESS
1451,dog quick fox quick data jumps dog lazy data fox over lazy data over stream jumps jumps brown quick data brown quick the over do,149.22146075995093,SYNTHETIC_ROBUSTNESS
1452,fox over compress lazy brown the the fox lazy data jumps dog quick brown data dog compress stream data dog jumps lazy the brown ,149.23681882268693,SYNTHETIC_ROBUSTNESS
1453,over compress fox data dog compress the dog jumps lazy lazy dog over brown the lazy data stream dog dog quick lazy stream jumps ,149.32030166661232,SYNTHETIC_ROBUSTNESS
1454,the dog stream brown jumps fox over the fox the quick over jumps dog jumps jumps stream lazy quick lazy the jumps jumps compress,149.38899418799508,SYNTHETIC_ROBUSTNESS
1455,brown dog dog compress jumps quick quick quick dog the data quick lazy compress lazy dog quick lazy brown dog fox data lazy the ,149.47925875529685,SYNTHETIC_ROBUSTNESS
1456,the compress the compress dog stream quick data brown fox stream compress lazy data over dog brown the over the fox lazy stream ,149.7560827863486,SYNTHETIC_ROBUSTNESS
1457,quick the the dog the fox fox data stream fox data compress lazy lazy brown jumps quick lazy fox brown compress over the lazy la,149.76447933628944,SYNTHETIC_ROBUSTNESS
1458,lazy data stream the quick compress lazy fox lazy dog jumps quick data the stream lazy brown lazy quick quick dog fox over over ,149.93623942161827,SYNTHETIC_ROBUSTNESS
1459,quick lazy compress stream lazy compress jumps data stream quick quick stream fox brown compress fox the compress brown jumps do,150.13436748231234,SYNTHETIC_ROBUSTNESS
1460,brown stream data lazy lazy over stream the quick the brown the compress compress compress data data brown data the brown quick ,150.147866338013,SYNTHETIC_ROBUSTNESS
1461,the fox data quick dog brown data jumps compress compress data fox stream over lazy over stream data the the the the quick jumps,150.25460855910893,SYNTHETIC_ROBUSTNESS
1462,dog quick fox quick data jumps dog lazy data fox over lazy data over stream jumps jumps brown quick data brown quick the over do,150.37571607169266,SYNTHETIC_ROBUSTNESS
1463,over dog compress over dog dog quick brown over data data quick data jumps jumps jumps data compress dog over fox compress the q,150.45527089799637,SYNTHETIC_ROBUSTNESS
1464,the stream dog fox data brown data over quick fox compress compress stream stream stream jumps fox stream dog dog the brown brow,150.52517333137894,SYNTHETIC_ROBUSTNESS
1465,the over over over dog jumps quick the lazy jumps the compress compress the over the the quick lazy brown fox over brown brown c,150.56341927330098,SYNTHETIC_ROBUSTNESS
1466,brown quick the dog over stream compress dog brown lazy over over over fox quick jumps compress quick quick dog lazy compress do,150.6802417469479,SYNTHETIC_ROBUSTNESS
1467,dog data data over over compress jumps fox dog over stream brown stream compress compress the jumps brown lazy the the data fox ,150.71386550549107,SYNTHETIC_ROBUSTNESS
1468,brown the quick stream compress the jumps stream brown data dog quick quick over the fox the compress quick fox fox stream dog t,150.7754884134214,SYNTHETIC_ROBUSTNESS
1469,fox brown lazy dog stream brown over dog quick jumps fox the over fox brown lazy over dog jumps stream over lazy dog stream jump,150.97023797106147,SYNTHETIC_ROBUSTNESS
1470,brown stream the dog brown the over jumps the brown quick dog dog the stream stream fox jumps jumps brown the quick brown compre,150.9796185037695,SYNTHETIC_ROBUSTNESS
1471,stream quick fox data fox data compress stream dog fox lazy the over data jumps fox jumps over the jumps compress the jumps stre,151.05477460816584,SYNTHETIC_ROBUSTNESS
1472,jumps brown jumps over the dog stream dog brown lazy data over over over compress compress the dog stream stream lazy over fox c,151.12134221921835,SYNTHETIC_ROBUSTNESS
1473,the dog compress over jumps the fox over data quick the compress dog the stream the fox dog dog brown brown dog quick data foxaa,151.16890116299902,SYNTHETIC_ROBUSTNESS
1474,quick data stream the dog compress fox the compress the over brown quick the fox brown compress data the compress stream quick b,151.2599145585862,SYNTHETIC_ROBUSTNESS
1475,dog data data over over compress jumps fox dog over stream brown stream compress compress the jumps brown lazy the the data fox ,151.26148954683742,SYNTHETIC_ROBUSTNESS
1476,data brown fox brown jumps compress stream jumps compress quick jumps fox the stream fox dog stream quick over over dog compress,151.32930940874004,SYNTHETIC_ROBUSTNESS
1477,compress stream quick brown quick jumps stream dog jumps compress data brown data dog stream stream stream fox data jumps the la,151.39580242206767,SYNTHETIC_ROBUSTNESS
1478,brown stream stream brown compress the fox brown over compress stream quick compress over dog over jumps jumps quick compress do,151.46839266273855,SYNTHETIC_ROBUSTNESS
1479,the stream over compress stream fox fox over quick stream the over data compress dog stream data jumps stream lazy the dog dog l,151.49227426735513,SYNTHETIC_ROBUSTNESS
1480,stream quick the the lazy the over brown brown fox fox fox the quick stream stream lazy fox quick quick stream compress brown da,151.5155427221478,SYNTHETIC_ROBUSTNESS
1481,data lazy stream dog dog over lazy quick compress data jumps jumps stream dog quick compress dog stream the brown the fox brown ,151.61972884276645,SYNTHETIC_ROBUSTNESS
1482,compress brown lazy data data jumps dog stream dog the dog quick jumps data dog over brown fox the stream over data over fox dog,151.62946008671324,SYNTHETIC_ROBUSTNESS
1483,compress compress data quick fox lazy the jumps compress data lazy the fox jumps the data stream dog lazy dog data fox the the c,151.66597711121415,SYNTHETIC_ROBUSTNESS
1484,data lazy data quick stream over stream data lazy brown brown the compress quick over over fox fox over brown brown fox the lazy,151.84365390768428,SYNTHETIC_ROBUSTNESS
1485,quick compress brown data dog compress fox dog fox compress the stream fox compress lazy over stream dog compress quick lazy ove,151.85460903289533,SYNTHETIC_ROBUSTNESS
1486,the quick quick data jumps quick stream fox lazy over quick compress brown stream brown dog fox stream dog brown brown quick dat,151.9177326166424,SYNTHETIC_ROBUSTNESS
1487,data compress over quick over over over fox jumps compress quick fox jumps brown dog stream quick compress jumps quick lazy lazy,152.02818481262346,SYNTHETIC_ROBUSTNESS
1488,over compress fox data dog compress the dog jumps lazy lazy dog over brown the lazy data stream dog dog quick lazy stream jumps ,152.04345848939957,SYNTHETIC_ROBUSTNESS
1489,fox dog lazy data compress lazy brown jumps brown stream fox jumps stream compress dog data data lazy dog lazy dog brown jumps l,152.08092243289636,SYNTHETIC_ROBUSTNESS
1490,compress lazy compress data jumps quick the stream dog over data data lazy over brown the fox jumps compress the fox brown lazy ,152.16273820072712,SYNTHETIC_ROBUSTNESS
1491,quick fox jumps dog lazy dog the the the compress jumps jumps over over compress jumps dog the quick fox dog brown data data dog,152.20237305799034,SYNTHETIC_ROBUSTNESS
1492,over fox lazy stream dog compress data dog compress over stream jumps quick over the dog fox the the dog lazy over compress quic,152.21401944861512,SYNTHETIC_ROBUSTNESS
1493,compress stream fox fox data lazy dog stream lazy lazy over lazy quick brown fox quick dog quick the brown the compress stream d,152.24046892893242,SYNTHETIC_ROBUSTNESS
1494,fox the stream the lazy compress lazy stream fox stream dog lazy over over lazy compress brown jumps fox dog jumps brown lazy th,152.25205664055412,SYNTHETIC_ROBUSTNESS
1495,data jumps the lazy quick brown over brown jumps stream stream compress lazy fox quick brown jumps quick dog compress stream laz,152.66283435652508,SYNTHETIC_ROBUSTNESS
1496,data compress over dog fox stream quick lazy lazy jumps data lazy stream stream fox over over over lazy fox compress over quick ,152.68970712181545,SYNTHETIC_ROBUSTNESS
1497,lazy the data data quick quick stream the quick over dog quick jumps stream fox the lazy compress lazy the data fox the quick ju,152.76532731585152,SYNTHETIC_ROBUSTNESS
1498,lazy over fox quick data dog brown the quick compress brown the data compress quick brown compress fox stream over stream brown ,152.821280229265,SYNTHETIC_ROBUSTNESS
1499,jumps jumps lazy stream quick over dog jumps dog over stream dog jumps jumps the over stream jumps over data stream fox fox stre,152.9055641831111,SYNTHETIC_ROBUSTNESS
1500,compress dog quick fox dog data lazy compress fox compress data fox lazy over brown data lazy the brown stream fox brown lazy st,152.9744978504856,SYNTHETIC_ROBUSTNESS
1501,compress over the compress the quick dog dog fox brown stream the quick quick quick data stream stream data over lazy jumps data,153.10438549874036,SYNTHETIC_ROBUSTNESS
1502,dog data data over over compress jumps fox dog over stream brown stream compress compress the jumps brown lazy the the data fox ,153.31075326114907,SYNTHETIC_ROBUSTNESS
1503,brown compress the lazy compress jumps lazy fox the over jumps fox jumps fox fox stream lazy over quick quick stream brown compr,153.344342415895,SYNTHETIC_ROBUSTNESS
1504,jumps dog quick stream lazy brown stream stream data jumps brown jumps brown compress stream the brown the lazy data the fox laz,153.36462832940524,SYNTHETIC_ROBUSTNESS
1505,quick brown quick fox fox the over brown data dog compress lazy lazy quick compress over fox jumps the stream data lazy over qui,153.78029191558844,SYNTHETIC_ROBUSTNESS
1506,data stream over quick over quick quick fox dog dog the lazy lazy fox stream lazy data compress quick lazy jumps compress brown ,153.98133755269572,SYNTHETIC_ROBUSTNESS
1507,brown stream data lazy lazy over stream the quick the brown the compress compress compress data data brown data the brown quick ,154.0265803770186,SYNTHETIC_ROBUSTNESS
1508,the over over over dog jumps quick the lazy jumps the compress compress the over the the quick lazy brown fox over brown brown c,154.25175703439237,SYNTHETIC_ROBUSTNESS
1509,stream data quick compress lazy compress over fox compress compress the fox brown compress fox jumps quick lazy quick jumps stre,154.36278898292298,SYNTHETIC_ROBUSTNESS
1510,stream fox compress compress the brown lazy jumps quick the data compress lazy quick stream data brown over quick brown over dog,154.42031128996595,SYNTHETIC_ROBUSTNESS
1511,stream jumps compress stream the stream dog stream data fox stream brown stream fox dog over stream jumps the data dog fox over ,154.62700090800647,SYNTHETIC_ROBUSTNESS
1512,jumps fox fox the fox quick brown jumps over dog quick jumps brown compress compress fox data dog dog compress brown compress do,154.73948094587894,SYNTHETIC_ROBUSTNESS
1513,data jumps the lazy quick dog quick fox lazy quick fox jumps data compress lazy quick fox data stream the fox data lazy compress,154.91461060416268,SYNTHETIC_ROBUSTNESS
1514,compress the the compress fox lazy lazy brown brown quick stream data fox data lazy over jumps over dog quick lazy data dog quic,154.96869781454362,SYNTHETIC_ROBUSTNESS
1515,jumps jumps jumps over lazy fox over dog dog dog stream lazy brown stream dog brown lazy quick dog brown quick data stream brown,155.1290013859666,SYNTHETIC_ROBUSTNESS
1516,the stream over compress stream fox fox over quick stream the over data compress dog stream data jumps stream lazy the dog dog l,155.17471833032496,SYNTHETIC_ROBUSTNESS
1517,brown data jumps fox dog data compress stream lazy dog over data quick the data data over over jumps compress stream quick compr,155.30755072404128,SYNTHETIC_ROBUSTNESS
1518,jumps fox fox the fox quick brown jumps over dog quick jumps brown compress compress fox data dog dog compress brown compress do,155.3647376241514,SYNTHETIC_ROBUSTNESS
1519,lazy compress stream compress quick quick jumps data jumps compress brown the over jumps quick fox dog compress stream over over,155.4166897235369,SYNTHETIC_ROBUSTNESS
1520,jumps jumps lazy over brown lazy dog data fox dog data over quick jumps lazy lazy data fox lazy stream data compress data brown ,155.57596400343775,SYNTHETIC_ROBUSTNESS
1521,compress over the compress the quick dog dog fox brown stream the quick quick quick data stream stream data over lazy jumps data,155.58932134639358,SYNTHETIC_ROBUSTNESS
1522,compress quick stream quick over data dog quick brown brown the the lazy over data stream jumps dog fox the stream the compress ,155.85272099222593,SYNTHETIC_ROBUSTNESS
1523,stream dog brown quick lazy stream lazy data fox the dog quick compress stream the the over jumps jumps dog jumps quick lazy bro,155.9237871045059,SYNTHETIC_ROBUSTNESS
1524,compress compress stream over stream lazy quick jumps jumps over the fox compress brown compress compress quick jumps the dog ov,156.02486768694408,SYNTHETIC_ROBUSTNESS
1525,brown stream data lazy lazy over stream the quick the brown the compress compress compress data data brown data the brown quick ,156.07683103232768,SYNTHETIC_ROBUSTNESS
1526,fox dog stream jumps compress brown quick data jumps dog data the quick stream fox stream dog the quick stream over brown stream,156.18064146542866,SYNTHETIC_ROBUSTNESS
1527,jumps brown lazy jumps over compress the compress quick quick jumps the compress data dog compress lazy fox fox dog jumps brown ,156.30437768994045,SYNTHETIC_ROBUSTNESS
1528,jumps lazy lazy compress dog jumps jumps compress stream lazy the brown brown quick dog over over dog stream lazy the lazy dog l,156.50723529879852,SYNTHETIC_ROBUSTNESS
1529,the stream over compress stream fox fox over quick stream the over data compress dog stream data jumps stream lazy the dog dog l,156.6999098950869,SYNTHETIC_ROBUSTNESS
1530,quick quick over jumps brown quick fox over lazy fox lazy compress over jumps quick quick fox fox stream compress lazy fox compr,156.7441977338586,SYNTHETIC_ROBUSTNESS
1531,the over over over dog jumps quick the lazy jumps the compress compress the over the the quick lazy brown fox over brown brown c,156.83987069898558,SYNTHETIC_ROBUSTNESS
1532,stream quick quick the brown quick over the compress over over brown stream fox dog over data brown brown data dog dog the fox l,156.9915462255032,SYNTHETIC_ROBUSTNESS
1533,the over over over dog jumps quick the lazy jumps the compress compress the over the the quick lazy brown fox over brown brown c,157.13630512953398,SYNTHETIC_ROBUSTNESS
1534,fox jumps jumps over the data data fox quick stream data jumps dog stream stream dog lazy lazy dog lazy quick jumps dog lazy laz,157.35788299805583,SYNTHETIC_ROBUSTNESS
1535,over compress fox data dog compress the dog jumps lazy lazy dog over brown the lazy data stream dog dog quick lazy stream jumps ,157.53622852623744,SYNTHETIC_ROBUSTNESS
1536,quick dog brown data over quick jumps compress lazy dog data brown data lazy compress compress jumps quick fox brown brown quick,157.66276227009584,SYNTHETIC_ROBUSTNESS
1537,the compress the stream brown the lazy brown brown jumps stream stream over stream compress lazy over dog brown lazy quick fox c,157.80093484537383,SYNTHETIC_ROBUSTNESS
1538,data quick stream lazy quick compress stream stream the fox compress dog lazy quick compress compress stream quick stream dog fo,157.96567154472336,SYNTHETIC_ROBUSTNESS
1539,quick the stream the compress data compress fox lazy compress quick dog the compress dog lazy the brown jumps over the the fox q,158.1476186421839,SYNTHETIC_ROBUSTNESS
1540,brown the lazy jumps jumps data dog data brown over the dog quick compress compress dog stream dog jumps the jumps jumps dog qui,158.19110839895686,SYNTHETIC_ROBUSTNESS
1541,compress fox the data dog fox dog lazy compress lazy data the compress dog the data brown over quick compress over the data data,158.34334763890115,SYNTHETIC_ROBUSTNESS
1542,stream the jumps data the jumps lazy brown brown stream dog stream jumps quick the jumps jumps dog fox jumps brown fox the lazy ,158.6413512224872,SYNTHETIC_ROBUSTNESS
1543,stream jumps compress stream the stream dog stream data fox stream brown stream fox dog over stream jumps the data dog fox over ,158.66787329699508,SYNTHETIC_ROBUSTNESS
1544,brown dog compress compress quick brown the lazy data dog data data jumps quick data stream lazy quick stream jumps quick jumps ,158.67281700496434,SYNTHETIC_ROBUSTNESS
1545,jumps fox dog stream over compress over dog brown dog over data fox stream brown compress stream fox data over over over fox qui,158.6803320725257,SYNTHETIC_ROBUSTNESS
1546,over compress compress stream quick quick the the compress the over jumps jumps over lazy the dog dog lazy quick lazy jumps fox ,158.70475834501107,SYNTHETIC_ROBUSTNESS
1547,lazy quick data lazy over fox jumps brown jumps dog brown the brown jumps brown over the brown dog lazy over lazy lazy compress ,158.95706951043564,SYNTHETIC_ROBUSTNESS
1548,brown brown compress quick over data the over quick stream brown compress data over quick data lazy dog fox the over lazy brown ,158.97062812738852,SYNTHETIC_ROBUSTNESS
1549,dog quick fox quick data jumps dog lazy data fox over lazy data over stream jumps jumps brown quick data brown quick the over do,159.10830334839048,SYNTHETIC_ROBUSTNESS
1550,quick over compress over jumps jumps over the brown jumps lazy over over compress lazy brown fox brown brown stream jumps data d,159.3100769246266,SYNTHETIC_ROBUSTNESS
1551,data stream lazy dog fox lazy quick lazy over data jumps the quick stream over lazy fox compress stream data quick jumps brown q,159.52005851172038,SYNTHETIC_ROBUSTNESS
1552,fox brown stream brown over quick lazy brown over data data quick lazy compress over compress stream stream jumps quick stream j,159.57397220590744,SYNTHETIC_ROBUSTNESS
1553,lazy brown compress data brown brown stream fox quick over compress data over stream over compress data dog data brown compress ,159.6423437330232,SYNTHETIC_ROBUSTNESS
1554,quick brown quick lazy stream stream jumps jumps compress data data compress data compress data jumps over brown jumps quick dog,159.68138889897932,SYNTHETIC_ROBUSTNESS
1555,over brown fox the fox stream brown lazy quick fox dog fox lazy compress stream the jumps the data the stream lazy compress lazy,159.69732885424062,SYNTHETIC_ROBUSTNESS
1556,dog data data over over compress jumps fox dog over stream brown stream compress compress the jumps brown lazy the the data fox ,159.72117631090555,SYNTHETIC_ROBUSTNESS
1557,the fox jumps over fox the dog brown compress over stream compress the dog lazy lazy brown compress the lazy fox brown dog over ,159.73565405212813,SYNTHETIC_ROBUSTNESS
1558,jumps quick the quick fox stream data jumps stream lazy fox brown lazy fox quick stream data quick dog jumps quick fox fox over ,159.78799825113651,SYNTHETIC_ROBUSTNESS
1559,fox lazy quick compress stream dog data data the lazy quick brown stream over compress the data data lazy compress lazy fox over,159.80667285418016,SYNTHETIC_ROBUSTNESS
1560,lazy jumps quick data the the fox over lazy dog compress jumps dog lazy data fox quick the lazy lazy dog the lazy compress strea,159.85832382270266,SYNTHETIC_ROBUSTNESS
1561,over lazy fox fox brown the the lazy lazy fox dog dog dog the compress quick over the fox the quick fox jumps jumps streamaaaaaa,160.04883173267353,SYNTHETIC_ROBUSTNESS
1562,data fox quick the stream brown dog jumps over fox quick quick lazy compress fox the the the fox the data quick quick jumps stre,160.1551125197041,SYNTHETIC_ROBUSTNESS
1563,jumps lazy compress dog jumps data over stream lazy stream brown brown compress brown dog dog compress jumps data jumps the data,160.26380612592163,SYNTHETIC_ROBUSTNESS
1564,compress over the compress the quick dog dog fox brown stream the quick quick quick data stream stream data over lazy jumps data,160.43086624741193,SYNTHETIC_ROBUSTNESS
1565,over data fox compress dog brown compress data quick fox fox quick lazy brown lazy dog fox lazy quick compress brown brown strea,160.43507284788777,SYNTHETIC_ROBUSTNESS
1566,fox dog lazy brown dog dog the quick over lazy brown compress quick lazy brown compress lazy stream jumps stream data quick data,160.59330907412757,SYNTHETIC_ROBUSTNESS
1567,quick dog compress over data stream jumps lazy over stream brown stream jumps stream stream stream data data brown data data dat,160.61516807284937,SYNTHETIC_ROBUSTNESS
1568,stream jumps compress stream the stream dog stream data fox stream brown stream fox dog over stream jumps the data dog fox over ,160.65762168956016,SYNTHETIC_ROBUSTNESS
1569,brown stream jumps the lazy jumps fox fox compress fox dog compress quick dog data quick brown brown quick compress stream jumps,160.69444481046295,SYNTHETIC_ROBUSTNESS
1570,brown fox fox the brown dog compress dog jumps brown jumps fox over stream dog quick quick compress lazy dog dog lazy jumps the ,160.70561123894737,SYNTHETIC_ROBUSTNESS
1571,lazy quick the data over fox dog compress over over fox over compress fox brown compress quick lazy dog data lazy data lazy comp,160.7246921771317,SYNTHETIC_ROBUSTNESS
1572,jumps fox fox the fox quick brown jumps over dog quick jumps brown compress compress fox data dog dog compress brown compress do,161.03784095522786,SYNTHETIC_ROBUSTNESS
1573,the stream over compress stream fox fox over quick stream the over data compress dog stream data jumps stream lazy the dog dog l,161.1295381157892,SYNTHETIC_ROBUSTNESS
1574,brown lazy brown fox dog data jumps quick brown over fox compress compress stream stream over data compress brown lazy over stre,161.19377815398255,SYNTHETIC_ROBUSTNESS
1575,brown data jumps fox dog data compress stream lazy dog over data quick the data data over over jumps compress stream quick compr,161.33557514459085,SYNTHETIC_ROBUSTNESS
1576,stream the over dog over stream jumps fox quick fox lazy jumps the stream jumps compress lazy dog dog quick dog quick data brown,161.5036359826097,SYNTHETIC_ROBUSTNESS
1577,data over fox stream data over over data lazy stream brown lazy jumps over compress fox lazy compress lazy over dog brown stream,161.51531890274416,SYNTHETIC_ROBUSTNESS
1578,lazy over lazy stream dog brown fox dog quick lazy brown brown data brown the stream data dog the compress fox compress stream o,161.6503751120132,SYNTHETIC_ROBUSTNESS
1579,brown data jumps fox dog data compress stream lazy dog over data quick the data data over over jumps compress stream quick compr,161.91978472115804,SYNTHETIC_ROBUSTNESS
1580,brown lazy lazy fox over the dog quick quick data jumps brown over stream stream quick dog jumps lazy data quick data over lazy ,162.00783753222524,SYNTHETIC_ROBUSTNESS
1581,dog data data over over compress jumps fox dog over stream brown stream compress compress the jumps brown lazy the the data fox ,162.10306999245304,SYNTHETIC_ROBUSTNESS
1582,the lazy jumps the dog the fox over quick the lazy fox lazy brown dog over compress quick the data jumps jumps brown compress br,162.3074058671966,SYNTHETIC_ROBUSTNESS
1583,brown compress lazy lazy compress fox data over the quick dog lazy dog quick quick the compress over compress compress fox jumps,162.4211877259194,SYNTHETIC_ROBUSTNESS
1584,lazy stream lazy the over fox over fox quick jumps fox over lazy stream stream stream jumps compress fox compress fox compress t,162.95651813984588,SYNTHETIC_ROBUSTNESS
1585,fox brown data lazy data data the dog the quick compress over fox data fox dog data the lazy brown brown data compress stream qu,162.98974336422208,SYNTHETIC_ROBUSTNESS
1586,brown quick lazy brown the compress brown lazy jumps stream brown dog brown fox lazy stream quick data quick lazy the brown brow,163.1764869123603,SYNTHETIC_ROBUSTNESS
1587,brown data jumps fox dog data compress stream lazy dog over data quick the data data over over jumps compress stream quick compr,163.27126743125243,SYNTHETIC_ROBUSTNESS
1588,stream the lazy quick the dog brown dog over dog data compress over dog stream stream jumps stream dog quick lazy brown stream q,163.31679635956297,SYNTHETIC_ROBUSTNESS
1589,jumps jumps data the compress dog brown the fox brown the fox compress compress compress lazy stream over compress lazy brown da,163.53140550749612,SYNTHETIC_ROBUSTNESS
1590,stream lazy compress lazy lazy dog over quick data dog dog over brown quick fox lazy brown lazy the dog stream data compress dog,164.08990566413345,SYNTHETIC_ROBUSTNESS
1591,over quick dog lazy stream jumps lazy jumps brown brown data lazy compress fox stream data dog stream jumps the quick data fox q,164.09586467528183,SYNTHETIC_ROBUSTNESS
1592,fox over data stream data compress lazy fox fox the quick jumps compress jumps quick lazy over data jumps dog brown brown jumps ,164.3555908411685,SYNTHETIC_ROBUSTNESS
1593,dog compress over dog over the fox compress brown quick data dog jumps fox the data the stream compress the jumps quick lazy laz,164.37829482971443,SYNTHETIC_ROBUSTNESS
1594,over compress fox data dog compress the dog jumps lazy lazy dog over brown the lazy data stream dog dog quick lazy stream jumps ,164.4012597994987,SYNTHETIC_ROBUSTNESS
1595,dog data data over over compress jumps fox dog over stream brown stream compress compress the jumps brown lazy the the data fox ,164.4055250927086,SYNTHETIC_ROBUSTNESS
1596,brown data jumps fox dog data compress stream lazy dog over data quick the data data over over jumps compress stream quick compr,164.66087071256356,SYNTHETIC_ROBUSTNESS
1597,the brown the dog lazy the the dog dog over stream over dog lazy data jumps jumps the brown data quick fox compress stream lazya,164.80333184504386,SYNTHETIC_ROBUSTNESS
1598,over over dog over the fox lazy data over quick lazy lazy stream fox brown lazy dog over dog over over quick dog over dogaaaaaaa,164.8088249075274,SYNTHETIC_ROBUSTNESS
1599,lazy stream jumps stream compress jumps over brown jumps jumps data compress lazy dog lazy dog the lazy compress stream data qui,164.90921019068543,SYNTHETIC_ROBUSTNESS
1600,dog stream the jumps stream compress jumps jumps dog brown fox jumps jumps data dog lazy compress dog the quick over brown quick,164.92200880621013,SYNTHETIC_ROBUSTNESS
1601,brown lazy lazy compress jumps data lazy quick the over fox the fox over brown dog lazy quick fox lazy lazy over fox lazy compre,165.06120191656555,SYNTHETIC_ROBUSTNESS
1602,over quick compress compress brown data compress compress lazy dog stream over dog dog jumps dog lazy quick the jumps jumps stre,165.11380495362116,SYNTHETIC_ROBUSTNESS
1603,jumps dog data stream jumps dog fox data compress over data quick the lazy stream fox jumps dog quick quick jumps the dog the la,165.1191214933079,SYNTHETIC_ROBUSTNESS
1604,fox jumps the lazy lazy data quick dog dog data the the fox data dog the brown fox brown brown stream lazy brown jumps dogaaaaaa,165.2959692241783,SYNTHETIC_ROBUSTNESS
1605,lazy fox the data compress quick data the data stream lazy stream over compress dog brown quick stream dog quick stream stream o,165.3809290386889,SYNTHETIC_ROBUSTNESS
1606,stream jumps brown dog data data dog lazy stream brown data over stream the fox compress brown fox jumps over dog data the fox d,165.5291515106085,SYNTHETIC_ROBUSTNESS
1607,jumps data lazy lazy compress lazy quick over data brown brown data stream jumps fox lazy the dog dog over stream over over jump,165.6414002708454,SYNTHETIC_ROBUSTNESS
1608,dog quick quick stream data brown lazy jumps compress fox lazy over stream data fox over fox jumps compress data dog lazy the ju,165.69838641096254,SYNTHETIC_ROBUSTNESS
1609,stream jumps compress stream the stream dog stream data fox stream brown stream fox dog over stream jumps the data dog fox over ,165.81834016295,SYNTHETIC_ROBUSTNESS
1610,stream fox fox compress jumps the stream the fox compress dog jumps fox data the dog compress stream compress stream stream lazy,165.81982650051395,SYNTHETIC_ROBUSTNESS
1611,the over jumps compress compress quick compress stream the jumps over dog brown compress lazy lazy stream brown data the fox fox,165.86133828902322,SYNTHETIC_ROBUSTNESS
1612,data dog stream over brown the brown the dog lazy over over fox over data dog lazy the brown over lazy dog quick dog dataaaaaaaa,166.01178006270388,SYNTHETIC_ROBUSTNESS
1613,compress fox the stream stream jumps the over jumps the quick quick lazy fox fox the quick compress brown dog data jumps brown l,166.15577570091915,SYNTHETIC_ROBUSTNESS
1614,dog jumps quick jumps quick data lazy the brown the data stream the fox data lazy jumps fox the data over data stream compress j,166.37417537660676,SYNTHETIC_ROBUSTNESS
1615,over compress fox over data fox jumps brown the compress brown dog jumps data jumps the data dog fox compress the stream data la,166.4686046727194,SYNTHETIC_ROBUSTNESS
1616,over dog over data lazy data the stream dog over data brown the quick dog compress jumps brown dog stream stream stream lazy bro,166.75367579049384,SYNTHETIC_ROBUSTNESS
1617,dog quick brown stream stream fox over brown fox fox compress data dog compress data jumps jumps dog fox quick over dog over ove,166.83525523974737,SYNTHETIC_ROBUSTNESS
1618,jumps dog quick fox over stream jumps stream stream fox the dog compress brown fox dog fox compress compress dog stream brown la,166.90466080039428,SYNTHETIC_ROBUSTNESS
1619,fox brown quick quick stream compress quick brown quick lazy the jumps dog brown fox data dog jumps the fox quick dog compress d,166.92662783550068,SYNTHETIC_ROBUSTNESS
1620,fox quick the over stream quick stream fox over stream dog lazy stream quick brown data data jumps compress stream data data str,167.07751310215428,SYNTHETIC_ROBUSTNESS
1621,jumps over brown quick over quick compress stream jumps the the stream brown dog over the jumps fox stream data lazy lazy fox la,167.19529721025341,SYNTHETIC_ROBUSTNESS
1622,dog dog over quick data lazy fox fox over the lazy the brown quick jumps the brown brown fox fox the jumps stream quick theaaaaa,167.2570567910373,SYNTHETIC_ROBUSTNESS
1623,data compress lazy brown lazy brown compress quick brown stream jumps quick jumps brown stream brown fox dog lazy stream dog qui,167.26617064265935,SYNTHETIC_ROBUSTNESS
1624,dog data lazy stream jumps brown over fox over data lazy quick brown jumps compress data the brown quick quick quick jumps fox l,167.27960408624676,SYNTHETIC_ROBUSTNESS
1625,the over over over dog jumps quick the lazy jumps the compress compress the over the the quick lazy brown fox over brown brown c,167.29175998635657,SYNTHETIC_ROBUSTNESS
1626,dog quick fox quick data jumps dog lazy data fox over lazy data over stream jumps jumps brown quick data brown quick the over do,167.3388562845786,SYNTHETIC_ROBUSTNESS
1627,the stream over compress stream fox fox over quick stream the over data compress dog stream data jumps stream lazy the dog dog l,167.35616997993324,SYNTHETIC_ROBUSTNESS
1628,quick brown fox over jumps the fox data lazy fox dog lazy dog over data data compress dog the the lazy jumps quick brown foxaaaa,167.55338458133932,SYNTHETIC_ROBUSTNESS
1629,dog data data over over compress jumps fox dog over stream brown stream compress compress the jumps brown lazy the the data fox ,167.78299133963992,SYNTHETIC_ROBUSTNESS
1630,quick data jumps jumps dog brown the compress brown quick dog jumps fox lazy jumps stream jumps the fox fox over lazy lazy lazy ,167.97732104150356,SYNTHETIC_ROBUSTNESS
1631,over compress fox data dog compress the dog jumps lazy lazy dog over brown the lazy data stream dog dog quick lazy stream jumps ,168.07118872013922,SYNTHETIC_ROBUSTNESS
1632,over dog the jumps jumps quick lazy lazy lazy lazy fox dog compress over lazy compress dog the fox brown compress compress brown,168.16191076887753,SYNTHETIC_ROBUSTNESS
1633,over stream brown lazy data dog jumps over brown the brown data compress the compress brown data compress data dog jumps compres,168.38348188735898,SYNTHETIC_ROBUSTNESS
1634,jumps lazy compress fox data jumps over dog quick fox quick brown over fox compress jumps over dog dog brown fox quick brown fox,168.43562137568233,SYNTHETIC_ROBUSTNESS
1635,lazy fox fox jumps dog stream the compress jumps stream data compress dog fox over lazy lazy stream jumps compress dog quick the,168.44205862322175,SYNTHETIC_ROBUSTNESS
1636,fox data the stream quick compress data data dog dog the dog over dog compress stream data stream quick compress compress over d,168.50562065858054,SYNTHETIC_ROBUSTNESS
1637,the the brown compress jumps compress brown stream brown dog data the jumps dog data lazy compress fox compress lazy stream stre,168.58629939364724,SYNTHETIC_ROBUSTNESS
1638,the stream over compress stream fox fox over quick stream the over data compress dog stream data jumps stream lazy the dog dog l,168.66602849175888,SYNTHETIC_ROBUSTNESS
1639,quick compress data over jumps compress dog lazy stream dog quick compress brown compress dog compress stream over over fox the ,168.68334533873957,SYNTHETIC_ROBUSTNESS
1640,data dog lazy stream compress over stream stream stream fox brown dog fox over data jumps compress brown lazy dog compress dog f,168.83632162289354,SYNTHETIC_ROBUSTNESS
1641,compress the lazy jumps lazy dog over the jumps brown compress quick stream over over brown brown fox over quick data compress q,168.96798610621602,SYNTHETIC_ROBUSTNESS
1642,over data brown the quick dog quick brown the data lazy the jumps dog compress dog stream dog the lazy dog lazy brown dog quicka,168.9941034849377,SYNTHETIC_ROBUSTNESS
1643,brown fox brown quick data jumps jumps lazy lazy dog jumps fox fox lazy lazy data quick compress the compress the lazy data the ,169.07422780163128,SYNTHETIC_ROBUSTNESS
1644,stream compress dog lazy compress quick compress brown dog lazy data jumps fox the dog brown the compress lazy quick quick dog l,169.2304489885686,SYNTHETIC_ROBUSTNESS
1645,brown stream data lazy lazy over stream the quick the brown the compress compress compress data data brown data the brown quick ,169.23122041875203,SYNTHETIC_ROBUSTNESS
1646,lazy fox quick jumps over brown brown the dog dog dog fox brown the dog jumps over data quick jumps data dog jumps over streamaa,169.26340013610556,SYNTHETIC_ROBUSTNESS
1647,brown stream fox compress over stream brown jumps jumps compress fox quick fox compress stream jumps jumps stream stream quick b,169.32727320781333,SYNTHETIC_ROBUSTNESS
1648,brown the lazy quick over data the lazy lazy compress over lazy lazy fox compress data dog brown compress fox quick compress bro,169.51372661333943,SYNTHETIC_ROBUSTNESS
1649,the over over over dog jumps quick the lazy jumps the compress compress the over the the quick lazy brown fox over brown brown c,169.6741553681109,SYNTHETIC_ROBUSTNESS
1650,over jumps fox lazy stream stream the quick stream over stream jumps over jumps stream quick dog fox the over jumps brown fox ov,169.69052409681032,SYNTHETIC_ROBUSTNESS
1651,the over over over dog jumps quick the lazy jumps the compress compress the over the the quick lazy brown fox over brown brown c,169.7526517623255,SYNTHETIC_ROBUSTNESS
1652,brown data dog the stream data dog quick brown data jumps lazy jumps brown dog over data over data stream compress stream data c,169.78898384726298,SYNTHETIC_ROBUSTNESS
1653,dog quick fox quick data jumps dog lazy data fox over lazy data over stream jumps jumps brown quick data brown quick the over do,169.84030563882604,SYNTHETIC_ROBUSTNESS
1654,the the lazy data dog brown the fox stream jumps compress jumps jumps quick quick compress fox stream data fox stream compress o,169.91809443875826,SYNTHETIC_ROBUSTNESS
1655,compress the the compress the brown quick lazy the lazy fox stream over the quick lazy lazy stream quick data brown quick compre,169.9872773565398,SYNTHETIC_ROBUSTNESS
1656,jumps fox fox the fox quick brown jumps over dog quick jumps brown compress compress fox data dog dog compress brown compress do,170.00254291095035,SYNTHETIC_ROBUSTNESS
1657,compress compress quick fox fox data over over data the stream lazy lazy compress lazy compress stream lazy quick dog lazy lazy ,170.01551826446078,SYNTHETIC_ROBUSTNESS
1658,quick quick stream brown lazy the over dog fox jumps lazy the the compress compress brown lazy dog data brown compress compress ,170.02947538480444,SYNTHETIC_ROBUSTNESS
1659,dog brown lazy compress lazy lazy quick lazy stream fox lazy jumps compress brown quick fox over compress compress the over quic,170.21354196707233,SYNTHETIC_ROBUSTNESS
1660,fox jumps fox stream jumps fox dog fox fox quick jumps data compress stream fox the the the fox jumps data fox compress quick qu,170.2155556415819,SYNTHETIC_ROBUSTNESS
1661,dog dog over quick lazy data data fox compress stream stream quick dog dog fox quick compress jumps dog quick quick compress jum,170.23817102855878,SYNTHETIC_ROBUSTNESS
1662,compress compress stream data dog compress fox stream over stream the dog the the fox stream data stream data stream over compre,170.55028193622536,SYNTHETIC_ROBUSTNESS
1663,over dog quick over quick brown lazy the over brown over brown dog compress dog stream quick brown data jumps lazy brown dog bro,170.5571121043988,SYNTHETIC_ROBUSTNESS
1664,over compress fox data dog compress the dog jumps lazy lazy dog over brown the lazy data stream dog dog quick lazy stream jumps ,170.56081185360546,SYNTHETIC_ROBUSTNESS
1665,compress stream the fox fox over dog compress brown jumps the stream quick quick lazy quick dog lazy fox stream over quick brown,170.60980462579528,SYNTHETIC_ROBUSTNESS
1666,quick compress brown over lazy fox fox lazy over dog over the stream quick the data jumps brown fox stream the the lazy dog stre,170.62619786127127,SYNTHETIC_ROBUSTNESS
1667,jumps fox fox the fox quick brown jumps over dog quick jumps brown compress compress fox data dog dog compress brown compress do,170.70961446904175,SYNTHETIC_ROBUSTNESS
1668,over compress fox data dog compress the dog jumps lazy lazy dog over brown the lazy data stream dog dog quick lazy stream jumps ,170.75095124059118,SYNTHETIC_ROBUSTNESS
1669,dog the lazy jumps jumps stream lazy fox lazy the jumps dog dog data dog dog lazy quick over data lazy brown fox quick theaaaaaa,170.77439310486145,SYNTHETIC_ROBUSTNESS
1670,jumps compress stream dog brown the stream fox stream brown lazy dog lazy data brown brown data over stream quick jumps data dat,171.4316440894455,SYNTHETIC_ROBUSTNESS
1671,lazy quick dog the data over brown fox quick brown compress brown compress data compress over dog brown fox data lazy jumps fox ,171.47336306521203,SYNTHETIC_ROBUSTNESS
1672,the stream over compress stream fox fox over quick stream the over data compress dog stream data jumps stream lazy the dog dog l,171.57580815055599,SYNTHETIC_ROBUSTNESS
1673,compress quick compress data lazy jumps jumps compress dog the jumps compress stream data lazy jumps dog lazy compress stream ov,171.7830452421577,SYNTHETIC_ROBUSTNESS
1674,brown stream data lazy lazy over stream the quick the brown the compress compress compress data data brown data the brown quick ,172.03864747355047,SYNTHETIC_ROBUSTNESS
1675,lazy lazy data brown jumps fox over dog fox the dog the quick stream brown lazy compress fox quick compress stream stream the ov,172.09143232691378,SYNTHETIC_ROBUSTNESS
1676,stream jumps quick quick fox dog stream dog data dog lazy brown stream brown dog jumps data lazy stream the the dog over the ove,172.46505567537292,SYNTHETIC_ROBUSTNESS
1677,jumps brown the brown compress the over data stream brown over quick over jumps stream the compress over data lazy compress jump,172.59399615226044,SYNTHETIC_ROBUSTNESS
1678,fox compress data the brown compress jumps jumps dog fox fox lazy quick stream over jumps compress jumps stream over fox jumps o,172.6815292072666,SYNTHETIC_ROBUSTNESS
1679,the stream over compress stream fox fox over quick stream the over data compress dog stream data jumps stream lazy the dog dog l,172.7997109896791,SYNTHETIC_ROBUSTNESS
1680,compress fox over compress data fox quick compress jumps dog dog over lazy compress brown quick over over data quick dog the dog,172.84436122931328,SYNTHETIC_ROBUSTNESS
1681,jumps fox fox the fox quick brown jumps over dog quick jumps brown compress compress fox data dog dog compress brown compress do,172.8995963950353,SYNTHETIC_ROBUSTNESS
1682,quick data the over quick dog jumps brown jumps fox compress quick data compress fox data over brown data brown brown data brown,172.98785033550936,SYNTHETIC_ROBUSTNESS
1683,compress lazy fox lazy fox fox jumps the stream brown the data over jumps lazy over compress the over quick the brown stream qui,173.02742668703513,SYNTHETIC_ROBUSTNESS
1684,fox jumps fox data over brown data jumps data data over data over compress dog quick stream quick brown jumps data data stream t,173.17387897990992,SYNTHETIC_ROBUSTNESS
1685,fox over jumps the over stream fox dog compress jumps quick jumps brown brown fox data over fox data compress compress quick dog,173.20279219899686,SYNTHETIC_ROBUSTNESS
1686,data lazy over the quick over jumps lazy jumps over compress stream stream quick dog jumps the stream the dog over lazy the quic,173.36215136688148,SYNTHETIC_ROBUSTNESS
1687,data the stream dog quick brown the the data lazy brown compress lazy brown quick lazy jumps over dog brown jumps lazy lazy brow,173.37865738690599,SYNTHETIC_ROBUSTNESS
1688,jumps fox fox the fox quick brown jumps over dog quick jumps brown compress compress fox data dog dog compress brown compress do,173.40316957692457,SYNTHETIC_ROBUSTNESS
1689,compress quick fox jumps the fox quick brown compress brown the dog stream over the brown the fox stream data the compress brown,173.54304430289773,SYNTHETIC_ROBUSTNESS
1690,compress the dog brown brown brown over brown fox data dog quick data stream jumps stream dog stream jumps over the lazy stream ,173.57358025116116,SYNTHETIC_ROBUSTNESS
1691,brown compress compress jumps data over data brown jumps dog data jumps the lazy compress the the brown jumps dog data lazy quic,173.73224728431794,SYNTHETIC_ROBUSTNESS
1692,compress jumps fox over data stream the over the dog brown dog over lazy compress compress jumps the quick compress the over jum,173.8854348028194,SYNTHETIC_ROBUSTNESS
1693,fox compress data over jumps jumps data fox quick data jumps stream stream the brown stream stream lazy quick quick brown compre,173.91518127810394,SYNTHETIC_ROBUSTNESS
1694,dog lazy compress brown brown jumps over fox dog data fox quick quick quick dog fox fox dog compress brown compress dog brown fo,173.9227701894314,SYNTHETIC_ROBUSTNESS
1695,brown over lazy brown dog compress data data compress lazy quick compress over lazy jumps the fox dog fox quick over data over d,173.94096562160897,SYNTHETIC_ROBUSTNESS
1696,the quick over quick fox brown lazy the data lazy jumps stream data lazy dog over jumps the jumps stream jumps lazy quick jumps ,174.08061089127034,SYNTHETIC_ROBUSTNESS
1697,stream dog compress data jumps quick the stream over quick over the quick stream lazy dog lazy stream the stream quick dog dog j,174.26833883984258,SYNTHETIC_ROBUSTNESS
1698,compress stream data fox lazy fox quick data lazy quick compress data the data fox brown fox compress fox quick compress fox jum,174.31663646285077,SYNTHETIC_ROBUSTNESS
1699,quick stream fox quick jumps the lazy dog compress fox compress data over the dog fox data compress compress quick compress data,174.3345753088527,SYNTHETIC_ROBUSTNESS
1700,the the quick compress dog dog fox brown stream stream over brown over stream data dog the data the the brown quick over lazy th,174.34242225961688,SYNTHETIC_ROBUSTNESS
1701,stream compress over fox fox lazy compress compress fox over compress jumps the compress data the brown fox dog lazy the fox str,174.36673342205845,SYNTHETIC_ROBUSTNESS
1702,compress over the compress the quick dog dog fox brown stream the quick quick quick data stream stream data over lazy jumps data,174.75637231252472,SYNTHETIC_ROBUSTNESS
1703,compress the data lazy jumps quick dog lazy compress data quick jumps the fox dog compress quick over dog quick the compress the,174.77503816932492,SYNTHETIC_ROBUSTNESS
1704,over over dog compress fox over data quick data the data the the lazy stream brown the data lazy fox over dog quick the overaaaa,174.784048913664,SYNTHETIC_ROBUSTNESS
1705,brown data jumps fox dog data compress stream lazy dog over data quick the data data over over jumps compress stream quick compr,174.93798112486667,SYNTHETIC_ROBUSTNESS
1706,quick lazy dog quick fox over lazy data quick fox quick stream quick lazy brown over brown quick quick fox quick over jumps data,175.03353925842194,SYNTHETIC_ROBUSTNESS
1707,the jumps compress stream jumps compress data lazy stream fox over the over brown dog brown dog quick lazy brown the jumps jumps,175.11007263395095,SYNTHETIC_ROBUSTNESS
1708,lazy compress quick dog the data quick brown lazy brown jumps dog compress stream stream quick compress data over dog over fox j,175.16946664918632,SYNTHETIC_ROBUSTNESS
1709,stream quick compress jumps fox lazy quick fox brown lazy stream stream brown quick brown lazy the fox lazy quick jumps over ove,175.29047958338822,SYNTHETIC_ROBUSTNESS
1710,over compress jumps data quick brown compress fox the data lazy compress stream dog quick data quick jumps jumps quick jumps bro,175.41033002624442,SYNTHETIC_ROBUSTNESS
1711,the data compress the stream the over lazy compress dog the brown over lazy over over quick over fox stream lazy dog brown strea,175.46556875764244,SYNTHETIC_ROBUSTNESS
1712,data the over over jumps fox stream dog compress lazy stream fox lazy brown data stream compress stream the jumps lazy fox brown,175.4922558177734,SYNTHETIC_ROBUSTNESS
1713,over data the quick fox lazy fox stream jumps dog dog stream dog compress dog stream lazy jumps dog the the over the fox brownaa,175.67630675849114,SYNTHETIC_ROBUSTNESS
1714,compress dog data over compress fox lazy fox the stream compress quick over dog lazy data quick data compress stream dog brown s,175.69429389090993,SYNTHETIC_ROBUSTNESS
1715,over compress dog compress brown over over compress jumps quick compress dog jumps jumps lazy the brown brown fox the the quick ,175.77065221023864,SYNTHETIC_ROBUSTNESS
1716,fox jumps fox data brown stream lazy jumps dog data brown data brown brown data jumps jumps lazy the quick jumps the quick data ,175.8886368683915,SYNTHETIC_ROBUSTNESS
1717,compress brown brown data stream jumps quick brown the brown compress brown brown stream compress dog stream lazy quick lazy dog,175.99049052454453,SYNTHETIC_ROBUSTNESS
1718,quick over brown stream over data lazy quick lazy lazy data the over the stream jumps stream dog data jumps jumps brown the brow,176.08693214800843,SYNTHETIC_ROBUSTNESS
1719,dog data data over over compress jumps fox dog over stream brown stream compress compress the jumps brown lazy the the data fox ,176.19555296049106,SYNTHETIC_ROBUSTNESS
1720,quick data fox dog the brown over dog quick dog fox quick the lazy the jumps stream lazy stream brown data brown dog brown lazya,176.40402242518238,SYNTHETIC_ROBUSTNESS
1721,stream brown data stream fox stream compress brown stream jumps data dog over fox compress stream compress data compress fox dat,176.4494972945117,SYNTHETIC_ROBUSTNESS
1722,jumps compress the compress dog the dog brown over stream over fox brown brown over data fox dog quick dog stream brown the stre,176.54823207488747,SYNTHETIC_ROBUSTNESS
1723,lazy brown data fox quick stream lazy compress data the data lazy jumps over compress lazy data dog lazy stream stream over the ,176.6676233263978,SYNTHETIC_ROBUSTNESS
1724,compress jumps stream dog compress over stream fox data the the stream fox lazy over dog stream stream stream data stream fox br,176.75686281726635,SYNTHETIC_ROBUSTNESS
1725,dog the lazy quick the brown dog data jumps dog over the dog lazy brown dog fox over dog the lazy brown over stream quickaaaaaaa,176.99016997121433,SYNTHETIC_ROBUSTNESS
1726,dog lazy the fox brown data stream compress compress quick jumps lazy stream dog dog quick fox over brown compress brown lazy co,177.0965269509527,SYNTHETIC_ROBUSTNESS
1727,quick jumps the lazy quick fox dog over jumps data quick data fox quick lazy data over jumps quick dog brown fox brown stream ov,177.1517662332174,SYNTHETIC_ROBUSTNESS
1728,brown stream data lazy lazy over stream the quick the brown the compress compress compress data data brown data the brown quick ,177.33857874352427,SYNTHETIC_ROBUSTNESS
1729,fox jumps quick the compress dog brown compress dog the over quick data data data lazy jumps quick over fox compress jumps over ,177.4058285283623,SYNTHETIC_ROBUSTNESS
1730,lazy dog data compress jumps compress fox the lazy fox over over over lazy data data quick quick lazy lazy data jumps the quick ,177.4813655319541,SYNTHETIC_ROBUSTNESS
1731,quick stream the jumps compress stream jumps stream compress data the jumps lazy lazy dog lazy compress stream stream compress o,177.56865980595677,SYNTHETIC_ROBUSTNESS
1732,brown compress stream dog quick the fox lazy the lazy data the brown dog brown compress lazy jumps data stream data fox fox comp,177.60763640765234,SYNTHETIC_ROBUSTNESS
1733,jumps jumps fox fox quick quick over over compress over stream stream the data dog dog over quick data data jumps stream dog the,177.7358441973505,SYNTHETIC_ROBUSTNESS
1734,brown brown data over dog quick lazy jumps jumps dog compress stream fox compress lazy the jumps compress brown lazy data jumps ,177.74617226392323,SYNTHETIC_ROBUSTNESS
1735,dog the the fox lazy quick over the over data jumps data jumps stream over quick jumps quick the jumps quick brown the data quic,177.94931301241692,SYNTHETIC_ROBUSTNESS
1736,the stream over compress stream fox fox over quick stream the over data compress dog stream data jumps stream lazy the dog dog l,178.08977422447487,SYNTHETIC_ROBUSTNESS
1737,fox over data compress compress lazy the lazy over the brown quick jumps stream the over dog jumps dog data fox stream jumps jum,178.13341282162892,SYNTHETIC_ROBUSTNESS
1738,lazy stream jumps compress the data dog lazy brown the jumps jumps over quick dog over data brown dog jumps fox jumps quick brow,178.15908196383322,SYNTHETIC_ROBUSTNESS
1739,dog lazy quick dog brown over jumps over brown the jumps stream lazy over fox stream stream compress quick data jumps jumps dog ,178.20816758930366,SYNTHETIC_ROBUSTNESS
1740,stream data dog stream quick the compress data quick quick over fox stream lazy dog fox stream dog quick quick quick over fox st,178.37167012779236,SYNTHETIC_ROBUSTNESS
1741,brown jumps data jumps brown jumps compress fox fox stream fox compress fox the fox fox the dog over lazy over the fox lazy quic,178.37487811723858,SYNTHETIC_ROBUSTNESS
1742,jumps data compress compress stream lazy brown compress over over dog fox brown quick brown compress fox the brown lazy compress,178.43797505978978,SYNTHETIC_ROBUSTNESS
1743,the dog brown jumps the over data quick lazy fox brown stream fox over the stream brown brown over brown data fox brown dog stre,178.46729280260234,SYNTHETIC_ROBUSTNESS
1744,fox dog stream lazy stream jumps fox quick jumps stream fox stream compress stream dog dog the fox jumps fox stream brown lazy d,178.6751980842627,SYNTHETIC_ROBUSTNESS
1745,stream jumps compress stream the stream dog stream data fox stream brown stream fox dog over stream jumps the data dog fox over ,178.72861460168556,SYNTHETIC_ROBUSTNESS
1746,quick dog dog lazy dog fox data lazy compress the compress compress compress compress jumps jumps the compress data data fox the,178.84831376724742,SYNTHETIC_ROBUSTNESS
1747,brown data lazy the stream fox dog compress jumps compress compress quick data over the over compress lazy fox compress brown co,178.89261372012461,SYNTHETIC_ROBUSTNESS
1748,over fox over fox dog over stream quick dog jumps quick lazy stream stream brown stream quick quick over the lazy jumps the lazy,178.93261666118192,SYNTHETIC_ROBUSTNESS
1749,data stream over stream fox over jumps quick fox fox lazy the compress lazy jumps over jumps over jumps stream jumps compress ju,178.97205031836822,SYNTHETIC_ROBUSTNESS
1750,stream dog over over lazy the over the brown stream the stream dog compress compress the fox over stream brown stream data compr,179.08542493349034,SYNTHETIC_ROBUSTNESS
1751,dog quick fox quick data jumps dog lazy data fox over lazy data over stream jumps jumps brown quick data brown quick the over do,179.41851996519375,SYNTHETIC_ROBUSTNESS
1752,stream quick over fox over data the lazy jumps stream stream fox over fox over data jumps lazy lazy data lazy data jumps brown t,179.44185763258827,SYNTHETIC_ROBUSTNESS
1753,stream lazy quick fox data stream jumps quick over data brown over jumps quick jumps quick over compress jumps quick brown strea,179.54511234817778,SYNTHETIC_ROBUSTNESS
1754,quick dog compress lazy the over jumps over compress compress brown brown fox data jumps quick dog data compress lazy fox lazy f,179.57595995010038,SYNTHETIC_ROBUSTNESS
1755,the brown compress over brown the lazy jumps stream quick over jumps stream stream fox fox quick data compress brown lazy quick ,179.655666391113,SYNTHETIC_ROBUSTNESS
1756,jumps the quick stream compress fox quick lazy over the jumps lazy quick brown fox quick the quick dog the compress jumps compre,179.7336674517444,SYNTHETIC_ROBUSTNESS
1757,brown the compress data compress the jumps quick compress quick fox brown fox lazy brown compress lazy quick brown jumps over da,179.79345951932677,SYNTHETIC_ROBUSTNESS
1758,brown data jumps fox dog data compress stream lazy dog over data quick the data data over over jumps compress stream quick compr,179.86250343388707,SYNTHETIC_ROBUSTNESS
1759,stream compress quick compress data the jumps compress compress compress compress quick over quick quick lazy the dog dog data c,180.07472259672,SYNTHETIC_ROBUSTNESS
1760,data lazy the fox over stream over jumps stream over brown fox brown over data brown over data stream quick compress compress qu,180.0840004332467,SYNTHETIC_ROBUSTNESS
1761,stream jumps compress stream the stream dog stream data fox stream brown stream fox dog over stream jumps the data dog fox over ,180.26136280983695,SYNTHETIC_ROBUSTNESS
1762,over dog brown stream over compress the jumps the dog lazy jumps compress over compress stream over brown brown jumps over fox s,180.32341073870106,SYNTHETIC_ROBUSTNESS
1763,brown jumps lazy data compress the brown brown compress lazy data lazy stream lazy quick over compress over stream the data jump,180.363996362515,SYNTHETIC_ROBUSTNESS
1764,dog fox the brown brown the brown dog the fox brown jumps quick dog the quick over the fox stream stream compress the quick stre,180.38349400878855,SYNTHETIC_ROBUSTNESS
1765,fox quick lazy compress lazy the fox quick over jumps jumps compress compress jumps data lazy jumps brown fox dog fox lazy the d,180.55212939188596,SYNTHETIC_ROBUSTNESS
1766,dog quick the compress data compress jumps compress the stream quick the over quick lazy jumps jumps the stream over jumps lazy ,180.64178855374618,SYNTHETIC_ROBUSTNESS
1767,dog quick fox quick data jumps dog lazy data fox over lazy data over stream jumps jumps brown quick data brown quick the over do,180.77212210319226,SYNTHETIC_ROBUSTNESS
1768,compress lazy the data over compress compress dog jumps brown data lazy fox brown fox jumps lazy stream lazy data over brown fox,180.809950383403,SYNTHETIC_ROBUSTNESS
1769,data compress dog the fox quick over brown dog compress compress quick brown lazy dog stream quick quick the dog brown stream th,180.85986632110115,SYNTHETIC_ROBUSTNESS
1770,data fox lazy lazy stream quick compress lazy fox quick stream stream jumps the stream quick lazy quick brown jumps fox quick ov,181.1047937062968,SYNTHETIC_ROBUSTNESS
1771,fox lazy dog quick compress over jumps quick data lazy the quick jumps the compress lazy lazy jumps the data quick compress the ,181.4296815638621,SYNTHETIC_ROBUSTNESS
1772,stream jumps compress stream the stream dog stream data fox stream brown stream fox dog over stream jumps the data dog fox over ,181.5643282466764,SYNTHETIC_ROBUSTNESS
1773,compress over lazy jumps quick stream dog brown brown brown the jumps dog quick fox dog over lazy quick data data jumps quick qu,181.70272835206845,SYNTHETIC_ROBUSTNESS
1774,brown dog quick stream the lazy jumps stream stream fox the stream jumps quick stream brown dog jumps fox quick dog the data dat,181.8212762649017,SYNTHETIC_ROBUSTNESS
1775,dog the lazy dog the fox dog brown dog brown brown stream fox stream brown lazy quick the the fox fox jumps brown fox foxaaaaaaa,181.90975787842297,SYNTHETIC_ROBUSTNESS
1776,compress jumps fox data the fox stream brown jumps dog fox the brown dog the lazy jumps the dog dog over compress data quick bro,182.00016404220685,SYNTHETIC_ROBUSTNESS
1777,dog quick fox quick data jumps dog lazy data fox over lazy data over stream jumps jumps brown quick data brown quick the over do,182.33204164297152,SYNTHETIC_ROBUSTNESS
1778,dog the stream fox over fox over quick brown quick data quick data the over stream stream jumps dog compress brown quick data la,182.47103635611717,SYNTHETIC_ROBUSTNESS
1779,jumps data dog over jumps fox jumps quick jumps compress jumps stream data brown stream quick compress quick over jumps data the,182.57755641768148,SYNTHETIC_ROBUSTNESS
1780,lazy quick jumps stream the data dog over over dog fox compress dog lazy fox lazy the stream the the compress quick quick lazy f,182.598513722889,SYNTHETIC_ROBUSTNESS
1781,lazy jumps stream over brown fox data fox stream lazy data compress over stream compress quick quick jumps dog data over stream ,182.9760619769271,SYNTHETIC_ROBUSTNESS
1782,the stream over compress stream fox fox over quick stream the over data compress dog stream data jumps stream lazy the dog dog l,183.0495200318127,SYNTHETIC_ROBUSTNESS
1783,dog dog fox jumps quick data compress fox data compress lazy jumps quick over compress the the lazy quick data data quick dog br,183.3372496076188,SYNTHETIC_ROBUSTNESS
1784,dog data data over over compress jumps fox dog over stream brown stream compress compress the jumps brown lazy the the data fox ,183.4622713668404,SYNTHETIC_ROBUSTNESS
1785,compress over quick over quick the compress jumps lazy jumps fox brown compress brown brown lazy dog data the compress data the ,183.46636198740686,SYNTHETIC_ROBUSTNESS
1786,jumps fox fox the fox quick brown jumps over dog quick jumps brown compress compress fox data dog dog compress brown compress do,183.5437967348182,SYNTHETIC_ROBUSTNESS
1787,jumps over data dog compress lazy jumps jumps over the brown jumps compress brown fox stream over brown the stream over quick la,183.76699273428125,SYNTHETIC_ROBUSTNESS
1788,stream jumps compress stream the stream dog stream data fox stream brown stream fox dog over stream jumps the data dog fox over ,183.77230968018952,SYNTHETIC_ROBUSTNESS
1789,data quick dog dog compress quick stream brown stream fox over over jumps brown dog over fox over dog fox over lazy lazy compres,183.97384565541722,SYNTHETIC_ROBUSTNESS
1790,compress compress lazy quick compress jumps jumps quick stream lazy quick the fox lazy dog brown fox quick fox over quick stream,184.06887987426322,SYNTHETIC_ROBUSTNESS
1791,compress lazy data lazy over quick over quick data quick over quick compress brown dog lazy lazy fox compress data the fox lazy ,184.07343477900213,SYNTHETIC_ROBUSTNESS
1792,over compress fox data dog compress the dog jumps lazy lazy dog over brown the lazy data stream dog dog quick lazy stream jumps ,184.12021112593698,SYNTHETIC_ROBUSTNESS
1793,dog dog data quick the stream lazy stream brown over fox compress stream brown brown the brown compress lazy the dog data fox do,184.12327463526762,SYNTHETIC_ROBUSTNESS
1794,over compress fox data dog compress the dog jumps lazy lazy dog over brown the lazy data stream dog dog quick lazy stream jumps ,184.1234464124959,SYNTHETIC_ROBUSTNESS
1795,brown stream data lazy lazy over stream the quick the brown the compress compress compress data data brown data the brown quick ,184.3501924666388,SYNTHETIC_ROBUSTNESS
1796,jumps fox fox the fox quick brown jumps over dog quick jumps brown compress compress fox data dog dog compress brown compress do,184.48825483398002,SYNTHETIC_ROBUSTNESS
1797,dog over jumps dog lazy the brown quick stream lazy stream the quick compress brown quick dog the lazy fox data the lazy brown b,184.5224295273217,SYNTHETIC_ROBUSTNESS
1798,quick jumps over the stream the brown the jumps compress fox data jumps fox lazy fox data the dog the fox stream fox data browna,184.53450069400253,SYNTHETIC_ROBUSTNESS
1799,over data data the fox quick compress the the lazy jumps brown stream over the stream dog brown dog stream compress data dog jum,184.54009770293862,SYNTHETIC_ROBUSTNESS
1800,quick jumps lazy brown jumps the brown quick stream stream over jumps jumps fox lazy brown the the data jumps jumps fox quick th,184.7892573978003,SYNTHETIC_ROBUSTNESS
1801,brown quick data stream over over fox compress compress data stream stream brown over jumps stream jumps jumps lazy brown jumps ,184.887488927381,SYNTHETIC_ROBUSTNESS
1802,data the dog jumps the compress quick quick dog brown jumps data lazy fox jumps data lazy fox brown brown dog over jumps compres,184.90499082248516,SYNTHETIC_ROBUSTNESS
1803,brown the the dog data stream over brown stream dog dog compress brown the compress over brown fox stream lazy stream jumps dog ,185.01939216119268,SYNTHETIC_ROBUSTNESS
1804,stream data lazy jumps jumps fox fox lazy over stream brown jumps jumps data compress the compress fox lazy compress lazy quick ,185.69979622482495,SYNTHETIC_ROBUSTNESS
1805,brown jumps data fox the fox dog stream brown lazy compress fox data lazy quick the fox stream the brown quick dog lazy over the,185.85492606023908,SYNTHETIC_ROBUSTNESS
1806,fox quick the compress dog compress fox over dog jumps fox brown compress over dog lazy compress data jumps brown compress brown,185.91408124994703,SYNTHETIC_ROBUSTNESS
1807,fox over data quick fox fox brown data quick data stream the jumps dog quick lazy compress compress quick fox lazy over lazy dat,186.08237713981381,SYNTHETIC_ROBUSTNESS
1808,fox the data stream lazy lazy fox lazy fox lazy quick compress dog fox quick dog jumps quick fox dog dog the dog quick compressa,186.21875479270003,SYNTHETIC_ROBUSTNESS
1809,brown stream data lazy lazy over stream the quick the brown the compress compress compress data data brown data the brown quick ,186.22803796981714,SYNTHETIC_ROBUSTNESS
1810,brown the over quick jumps quick dog data the stream compress brown brown quick the brown compress quick brown brown quick dog f,186.48799786066118,SYNTHETIC_ROBUSTNESS
1811,dog dog over compress brown quick compress quick lazy over lazy fox the lazy data quick brown lazy fox dog lazy fox jumps quick ,186.70350341592797,SYNTHETIC_ROBUSTNESS
1812,compress jumps the over over compress brown brown data quick dog jumps over compress jumps compress over dog fox over jumps lazy,186.79279979008615,SYNTHETIC_ROBUSTNESS
1813,brown jumps compress stream fox dog fox dog compress stream data quick the jumps jumps stream data data jumps compress jumps str,186.86375777729805,SYNTHETIC_ROBUSTNESS
1814,data jumps stream jumps the stream brown compress stream fox stream compress over over compress fox quick quick fox stream over ,186.88960135529413,SYNTHETIC_ROBUSTNESS
1815,brown stream data lazy lazy over stream the quick the brown the compress compress compress data data brown data the brown quick ,187.06945432260272,SYNTHETIC_ROBUSTNESS
1816,dog the lazy compress brown over over jumps brown the compress compress stream compress fox over quick jumps jumps jumps jumps f,187.1259977123149,SYNTHETIC_ROBUSTNESS
1817,the over stream over the jumps quick compress dog jumps brown over fox compress brown quick compress the fox data quick quick do,187.2125828316608,SYNTHETIC_ROBUSTNESS
1818,dog quick fox quick data jumps dog lazy data fox over lazy data over stream jumps jumps brown quick data brown quick the over do,187.23122633039358,SYNTHETIC_ROBUSTNESS
1819,brown jumps the over jumps data data jumps the fox brown stream jumps the quick dog stream brown stream lazy over stream stream ,187.25528363174243,SYNTHETIC_ROBUSTNESS
1820,fox over fox quick jumps lazy brown stream fox dog stream quick quick data lazy fox jumps dog over jumps lazy fox over stream qu,187.67660538942533,SYNTHETIC_ROBUSTNESS
1821,the stream over compress stream fox fox over quick stream the over data compress dog stream data jumps stream lazy the dog dog l,187.74472724444567,SYNTHETIC_ROBUSTNESS
1822,the brown jumps stream compress quick compress dog lazy over quick the stream quick quick compress jumps data over lazy data jum,187.91386955413032,SYNTHETIC_ROBUSTNESS
1823,brown data jumps fox dog data compress stream lazy dog over data quick the data data over over jumps compress stream quick compr,188.09090654227435,SYNTHETIC_ROBUSTNESS
1824,stream data over brown over the lazy compress dog lazy brown jumps data data fox dog data lazy over data stream data data compre,188.48996085359875,SYNTHETIC_ROBUSTNESS
1825,quick stream fox compress over jumps jumps jumps the jumps stream jumps jumps over data stream the dog stream the dog over fox s,188.89685202026806,SYNTHETIC_ROBUSTNESS
1826,data data dog brown quick fox jumps stream quick stream over lazy over fox fox brown quick quick the stream compress compress da,188.95790840623206,SYNTHETIC_ROBUSTNESS
1827,data brown brown stream fox brown the data over compress compress stream compress compress compress quick over over compress qui,189.25812445027034,SYNTHETIC_ROBUSTNESS
1828,stream jumps compress stream the stream dog stream data fox stream brown stream fox dog over stream jumps the data dog fox over ,189.30360906602053,SYNTHETIC_ROBUSTNESS
1829,fox the quick jumps dog stream data fox dog lazy brown lazy brown stream quick lazy compress quick lazy data dog over stream qui,189.39716639281565,SYNTHETIC_ROBUSTNESS
1830,brown data fox compress over the dog jumps jumps jumps over stream quick brown dog jumps brown jumps dog lazy lazy fox dog data ,189.56960213984712,SYNTHETIC_ROBUSTNESS
1831,brown jumps quick quick lazy the lazy lazy data dog jumps fox compress fox jumps over brown lazy lazy stream lazy jumps the stre,189.81469503326898,SYNTHETIC_ROBUSTNESS
1832,over dog data dog data lazy compress jumps jumps jumps compress stream quick data fox stream stream over fox lazy the brown stre,189.88889500502373,SYNTHETIC_ROBUSTNESS
1833,lazy jumps data lazy data fox compress dog quick lazy quick over compress quick data the brown fox the jumps compress data quick,189.9429993429737,SYNTHETIC_ROBUSTNESS
1834,brown data jumps fox dog data compress stream lazy dog over data quick the data data over over jumps compress stream quick compr,190.07338530674673,SYNTHETIC_ROBUSTNESS
1835,compress compress compress fox dog data stream over fox fox quick fox lazy brown quick quick fox the lazy dog over jumps over fo,190.13425259620686,SYNTHETIC_ROBUSTNESS
1836,jumps jumps compress brown data brown the dog the data fox stream quick lazy jumps over data compress fox quick quick dog lazy o,190.24566624175625,SYNTHETIC_ROBUSTNESS
1837,jumps quick over lazy dog dog dog compress compress fox brown brown compress compress jumps data jumps data stream over lazy the,190.40874205384878,SYNTHETIC_ROBUSTNESS
1838,over dog lazy brown over jumps over lazy lazy lazy quick lazy data dog dog jumps over over jumps the compress quick compress fox,190.59270723616834,SYNTHETIC_ROBUSTNESS
1839,dog data data over over compress jumps fox dog over stream brown stream compress compress the jumps brown lazy the the data fox ,190.62205230964963,SYNTHETIC_ROBUSTNESS
1840,dog quick dog quick brown fox dog jumps quick stream stream data the fox fox lazy fox fox data jumps stream jumps dog data dataa,190.70678899083532,SYNTHETIC_ROBUSTNESS
1841,lazy brown stream fox the brown brown fox data over compress compress jumps over jumps compress brown stream compress the data d,190.7093242858848,SYNTHETIC_ROBUSTNESS
1842,stream jumps compress stream the stream dog stream data fox stream brown stream fox dog over stream jumps the data dog fox over ,190.86915242948544,SYNTHETIC_ROBUSTNESS
1843,the over over over dog jumps quick the lazy jumps the compress compress the over the the quick lazy brown fox over brown brown c,190.8825164462546,SYNTHETIC_ROBUSTNESS
1844,data lazy brown data the jumps the compress dog data lazy lazy data lazy lazy jumps fox stream the fox dog data data quick foxaa,191.087842767051,SYNTHETIC_ROBUSTNESS
1845,lazy jumps brown compress over compress fox fox quick dog jumps dog compress jumps data quick lazy stream stream fox over over f,191.14006675309838,SYNTHETIC_ROBUSTNESS
1846,quick the the lazy over the quick the jumps compress brown compress data jumps stream stream jumps compress data compress jumps ,191.1583711281885,SYNTHETIC_ROBUSTNESS
1847,the stream over compress stream fox fox over quick stream the over data compress dog stream data jumps stream lazy the dog dog l,191.31724396960004,SYNTHETIC_ROBUSTNESS
1848,brown dog the the quick quick the dog lazy fox quick lazy over quick stream stream fox brown the compress brown data data jumps ,191.33959412951978,SYNTHETIC_ROBUSTNESS
1849,the over over over dog jumps quick the lazy jumps the compress compress the over the the quick lazy brown fox over brown brown c,191.38975011023288,SYNTHETIC_ROBUSTNESS
1850,over over fox data data jumps lazy stream fox over brown quick jumps over stream dog fox brown fox compress quick jumps stream l,191.47342327731985,SYNTHETIC_ROBUSTNESS
1851,stream compress jumps fox the brown dog lazy compress dog compress jumps over over brown jumps over over fox lazy quick fox dog ,191.51805666558863,SYNTHETIC_ROBUSTNESS
1852,the quick brown quick jumps compress quick data dog lazy over quick compress fox dog over stream compress the jumps dog brown ju,191.5377833835133,SYNTHETIC_ROBUSTNESS
1853,brown stream data lazy lazy over stream the quick the brown the compress compress compress data data brown data the brown quick ,191.5898867713011,SYNTHETIC_ROBUSTNESS
1854,over quick dog compress brown lazy quick compress jumps data compress data stream over lazy the jumps stream brown stream the la,191.60546381362678,SYNTHETIC_ROBUSTNESS
1855,quick data data data compress stream brown dog quick over jumps quick quick data the jumps quick over over lazy quick dog brown ,191.7324592146684,SYNTHETIC_ROBUSTNESS
1856,over compress fox data dog compress the dog jumps lazy lazy dog over brown the lazy data stream dog dog quick lazy stream jumps ,191.75127365807535,SYNTHETIC_ROBUSTNESS
1857,stream the stream stream brown data dog the brown lazy quick brown stream brown fox the stream brown compress data over jumps co,191.81712553774938,SYNTHETIC_ROBUSTNESS
1858,lazy data brown compress compress lazy dog jumps the stream stream data the dog jumps data lazy over over the brown stream the o,191.8993095966778,SYNTHETIC_ROBUSTNESS
1859,jumps jumps fox dog the jumps compress the fox fox lazy brown data fox brown over brown compress lazy brown dog compress brown o,192.18947358809336,SYNTHETIC_ROBUSTNESS
1860,the fox over over data quick quick compress brown brown the dog over fox brown dog data over data quick fox data data stream fox,192.1976226186147,SYNTHETIC_ROBUSTNESS
1861,lazy compress brown jumps jumps fox jumps dog fox brown dog compress over data dog compress fox fox brown quick dog jumps lazy l,192.46420113946195,SYNTHETIC_ROBUSTNESS
1862,the over over over dog jumps quick the lazy jumps the compress compress the over the the quick lazy brown fox over brown brown c,192.4875491127341,SYNTHETIC_ROBUSTNESS
1863,jumps fox fox the fox quick brown jumps over dog quick jumps brown compress compress fox data dog dog compress brown compress do,192.67139414330998,SYNTHETIC_ROBUSTNESS
1864,brown fox data the jumps jumps data quick brown jumps lazy dog the fox quick quick brown fox over quick jumps over fox brown qui,192.6808796496081,SYNTHETIC_ROBUSTNESS
1865,the brown jumps lazy the compress lazy lazy fox dog brown compress data over lazy lazy dog fox the the lazy dog quick stream dog,193.12919594504567,SYNTHETIC_ROBUSTNESS
1866,quick dog stream data brown the dog dog jumps compress brown fox the fox lazy quick fox brown lazy compress the jumps fox quick ,193.29403084390086,SYNTHETIC_ROBUSTNESS
1867,dog data data over over compress jumps fox dog over stream brown stream compress compress the jumps brown lazy the the data fox ,193.30053282485846,SYNTHETIC_ROBUSTNESS
1868,brown stream data lazy lazy over stream the quick the brown the compress compress compress data data brown data the brown quick ,193.32462680217492,SYNTHETIC_ROBUSTNESS
1869,jumps fox fox the fox quick brown jumps over dog quick jumps brown compress compress fox data dog dog compress brown compress do,193.4041547585371,SYNTHETIC_ROBUSTNESS
1870,the stream over compress stream fox fox over quick stream the over data compress dog stream data jumps stream lazy the dog dog l,193.47829862778428,SYNTHETIC_ROBUSTNESS
1871,jumps compress jumps over compress over compress brown jumps compress quick compress brown dog compress dog fox compress the dog,193.577526537204,SYNTHETIC_ROBUSTNESS
1872,dog quick fox quick data jumps dog lazy data fox over lazy data over stream jumps jumps brown quick data brown quick the over do,193.6397966534804,SYNTHETIC_ROBUSTNESS
1873,stream jumps compress stream the stream dog stream data fox stream brown stream fox dog over stream jumps the data dog fox over ,193.77228433868174,SYNTHETIC_ROBUSTNESS
1874,lazy over over dog brown stream compress dog stream brown over over jumps over quick quick quick brown data jumps compress strea,193.81512991723895,SYNTHETIC_ROBUSTNESS
1875,lazy over over quick lazy fox quick lazy the compress over quick data brown brown lazy the compress lazy fox data compress the j,193.8345353493811,SYNTHETIC_ROBUSTNESS
1876,data quick fox dog stream compress fox data data brown fox fox the fox the compress compress jumps fox quick jumps quick the qui,193.8379716688255,SYNTHETIC_ROBUSTNESS
1877,compress over the compress the quick dog dog fox brown stream the quick quick quick data stream stream data over lazy jumps data,193.87724120963313,SYNTHETIC_ROBUSTNESS
1878,the over the compress stream quick quick dog lazy jumps lazy over over the lazy lazy brown over dog dog dog over fox jumps compr,193.9329070219541,SYNTHETIC_ROBUSTNESS
1879,compress over the compress the quick dog dog fox brown stream the quick quick quick data stream stream data over lazy jumps data,194.04051445512295,SYNTHETIC_ROBUSTNESS
1880,the over over over dog jumps quick the lazy jumps the compress compress the over the the quick lazy brown fox over brown brown c,194.20473967422765,SYNTHETIC_ROBUSTNESS
1881,lazy dog data data fox data compress the dog brown the data lazy the stream quick compress the data lazy data fox fox over overa,194.2321916225082,SYNTHETIC_ROBUSTNESS
1882,dog quick lazy data brown lazy jumps jumps the data jumps jumps brown quick compress fox data fox dog the jumps dog data fox com,194.3001560135088,SYNTHETIC_ROBUSTNESS
1883,the stream over compress stream fox fox over quick stream the over data compress dog stream data jumps stream lazy the dog dog l,194.32677858794008,SYNTHETIC_ROBUSTNESS
1884,over dog over fox compress lazy lazy stream jumps fox dog the data dog stream jumps the brown over jumps over lazy fox the compr,194.62871010304912,SYNTHETIC_ROBUSTNESS
1885,dog jumps stream dog compress fox dog fox dog brown compress lazy compress brown compress stream brown over compress jumps lazy ,194.73299383395042,SYNTHETIC_ROBUSTNESS
1886,dog lazy stream the brown lazy dog dog lazy stream the lazy dog brown the data compress the compress the stream compress the the,194.8462839015502,SYNTHETIC_ROBUSTNESS
1887,the quick jumps the quick fox lazy stream fox data stream dog stream over over the brown fox brown jumps quick fox the over thea,194.92204695706818,SYNTHETIC_ROBUSTNESS
1888,lazy jumps data quick jumps quick stream dog lazy fox over jumps jumps the lazy data data lazy fox lazy over over dog quick stre,194.95515182181393,SYNTHETIC_ROBUSTNESS
1889,jumps over dog quick compress over over over quick quick dog jumps dog compress over lazy dog over the dog stream fox brown lazy,194.97751992650524,SYNTHETIC_ROBUSTNESS
1890,quick fox fox lazy jumps over quick the fox jumps brown data compress compress over dog fox the over data lazy stream brown stre,195.08441911439098,SYNTHETIC_ROBUSTNESS
1891,over dog the stream stream brown data dog compress jumps data lazy stream dog jumps compress fox dog over data stream lazy dog d,195.33914905864296,SYNTHETIC_ROBUSTNESS
1892,stream brown dog jumps compress over the brown the jumps data lazy jumps the over the fox stream over compress over data the laz,195.36308825524472,SYNTHETIC_ROBUSTNESS
1893,jumps the dog dog fox the lazy lazy data quick quick the jumps compress jumps lazy stream dog brown stream jumps dog dog the laz,195.44789641667606,SYNTHETIC_ROBUSTNESS
1894,brown quick the dog quick over compress lazy compress over data data compress dog data data fox fox brown over lazy lazy lazy fo,195.52325515512115,SYNTHETIC_ROBUSTNESS
1895,brown data jumps fox dog data compress stream lazy dog over data quick the data data over over jumps compress stream quick compr,195.6258805308589,SYNTHETIC_ROBUSTNESS
1896,jumps fox fox the fox quick brown jumps over dog quick jumps brown compress compress fox data dog dog compress brown compress do,195.71450275216793,SYNTHETIC_ROBUSTNESS
1897,fox stream over compress brown fox the over quick over the jumps quick compress quick jumps fox stream brown brown dog data fox ,195.7463573841341,SYNTHETIC_ROBUSTNESS
1898,over compress fox data dog compress the dog jumps lazy lazy dog over brown the lazy data stream dog dog quick lazy stream jumps ,195.86394182890635,SYNTHETIC_ROBUSTNESS
1899,the quick stream compress stream brown jumps lazy brown the the jumps data quick dog dog brown over lazy jumps lazy compress jum,195.89577792677434,SYNTHETIC_ROBUSTNESS
1900,quick over stream over over the stream compress jumps data stream jumps jumps jumps jumps the quick jumps fox data the dog compr,196.00161915530234,SYNTHETIC_ROBUSTNESS
1901,stream data lazy fox quick jumps quick compress compress data dog compress over jumps over lazy lazy the data quick jumps brown ,196.0372771291632,SYNTHETIC_ROBUSTNESS
1902,dog data data over over compress jumps fox dog over stream brown stream compress compress the jumps brown lazy the the data fox ,196.04587897912288,SYNTHETIC_ROBUSTNESS
1903,jumps dog jumps jumps lazy lazy over compress brown over quick dog data quick over dog lazy the the brown fox over fox fox theaa,196.05948653376532,SYNTHETIC_ROBUSTNESS
1904,stream data stream brown compress dog fox the the stream quick quick brown lazy quick over quick quick stream over stream stream,196.2391212800272,SYNTHETIC_ROBUSTNESS
1905,the over over over dog jumps quick the lazy jumps the compress compress the over the the quick lazy brown fox over brown brown c,196.2520587428361,SYNTHETIC_ROBUSTNESS
1906,stream compress quick data the jumps data the data stream over quick brown lazy fox over compress the brown data dog stream stre,196.29218312895802,SYNTHETIC_ROBUSTNESS
1907,data lazy jumps fox compress compress compress fox the fox fox stream the dog dog data the over fox lazy dog quick compress fox ,196.32610056255947,SYNTHETIC_ROBUSTNESS
1908,brown stream stream brown data data lazy dog stream fox dog over data compress fox dog jumps stream fox dog compress jumps fox f,196.3320606712343,SYNTHETIC_ROBUSTNESS
1909,brown stream data lazy lazy over stream the quick the brown the compress compress compress data data brown data the brown quick ,196.4235696998472,SYNTHETIC_ROBUSTNESS
1910,jumps lazy over compress the data brown lazy jumps fox stream dog brown stream stream over over dog jumps brown stream the strea,196.58390806294906,SYNTHETIC_ROBUSTNESS
1911,quick quick stream lazy over jumps data dog the lazy stream stream stream lazy lazy brown fox jumps data compress data data the ,197.07094915140894,SYNTHETIC_ROBUSTNESS
1912,stream jumps compress stream the stream dog stream data fox stream brown stream fox dog over stream jumps the data dog fox over ,197.3458865163227,SYNTHETIC_ROBUSTNESS
1913,data over the over stream jumps dog stream brown fox the compress compress lazy quick quick dog dog quick jumps dog over over st,197.3509449352956,SYNTHETIC_ROBUSTNESS
1914,fox fox data compress lazy over stream stream quick quick data the quick quick quick quick quick fox the the fox data over fox b,197.38071934765543,SYNTHETIC_ROBUSTNESS
1915,the over over over dog jumps quick the lazy jumps the compress compress the over the the quick lazy brown fox over brown brown c,197.43384229529173,SYNTHETIC_ROBUSTNESS
1916,brown stream data lazy lazy over stream the quick the brown the compress compress compress data data brown data the brown quick ,197.641797928009,SYNTHETIC_ROBUSTNESS
1917,the over fox stream over stream brown the jumps dog over quick the the stream fox quick lazy over quick the the quick lazy strea,197.68643988576656,SYNTHETIC_ROBUSTNESS
1918,data brown brown quick dog lazy the lazy dog dog stream the jumps data dog data data quick fox over lazy data jumps jumps compre,197.7709095573107,SYNTHETIC_ROBUSTNESS
1919,dog fox over brown fox quick compress lazy fox fox fox dog the lazy data stream lazy lazy data data compress data over jumps dog,197.87867088843487,SYNTHETIC_ROBUSTNESS
1920,brown brown fox brown dog lazy jumps dog quick compress data over fox fox jumps compress compress compress the stream stream dat,197.91404719812192,SYNTHETIC_ROBUSTNESS
1921,compress stream stream dog compress data data data dog stream data fox the brown stream the the compress fox quick dog brown dog,198.00126035990684,SYNTHETIC_ROBUSTNESS
1922,dog quick fox quick data jumps dog lazy data fox over lazy data over stream jumps jumps brown quick data brown quick the over do,198.0064829439085,SYNTHETIC_ROBUSTNESS
1923,stream jumps compress stream the stream dog stream data fox stream brown stream fox dog over stream jumps the data dog fox over ,198.07191084379915,SYNTHETIC_ROBUSTNESS
1924,compress data compress data data quick jumps fox stream stream the the jumps lazy data stream over compress data compress over f,198.11947853113784,SYNTHETIC_ROBUSTNESS
1925,the quick brown fox jumps jumps stream brown quick compress jumps quick brown dog lazy jumps data brown jumps quick the the brow,198.1634460876874,SYNTHETIC_ROBUSTNESS
1926,over fox brown compress stream jumps jumps brown data brown over over fox data quick data lazy compress fox lazy data over dog j,198.1902200330928,SYNTHETIC_ROBUSTNESS
1927,fox jumps the stream jumps compress jumps jumps dog lazy compress over over data dog compress dog quick the data quick lazy data,198.3604489746378,SYNTHETIC_ROBUSTNESS
1928,brown brown data quick lazy lazy data dog brown lazy dog brown compress fox the data the dog dog data over data over brown quick,198.57409081099453,SYNTHETIC_ROBUSTNESS
1929,stream jumps compress stream the stream dog stream data fox stream brown stream fox dog over stream jumps the data dog fox over ,198.79313122901047,SYNTHETIC_ROBUSTNESS
1930,lazy fox over data brown data stream brown over quick fox brown data quick dog jumps dog the data the jumps brown lazy dog overa,198.84356705123847,SYNTHETIC_ROBUSTNESS
1931,jumps jumps quick over over lazy fox brown lazy over lazy data stream brown brown the brown compress lazy data over data the ove,198.87356428658876,SYNTHETIC_ROBUSTNESS
1932,quick compress over stream the over the jumps jumps the the brown fox compress data fox brown dog dog stream compress over lazy ,198.88392408164142,SYNTHETIC_ROBUSTNESS
1933,the over data jumps data data compress dog fox over the dog fox dog quick over fox dog data brown the brown data the compressaaa,198.9955226154221,SYNTHETIC_ROBUSTNESS
1934,quick stream data data jumps brown stream jumps stream data lazy brown brown jumps over the compress stream jumps dog lazy lazy ,199.03559541478316,SYNTHETIC_ROBUSTNESS
1935,jumps data brown stream the fox data stream compress stream compress the over quick brown fox data lazy quick data dog lazy quic,199.0679838713903,SYNTHETIC_ROBUSTNESS
1936,compress brown quick data jumps quick fox stream fox lazy fox the fox jumps stream stream compress dog brown lazy lazy jumps qui,199.11441595130657,SYNTHETIC_ROBUSTNESS
1937,stream jumps compress stream the stream dog stream data fox stream brown stream fox dog over stream jumps the data dog fox over ,199.19532197554736,SYNTHETIC_ROBUSTNESS
1938,stream dog dog over quick brown the data compress jumps quick fox compress data compress fox stream dog lazy brown fox lazy over,199.2129867752581,SYNTHETIC_ROBUSTNESS
1939,data fox dog compress lazy brown the quick data stream over lazy quick brown stream quick jumps compress data stream stream lazy,199.53827541635758,SYNTHETIC_ROBUSTNESS
1940,brown dog lazy the compress dog stream the jumps quick fox brown brown jumps over the dog the data quick stream stream lazy dog ,199.67018164888552,SYNTHETIC_ROBUSTNESS
1941,fox dog fox jumps stream brown dog quick over jumps stream fox fox dog jumps quick brown quick data compress stream data lazy ju,199.67497319823818,SYNTHETIC_ROBUSTNESS
1942,over fox jumps lazy jumps brown data lazy fox quick stream fox compress lazy data data stream over lazy jumps jumps lazy lazy th,199.71161510833818,SYNTHETIC_ROBUSTNESS
1943,fox stream fox fox compress brown stream dog brown the data fox the compress quick quick the stream quick the quick quick jumps ,199.71677311948648,SYNTHETIC_ROBUSTNESS
1944,dog quick fox quick data jumps dog lazy data fox over lazy data over stream jumps jumps brown quick data brown quick the over do,199.74284328014954,SYNTHETIC_ROBUSTNESS
1945,dog data data over over compress jumps fox dog over stream brown stream compress compress the jumps brown lazy the the data fox ,199.77661330376674,SYNTHETIC_ROBUSTNESS
1946,quick the data brown the the compress stream brown quick compress data over fox dog compress jumps compress compress over stream,199.90319093615386,SYNTHETIC_ROBUSTNESS
1947,compress the data lazy dog brown lazy fox compress compress quick over quick the brown jumps quick brown quick brown the data fo,200.03003846182705,SYNTHETIC_ROBUSTNESS
1948,brown stream fox stream data data lazy data jumps brown quick the brown brown fox quick dog data lazy compress lazy lazy lazy la,200.0346769252113,SYNTHETIC_ROBUSTNESS
1949,brown dog stream lazy data stream dog dog lazy jumps compress quick over the over quick brown data the the jumps brown the strea,200.12338110521722,SYNTHETIC_ROBUSTNESS
1950,compress the data stream fox quick stream dog data brown stream compress dog lazy fox jumps dog jumps stream brown brown data do,200.44757157986413,SYNTHETIC_ROBUSTNESS
1951,over stream the data over fox over the over compress jumps brown lazy dog dog over dog over stream data compress over stream com,200.54655590097087,SYNTHETIC_ROBUSTNESS
1952,brown fox fox brown lazy jumps brown the brown quick compress jumps compress lazy data dog jumps the jumps data dog the the jump,200.86982124552364,SYNTHETIC_ROBUSTNESS
1953,over dog stream the the brown over dog compress brown compress quick over fox fox brown jumps quick data dog the brown stream da,200.91771504646113,SYNTHETIC_ROBUSTNESS
1954,lazy brown dog fox stream data the fox the dog over dog the the over fox over the the lazy brown lazy jumps dog dogaaaaaaaaaaaaa,200.97929261163563,SYNTHETIC_ROBUSTNESS
1955,fox over fox brown over brown stream stream quick lazy compress compress lazy fox lazy lazy stream fox fox quick fox lazy data t,201.04770868205136,SYNTHETIC_ROBUSTNESS
1956,dog quick fox quick data jumps dog lazy data fox over lazy data over stream jumps jumps brown quick data brown quick the over do,201.3053412879088,SYNTHETIC_ROBUSTNESS
1957,fox jumps stream dog dog data quick the fox lazy stream brown quick quick data lazy lazy data jumps quick lazy over fox jumps ju,201.35319020938556,SYNTHETIC_ROBUSTNESS
1958,lazy quick over over stream jumps over fox dog dog stream jumps dog jumps jumps over data lazy stream fox fox the over quick bro,201.76313642305695,SYNTHETIC_ROBUSTNESS
1959,over the fox over lazy dog compress the dog lazy fox the data fox lazy the quick stream jumps dog fox the brown quick jumpsaaaaa,201.8414711944754,SYNTHETIC_ROBUSTNESS
1960,dog data data over over compress jumps fox dog over stream brown stream compress compress the jumps brown lazy the the data fox ,201.86607668717497,SYNTHETIC_ROBUSTNESS
1961,dog data the the brown compress fox brown dog the fox data dog brown brown data data quick over brown compress lazy the quick da,201.8770233638303,SYNTHETIC_ROBUSTNESS
1962,compress dog quick dog brown dog dog fox stream brown quick fox fox stream data brown brown lazy the lazy jumps quick stream str,201.89600303649334,SYNTHETIC_ROBUSTNESS
1963,data data fox brown stream fox over lazy compress compress the over jumps brown quick stream compress compress over stream over ,201.9000105495635,SYNTHETIC_ROBUSTNESS
1964,compress compress the dog brown stream jumps fox stream dog lazy compress data dog data stream fox brown data fox over quick jum,202.01787688151222,SYNTHETIC_ROBUSTNESS
1965,the jumps over quick dog stream jumps fox lazy stream jumps the over brown data quick fox data quick brown fox lazy dog lazy laz,202.09063090751945,SYNTHETIC_ROBUSTNESS
1966,brown fox jumps lazy stream stream brown data dog jumps fox over compress brown dog jumps dog data jumps over quick fox dog quic,202.22454294061714,SYNTHETIC_ROBUSTNESS
1967,the stream over compress stream fox fox over quick stream the over data compress dog stream data jumps stream lazy the dog dog l,202.37698927388269,SYNTHETIC_ROBUSTNESS
1968,the stream over compress stream fox fox over quick stream the over data compress dog stream data jumps stream lazy the dog dog l,202.6448818524045,SYNTHETIC_ROBUSTNESS
1969,over compress fox data dog compress the dog jumps lazy lazy dog over brown the lazy data stream dog dog quick lazy stream jumps ,202.65732467085277,SYNTHETIC_ROBUSTNESS
1970,compress quick brown fox lazy fox over jumps brown compress over fox stream data brown dog stream stream quick jumps quick compr,202.67791684650786,SYNTHETIC_ROBUSTNESS
1971,data dog stream over fox quick brown compress stream compress fox data stream jumps data quick compress lazy fox quick the fox t,202.757384865454,SYNTHETIC_ROBUSTNESS
1972,data over lazy quick lazy brown fox quick data fox brown dog the data compress quick data data stream brown dog over stream fox ,202.77125641044972,SYNTHETIC_ROBUSTNESS
1973,brown quick data stream over compress over over over lazy data compress fox jumps the jumps dog compress brown over over lazy th,202.78098701739205,SYNTHETIC_ROBUSTNESS
1974,the quick fox fox data brown data data compress data stream data dog brown data quick compress quick brown fox stream stream bro,202.89074957460952,SYNTHETIC_ROBUSTNESS
1975,lazy fox the quick data fox the dog quick jumps compress brown quick lazy jumps the quick quick over the brown data jumps brown ,203.0197431443693,SYNTHETIC_ROBUSTNESS
1976,over the quick lazy the stream stream brown data brown stream stream the fox over over brown jumps fox brown lazy lazy stream fo,203.20514950865993,SYNTHETIC_ROBUSTNESS
1977,data dog dog dog data lazy quick the data quick compress jumps fox the data fox quick jumps the quick data fox fox quick overaaa,203.4525422371425,SYNTHETIC_ROBUSTNESS
1978,quick jumps brown the over fox the the compress compress data the fox dog stream the stream fox jumps over stream data compress ,203.51097141509382,SYNTHETIC_ROBUSTNESS
1979,lazy brown the compress fox fox fox over compress fox lazy data the lazy brown stream jumps the lazy lazy stream fox stream brow,203.9015473723167,SYNTHETIC_ROBUSTNESS
1980,dog fox lazy lazy dog jumps quick the stream fox over over data over the fox stream brown compress quick compress compress brown,203.90540970871797,SYNTHETIC_ROBUSTNESS
1981,compress data lazy data brown jumps stream dog compress stream fox quick stream dog quick over data compress quick dog the over ,204.1095300105722,SYNTHETIC_ROBUSTNESS
1982,jumps fox lazy lazy data lazy compress the fox brown jumps stream compress stream dog lazy quick stream over jumps dog over comp,204.14831353247362,SYNTHETIC_ROBUSTNESS
1983,compress brown stream lazy lazy quick jumps compress lazy stream data brown data jumps data quick quick dog the fox the compress,204.4030528230239,SYNTHETIC_ROBUSTNESS
1984,data fox over compress lazy dog dog quick stream compress the fox dog jumps compress compress stream data brown quick over compr,204.4282334134018,SYNTHETIC_ROBUSTNESS
1985,jumps fox fox the fox quick brown jumps over dog quick jumps brown compress compress fox data dog dog compress brown compress do,204.56332368513995,SYNTHETIC_ROBUSTNESS
1986,lazy the fox compress brown compress jumps dog the the stream data dog compress quick brown compress brown the dog brown compres,204.61874167983797,SYNTHETIC_ROBUSTNESS
1987,stream data the the jumps the compress lazy compress over lazy dog the over dog lazy over brown dog data quick brown data dog br,204.66678180399757,SYNTHETIC_ROBUSTNESS
1988,jumps fox lazy dog fox the the brown lazy lazy lazy brown dog stream compress jumps the data fox lazy the over brown dog dataaaa,204.67290760293187,SYNTHETIC_ROBUSTNESS
1989,jumps stream over dog dog fox lazy stream lazy fox compress compress data the dog jumps the stream over fox lazy dog fox over qu,204.79529513367675,SYNTHETIC_ROBUSTNESS
1990,dog quick fox quick data jumps dog lazy data fox over lazy data over stream jumps jumps brown quick data brown quick the over do,204.81457509090953,SYNTHETIC_ROBUSTNESS
1991,quick brown brown the stream lazy jumps jumps lazy fox compress fox over compress jumps lazy over brown jumps fox dog lazy strea,204.87674953714722,SYNTHETIC_ROBUSTNESS
1992,brown quick the quick jumps jumps dog lazy data jumps brown stream quick the brown stream over over fox dog compress dog jumps o,204.89198404821852,SYNTHETIC_ROBUSTNESS
1993,brown data jumps fox dog data compress stream lazy dog over data quick the data data over over jumps compress stream quick compr,204.9847388889899,SYNTHETIC_ROBUSTNESS
1994,compress jumps jumps lazy brown stream fox fox stream fox the fox over stream compress data the stream over compress over stream,205.011013283157,SYNTHETIC_ROBUSTNESS
1995,stream compress dog dog quick stream dog brown over the dog compress lazy the jumps the data jumps dog jumps fox stream dog data,205.10125121051345,SYNTHETIC_ROBUSTNESS
1996,over fox stream quick stream quick over data fox brown the lazy jumps lazy stream brown brown jumps compress quick compress stre,205.3942752194607,SYNTHETIC_ROBUSTNESS
1997,brown stream data lazy lazy over stream the quick the brown the compress compress compress data data brown data the brown quick ,205.6480028512183,SYNTHETIC_ROBUSTNESS
1998,dog stream brown over stream lazy quick fox lazy over over over lazy the over fox over brown the stream brown dog jumps jumps ju,205.6703752680909,SYNTHETIC_ROBUSTNESS
1999,lazy fox dog over compress stream the the the over the quick jumps brown over dog compress the compress the dog brown brown data,205.6808208727345,SYNTHETIC_ROBUSTNESS
