msg_id,text,timestamp,source_type
0,compress over over brown dog dog brown lazy quick lazy data dog jumps fox compress quick stream the compress over compress over ,0.2658738858290154,SYNTHETIC_ROBUSTNESS
1,dog lazy jumps brown brown dog lazy quick fox fox data jumps quick lazy over fox data compress data brown over stream lazy jumps,0.5435291094083349,SYNTHETIC_ROBUSTNESS
2,dog jumps fox dog dog lazy compress dog fox fox brown lazy data brown the the stream data fox dog over quick compress dog dataaa,0.6252116741212845,SYNTHETIC_ROBUSTNESS
3,data dog data lazy data over lazy data jumps lazy fox brown data jumps lazy data fox data data the the jumps dog the compressaaa,0.7340686305418883,SYNTHETIC_ROBUSTNESS
4,stream stream quick the brown over the fox over over dog the data the jumps quick lazy stream the quick dog over lazy jumps over,0.7770195766182055,SYNTHETIC_ROBUSTNESS
5,the the quick brown fox dog over jumps quick quick dog quick brown over stream data over jumps the over fox stream over fox stre,0.8704545406357604,SYNTHETIC_ROBUSTNESS
6,brown brown fox brown over brown quick over stream over lazy the stream the brown jumps brown fox stream lazy quick dog data qui,0.9065153888597287,SYNTHETIC_ROBUSTNESS
7,brown compress quick quick fox lazy data compress over quick compress brown compress fox compress over stream jumps brown jumps ,1.0435686546002938,SYNTHETIC_ROBUSTNESS
8,jumps brown data lazy fox over over jumps jumps compress over fox the dog data data fox lazy compress lazy jumps quick jumps the,1.080271507025672,SYNTHETIC_ROBUSTNESS
9,data fox quick fox fox stream quick data stream quick fox dog the the the dog compress dog brown dog lazy brown lazy over theaaa,1.291807986028153,SYNTHETIC_ROBUSTNESS
10,dog fox over quick dog the the brown jumps stream data fox fox lazy quick over over jumps lazy dog the lazy quick lazy overaaaaa,1.3072962011719786,SYNTHETIC_ROBUSTNESS
11,jumps stream stream compress fox fox compress brown jumps stream fox lazy data fox compress jumps quick stream data the stream d,1.3921138893012417,SYNTHETIC_ROBUSTNESS
12,quick dog fox brown over fox stream lazy lazy over jumps quick jumps jumps jumps stream brown the stream the fox compress lazy f,1.4656516343152755,SYNTHETIC_ROBUSTNESS
13,data lazy lazy compress fox dog stream dog jumps dog brown compress data lazy data over dog quick over the quick jumps fox fox b,1.4962657710751714,SYNTHETIC_ROBUSTNESS
14,quick jumps jumps dog brown dog fox fox data dog jumps data compress lazy compress compress quick stream data dog brown jumps do,1.4991059355210825,SYNTHETIC_ROBUSTNESS
15,the lazy data stream compress jumps jumps lazy over data stream over brown jumps data the jumps stream stream brown jumps jumps ,1.515185469611405,SYNTHETIC_ROBUSTNESS
16,data over jumps brown the dog brown lazy quick the stream the lazy dog lazy fox stream the fox stream lazy fox quick dog foxaaaa,1.8592349190141195,SYNTHETIC_ROBUSTNESS
17,the quick brown stream compress stream brown the the compress quick quick data dog jumps over jumps jumps compress over compress,2.1427741877110273,SYNTHETIC_ROBUSTNESS
18,compress fox stream quick data dog dog jumps dog quick lazy jumps the jumps brown data dog lazy dog over fox compress data data ,2.155478093150644,SYNTHETIC_ROBUSTNESS
19,over data brown compress lazy lazy dog compress compress stream lazy lazy compress brown data data data stream dog quick fox com,2.202456090395616,SYNTHETIC_ROBUSTNESS
20,jumps stream lazy stream compress jumps over over dog quick jumps brown lazy over over over quick brown lazy lazy fox fox the st,2.2650286135325484,SYNTHETIC_ROBUSTNESS
21,jumps brown the stream quick lazy stream the the fox quick the jumps compress data brown jumps compress the compress over jumps ,2.330051163436723,SYNTHETIC_ROBUSTNESS
22,over the fox quick lazy lazy data jumps fox data data over dog fox stream over data brown dog lazy quick compress jumps compress,2.365550202719572,SYNTHETIC_ROBUSTNESS
23,stream jumps fox compress compress dog lazy jumps fox brown stream stream fox fox data brown over fox stream stream fox lazy the,2.609680718121763,SYNTHETIC_ROBUSTNESS
24,brown fox lazy quick brown brown brown quick dog jumps quick brown lazy jumps dog jumps dog quick jumps brown lazy jumps fox dat,2.8488120766236715,SYNTHETIC_ROBUSTNESS
25,dog fox fox quick quick jumps the compress jumps dog lazy stream fox quick fox the compress quick fox jumps data dog data lazy d,2.8507230622500614,SYNTHETIC_ROBUSTNESS
26,lazy the fox dog quick jumps brown quick compress over dog dog fox stream quick over dog over brown fox over quick brown data st,2.95570566770568,SYNTHETIC_ROBUSTNESS
27,data jumps over quick fox data data quick fox dog over over jumps the brown lazy jumps fox quick over quick quick the the theaaa,2.9634329167832485,SYNTHETIC_ROBUSTNESS
28,fox jumps jumps stream fox quick data the quick brown over lazy lazy brown quick stream lazy lazy data fox the dog the lazy doga,3.054438354160337,SYNTHETIC_ROBUSTNESS
29,dog stream stream data lazy lazy stream the stream lazy jumps compress quick jumps dog dog fox over jumps data over brown dog br,3.2560984726223907,SYNTHETIC_ROBUSTNESS
30,compress data dog quick brown over quick jumps jumps dog quick lazy lazy over over stream fox over compress data the fox the com,3.36094676039812,SYNTHETIC_ROBUSTNESS
31,quick data quick stream fox lazy lazy lazy the over dog compress lazy brown over fox fox jumps dog compress compress stream jump,3.4242324552638572,SYNTHETIC_ROBUSTNESS
32,the lazy the over dog lazy quick brown jumps stream over brown dog stream brown lazy lazy jumps stream lazy fox jumps dog stream,3.7409930651222303,SYNTHETIC_ROBUSTNESS
33,stream fox lazy data quick quick dog compress fox stream lazy the lazy brown quick quick quick lazy quick data the jumps over ju,3.8782711070452764,SYNTHETIC_ROBUSTNESS
34,compress quick quick over jumps quick brown over brown jumps fox dog jumps quick lazy quick compress jumps stream jumps stream j,3.906947273028463,SYNTHETIC_ROBUSTNESS
35,compress over stream the over brown dog the stream dog quick brown stream data jumps dog compress data dog quick the fox data qu,3.955876014396568,SYNTHETIC_ROBUSTNESS
36,dog lazy quick fox jumps the fox over over quick dog jumps dog jumps data compress data over brown data stream brown quick compr,4.098535719296871,SYNTHETIC_ROBUSTNESS
37,quick dog dog data data brown quick stream fox dog data jumps over dog dog data data the brown stream compress quick brown over ,4.100486039817453,SYNTHETIC_ROBUSTNESS
38,quick over quick compress brown dog the lazy over quick brown lazy over data stream over data jumps stream over compress lazy da,4.107096099476845,SYNTHETIC_ROBUSTNESS
39,brown quick fox lazy lazy compress quick fox the fox over stream fox fox the quick over stream over brown the lazy quick brown b,4.303296216187407,SYNTHETIC_ROBUSTNESS
40,over dog stream brown quick brown stream quick quick over lazy compress data dog over data lazy quick brown stream compress data,4.307685761383158,SYNTHETIC_ROBUSTNESS
41,quick stream fox quick brown data compress stream lazy data dog jumps over over over lazy lazy over over dog fox lazy jumps fox ,4.421165840200418,SYNTHETIC_ROBUSTNESS
42,compress stream dog lazy fox over over stream brown stream jumps the lazy brown quick the compress quick stream dog quick over c,4.4595713289005205,SYNTHETIC_ROBUSTNESS
43,over brown the brown the the compress data dog dog lazy the over brown stream dog compress the quick dog compress lazy lazy quic,4.63437911505165,SYNTHETIC_ROBUSTNESS
44,over dog compress stream over fox fox stream dog dog dog quick brown the over stream fox lazy the data compress stream jumps jum,4.822337293620265,SYNTHETIC_ROBUSTNESS
45,jumps stream jumps the data stream compress quick the brown lazy quick quick compress fox brown brown jumps lazy over fox brown ,5.128822183350906,SYNTHETIC_ROBUSTNESS
46,compress fox lazy data stream fox the lazy stream stream dog lazy stream quick stream quick over the fox brown stream brown dog ,5.13886495941621,SYNTHETIC_ROBUSTNESS
47,jumps brown data compress brown lazy brown compress dog fox compress data quick compress fox dog dog fox quick fox stream data f,5.193829749313252,SYNTHETIC_ROBUSTNESS
48,brown dog compress dog brown lazy dog the stream jumps compress lazy compress jumps stream data stream over stream over dog lazy,5.279151622389196,SYNTHETIC_ROBUSTNESS
49,fox over fox over stream jumps over brown fox lazy data dog fox over brown the brown dog stream over lazy lazy brown stream quic,5.526913207136618,SYNTHETIC_ROBUSTNESS
50,over dog compress stream brown the fox the jumps lazy compress fox brown quick stream jumps over lazy over brown jumps dog fox c,5.557907903779528,SYNTHETIC_ROBUSTNESS
51,brown lazy dog stream data jumps quick the fox fox jumps data over data lazy quick over lazy jumps over dog data over lazy dataa,5.56534012536806,SYNTHETIC_ROBUSTNESS
52,fox over brown brown stream compress fox over over over dog jumps the brown dog quick brown dog fox the lazy jumps quick stream ,5.587875301704404,SYNTHETIC_ROBUSTNESS
53,over lazy jumps brown compress the jumps dog over fox the fox jumps dog brown brown lazy dog compress stream fox compress stream,5.656309571854314,SYNTHETIC_ROBUSTNESS
54,brown the jumps data data fox compress data the brown jumps quick dog jumps quick stream compress quick the stream stream stream,5.770581978927458,SYNTHETIC_ROBUSTNESS
55,dog stream data dog jumps the data stream dog compress compress quick lazy the the stream stream over fox brown brown data strea,5.8879179400215325,SYNTHETIC_ROBUSTNESS
56,brown stream the compress stream over fox compress the the jumps fox dog dog stream compress lazy compress over stream stream br,5.895677701558371,SYNTHETIC_ROBUSTNESS
57,brown over dog over stream over jumps lazy the lazy compress data the over compress data dog stream jumps jumps compress quick c,6.038978680578726,SYNTHETIC_ROBUSTNESS
58,brown jumps jumps the lazy quick over quick jumps jumps jumps jumps lazy fox data lazy the quick brown fox data stream fox the o,6.146930084228909,SYNTHETIC_ROBUSTNESS
59,fox compress over quick brown stream jumps quick the stream lazy data over compress stream quick fox data lazy stream jumps data,6.19927781407301,SYNTHETIC_ROBUSTNESS
60,fox the lazy the jumps dog data data lazy compress quick lazy compress brown lazy fox stream fox compress over quick over the co,6.283927761290094,SYNTHETIC_ROBUSTNESS
61,stream quick quick data brown data jumps compress the the stream compress the lazy data data the quick the lazy the over stream ,6.429917737958412,SYNTHETIC_ROBUSTNESS
62,fox the the compress data lazy quick data stream quick lazy fox data over compress over compress the data dog compress the compr,6.460311451666112,SYNTHETIC_ROBUSTNESS
63,brown stream stream jumps brown quick fox brown compress the the brown dog lazy lazy brown dog the lazy lazy lazy fox brown the ,6.7417083779447555,SYNTHETIC_ROBUSTNESS
64,the the dog quick over the over quick over quick data jumps the quick data data dog over stream over fox over lazy the jumpsaaaa,6.756531422427207,SYNTHETIC_ROBUSTNESS
65,dog the quick lazy jumps jumps compress lazy data fox stream data data over the data fox the over fox dog fox fox over brownaaaa,6.989037820192276,SYNTHETIC_ROBUSTNESS
66,data the compress compress stream stream jumps compress dog stream brown lazy fox data fox the data over compress over quick bro,7.124075713757434,SYNTHETIC_ROBUSTNESS
67,the compress jumps brown stream dog compress dog quick brown stream brown over fox stream over over lazy stream stream over dog ,7.232109331444664,SYNTHETIC_ROBUSTNESS
68,compress jumps fox data data over fox lazy lazy the lazy jumps stream the lazy lazy the fox brown quick the over quick stream ov,7.240764079606183,SYNTHETIC_ROBUSTNESS
69,fox fox dog stream over compress dog quick compress quick lazy quick fox compress lazy jumps stream dog brown over the lazy comp,7.492100380539301,SYNTHETIC_ROBUSTNESS
70,lazy data data fox over over over quick data data compress quick quick brown dog stream the lazy data dog quick jumps over data ,7.527102997370869,SYNTHETIC_ROBUSTNESS
71,dog stream lazy over quick data fox quick stream fox over dog data over data stream lazy compress stream the brown over jumps ov,7.663992540316281,SYNTHETIC_ROBUSTNESS
72,data jumps the quick compress over data brown data fox quick fox quick the compress lazy quick compress fox over dog stream comp,7.880102319689206,SYNTHETIC_ROBUSTNESS
73,data stream fox dog quick fox data fox stream jumps fox brown lazy compress compress over brown jumps compress compress jumps th,7.9081112161294,SYNTHETIC_ROBUSTNESS
74,compress compress the brown data quick data jumps the compress lazy lazy lazy data stream quick dog data brown dog compress data,8.154153036625127,SYNTHETIC_ROBUSTNESS
75,compress brown compress jumps quick the lazy jumps lazy data data quick fox data dog jumps brown jumps dog brown data quick quic,8.248812992669603,SYNTHETIC_ROBUSTNESS
76,data dog brown compress jumps quick stream fox lazy over data quick quick brown data brown the lazy stream lazy the compress dat,8.356409593595682,SYNTHETIC_ROBUSTNESS
77,fox over jumps compress quick fox the dog lazy stream the quick data over quick brown the data over lazy fox quick the over foxa,8.602348556900212,SYNTHETIC_ROBUSTNESS
78,jumps lazy jumps stream dog stream lazy over fox over compress the compress brown quick over jumps compress jumps over quick str,8.677158519776404,SYNTHETIC_ROBUSTNESS
79,compress dog jumps compress dog the compress quick jumps brown brown the lazy jumps fox stream the stream quick quick brown dog ,8.735256071499379,SYNTHETIC_ROBUSTNESS
80,dog dog dog brown quick stream over quick over jumps compress fox the quick the dog quick compress lazy the fox data quick dog j,8.83555858646929,SYNTHETIC_ROBUSTNESS
81,data quick lazy jumps quick data stream stream compress data stream stream fox quick over lazy quick the the lazy lazy the brown,8.916307492187592,SYNTHETIC_ROBUSTNESS
82,the over dog the data the jumps dog stream brown dog stream data jumps fox fox jumps lazy data lazy lazy the dog stream dataaaaa,8.92265214660479,SYNTHETIC_ROBUSTNESS
83,lazy quick stream stream fox jumps brown brown compress lazy the over over fox brown lazy jumps fox brown dog compress dog dog j,8.94255726421117,SYNTHETIC_ROBUSTNESS
84,over jumps fox stream stream quick stream compress data over stream the compress the lazy lazy brown compress stream compress br,8.943923198657194,SYNTHETIC_ROBUSTNESS
85,brown lazy the quick over quick jumps over lazy jumps fox lazy data compress the lazy lazy jumps quick compress data jumps compr,8.955370370513048,SYNTHETIC_ROBUSTNESS
86,fox quick lazy dog fox compress brown brown over dog fox jumps fox quick fox compress jumps compress quick quick data quick stre,9.086248036443997,SYNTHETIC_ROBUSTNESS
87,the over fox compress dog jumps jumps jumps fox jumps lazy over lazy dog data compress over quick the dog quick the data compres,9.086720265874654,SYNTHETIC_ROBUSTNESS
88,brown the lazy data over quick jumps stream fox stream fox quick lazy the lazy compress dog fox quick data compress brown brown ,9.123019108312322,SYNTHETIC_ROBUSTNESS
89,fox stream compress data brown brown over brown brown brown jumps lazy compress jumps lazy brown dog stream brown data quick bro,9.182679503417646,SYNTHETIC_ROBUSTNESS
90,quick jumps data compress over quick the compress over brown over quick lazy fox jumps over data jumps stream over dog lazy fox ,9.460439226365562,SYNTHETIC_ROBUSTNESS
91,compress the the lazy data stream compress over dog brown lazy brown brown jumps fox quick the fox brown the over brown brown do,9.500041264066986,SYNTHETIC_ROBUSTNESS
92,over brown lazy brown jumps lazy stream fox the stream compress compress the dog data over dog lazy lazy compress fox fox data c,9.652887334271401,SYNTHETIC_ROBUSTNESS
93,quick stream jumps stream jumps fox stream over fox quick brown dog over data quick jumps fox stream over jumps compress stream ,9.705441603243184,SYNTHETIC_ROBUSTNESS
94,fox over jumps stream over jumps data fox lazy compress lazy quick the jumps the data compress brown brown over stream dog lazy ,9.715810170706526,SYNTHETIC_ROBUSTNESS
95,compress the stream the data data over fox jumps compress brown lazy stream the quick data fox dog data jumps quick lazy over la,9.726217832282755,SYNTHETIC_ROBUSTNESS
96,jumps dog dog dog data lazy data compress lazy data quick data the over dog dog dog quick quick the fox over dog quick jumpsaaaa,9.782857624248244,SYNTHETIC_ROBUSTNESS
97,over quick the dog brown over over the lazy over stream compress over brown dog over over over the over dog jumps fox fox compre,9.788820219037566,SYNTHETIC_ROBUSTNESS
98,the jumps over fox data data compress the stream lazy lazy stream fox quick jumps lazy fox dog compress jumps fox fox data fox j,9.873594504603494,SYNTHETIC_ROBUSTNESS
99,jumps jumps the dog fox data over data over fox stream fox lazy fox quick data over brown stream brown brown compress over data ,9.941647167261007,SYNTHETIC_ROBUSTNESS
100,lazy fox jumps stream stream fox over jumps stream stream brown stream jumps stream dog lazy lazy quick lazy brown data quick ov,10.062893100484878,SYNTHETIC_ROBUSTNESS
101,data lazy fox compress stream quick data lazy lazy compress the data lazy quick quick dog jumps fox jumps stream dog over data o,10.08342610742999,SYNTHETIC_ROBUSTNESS
102,brown over dog stream quick over the stream over dog the data lazy lazy the dog stream jumps fox lazy stream stream compress bro,10.173302935917805,SYNTHETIC_ROBUSTNESS
103,compress jumps data compress data data data jumps quick quick compress fox quick over lazy lazy jumps data dog lazy data compres,10.192482260272422,SYNTHETIC_ROBUSTNESS
104,jumps fox dog brown stream brown over fox jumps data the jumps quick the data quick jumps stream brown jumps stream brown the br,10.320579781754352,SYNTHETIC_ROBUSTNESS
105,lazy stream dog over stream stream compress dog compress data stream fox brown stream fox the stream jumps compress over data qu,10.357275206763072,SYNTHETIC_ROBUSTNESS
106,brown dog dog dog stream quick over quick compress stream lazy dog stream quick brown over the quick dog brown lazy stream dog b,10.452574880420705,SYNTHETIC_ROBUSTNESS
107,over lazy lazy brown over stream stream quick over fox fox brown data lazy stream brown dog data lazy jumps fox brown the data d,10.666857548501799,SYNTHETIC_ROBUSTNESS
108,data brown the the the compress lazy jumps dog dog dog fox quick fox data over compress quick compress dog lazy quick stream the,10.733846352124242,SYNTHETIC_ROBUSTNESS
109,over the stream compress stream fox brown jumps the the the lazy data the over lazy brown dog brown stream jumps over jumps quic,10.755201832925804,SYNTHETIC_ROBUSTNESS
110,the fox jumps lazy quick lazy over brown dog fox lazy quick over the dog over over lazy quick data brown dog lazy data dogaaaaaa,10.9724653819635,SYNTHETIC_ROBUSTNESS
111,quick lazy dog stream data quick stream compress the dog brown lazy dog the stream jumps data lazy the lazy compress compress co,11.016872392884741,SYNTHETIC_ROBUSTNESS
112,brown brown fox over the data compress jumps over dog jumps the jumps stream stream brown fox over the the dog compress the brow,11.147899426305154,SYNTHETIC_ROBUSTNESS
113,quick stream over dog quick brown data lazy data stream the quick data brown stream data stream stream dog fox lazy lazy lazy co,11.186479745748263,SYNTHETIC_ROBUSTNESS
114,compress fox stream lazy stream lazy over dog stream fox fox stream the quick jumps fox jumps compress the stream stream brown d,11.221892627790497,SYNTHETIC_ROBUSTNESS
115,compress fox the over dog brown stream jumps lazy jumps compress the data data brown fox fox fox fox brown quick quick data stre,11.324622751023266,SYNTHETIC_ROBUSTNESS
116,the brown lazy fox over brown lazy the data stream brown compress dog jumps lazy jumps compress fox over jumps brown lazy stream,11.341619936177496,SYNTHETIC_ROBUSTNESS
117,stream stream data dog lazy brown compress lazy fox the data jumps brown over over jumps fox the quick lazy fox dog lazy fox jum,11.543340907204094,SYNTHETIC_ROBUSTNESS
118,stream quick lazy fox fox data quick quick brown compress jumps fox quick fox over brown stream dog compress brown jumps quick o,11.592381785623958,SYNTHETIC_ROBUSTNESS
119,fox over dog dog the lazy data lazy stream quick brown quick compress the brown lazy lazy data brown data dog quick the fox jump,11.594328352500053,SYNTHETIC_ROBUSTNESS
120,stream fox jumps stream over data stream stream quick compress fox dog fox fox data quick stream dog dog the quick jumps fox ove,11.630775517528832,SYNTHETIC_ROBUSTNESS
121,data jumps the data brown data quick lazy stream stream brown over over fox stream fox dog compress the lazy data dog fox quick ,11.78447158086382,SYNTHETIC_ROBUSTNESS
122,data over quick compress jumps compress brown fox quick stream dog compress the fox brown data compress jumps jumps data compres,11.980625951474321,SYNTHETIC_ROBUSTNESS
123,compress jumps stream dog jumps jumps dog compress jumps stream over fox brown fox the the quick brown stream the quick stream d,12.064531210718295,SYNTHETIC_ROBUSTNESS
124,lazy jumps data lazy fox stream stream the fox compress fox jumps jumps dog lazy jumps jumps data lazy stream over fox compress ,12.099360700208106,SYNTHETIC_ROBUSTNESS
125,lazy compress data compress data stream dog fox quick over lazy lazy compress fox stream dog over dog brown compress dog lazy th,12.174407424089166,SYNTHETIC_ROBUSTNESS
126,data compress the the compress dog lazy data over lazy fox stream stream data dog jumps brown data quick over jumps stream strea,12.355425412074359,SYNTHETIC_ROBUSTNESS
127,quick brown compress over fox dog lazy fox data the lazy lazy lazy lazy the stream the quick data compress data compress jumps s,12.39341067902529,SYNTHETIC_ROBUSTNESS
128,fox quick stream dog stream dog compress the lazy lazy compress jumps quick brown the compress brown quick fox over fox jumps st,12.442095058014422,SYNTHETIC_ROBUSTNESS
129,compress stream stream compress fox stream stream quick compress the compress lazy jumps quick stream over quick fox lazy lazy q,12.519681466232758,SYNTHETIC_ROBUSTNESS
130,stream over brown compress lazy fox data quick brown fox dog jumps dog data brown dog over lazy over data fox compress quick dat,12.737840584157293,SYNTHETIC_ROBUSTNESS
131,data over fox data quick quick fox compress data lazy quick the data stream compress lazy stream jumps jumps dog compress dog st,12.825103605255283,SYNTHETIC_ROBUSTNESS
132,lazy data data the compress lazy data lazy compress data brown stream stream stream lazy dog brown fox stream data jumps lazy th,12.848374414282311,SYNTHETIC_ROBUSTNESS
133,lazy brown lazy brown brown fox brown lazy data jumps lazy stream quick data quick quick data compress the over over lazy lazy c,12.857707073302228,SYNTHETIC_ROBUSTNESS
134,compress jumps lazy quick fox over data fox lazy jumps dog jumps over lazy dog the the stream quick data over lazy the brown ove,12.867690649044315,SYNTHETIC_ROBUSTNESS
135,brown fox brown data over data jumps the quick quick dog jumps compress dog brown stream quick lazy lazy data brown data the the,13.16776427387548,SYNTHETIC_ROBUSTNESS
136,the the lazy compress compress brown data jumps dog over data compress stream fox quick lazy the fox lazy quick brown compress o,13.340593443351745,SYNTHETIC_ROBUSTNESS
137,fox dog jumps the brown quick brown jumps data stream dog fox fox compress the compress brown quick the stream lazy jumps brown ,13.485774780750237,SYNTHETIC_ROBUSTNESS
138,dog lazy fox brown brown quick data stream brown the stream compress data data data over lazy dog the lazy data lazy over stream,13.554365045154158,SYNTHETIC_ROBUSTNESS
139,lazy dog fox the compress the the over lazy brown the over compress dog data lazy jumps lazy brown stream lazy the lazy lazy fox,13.666003865155226,SYNTHETIC_ROBUSTNESS
140,stream over over the lazy brown quick jumps dog data over jumps data over brown stream compress stream quick quick lazy over com,13.679623680200812,SYNTHETIC_ROBUSTNESS
141,jumps over jumps stream dog over the data fox lazy brown over dog stream the compress data dog lazy data over jumps data data th,13.776618075723915,SYNTHETIC_ROBUSTNESS
142,the stream the over brown dog stream stream jumps lazy over dog jumps stream dog jumps fox the dog compress brown data brown the,13.94310295485241,SYNTHETIC_ROBUSTNESS
143,jumps brown lazy quick quick lazy lazy brown brown stream over brown lazy lazy data over compress data data jumps lazy brown bro,13.949518280013951,SYNTHETIC_ROBUSTNESS
144,compress the lazy over quick compress the quick compress fox compress brown brown data data stream lazy data compress jumps quic,13.984637341384683,SYNTHETIC_ROBUSTNESS
145,compress lazy data lazy jumps lazy jumps compress data dog brown over jumps lazy stream jumps the jumps the stream lazy stream d,13.9963220395272,SYNTHETIC_ROBUSTNESS
146,quick stream lazy brown fox fox lazy the data lazy compress jumps dog compress data fox compress stream fox jumps fox data brown,14.026463234062774,SYNTHETIC_ROBUSTNESS
147,dog lazy quick dog over compress the jumps brown compress stream over fox dog compress data dog compress brown brown the compres,14.17453423181558,SYNTHETIC_ROBUSTNESS
148,compress fox fox lazy over stream quick dog quick stream compress fox dog jumps the fox quick fox data the lazy compress brown o,14.214888302853756,SYNTHETIC_ROBUSTNESS
149,lazy lazy lazy dog lazy stream lazy compress brown dog dog data quick quick the lazy quick quick brown compress fox stream dog t,14.331904668420691,SYNTHETIC_ROBUSTNESS
150,quick stream compress fox brown the fox the quick the over jumps the the data fox quick quick jumps quick stream jumps over quic,14.480318552591788,SYNTHETIC_ROBUSTNESS
151,dog fox data lazy the compress compress fox dog stream dog the jumps brown stream dog fox quick lazy quick compress data compres,14.64994822306507,SYNTHETIC_ROBUSTNESS
152,dog the data quick jumps over stream fox brown quick data dog over dog stream over jumps quick lazy brown compress dog stream da,14.856601104881427,SYNTHETIC_ROBUSTNESS
153,dog compress brown quick the quick the lazy stream fox jumps stream data compress lazy data data jumps stream quick quick compre,14.94764087090431,SYNTHETIC_ROBUSTNESS
154,lazy brown fox quick dog jumps stream quick compress data the lazy over brown the lazy data stream brown stream lazy brown quick,14.980580182665861,SYNTHETIC_ROBUSTNESS
155,compress lazy quick stream quick dog the compress compress fox stream jumps fox fox dog quick quick the compress quick over data,14.996897806855719,SYNTHETIC_ROBUSTNESS
156,compress jumps compress compress lazy data dog quick the stream over dog over brown quick stream stream the jumps lazy brown str,15.066957020256174,SYNTHETIC_ROBUSTNESS
157,dog brown data jumps quick stream quick fox quick stream fox brown jumps jumps stream lazy data fox stream stream dog quick quic,15.077889102934098,SYNTHETIC_ROBUSTNESS
158,over lazy jumps dog fox quick stream lazy compress stream brown compress data lazy brown stream jumps brown quick compress quick,15.319491337813064,SYNTHETIC_ROBUSTNESS
159,dog data the stream jumps lazy quick fox lazy data quick stream fox over the over compress data compress jumps data dog lazy laz,15.377917070677084,SYNTHETIC_ROBUSTNESS
160,brown the lazy the over quick lazy over over fox over data stream lazy data data over brown quick over the compress brown over d,15.584261407016136,SYNTHETIC_ROBUSTNESS
161,quick compress fox fox compress stream compress dog stream quick fox lazy over fox quick dog quick fox the compress dog data bro,15.70779756673011,SYNTHETIC_ROBUSTNESS
162,jumps over lazy over jumps data jumps dog data quick fox dog lazy fox quick lazy over over dog jumps stream compress quick compr,15.90244088929601,SYNTHETIC_ROBUSTNESS
163,fox data lazy data quick lazy compress dog fox over jumps dog data lazy stream compress jumps over over jumps lazy data quick co,16.11782127465592,SYNTHETIC_ROBUSTNESS
164,fox dog data jumps compress compress compress the dog quick brown jumps stream quick stream dog jumps jumps quick brown fox brow,16.123297890479765,SYNTHETIC_ROBUSTNESS
165,lazy the compress lazy data lazy jumps quick fox quick quick the lazy stream dog data stream quick fox the jumps brown over over,16.252490115444964,SYNTHETIC_ROBUSTNESS
166,stream dog stream stream the brown lazy stream compress brown data compress over over brown lazy brown the over compress jumps f,16.27817924284321,SYNTHETIC_ROBUSTNESS
167,fox compress fox data dog compress over data data quick the brown jumps data fox quick the dog stream lazy over lazy data quick ,16.731901481260476,SYNTHETIC_ROBUSTNESS
168,fox brown data quick quick lazy compress over over fox over data jumps dog fox over the fox the jumps data data over data theaaa,16.88259095579499,SYNTHETIC_ROBUSTNESS
169,the over lazy lazy lazy fox lazy over lazy fox jumps quick brown data compress quick compress compress stream compress lazy the ,16.882968166621648,SYNTHETIC_ROBUSTNESS
170,fox dog data quick over the quick brown quick the jumps over lazy data the jumps stream quick jumps dog compress data compress o,17.145269686685545,SYNTHETIC_ROBUSTNESS
171,brown lazy the the data over brown the dog fox over stream brown lazy quick brown over the compress lazy dog stream lazy the ove,17.179844021076686,SYNTHETIC_ROBUSTNESS
172,dog lazy dog quick fox the dog jumps quick brown lazy data jumps fox stream dog over dog dog the over lazy brown lazy jumpsaaaaa,17.233741431112723,SYNTHETIC_ROBUSTNESS
173,fox lazy jumps brown the stream lazy data quick the jumps brown data over stream data dog compress dog over quick over brown ove,17.32849005496524,SYNTHETIC_ROBUSTNESS
174,dog fox jumps lazy jumps quick quick dog brown quick quick data dog the the brown lazy jumps jumps dog quick over over dog jumps,17.57655338716562,SYNTHETIC_ROBUSTNESS
175,compress over compress dog compress fox data data lazy stream lazy lazy data jumps quick dog fox over over the brown the the laz,17.838731404024003,SYNTHETIC_ROBUSTNESS
176,jumps stream jumps quick compress jumps lazy fox lazy data data stream over stream brown brown lazy jumps jumps lazy data stream,17.92162162558418,SYNTHETIC_ROBUSTNESS
177,stream dog the over data quick over compress jumps the fox data dog fox jumps dog brown dog brown data data lazy jumps lazy comp,17.95970733829575,SYNTHETIC_ROBUSTNESS
178,fox dog compress brown quick compress the dog jumps data the the stream fox jumps brown quick compress quick data over jumps dat,17.992445300139437,SYNTHETIC_ROBUSTNESS
179,jumps quick data data jumps lazy data data fox jumps over lazy data dog brown brown stream the compress brown compress stream st,18.037763428118453,SYNTHETIC_ROBUSTNESS
180,compress dog data dog quick over jumps lazy jumps dog fox brown fox stream quick over over stream jumps data fox lazy dog quick ,18.057671185954625,SYNTHETIC_ROBUSTNESS
181,the stream stream fox stream brown jumps dog lazy brown data brown dog brown fox fox fox fox brown brown brown lazy lazy fox the,18.168486860695467,SYNTHETIC_ROBUSTNESS
182,data lazy data jumps quick fox jumps quick quick dog the compress compress stream quick the stream brown dog compress dog brown ,18.243522560523022,SYNTHETIC_ROBUSTNESS
183,the jumps compress jumps the lazy lazy over over stream data quick data over jumps jumps dog jumps quick lazy brown jumps data j,18.392008010273397,SYNTHETIC_ROBUSTNESS
184,stream stream brown stream jumps jumps dog the jumps dog lazy dog compress the dog fox dog fox data quick compress quick fox jum,18.40189189495457,SYNTHETIC_ROBUSTNESS
185,lazy dog over over quick compress fox over stream dog quick jumps brown lazy compress jumps jumps compress the dog lazy quick ov,18.45295876261955,SYNTHETIC_ROBUSTNESS
186,the jumps stream quick compress quick compress fox lazy dog over data brown lazy compress brown over brown brown dog stream over,18.48038440515962,SYNTHETIC_ROBUSTNESS
187,dog brown dog brown fox the quick over fox stream quick data quick fox jumps jumps over fox fox fox lazy quick data dog quickaaa,18.55699624487585,SYNTHETIC_ROBUSTNESS
188,dog fox the brown brown lazy brown quick over over fox brown data dog lazy quick dog dog fox quick jumps compress fox lazy dataa,18.62015329595327,SYNTHETIC_ROBUSTNESS
189,jumps stream brown brown fox brown fox brown brown brown dog quick brown over fox over jumps stream stream data brown dog the da,18.67985801834969,SYNTHETIC_ROBUSTNESS
190,compress fox compress stream quick data compress fox data over stream brown data over compress brown compress lazy fox compress ,18.717787128697978,SYNTHETIC_ROBUSTNESS
191,lazy the data over quick stream compress quick stream compress dog quick data the stream jumps jumps dog data dog the lazy strea,18.847558926943606,SYNTHETIC_ROBUSTNESS
192,lazy compress jumps dog dog quick over jumps over dog the stream the fox the jumps compress lazy over the brown over jumps brown,18.913253510644285,SYNTHETIC_ROBUSTNESS
193,lazy stream brown data data over jumps fox brown brown data stream dog dog the dog quick data lazy compress stream stream brown ,18.9358487323134,SYNTHETIC_ROBUSTNESS
194,data stream dog jumps the dog brown stream compress fox fox fox quick over fox over fox fox lazy the data stream jumps stream th,19.015133876372374,SYNTHETIC_ROBUSTNESS
195,lazy over stream lazy fox compress the brown lazy dog compress brown quick quick stream over compress the over lazy compress the,19.105934430289086,SYNTHETIC_ROBUSTNESS
196,quick the fox lazy compress dog over brown dog quick jumps brown quick dog jumps quick fox lazy compress jumps brown compress br,19.10809558360819,SYNTHETIC_ROBUSTNESS
197,quick stream over data stream stream compress data dog dog the compress brown jumps brown compress brown compress over dog fox o,19.13088339036117,SYNTHETIC_ROBUSTNESS
198,jumps the data compress stream compress stream data compress the compress data the stream dog fox fox lazy brown over brown fox ,19.158643880193814,SYNTHETIC_ROBUSTNESS
199,brown lazy compress over the the quick dog lazy stream brown lazy jumps jumps stream dog compress dog brown the jumps lazy compr,19.187155771165077,SYNTHETIC_ROBUSTNESS
200,stream over lazy data jumps jumps stream fox stream fox compress dog dog fox fox stream over the dog lazy compress dog data fox ,19.214447711761526,SYNTHETIC_ROBUSTNESS
201,jumps data compress over the stream quick dog over stream jumps dog jumps dog data fox quick lazy fox quick lazy stream quick la,19.246143857363485,SYNTHETIC_ROBUSTNESS
202,stream data jumps stream over fox brown compress data jumps brown over dog dog over the stream dog jumps stream lazy the compres,19.2766235915273,SYNTHETIC_ROBUSTNESS
203,brown jumps data brown dog brown lazy data stream data dog dog the lazy fox lazy quick over the over quick brown lazy stream laz,19.49209946044987,SYNTHETIC_ROBUSTNESS
204,stream data over fox over data dog brown the over data brown jumps fox fox brown stream lazy jumps data stream over over brown o,19.530613938440705,SYNTHETIC_ROBUSTNESS
205,brown lazy stream data dog data the quick compress jumps dog lazy stream quick over fox jumps over brown fox lazy over fox quick,19.573655731229465,SYNTHETIC_ROBUSTNESS
206,the jumps compress jumps brown over quick the dog fox brown data dog lazy jumps jumps over lazy stream the jumps data stream dat,19.60460450939855,SYNTHETIC_ROBUSTNESS
207,lazy lazy fox the stream data fox the over over compress fox dog data over over dog quick brown jumps fox brown dog lazy brownaa,19.94748508909959,SYNTHETIC_ROBUSTNESS
208,lazy fox quick stream compress over compress compress stream lazy over fox brown the data brown quick compress jumps brown compr,20.0241624806183,SYNTHETIC_ROBUSTNESS
209,over jumps the lazy data fox stream dog the compress data stream dog fox fox lazy lazy brown over quick fox stream jumps jumps t,20.118463462020745,SYNTHETIC_ROBUSTNESS
210,jumps compress over jumps stream the over lazy dog brown lazy brown lazy over fox stream dog data jumps stream fox jumps compres,20.25145004904992,SYNTHETIC_ROBUSTNESS
211,the jumps dog compress quick dog stream the over brown compress fox the quick the stream over the fox brown lazy compress data s,20.292053686493297,SYNTHETIC_ROBUSTNESS
212,the compress brown over dog brown over jumps brown compress the compress data stream brown jumps brown over quick data brown dog,20.638724699461182,SYNTHETIC_ROBUSTNESS
213,jumps data dog lazy lazy fox fox the quick jumps data fox lazy dog quick lazy lazy the compress stream data stream jumps lazy ju,20.655250634926375,SYNTHETIC_ROBUSTNESS
214,data brown data the dog compress stream quick brown over fox jumps data compress the over data lazy compress jumps dog fox strea,20.716465361978873,SYNTHETIC_ROBUSTNESS
215,dog data lazy stream data dog lazy compress the over the data jumps stream quick fox quick lazy quick dog dog jumps stream dog t,20.732182131898988,SYNTHETIC_ROBUSTNESS
216,jumps lazy dog quick stream stream over the data fox lazy quick brown quick lazy the stream compress lazy data the over data fox,20.888425993781297,SYNTHETIC_ROBUSTNESS
217,jumps brown compress fox over compress over brown quick dog compress dog data compress dog over brown jumps data fox brown quick,20.89977844573588,SYNTHETIC_ROBUSTNESS
218,the over fox the brown over quick compress the stream quick fox dog jumps quick over fox stream over lazy dog lazy dog jumps dog,20.98049957051992,SYNTHETIC_ROBUSTNESS
219,stream dog dog the compress stream brown the brown data lazy the fox quick stream the over over dog fox lazy over jumps the jump,20.991571083681574,SYNTHETIC_ROBUSTNESS
220,dog data quick data jumps quick over lazy dog fox dog jumps jumps compress fox data compress stream fox fox lazy data quick dog ,21.05183993840131,SYNTHETIC_ROBUSTNESS
221,lazy compress compress quick dog over the fox fox the jumps lazy brown dog compress stream stream compress the over fox data jum,21.084733130760362,SYNTHETIC_ROBUSTNESS
222,jumps jumps stream data data stream compress compress fox stream brown lazy lazy jumps stream jumps lazy jumps dog over fox dog ,21.31834396578977,SYNTHETIC_ROBUSTNESS
223,quick fox stream brown data compress fox over compress compress brown lazy jumps fox data over fox brown lazy compress over dog ,21.323799700516833,SYNTHETIC_ROBUSTNESS
224,the dog over brown brown the data data brown quick stream brown fox dog fox quick over compress brown over data brown stream dog,21.42876409449721,SYNTHETIC_ROBUSTNESS
225,compress over over lazy compress fox fox the compress stream the compress over stream quick fox fox data brown stream quick lazy,21.547590850140185,SYNTHETIC_ROBUSTNESS
226,brown lazy brown fox jumps jumps dog data the dog quick the over dog stream compress over dog stream jumps the stream compress d,21.767397235226046,SYNTHETIC_ROBUSTNESS
227,compress quick lazy the brown fox data fox jumps lazy quick quick data quick lazy dog data compress lazy data the lazy fox compr,21.97754914704714,SYNTHETIC_ROBUSTNESS
228,dog fox the quick lazy lazy stream fox data data compress brown compress lazy quick compress dog over fox data data dog quick ju,22.355020277672864,SYNTHETIC_ROBUSTNESS
229,brown data lazy data quick fox dog over stream lazy stream fox fox fox over brown brown lazy over over data over jumps fox dogaa,22.384311095397052,SYNTHETIC_ROBUSTNESS
230,dog data jumps compress stream compress lazy stream compress lazy over stream stream brown the jumps dog fox lazy data brown str,22.41644537466144,SYNTHETIC_ROBUSTNESS
231,data lazy the jumps data stream jumps lazy quick compress dog quick fox compress compress compress lazy quick compress fox brown,22.467077739960477,SYNTHETIC_ROBUSTNESS
232,jumps jumps stream data fox dog fox dog stream over dog fox dog brown quick quick quick fox dog data data compress data data the,22.544205258010727,SYNTHETIC_ROBUSTNESS
233,jumps the brown quick stream over quick quick jumps data over stream compress fox stream quick data brown stream lazy stream str,22.589956166208385,SYNTHETIC_ROBUSTNESS
234,jumps compress the lazy lazy brown the stream lazy compress jumps the jumps fox quick quick data compress brown data quick quick,22.72477760009482,SYNTHETIC_ROBUSTNESS
235,the brown the quick dog stream quick jumps lazy the over over lazy fox over dog lazy brown brown over compress quick data data s,22.725635777113663,SYNTHETIC_ROBUSTNESS
236,lazy quick brown brown stream fox dog lazy jumps dog jumps the quick compress jumps over compress brown lazy brown the jumps qui,22.727416978291295,SYNTHETIC_ROBUSTNESS
237,compress compress dog brown dog brown fox quick data brown the stream the brown data fox quick compress jumps stream quick jumps,22.85331507022678,SYNTHETIC_ROBUSTNESS
238,compress dog stream the quick data stream data dog brown lazy dog brown quick over data stream quick dog fox data fox compress f,23.067976867374192,SYNTHETIC_ROBUSTNESS
239,jumps brown dog brown the quick quick fox brown stream data the the the lazy brown brown compress data fox lazy compress over st,23.21783248821631,SYNTHETIC_ROBUSTNESS
240,lazy quick data compress jumps quick compress over data quick the stream over the data jumps fox brown brown data the quick dog ,23.230285871839033,SYNTHETIC_ROBUSTNESS
241,brown over fox jumps lazy over lazy over over jumps stream brown jumps over stream stream dog data quick the jumps data brown fo,23.503582722162594,SYNTHETIC_ROBUSTNESS
242,stream lazy brown dog over compress lazy data lazy the over quick stream lazy fox lazy data dog dog the compress dog quick compr,23.577378897835278,SYNTHETIC_ROBUSTNESS
243,jumps quick stream brown dog data data over jumps brown brown lazy compress compress fox lazy brown over lazy quick stream jumps,23.712972932761243,SYNTHETIC_ROBUSTNESS
244,the stream fox lazy dog fox compress compress fox quick brown fox fox brown data dog over compress brown jumps quick quick brown,23.735418148185307,SYNTHETIC_ROBUSTNESS
245,data lazy stream fox fox the the over stream the dog jumps the data jumps compress data stream jumps brown fox jumps stream jump,23.81500163774849,SYNTHETIC_ROBUSTNESS
246,over brown jumps lazy lazy stream lazy data stream compress dog data lazy lazy stream over data brown over over jumps dog data q,23.855058470020566,SYNTHETIC_ROBUSTNESS
247,jumps the the fox lazy jumps stream dog jumps over jumps lazy fox over quick the lazy brown the stream dog compress dog data com,24.222994058892297,SYNTHETIC_ROBUSTNESS
248,over jumps data brown data brown quick fox stream dog data lazy the jumps fox data stream lazy stream the jumps dog compress com,24.28727676140857,SYNTHETIC_ROBUSTNESS
249,brown over over data fox quick lazy compress data dog dog jumps dog compress the quick data jumps over data dog quick data lazy ,24.42816225032836,SYNTHETIC_ROBUSTNESS
250,jumps lazy compress dog brown over jumps lazy stream brown brown fox fox brown brown stream dog data the fox fox stream quick co,24.520602589487144,SYNTHETIC_ROBUSTNESS
251,stream brown stream dog stream the fox quick fox stream fox over jumps dog compress the compress lazy jumps dog jumps compress q,24.530507166691567,SYNTHETIC_ROBUSTNESS
252,dog lazy data data compress dog jumps the dog jumps lazy over quick fox the dog dog data the compress over stream the brown doga,24.608798548305042,SYNTHETIC_ROBUSTNESS
253,brown quick dog brown compress compress lazy stream fox jumps brown dog dog fox data fox dog the lazy fox data dog the the theaa,24.686498365979876,SYNTHETIC_ROBUSTNESS
254,dog stream lazy stream the brown jumps brown data stream stream quick compress jumps dog over quick stream quick data data the d,24.81227418055629,SYNTHETIC_ROBUSTNESS
255,compress stream over jumps stream brown over lazy fox data fox jumps jumps over brown lazy over dog compress brown quick over fo,24.85112141370864,SYNTHETIC_ROBUSTNESS
256,over brown over jumps data quick compress quick over stream the fox over over lazy dog lazy over stream data jumps stream data b,25.04819958346006,SYNTHETIC_ROBUSTNESS
257,dog stream brown brown lazy dog fox lazy the the fox compress the data quick compress quick lazy quick quick lazy quick quick qu,25.14564547565157,SYNTHETIC_ROBUSTNESS
258,over lazy dog lazy dog fox fox jumps over dog over fox brown the dog fox compress jumps jumps brown quick stream over compress b,25.149659085512237,SYNTHETIC_ROBUSTNESS
259,over fox jumps the stream data the compress fox brown the lazy jumps brown lazy stream dog jumps brown data stream fox dog brown,25.272361323315383,SYNTHETIC_ROBUSTNESS
260,the data jumps brown dog data over lazy brown data fox compress data data over the stream over compress fox stream fox fox fox f,25.50984132762649,SYNTHETIC_ROBUSTNESS
261,stream lazy over lazy lazy the lazy fox dog over the compress brown dog over compress lazy over over quick quick compress compre,25.624773091210738,SYNTHETIC_ROBUSTNESS
262,over fox the fox compress lazy brown the fox lazy stream dog stream dog over data fox the the stream compress fox dog jumps data,25.672576236530922,SYNTHETIC_ROBUSTNESS
263,jumps stream dog stream lazy quick the compress compress fox quick dog jumps dog fox stream dog quick dog quick stream fox compr,25.7618944251764,SYNTHETIC_ROBUSTNESS
264,dog jumps brown over quick data stream stream stream over brown fox quick stream the fox fox compress jumps dog data jumps compr,25.780695991447633,SYNTHETIC_ROBUSTNESS
265,over brown jumps brown quick fox jumps jumps compress lazy fox the compress fox compress jumps brown over the jumps over compres,25.872639426624755,SYNTHETIC_ROBUSTNESS
266,quick over quick brown jumps stream data quick stream over jumps data lazy dog lazy over the stream jumps data dog fox compress ,25.94215289095737,SYNTHETIC_ROBUSTNESS
267,fox over fox jumps stream lazy over fox compress lazy the data over quick dog compress the lazy stream brown fox brown brown ove,25.94480347958207,SYNTHETIC_ROBUSTNESS
268,stream jumps over stream quick data compress lazy fox the data lazy stream jumps lazy quick compress jumps dog dog data dog jump,25.98364803903379,SYNTHETIC_ROBUSTNESS
269,quick fox data brown the stream over lazy brown the over fox brown data dog over over fox the quick data brown data brown dogaaa,26.004874242209077,SYNTHETIC_ROBUSTNESS
270,quick brown lazy over dog compress quick lazy brown brown brown compress compress brown stream lazy the brown quick compress com,26.054410804780442,SYNTHETIC_ROBUSTNESS
271,compress stream fox the stream data fox quick lazy dog compress over brown the brown dog brown stream fox dog quick jumps jumps ,26.08209588960975,SYNTHETIC_ROBUSTNESS
272,the the the compress over lazy quick compress dog lazy brown jumps brown the data compress the stream the quick over lazy data j,26.261822569005975,SYNTHETIC_ROBUSTNESS
273,stream compress the dog stream jumps quick dog stream fox dog the jumps over data stream the the brown brown data jumps lazy the,26.381450645082335,SYNTHETIC_ROBUSTNESS
274,jumps brown compress jumps compress quick fox data quick quick compress fox fox jumps fox dog jumps fox quick quick quick jumps ,26.51620215101895,SYNTHETIC_ROBUSTNESS
275,lazy data compress brown compress fox compress brown over lazy lazy lazy the fox lazy data lazy stream quick data fox jumps brow,26.560966470402434,SYNTHETIC_ROBUSTNESS
276,brown quick over lazy stream data over data the jumps over data quick brown the fox compress jumps stream quick stream brown qui,26.561311702158218,SYNTHETIC_ROBUSTNESS
277,dog over fox fox the over fox over fox lazy dog brown stream over quick the stream dog lazy brown brown stream the compress lazy,26.58604939590791,SYNTHETIC_ROBUSTNESS
278,jumps lazy brown brown compress compress dog brown stream jumps stream quick stream quick compress dog jumps over quick the comp,26.726820892980538,SYNTHETIC_ROBUSTNESS
279,quick quick quick dog brown data the stream stream fox brown jumps compress the the brown data brown the quick fox data fox the ,26.819161694783077,SYNTHETIC_ROBUSTNESS
280,the compress lazy the jumps brown the dog compress stream over lazy dog dog fox dog jumps lazy fox fox jumps fox jumps quick str,26.896505956026623,SYNTHETIC_ROBUSTNESS
281,data stream fox the lazy the the stream over lazy fox jumps over over over the fox data jumps dog fox jumps data the overaaaaaaa,26.929428602070544,SYNTHETIC_ROBUSTNESS
282,over brown fox compress dog brown over fox compress over stream data over dog data data quick jumps stream the over fox brown th,26.937305039995277,SYNTHETIC_ROBUSTNESS
283,jumps jumps data the lazy brown brown lazy data fox over quick fox lazy jumps the brown lazy data dog data lazy dog dog compress,27.090954677490846,SYNTHETIC_ROBUSTNESS
284,dog over jumps brown dog brown lazy lazy lazy quick dog fox data data quick quick fox the data fox jumps data fox lazy brownaaaa,27.09489692991387,SYNTHETIC_ROBUSTNESS
285,data dog the dog the over quick lazy stream quick data fox dog stream brown compress brown jumps quick the brown stream compress,27.10099264744114,SYNTHETIC_ROBUSTNESS
286,quick data lazy jumps brown dog brown jumps stream over jumps stream quick over compress fox data lazy lazy brown brown brown qu,27.13593920904474,SYNTHETIC_ROBUSTNESS
287,compress data the the brown brown jumps fox the jumps dog over the over data quick fox brown stream compress stream lazy the dog,27.221020804600833,SYNTHETIC_ROBUSTNESS
288,dog compress lazy fox over brown quick stream over brown compress the jumps over fox dog the quick over over jumps data compress,27.706724494569055,SYNTHETIC_ROBUSTNESS
289,compress jumps dog stream the over over compress the data jumps compress brown data quick the stream stream fox the the fox lazy,27.716226090171432,SYNTHETIC_ROBUSTNESS
290,jumps quick dog data brown jumps data brown data over lazy quick stream data data stream stream jumps lazy fox stream brown data,27.780313978197306,SYNTHETIC_ROBUSTNESS
291,stream quick over quick compress stream compress compress jumps fox compress quick data jumps jumps compress over the compress b,27.872382340613587,SYNTHETIC_ROBUSTNESS
292,data brown over quick stream compress quick the dog fox over over over dog the lazy the stream jumps over compress quick jumps o,28.045602370818784,SYNTHETIC_ROBUSTNESS
293,brown over stream quick jumps brown compress the data the jumps over dog the dog compress fox lazy quick lazy lazy jumps jumps d,28.162596202948905,SYNTHETIC_ROBUSTNESS
294,brown lazy the compress compress the quick lazy over compress the stream brown fox compress brown brown lazy dog compress lazy o,28.3274876901886,SYNTHETIC_ROBUSTNESS
295,jumps dog quick data quick fox quick lazy the fox the the fox jumps the over fox brown brown stream jumps data lazy fox compress,28.401400311649525,SYNTHETIC_ROBUSTNESS
296,stream dog quick lazy the compress over brown dog jumps the quick lazy the brown fox lazy brown compress the lazy data lazy stre,28.458311273468937,SYNTHETIC_ROBUSTNESS
297,quick dog lazy over data dog quick brown fox jumps quick lazy quick brown data lazy compress brown the lazy fox fox the lazy dat,28.55473558146467,SYNTHETIC_ROBUSTNESS
298,lazy jumps brown lazy compress compress compress over fox fox fox stream fox data brown the brown the data brown quick over stre,28.78586871394736,SYNTHETIC_ROBUSTNESS
299,compress jumps dog the dog data compress jumps data jumps over data compress the compress quick fox lazy lazy dog jumps jumps ov,28.865907919255733,SYNTHETIC_ROBUSTNESS
300,over over dog brown brown fox compress dog dog jumps dog dog stream jumps compress lazy dog jumps brown brown stream brown compr,28.958945140269474,SYNTHETIC_ROBUSTNESS
301,lazy data brown stream compress jumps lazy lazy lazy the fox jumps quick lazy fox dog over compress lazy brown over stream dog s,29.00019051040511,SYNTHETIC_ROBUSTNESS
302,fox brown compress quick brown stream lazy data dog brown the quick quick over compress quick dog lazy over fox compress jumps q,29.090854615806034,SYNTHETIC_ROBUSTNESS
303,the brown jumps lazy lazy jumps over compress over data data fox compress over stream dog the fox fox compress dog fox quick fox,29.189677370526173,SYNTHETIC_ROBUSTNESS
304,the data over the jumps lazy lazy data brown the compress quick the compress the data brown jumps quick dog over fox compress st,29.32968647485636,SYNTHETIC_ROBUSTNESS
305,over data compress compress fox brown brown fox compress quick fox lazy over stream compress lazy lazy the brown over quick stre,29.41459097560207,SYNTHETIC_ROBUSTNESS
306,lazy dog lazy the stream jumps stream jumps compress brown the the fox the the stream fox the compress over brown compress fox f,29.43659958544426,SYNTHETIC_ROBUSTNESS
307,fox quick jumps data over over stream data dog jumps jumps stream the jumps jumps dog jumps dog quick jumps jumps over jumps bro,29.523809288460896,SYNTHETIC_ROBUSTNESS
308,compress brown jumps fox dog data quick data data quick brown brown compress dog jumps jumps stream quick data lazy compress qui,29.55917315983864,SYNTHETIC_ROBUSTNESS
309,jumps lazy over dog data jumps compress over jumps fox jumps the lazy dog jumps dog the the compress brown data stream dog fox d,29.56831064762049,SYNTHETIC_ROBUSTNESS
310,compress brown stream the quick lazy stream over quick dog compress fox stream jumps quick over over data stream the the the laz,29.742855388614412,SYNTHETIC_ROBUSTNESS
311,brown brown compress dog stream dog over compress lazy lazy quick compress dog stream the over over brown dog compress jumps bro,29.749690993847036,SYNTHETIC_ROBUSTNESS
312,lazy quick dog over brown the lazy data data quick lazy over jumps over quick lazy jumps brown jumps quick over jumps data over ,29.849577617771132,SYNTHETIC_ROBUSTNESS
313,stream jumps over lazy data data over quick lazy data lazy data fox dog jumps data lazy the jumps lazy jumps lazy data fox lazya,30.29607160961775,SYNTHETIC_ROBUSTNESS
314,quick the over the brown dog quick the lazy the quick data lazy dog brown over over brown quick data brown stream lazy over over,30.30524138971063,SYNTHETIC_ROBUSTNESS
315,lazy the lazy quick brown quick dog stream stream stream dog compress brown stream stream lazy the dog dog brown quick data data,30.330104430140096,SYNTHETIC_ROBUSTNESS
316,quick compress brown brown over over over jumps dog stream brown jumps over over compress lazy quick the jumps the over data com,30.473151716980972,SYNTHETIC_ROBUSTNESS
317,data stream stream quick dog over brown quick dog jumps lazy the data data compress brown stream over the fox stream the data da,30.48334326615863,SYNTHETIC_ROBUSTNESS
318,lazy over the over over lazy over stream brown over dog the brown jumps the dog data the data compress dog lazy dog quick dataaa,30.662154892828756,SYNTHETIC_ROBUSTNESS
319,lazy the the compress data quick fox dog the over lazy data stream compress lazy stream lazy lazy compress lazy stream fox dog j,30.66218190871339,SYNTHETIC_ROBUSTNESS
320,brown dog jumps fox fox jumps data over over stream brown data over fox brown jumps jumps data jumps brown quick over data dog t,30.88286153926189,SYNTHETIC_ROBUSTNESS
321,the quick quick jumps the brown quick brown lazy dog data quick lazy jumps compress dog stream over data dog brown data quick da,30.889777594136046,SYNTHETIC_ROBUSTNESS
322,over over brown compress brown lazy jumps brown lazy jumps dog fox brown dog over dog compress brown quick quick data brown dog ,31.144856407563477,SYNTHETIC_ROBUSTNESS
323,stream dog fox compress jumps fox brown stream compress dog dog data lazy lazy jumps compress over jumps dog fox compress lazy f,31.344772588949166,SYNTHETIC_ROBUSTNESS
324,compress fox lazy compress quick brown lazy brown compress over jumps data fox the quick compress brown brown the brown the dog ,31.422330538813828,SYNTHETIC_ROBUSTNESS
325,lazy lazy over quick quick over data dog fox brown lazy brown compress lazy over the over lazy dog lazy quick lazy brown compres,31.572815190840334,SYNTHETIC_ROBUSTNESS
326,over compress data over compress fox data dog fox stream the fox quick brown stream dog stream over jumps stream compress fox da,31.580598032131327,SYNTHETIC_ROBUSTNESS
327,quick jumps dog stream brown dog brown stream lazy jumps brown brown dog jumps stream dog quick over lazy lazy jumps brown compr,31.59511770350746,SYNTHETIC_ROBUSTNESS
328,brown fox over compress jumps quick the quick stream stream over brown dog stream quick fox lazy quick data quick lazy fox jumps,31.64120819332865,SYNTHETIC_ROBUSTNESS
329,brown brown the compress fox jumps lazy fox the lazy data stream data the brown the brown jumps the stream lazy lazy compress br,31.718310112004875,SYNTHETIC_ROBUSTNESS
330,stream stream dog the dog lazy fox fox jumps lazy the stream stream quick over fox fox data quick brown lazy stream stream over ,31.920967897533,SYNTHETIC_ROBUSTNESS
331,dog fox the lazy jumps stream fox data jumps quick jumps compress quick fox dog over dog jumps compress quick lazy data the brow,31.999205186819093,SYNTHETIC_ROBUSTNESS
332,jumps data stream stream lazy over brown dog over dog fox fox the quick quick data fox the compress jumps data lazy compress fox,32.108628928804,SYNTHETIC_ROBUSTNESS
333,jumps jumps jumps over stream compress stream data stream dog lazy jumps fox brown jumps stream brown lazy dog quick over stream,32.22253624496499,SYNTHETIC_ROBUSTNESS
334,fox jumps over fox dog compress stream over lazy jumps jumps data compress quick fox data quick compress data brown stream over ,32.43255629969121,SYNTHETIC_ROBUSTNESS
335,the the lazy dog compress dog stream compress over dog dog brown brown lazy jumps dog stream dog over lazy fox lazy fox stream q,32.58250473055172,SYNTHETIC_ROBUSTNESS
336,fox compress fox data the lazy fox the dog over dog jumps brown the brown stream brown stream the jumps the jumps compress brown,32.95986265622496,SYNTHETIC_ROBUSTNESS
337,stream dog quick data brown brown the the data brown over fox the lazy lazy brown over compress compress dog the stream lazy com,32.96188421657607,SYNTHETIC_ROBUSTNESS
338,jumps the stream stream the compress compress jumps quick over over over brown fox fox brown lazy the brown brown the stream qui,32.98518197588428,SYNTHETIC_ROBUSTNESS
339,lazy the quick fox stream dog over compress jumps stream the compress lazy lazy jumps quick dog fox lazy data lazy jumps data st,33.2517467804755,SYNTHETIC_ROBUSTNESS
340,compress data the lazy compress compress over over the brown dog quick data fox quick stream stream jumps jumps over jumps fox d,33.408874431829034,SYNTHETIC_ROBUSTNESS
341,lazy lazy jumps over fox over brown the dog brown fox compress the fox lazy compress brown data stream jumps dog over dog brown ,33.43998488965075,SYNTHETIC_ROBUSTNESS
342,stream data jumps stream compress dog compress the fox over compress compress brown over data lazy jumps quick stream quick quic,33.80590396585817,SYNTHETIC_ROBUSTNESS
343,the compress lazy data quick brown jumps brown over jumps the brown data data the lazy lazy compress brown the over data fox dog,34.00983457305081,SYNTHETIC_ROBUSTNESS
344,jumps lazy lazy data quick over fox fox the over lazy stream compress stream brown compress lazy lazy brown lazy fox data lazy c,34.016518794463444,SYNTHETIC_ROBUSTNESS
345,compress data quick fox brown stream dog stream compress data stream fox dog over jumps jumps data quick data data lazy lazy ove,34.183283694510735,SYNTHETIC_ROBUSTNESS
346,over over jumps compress data quick fox over the stream jumps fox compress stream data over over stream compress dog data compre,34.33675738375464,SYNTHETIC_ROBUSTNESS
347,lazy fox fox fox jumps the over quick fox stream jumps the fox quick lazy compress dog data brown lazy over data jumps dog jumps,34.361751456169024,SYNTHETIC_ROBUSTNESS
348,dog quick over brown stream brown jumps over fox quick lazy brown lazy the quick fox compress jumps dog quick data jumps brown o,34.47238964892465,SYNTHETIC_ROBUSTNESS
349,over lazy over quick jumps jumps over stream over data lazy compress stream data dog brown compress compress brown over compress,34.82380135193352,SYNTHETIC_ROBUSTNESS
350,compress over stream quick quick data brown compress the compress quick data brown fox the jumps fox compress compress brown dog,34.93646204152627,SYNTHETIC_ROBUSTNESS
351,lazy over brown jumps lazy lazy dog lazy fox over quick data stream compress brown compress fox dog lazy jumps stream brown stre,35.10453673946714,SYNTHETIC_ROBUSTNESS
352,fox stream brown lazy quick compress brown fox over fox data fox lazy dog the data stream dog lazy jumps over dog fox data overa,35.115004649783344,SYNTHETIC_ROBUSTNESS
353,quick brown dog data fox quick jumps quick fox fox dog compress lazy data dog lazy lazy brown quick stream jumps lazy lazy jumps,35.24500119424052,SYNTHETIC_ROBUSTNESS
354,dog dog brown compress fox the dog data fox compress stream brown jumps quick fox lazy the data data brown quick stream compress,35.2679116618104,SYNTHETIC_ROBUSTNESS
355,dog data stream dog the jumps dog stream lazy the compress dog dog data fox brown dog dog dog compress stream over quick data da,35.27536830348928,SYNTHETIC_ROBUSTNESS
356,data quick compress data the dog lazy stream compress compress stream jumps quick compress over the compress jumps fox lazy over,35.35568179188487,SYNTHETIC_ROBUSTNESS
357,jumps lazy lazy lazy the jumps the over quick compress stream stream brown brown quick brown the fox compress stream the compres,35.49455597229047,SYNTHETIC_ROBUSTNESS
358,lazy compress the compress jumps lazy brown data stream quick brown stream dog stream lazy fox lazy brown the compress stream th,35.573685982400946,SYNTHETIC_ROBUSTNESS
359,stream quick quick jumps quick the stream over lazy stream fox brown lazy dog the stream dog quick the jumps fox data stream the,35.84191965773087,SYNTHETIC_ROBUSTNESS
360,fox lazy brown jumps jumps the over quick the the fox fox the fox compress the brown over quick the jumps brown lazy over quicka,35.960882720926946,SYNTHETIC_ROBUSTNESS
361,stream quick the over dog brown lazy fox fox jumps data dog jumps the compress lazy stream quick stream over stream data over th,35.97339084894359,SYNTHETIC_ROBUSTNESS
362,fox dog fox over quick stream the quick quick compress the lazy data lazy the the jumps jumps the jumps dog brown fox dog jumpsa,36.245989143548826,SYNTHETIC_ROBUSTNESS
363,brown data over lazy compress over lazy stream jumps data quick data jumps compress compress the jumps data brown dog jumps dog ,36.26258137764434,SYNTHETIC_ROBUSTNESS
364,compress lazy dog the lazy jumps stream lazy data the quick compress fox the over stream data the brown over compress lazy quick,36.40456874388116,SYNTHETIC_ROBUSTNESS
365,quick stream brown dog data the lazy stream the compress jumps fox quick compress quick compress the quick the stream dog dog th,36.42064945158982,SYNTHETIC_ROBUSTNESS
366,stream brown fox stream over brown lazy over lazy dog quick quick data jumps the the dog compress jumps data the the quick compr,37.07637871671017,SYNTHETIC_ROBUSTNESS
367,stream stream stream compress dog stream fox the over fox compress stream stream dog compress jumps over dog fox lazy lazy lazy ,37.11675350127393,SYNTHETIC_ROBUSTNESS
368,lazy data lazy compress dog brown quick over quick jumps dog the compress over the the compress stream jumps lazy jumps lazy qui,37.18525737994768,SYNTHETIC_ROBUSTNESS
369,jumps stream brown compress over fox lazy data the dog over quick quick over lazy stream dog dog over jumps over stream lazy com,37.248150283581076,SYNTHETIC_ROBUSTNESS
370,data over brown jumps the the fox compress brown over data dog lazy jumps data dog over fox compress compress fox the over jumps,37.25889735818568,SYNTHETIC_ROBUSTNESS
371,jumps stream data lazy compress fox fox over jumps data data fox the data dog stream over stream stream fox jumps data over jump,37.32702218362489,SYNTHETIC_ROBUSTNESS
372,stream jumps jumps dog data data lazy the brown jumps data data stream data lazy stream compress dog jumps dog stream over lazy ,37.343215975139245,SYNTHETIC_ROBUSTNESS
373,fox stream quick jumps compress lazy compress quick jumps data jumps data data data fox fox data data stream jumps the data over,37.50515511246867,SYNTHETIC_ROBUSTNESS
374,over brown stream dog quick dog compress brown brown data the the dog compress brown lazy brown over the brown the lazy jumps fo,37.82291274708774,SYNTHETIC_ROBUSTNESS
375,data the data stream quick lazy data dog over data fox compress jumps quick brown the dog lazy compress compress fox lazy brown ,37.98796918062772,SYNTHETIC_ROBUSTNESS
376,dog fox quick compress brown fox brown brown data the the jumps stream stream quick quick stream stream brown dog dog compress j,38.044367912741585,SYNTHETIC_ROBUSTNESS
377,data fox fox brown compress the data lazy quick lazy quick the brown lazy stream brown data lazy brown fox compress stream jumps,38.04460533405851,SYNTHETIC_ROBUSTNESS
378,fox the data stream stream dog lazy brown jumps data data brown jumps stream brown brown over quick quick quick fox data dog laz,38.04833850381381,SYNTHETIC_ROBUSTNESS
379,jumps the data over fox data lazy jumps lazy lazy compress lazy data dog quick lazy over jumps over brown dog stream the data do,38.11666514842036,SYNTHETIC_ROBUSTNESS
380,stream compress lazy over the over data over dog jumps brown fox fox jumps the jumps data brown the jumps over quick quick brown,38.23044848662068,SYNTHETIC_ROBUSTNESS
381,data lazy compress fox jumps lazy over data the lazy fox compress lazy brown data dog quick over over compress fox fox brown bro,38.4016587293762,SYNTHETIC_ROBUSTNESS
382,the data lazy quick quick dog fox compress stream dog data fox lazy the dog lazy stream data quick stream data dog stream quick ,38.493170748818365,SYNTHETIC_ROBUSTNESS
383,compress compress data compress lazy the quick quick over stream compress dog compress jumps lazy the brown data compress data d,38.87627555856568,SYNTHETIC_ROBUSTNESS
384,stream compress data fox compress quick jumps brown fox over stream data the jumps brown stream compress over jumps lazy compres,38.94435356201816,SYNTHETIC_ROBUSTNESS
385,compress stream the over quick quick dog data quick over data quick the stream dog over dog stream lazy jumps compress the dog o,39.0359898354541,SYNTHETIC_ROBUSTNESS
386,quick fox the quick over fox data dog lazy data stream data over over compress dog quick compress lazy stream quick lazy dog str,39.062139601473994,SYNTHETIC_ROBUSTNESS
387,lazy over data dog quick data stream quick over over fox jumps fox lazy the jumps lazy jumps jumps quick dog stream dog dog stre,39.103639716914685,SYNTHETIC_ROBUSTNESS
388,dog the jumps compress brown lazy stream compress data over jumps jumps lazy quick dog stream the data the compress quick over d,39.21856663411904,SYNTHETIC_ROBUSTNESS
389,fox dog data lazy lazy brown stream fox over data data over stream lazy jumps data jumps stream jumps over brown quick dog dog d,39.31060688489974,SYNTHETIC_ROBUSTNESS
390,stream the stream the stream lazy quick data fox dog compress brown stream over brown fox dog jumps over over data lazy the brow,39.35675471304928,SYNTHETIC_ROBUSTNESS
391,over over jumps compress over lazy jumps compress brown compress stream compress lazy quick stream compress stream fox quick ove,39.36863103437496,SYNTHETIC_ROBUSTNESS
392,data lazy jumps fox lazy stream stream compress lazy jumps compress stream jumps stream data brown stream the brown brown over b,39.41057961057358,SYNTHETIC_ROBUSTNESS
393,data stream dog data lazy lazy quick over fox fox dog fox data dog lazy the quick data lazy dog lazy compress the compress foxaa,39.415095623587,SYNTHETIC_ROBUSTNESS
394,the brown fox brown brown fox quick lazy jumps stream jumps compress compress the brown lazy jumps the jumps over the over over ,39.502028520259614,SYNTHETIC_ROBUSTNESS
395,brown over dog brown quick stream brown dog quick brown dog quick brown the lazy jumps jumps jumps the lazy the jumps compress f,39.54103920689934,SYNTHETIC_ROBUSTNESS
396,jumps lazy brown data stream dog quick dog quick dog brown stream fox the stream lazy fox the quick compress data over the dog d,39.588818355870515,SYNTHETIC_ROBUSTNESS
397,lazy jumps the fox quick compress the lazy stream stream lazy fox brown jumps data quick the brown brown the quick lazy quick da,39.67440572692769,SYNTHETIC_ROBUSTNESS
398,compress compress the dog the quick quick over data lazy the stream compress over quick brown fox lazy stream lazy fox stream br,39.761462873335304,SYNTHETIC_ROBUSTNESS
399,stream brown over dog data lazy data stream fox dog stream compress jumps dog brown data over quick jumps over the over fox over,39.850219429047364,SYNTHETIC_ROBUSTNESS
400,lazy quick dog dog over data data over the stream dog jumps quick lazy lazy the over dog fox fox data data stream the theaaaaaaa,39.91786637393832,SYNTHETIC_ROBUSTNESS
401,the fox lazy fox lazy quick stream data data stream quick lazy jumps brown dog quick the dog fox lazy brown the over jumps brown,39.98483335497124,SYNTHETIC_ROBUSTNESS
402,over compress quick fox data quick jumps fox quick dog brown jumps data fox over data stream jumps compress jumps fox stream jum,40.15699297205612,SYNTHETIC_ROBUSTNESS
403,quick dog lazy the fox the fox stream over the jumps brown over the compress quick dog brown jumps lazy over fox dog stream data,40.22002043666079,SYNTHETIC_ROBUSTNESS
404,brown the dog fox over the compress brown over quick over dog the stream the dog over fox lazy quick brown compress compress bro,40.29681400965866,SYNTHETIC_ROBUSTNESS
405,dog dog data fox dog lazy stream quick compress lazy lazy compress the dog stream stream compress lazy compress dog stream dog o,40.74103309617829,SYNTHETIC_ROBUSTNESS
406,lazy dog dog fox dog lazy the brown data compress lazy stream stream jumps data brown the dog over the jumps the compress brown ,40.76100632719578,SYNTHETIC_ROBUSTNESS
407,the quick quick fox over brown over jumps compress over data quick dog compress stream fox lazy the fox brown dog the over lazy ,40.890622805958536,SYNTHETIC_ROBUSTNESS
408,dog brown lazy the data brown dog data fox dog over stream data data over fox over data lazy compress dog over stream brown over,40.954713802719965,SYNTHETIC_ROBUSTNESS
409,compress fox dog jumps stream compress lazy brown compress fox lazy jumps over lazy lazy quick stream the quick fox the jumps ov,41.132228630855124,SYNTHETIC_ROBUSTNESS
410,over jumps over jumps dog quick fox lazy the stream dog brown the brown data the stream dog the the quick over fox fox brownaaaa,41.18398555572212,SYNTHETIC_ROBUSTNESS
411,the stream lazy stream compress brown jumps data dog compress quick fox quick dog fox stream brown the lazy quick compress fox l,41.220081025629014,SYNTHETIC_ROBUSTNESS
412,the jumps dog dog data quick dog lazy stream lazy quick the stream compress brown jumps fox over compress the quick over fox dat,41.243373422363376,SYNTHETIC_ROBUSTNESS
413,brown dog quick jumps compress lazy the fox over compress fox brown compress compress brown brown the over the data lazy quick d,41.449131373170786,SYNTHETIC_ROBUSTNESS
414,dog dog over brown brown dog dog over data the quick brown dog over data compress the lazy compress compress fox dog fox lazy br,41.57583273816145,SYNTHETIC_ROBUSTNESS
415,quick the over stream the compress quick the dog over lazy lazy dog data compress brown fox fox the stream the stream fox data s,41.58383455790195,SYNTHETIC_ROBUSTNESS
416,lazy quick brown lazy quick data lazy the fox stream lazy the fox data jumps lazy data quick compress the over stream quick stre,41.70883282429729,SYNTHETIC_ROBUSTNESS
417,fox brown compress data fox dog compress quick fox stream the compress brown dog over over the data brown over quick data over d,41.71239716188287,SYNTHETIC_ROBUSTNESS
418,the stream the fox data the compress compress data fox lazy brown over quick brown brown brown jumps brown lazy quick compress t,41.7324407961017,SYNTHETIC_ROBUSTNESS
419,stream data brown the compress fox fox dog quick over over dog lazy data lazy lazy quick fox jumps stream brown over data dog th,41.822285314178934,SYNTHETIC_ROBUSTNESS
420,brown jumps compress lazy brown jumps stream stream compress quick quick stream brown jumps the data compress data stream dog ov,41.8845561117476,SYNTHETIC_ROBUSTNESS
421,dog fox quick over jumps the lazy quick quick the stream fox jumps compress compress lazy over over over quick lazy fox stream s,42.068116954182,SYNTHETIC_ROBUSTNESS
422,compress data the lazy brown the brown data brown data lazy the dog brown compress stream dog jumps dog dog quick compress data ,42.161738337279616,SYNTHETIC_ROBUSTNESS
423,over jumps over fox jumps stream quick fox compress quick lazy lazy stream stream dog jumps compress the stream dog over data da,42.496906406375146,SYNTHETIC_ROBUSTNESS
424,lazy fox dog lazy lazy brown compress quick over data lazy dog lazy lazy the the data quick over quick stream brown data dog str,42.69013522458787,SYNTHETIC_ROBUSTNESS
425,stream jumps fox over dog stream compress data brown dog brown quick over dog quick fox stream dog the data over brown lazy dog ,42.731719395133055,SYNTHETIC_ROBUSTNESS
426,over the fox stream brown compress dog lazy the compress data quick jumps jumps data over compress over compress lazy brown quic,42.91138711705986,SYNTHETIC_ROBUSTNESS
427,lazy data jumps fox over over the fox lazy fox dog quick over data lazy compress over data compress the quick lazy lazy data com,43.11535943701001,SYNTHETIC_ROBUSTNESS
428,dog data over compress dog stream over fox brown fox compress lazy data data the fox compress compress brown dog stream stream q,43.465102704798056,SYNTHETIC_ROBUSTNESS
429,compress lazy fox dog fox the the compress stream compress lazy data dog stream jumps over dog brown the over dog compress strea,43.46636695561417,SYNTHETIC_ROBUSTNESS
430,the over the fox fox jumps lazy lazy over lazy brown over data quick stream jumps stream quick lazy dog over data dog lazy theaa,43.67410676269153,SYNTHETIC_ROBUSTNESS
431,lazy the dog data dog dog brown fox data lazy lazy stream data lazy compress quick quick the dog fox the brown over jumps jumpsa,43.68135257622852,SYNTHETIC_ROBUSTNESS
432,jumps data over quick the quick data data the jumps the over over over lazy quick fox quick quick lazy brown jumps fox brown dat,43.75645475828359,SYNTHETIC_ROBUSTNESS
433,jumps jumps fox jumps over fox the lazy compress over quick compress fox the lazy over the compress fox quick over jumps data br,43.81001160341968,SYNTHETIC_ROBUSTNESS
434,compress lazy brown brown lazy over brown over jumps compress quick the data data quick over jumps lazy stream quick stream fox ,44.06243660355315,SYNTHETIC_ROBUSTNESS
435,fox data quick data fox data quick quick dog brown fox dog lazy lazy quick brown the dog stream brown quick compress dog data qu,44.114381513498834,SYNTHETIC_ROBUSTNESS
436,jumps jumps over compress over over over over data the fox quick quick stream dog the fox over fox compress stream lazy quick la,44.20502611699541,SYNTHETIC_ROBUSTNESS
437,over quick compress over lazy over fox the stream brown fox compress quick lazy data the over compress dog lazy lazy stream dog ,44.32275228225682,SYNTHETIC_ROBUSTNESS
438,fox brown brown stream fox over jumps data brown over brown jumps quick data compress stream data quick stream jumps compress ov,44.32467359753649,SYNTHETIC_ROBUSTNESS
439,the compress lazy quick brown compress lazy the brown stream quick stream data dog brown quick the compress lazy stream brown ju,44.41406080284435,SYNTHETIC_ROBUSTNESS
440,fox jumps lazy compress quick dog fox brown lazy the data dog brown lazy fox the data over data over brown jumps over compress t,44.487040225436886,SYNTHETIC_ROBUSTNESS
441,quick stream the data the fox over dog data the brown jumps dog jumps data dog quick data jumps quick data the lazy brown compre,44.57718256538315,SYNTHETIC_ROBUSTNESS
442,dog the fox lazy the stream stream fox brown quick lazy quick stream compress jumps lazy lazy fox dog stream quick over compress,44.58505919060813,SYNTHETIC_ROBUSTNESS
443,quick lazy lazy fox dog brown fox dog compress stream jumps data stream data brown data data jumps stream lazy fox data the dog ,44.590775329994926,SYNTHETIC_ROBUSTNESS
444,compress data lazy data dog brown the compress fox stream dog quick stream the compress dog dog brown brown lazy data over dog o,44.610321400345725,SYNTHETIC_ROBUSTNESS
445,stream over compress brown the compress lazy the stream the the the brown brown quick over the compress fox jumps compress quick,44.81396012331396,SYNTHETIC_ROBUSTNESS
446,the stream dog brown compress brown brown over quick stream jumps over the jumps dog over jumps jumps quick brown stream dog laz,44.85803895263003,SYNTHETIC_ROBUSTNESS
447,fox quick stream lazy dog over data brown fox the quick dog data stream jumps lazy compress quick compress the brown jumps jumps,44.91496082390145,SYNTHETIC_ROBUSTNESS
448,fox compress stream stream dog data stream brown over brown fox stream compress stream lazy the stream fox compress lazy the laz,44.96441771896354,SYNTHETIC_ROBUSTNESS
449,dog the lazy dog quick brown over jumps lazy the fox lazy brown stream lazy jumps compress compress jumps data brown over lazy b,45.089723565701725,SYNTHETIC_ROBUSTNESS
450,brown data brown over jumps quick data stream lazy dog lazy fox dog over compress fox the compress brown brown jumps quick quick,45.11976322862863,SYNTHETIC_ROBUSTNESS
451,fox fox over compress data brown quick over quick stream brown brown stream lazy stream over fox lazy dog dog over fox the strea,45.12684768912063,SYNTHETIC_ROBUSTNESS
452,stream the compress quick jumps quick compress fox dog lazy stream brown lazy quick stream compress quick jumps fox the dog lazy,45.174357329610004,SYNTHETIC_ROBUSTNESS
453,quick quick quick the lazy the data compress dog stream lazy lazy stream brown over brown dog stream brown lazy the jumps compre,45.30449220414672,SYNTHETIC_ROBUSTNESS
454,dog brown compress compress over the data dog the dog quick over data jumps over brown quick brown compress lazy data lazy compr,45.5509650033031,SYNTHETIC_ROBUSTNESS
455,fox dog dog compress lazy over brown dog over the lazy compress quick fox quick dog the brown fox fox quick brown over compress ,45.556180850587104,SYNTHETIC_ROBUSTNESS
456,dog lazy lazy quick the jumps stream the over stream stream stream brown dog stream brown data quick dog data the brown stream q,45.72251542902491,SYNTHETIC_ROBUSTNESS
457,compress dog lazy over jumps quick over the compress data brown quick compress dog dog quick dog fox the jumps the compress over,45.72936260349927,SYNTHETIC_ROBUSTNESS
458,lazy dog dog fox fox stream fox brown lazy jumps lazy data fox jumps over the compress lazy quick dog data dog lazy brown dogaaa,45.76950900848963,SYNTHETIC_ROBUSTNESS
459,quick quick the dog the stream the data quick stream stream dog jumps data data lazy the fox brown over the data quick the lazya,45.77176440523275,SYNTHETIC_ROBUSTNESS
460,compress brown brown over over the data stream lazy dog dog quick data quick jumps over compress stream jumps compress data quic,46.01428680649951,SYNTHETIC_ROBUSTNESS
461,dog jumps brown fox quick jumps jumps quick the the compress brown stream dog lazy compress compress the brown data data quick c,46.13697308412453,SYNTHETIC_ROBUSTNESS
462,stream data lazy data over data data compress over the the data the quick over jumps stream fox jumps quick compress stream stre,46.18303945945414,SYNTHETIC_ROBUSTNESS
463,data the stream over brown brown data compress data dog the the jumps compress the quick quick the dog compress jumps dog brown ,46.23043365013109,SYNTHETIC_ROBUSTNESS
464,brown stream the the quick compress stream dog quick data quick over lazy dog dog compress fox dog over dog data data lazy the d,46.33255513538033,SYNTHETIC_ROBUSTNESS
465,lazy over stream quick brown lazy the data over jumps quick stream data quick over compress stream over lazy stream quick fox ov,46.34194756297712,SYNTHETIC_ROBUSTNESS
466,the jumps dog quick jumps compress data the stream compress over data lazy stream jumps fox over dog jumps data over lazy dog th,46.357618632021435,SYNTHETIC_ROBUSTNESS
467,the stream lazy data jumps brown quick dog quick jumps dog fox quick data dog the data dog quick dog quick quick data over dogaa,46.54549701878258,SYNTHETIC_ROBUSTNESS
468,brown quick over fox jumps lazy dog compress jumps compress jumps fox the lazy jumps data stream fox the stream the the brown ju,46.56810092848479,SYNTHETIC_ROBUSTNESS
469,fox stream fox dog lazy brown dog the dog over data stream lazy brown compress jumps jumps compress brown quick the over stream ,46.69780715282356,SYNTHETIC_ROBUSTNESS
470,stream over over lazy data over lazy stream the quick dog lazy fox data the jumps quick dog stream dog compress the lazy over la,46.72340003185285,SYNTHETIC_ROBUSTNESS
471,over quick jumps fox the compress lazy compress brown lazy jumps stream the the dog jumps lazy data dog the compress dog data la,46.732627605582806,SYNTHETIC_ROBUSTNESS
472,over jumps fox fox dog lazy the data over the lazy jumps the brown quick data data dog lazy fox stream quick over brown quickaaa,46.962918483395164,SYNTHETIC_ROBUSTNESS
473,stream brown over over compress jumps the fox data data stream the brown data compress lazy jumps fox dog compress dog dog lazy ,47.19486392489588,SYNTHETIC_ROBUSTNESS
474,stream lazy quick compress dog lazy the the compress dog jumps stream fox quick compress over over quick brown compress quick ju,47.287829868919175,SYNTHETIC_ROBUSTNESS
475,the quick fox stream over fox lazy compress compress over over jumps the jumps jumps jumps the brown data fox brown dog stream b,47.34982583178079,SYNTHETIC_ROBUSTNESS
476,the compress the dog stream jumps over dog dog dog dog over quick data quick jumps data dog lazy dog the compress fox dog browna,47.430291806003616,SYNTHETIC_ROBUSTNESS
477,the compress data stream quick over the quick fox brown fox brown over lazy data quick stream brown over jumps dog compress brow,47.48273819751486,SYNTHETIC_ROBUSTNESS
478,data lazy fox brown lazy lazy brown data stream stream jumps quick quick dog jumps quick brown data dog brown jumps brown lazy q,47.62427946534928,SYNTHETIC_ROBUSTNESS
479,quick compress over data jumps jumps lazy over fox data data dog lazy dog the fox over compress jumps brown fox over the quick l,47.76475002944948,SYNTHETIC_ROBUSTNESS
480,brown over compress the dog dog lazy fox fox quick fox stream the quick quick brown quick quick brown over data fox fox over com,47.93566458951814,SYNTHETIC_ROBUSTNESS
481,lazy over dog over lazy lazy lazy quick stream lazy compress fox dog stream stream lazy over data lazy over fox compress stream ,48.009672972540606,SYNTHETIC_ROBUSTNESS
482,dog lazy jumps jumps dog lazy jumps compress data stream stream quick brown data quick lazy dog over compress quick stream over ,48.17128995544643,SYNTHETIC_ROBUSTNESS
483,jumps lazy quick stream compress quick the dog data data fox lazy compress quick quick over over brown brown the stream dog lazy,48.18821689778857,SYNTHETIC_ROBUSTNESS
484,stream the the data fox quick quick compress data data compress over jumps brown data fox brown stream brown jumps quick over la,48.1912767091813,SYNTHETIC_ROBUSTNESS
485,lazy compress brown quick fox lazy data jumps over fox brown dog stream fox over the dog jumps dog brown over the the compress t,48.29570419128005,SYNTHETIC_ROBUSTNESS
486,compress lazy over over fox jumps quick brown dog brown lazy over lazy jumps compress lazy brown data compress compress data bro,48.306850547855625,SYNTHETIC_ROBUSTNESS
487,brown dog brown brown data compress stream fox brown lazy jumps compress over jumps compress lazy brown fox the lazy the fox ove,48.38685029752726,SYNTHETIC_ROBUSTNESS
488,lazy jumps quick dog fox compress lazy jumps compress compress over data compress stream brown stream brown dog compress fox com,48.51454944401432,SYNTHETIC_ROBUSTNESS
489,fox compress brown lazy fox brown quick over over jumps over dog dog compress dog jumps fox brown dog brown quick brown dog jump,48.56681993882238,SYNTHETIC_ROBUSTNESS
490,fox fox jumps data lazy compress jumps compress brown stream fox jumps over jumps compress data data lazy fox over brown lazy do,48.57130636168019,SYNTHETIC_ROBUSTNESS
491,quick compress data brown brown the brown stream the quick brown over brown compress brown the the fox compress stream dog the c,48.78945945881917,SYNTHETIC_ROBUSTNESS
492,jumps data the brown data compress brown data brown quick over fox compress jumps lazy dog quick the jumps quick brown jumps str,48.79388025605155,SYNTHETIC_ROBUSTNESS
493,data stream brown lazy quick quick fox dog quick compress stream jumps brown brown fox lazy stream the stream over the stream fo,49.02900791759827,SYNTHETIC_ROBUSTNESS
494,lazy lazy lazy lazy fox data the fox dog quick data dog the compress compress jumps data the data dog fox the stream compress ju,49.0344145351175,SYNTHETIC_ROBUSTNESS
495,lazy lazy jumps quick lazy stream quick data compress quick jumps brown compress the over quick stream jumps the jumps stream fo,49.16727728663872,SYNTHETIC_ROBUSTNESS
496,jumps data over quick brown jumps compress over quick jumps over data jumps compress quick dog dog over lazy stream brown dog ov,49.426099894591516,SYNTHETIC_ROBUSTNESS
497,brown data brown data fox brown brown the jumps dog stream dog jumps compress the stream brown the stream jumps compress compres,49.66359430735117,SYNTHETIC_ROBUSTNESS
498,brown over stream the brown fox brown data dog data fox dog over quick compress data lazy stream compress the dog data the the s,49.8874473273563,SYNTHETIC_ROBUSTNESS
499,data dog brown data dog the data over fox dog over quick data stream the compress data stream jumps compress compress quick brow,50.10207268368803,SYNTHETIC_ROBUSTNESS
500,over jumps stream fox stream quick fox dog fox lazy fox dog brown the fox brown fox lazy brown compress lazy the brown brown bro,50.17349132600905,SYNTHETIC_ROBUSTNESS
501,compress jumps brown fox dog over over quick jumps jumps brown stream dog the stream quick dog quick brown lazy stream compress ,50.25506594360322,SYNTHETIC_ROBUSTNESS
502,stream the lazy the compress the data the stream fox quick fox jumps data dog compress dog dog brown dog jumps data lazy over la,50.35175002471261,SYNTHETIC_ROBUSTNESS
503,jumps over jumps fox jumps compress dog the lazy the compress lazy brown brown dog stream quick lazy fox quick jumps dog brown o,50.5780368584332,SYNTHETIC_ROBUSTNESS
504,fox quick jumps dog dog lazy data the fox stream compress quick quick over quick compress jumps over jumps over stream fox the f,50.76015182629168,SYNTHETIC_ROBUSTNESS
505,lazy data over stream fox over brown brown over dog lazy fox compress data stream jumps fox jumps jumps data fox quick jumps dog,50.91292774231822,SYNTHETIC_ROBUSTNESS
506,dog brown dog over data fox brown the fox lazy the data compress jumps dog fox lazy the stream quick brown dog quick jumps dataa,51.025543833428486,SYNTHETIC_ROBUSTNESS
507,lazy dog data over brown stream jumps the the over dog over over lazy dog lazy data brown stream brown over over jumps data thea,51.12187780173363,SYNTHETIC_ROBUSTNESS
508,compress quick over stream the brown lazy quick fox fox quick jumps jumps fox lazy compress stream jumps brown stream stream dat,51.37758277973265,SYNTHETIC_ROBUSTNESS
509,jumps stream compress dog stream fox over stream the fox dog brown fox quick stream lazy dog fox quick data stream brown lazy la,51.39898185972594,SYNTHETIC_ROBUSTNESS
510,compress stream data compress dog data jumps compress the the the brown over dog over quick data data quick quick lazy quick dog,51.42039095029271,SYNTHETIC_ROBUSTNESS
511,dog brown stream the the over brown fox brown stream fox dog compress the over brown lazy brown compress lazy fox data fox the l,51.824772421999164,SYNTHETIC_ROBUSTNESS
512,brown data stream jumps brown dog stream stream lazy compress dog over stream quick lazy the stream data fox stream brown jumps ,51.90532767461633,SYNTHETIC_ROBUSTNESS
513,the over lazy data lazy jumps data lazy dog stream compress jumps brown over lazy over over fox quick stream compress data over ,51.97137130753423,SYNTHETIC_ROBUSTNESS
514,compress stream jumps brown over lazy over jumps lazy stream jumps data dog jumps the lazy jumps fox data dog over lazy jumps la,52.16148101237793,SYNTHETIC_ROBUSTNESS
515,compress lazy compress data brown fox dog dog dog jumps compress the fox fox fox fox fox over jumps dog the lazy compress jumps ,52.3510384122876,SYNTHETIC_ROBUSTNESS
516,the over compress data jumps brown jumps the dog quick the fox brown brown brown jumps fox lazy data jumps quick the lazy fox do,52.370469488345236,SYNTHETIC_ROBUSTNESS
517,compress over compress stream the data dog the brown data lazy compress over compress compress data data fox brown over dog lazy,52.389533773470305,SYNTHETIC_ROBUSTNESS
518,quick over data brown brown compress over jumps dog quick the fox lazy fox fox over over stream jumps jumps compress over brown ,52.54813754062038,SYNTHETIC_ROBUSTNESS
519,data jumps over fox stream data lazy brown stream brown dog stream jumps quick fox over compress fox stream the dog over quick c,52.702143853678564,SYNTHETIC_ROBUSTNESS
520,dog lazy data compress brown the compress stream lazy quick the compress quick brown data jumps brown stream quick jumps fox dog,52.72765717027728,SYNTHETIC_ROBUSTNESS
521,brown brown compress brown dog brown data fox over fox data quick the quick brown over lazy brown compress compress dog data the,52.91186363415436,SYNTHETIC_ROBUSTNESS
522,compress over compress fox data dog fox jumps stream dog lazy fox data dog lazy dog fox over the quick quick the dog brown foxaa,52.97726611412912,SYNTHETIC_ROBUSTNESS
523,jumps stream over quick dog lazy fox data the the lazy over stream dog fox lazy jumps jumps lazy data lazy quick compress jumps ,53.040751887558606,SYNTHETIC_ROBUSTNESS
524,the quick data fox quick jumps jumps jumps the compress brown over lazy the stream compress compress fox dog over dog over quick,53.46545666734628,SYNTHETIC_ROBUSTNESS
525,stream lazy compress lazy brown over over fox the over brown data brown fox compress fox stream stream brown data compress strea,53.53869009286324,SYNTHETIC_ROBUSTNESS
526,data lazy data compress over the stream the compress the data jumps quick lazy lazy the dog the jumps lazy data stream brown qui,53.55342941002595,SYNTHETIC_ROBUSTNESS
527,quick data over over over compress quick jumps dog quick lazy over fox jumps the quick jumps over quick compress jumps jumps str,53.5863014607851,SYNTHETIC_ROBUSTNESS
528,brown compress dog quick quick brown compress quick data data over fox dog quick stream jumps compress dog jumps brown over quic,53.62690030254813,SYNTHETIC_ROBUSTNESS
529,stream jumps over compress data dog stream quick fox brown jumps dog data dog brown lazy the jumps lazy quick compress lazy lazy,53.94502685174431,SYNTHETIC_ROBUSTNESS
530,compress lazy over brown compress over brown compress lazy data lazy data stream dog lazy data over over quick jumps stream dog ,53.97568444726843,SYNTHETIC_ROBUSTNESS
531,brown fox lazy quick fox stream jumps data the jumps brown over data dog dog compress jumps stream data stream the data over com,54.03196705519642,SYNTHETIC_ROBUSTNESS
532,the over over data lazy quick compress jumps brown dog compress data jumps jumps lazy stream fox over brown quick the data brown,54.17045081725583,SYNTHETIC_ROBUSTNESS
533,data dog fox data fox stream quick quick dog stream brown data brown brown stream the fox jumps lazy over the jumps brown compre,54.20248461020834,SYNTHETIC_ROBUSTNESS
534,quick fox fox brown over quick jumps dog quick data brown jumps lazy over fox stream stream quick dog fox lazy the data the over,54.32343074516724,SYNTHETIC_ROBUSTNESS
535,compress stream dog compress lazy lazy quick the over jumps data fox brown over stream over quick fox compress quick jumps lazy ,54.346689242875414,SYNTHETIC_ROBUSTNESS
536,over jumps stream stream quick over lazy the fox quick fox jumps brown the compress fox brown stream compress data fox dog over ,54.37446472410472,SYNTHETIC_ROBUSTNESS
537,brown quick quick the compress brown over jumps stream fox jumps jumps stream fox data the over the brown lazy fox data brown fo,54.80373406043173,SYNTHETIC_ROBUSTNESS
538,stream stream fox compress lazy over fox data data compress the over jumps stream quick over quick compress data jumps compress ,54.84977019252342,SYNTHETIC_ROBUSTNESS
539,jumps fox stream jumps quick lazy lazy brown dog the stream the data stream over stream quick lazy brown fox fox brown compress ,54.980587338568995,SYNTHETIC_ROBUSTNESS
540,brown jumps lazy lazy fox over fox brown dog compress jumps lazy quick stream fox brown over fox brown fox brown fox data quick ,55.16388492830947,SYNTHETIC_ROBUSTNESS
541,brown quick quick stream stream data stream stream data compress quick quick jumps over compress compress the lazy lazy lazy the,55.20648012959267,SYNTHETIC_ROBUSTNESS
542,fox over quick data fox dog compress compress the over fox the stream stream data dog stream fox stream over dog data lazy dog b,55.25066754957255,SYNTHETIC_ROBUSTNESS
543,brown data fox data stream the dog stream the data over fox compress over lazy dog fox compress stream data compress the lazy br,55.39898705265836,SYNTHETIC_ROBUSTNESS
544,compress quick data over data brown the over the the lazy compress fox jumps fox over brown fox quick jumps lazy dog lazy compre,55.492381961420826,SYNTHETIC_ROBUSTNESS
545,dog data data jumps fox stream brown jumps dog brown brown data compress dog brown compress fox lazy stream brown stream the str,55.53728478400076,SYNTHETIC_ROBUSTNESS
546,stream quick compress the jumps compress dog data compress lazy over data brown jumps compress lazy dog jumps brown jumps lazy l,55.67574079598428,SYNTHETIC_ROBUSTNESS
547,over stream the compress stream over compress stream the compress compress fox data jumps jumps dog jumps data lazy compress jum,55.8750341632944,SYNTHETIC_ROBUSTNESS
548,jumps compress brown the fox data quick dog brown over stream quick compress over over brown fox stream stream fox dog quick com,55.90182711250481,SYNTHETIC_ROBUSTNESS
549,the quick quick brown fox quick stream lazy brown fox over brown quick over fox stream stream the brown over jumps lazy brown qu,55.904292877549466,SYNTHETIC_ROBUSTNESS
550,brown fox brown over jumps dog brown compress over quick lazy fox quick quick compress fox stream brown data quick stream dog br,55.936333663109494,SYNTHETIC_ROBUSTNESS
551,fox the data data data fox jumps brown dog lazy quick dog fox compress fox compress data jumps compress fox jumps compress compr,56.04856976185194,SYNTHETIC_ROBUSTNESS
552,stream brown quick lazy quick brown fox stream brown lazy compress dog compress over over fox brown compress brown the over over,56.2953773719463,SYNTHETIC_ROBUSTNESS
553,stream lazy jumps compress fox over lazy compress brown data the dog quick the compress data fox stream brown data jumps compres,56.49420180603811,SYNTHETIC_ROBUSTNESS
554,brown jumps data jumps data compress over brown jumps quick over data stream the compress data fox brown brown the quick quick l,56.519326611805695,SYNTHETIC_ROBUSTNESS
555,jumps the quick data dog compress over over brown fox compress fox brown fox compress the jumps compress jumps dog fox lazy quic,56.73218993038026,SYNTHETIC_ROBUSTNESS
556,over compress dog stream brown over over over stream stream fox dog the quick data brown stream over brown the jumps dog over fo,56.898648910412575,SYNTHETIC_ROBUSTNESS
557,brown dog stream fox fox stream brown compress stream compress over fox stream brown quick over quick jumps brown brown jumps qu,57.031225654265064,SYNTHETIC_ROBUSTNESS
558,quick lazy over fox data the brown quick over over jumps over fox stream data dog compress brown compress the quick fox jumps la,57.14777360740096,SYNTHETIC_ROBUSTNESS
559,compress compress the quick dog quick compress compress the lazy lazy fox stream quick quick quick jumps lazy over over the dog ,57.3123280510564,SYNTHETIC_ROBUSTNESS
560,brown fox brown dog data the compress the stream stream jumps data brown lazy compress compress over dog jumps quick lazy compre,57.510182393991094,SYNTHETIC_ROBUSTNESS
561,lazy quick stream lazy the the lazy stream lazy dog compress over dog the jumps jumps jumps the stream data lazy data quick quic,57.68116982051805,SYNTHETIC_ROBUSTNESS
562,dog compress the jumps the over brown quick data brown lazy compress data brown jumps lazy lazy fox brown quick jumps over lazy ,57.694163417464594,SYNTHETIC_ROBUSTNESS
563,brown dog jumps jumps data over jumps the jumps lazy the dog quick fox stream jumps over brown over dog lazy quick fox jumps com,57.822232521892076,SYNTHETIC_ROBUSTNESS
564,stream lazy quick stream data over dog over stream compress brown over the lazy brown brown brown over fox the compress fox dog ,58.00630914665666,SYNTHETIC_ROBUSTNESS
565,over lazy dog brown over compress data dog quick over stream compress brown jumps over quick over stream the over brown the dog ,58.026852527368234,SYNTHETIC_ROBUSTNESS
566,fox the quick dog data stream over the jumps stream fox over data dog the brown over data brown lazy stream data compress fox qu,58.05090662162067,SYNTHETIC_ROBUSTNESS
567,brown the quick over brown the dog fox dog lazy stream stream compress the brown fox jumps dog fox quick jumps lazy quick data q,58.20507378899293,SYNTHETIC_ROBUSTNESS
568,compress lazy stream dog lazy data brown over the the lazy over brown lazy dog compress lazy jumps over dog over lazy compress j,58.24722244589677,SYNTHETIC_ROBUSTNESS
569,fox dog quick dog over lazy stream stream the compress fox data fox quick dog compress lazy stream dog lazy over brown dog over ,58.29825518819018,SYNTHETIC_ROBUSTNESS
570,compress data jumps lazy compress compress over brown brown compress data quick quick data brown compress dog data quick data ju,58.34560163369457,SYNTHETIC_ROBUSTNESS
571,data quick data stream the the brown lazy quick over lazy data fox quick jumps fox lazy quick compress stream quick dog quick qu,58.369533055755326,SYNTHETIC_ROBUSTNESS
572,over quick compress quick data brown the brown brown fox dog jumps compress fox the dog lazy quick over lazy brown brown lazy da,58.64888453879537,SYNTHETIC_ROBUSTNESS
573,over data stream lazy over lazy quick dog dog brown fox over quick data fox fox jumps brown fox quick jumps over brown quick jum,58.81280209594019,SYNTHETIC_ROBUSTNESS
574,the compress jumps dog brown fox the compress data over the over brown over over stream brown fox over fox compress the lazy str,58.84164220998002,SYNTHETIC_ROBUSTNESS
575,lazy the over over the over stream brown quick compress stream compress compress the dog stream fox compress lazy brown lazy fox,58.85285691179783,SYNTHETIC_ROBUSTNESS
576,stream lazy data compress lazy the the brown brown brown lazy quick quick over compress data data jumps jumps data fox lazy jump,58.89947563440788,SYNTHETIC_ROBUSTNESS
577,compress quick data jumps compress jumps dog lazy brown data brown fox quick the dog stream compress fox over fox the quick fox ,58.95314271383214,SYNTHETIC_ROBUSTNESS
578,data brown the brown over brown brown brown brown brown the jumps stream jumps the data stream dog over over quick over over bro,58.95385445414551,SYNTHETIC_ROBUSTNESS
579,the compress over compress brown data lazy quick fox stream lazy compress over dog stream data over jumps over data over the the,59.17202594254475,SYNTHETIC_ROBUSTNESS
580,the data jumps fox the quick compress data brown the quick quick over compress quick jumps fox fox jumps jumps dog dog compress ,59.36259755073063,SYNTHETIC_ROBUSTNESS
581,jumps fox the quick stream fox quick compress the compress the dog lazy compress compress stream over the fox quick brown jumps ,59.552418467146396,SYNTHETIC_ROBUSTNESS
582,over over jumps fox quick brown jumps data quick compress compress dog fox compress compress over lazy fox fox fox brown jumps s,59.71630681506318,SYNTHETIC_ROBUSTNESS
583,stream data brown fox dog lazy data fox brown over stream fox jumps data jumps compress stream lazy quick quick data brown jumps,59.84840465109629,SYNTHETIC_ROBUSTNESS
584,over data the fox stream jumps brown jumps data the brown brown quick dog compress dog brown data the brown the data dog the laz,59.94905921355419,SYNTHETIC_ROBUSTNESS
585,stream stream lazy compress quick compress stream over fox over lazy jumps data the fox fox data quick stream over quick compres,60.27167256681043,SYNTHETIC_ROBUSTNESS
586,over jumps fox jumps brown dog over stream lazy data lazy quick dog brown lazy fox quick data stream the quick jumps the quick l,60.39605831156464,SYNTHETIC_ROBUSTNESS
587,stream fox quick the over brown quick data fox stream data quick fox lazy fox lazy the brown fox stream stream brown over jumps ,60.495549801105646,SYNTHETIC_ROBUSTNESS
588,jumps the lazy over brown quick fox stream over brown data quick quick dog compress data dog jumps data jumps jumps over dog the,60.651056653263716,SYNTHETIC_ROBUSTNESS
589,quick compress stream brown jumps fox data fox fox brown compress jumps dog data jumps lazy over jumps lazy data dog compress ju,60.67932827218334,SYNTHETIC_ROBUSTNESS
590,jumps stream stream brown the dog stream dog data quick stream compress stream quick dog compress lazy data jumps quick brown fo,61.02089503742777,SYNTHETIC_ROBUSTNESS
591,the fox lazy data fox dog jumps jumps brown fox data over brown over brown the data lazy brown data over dog fox data streamaaaa,61.02282983211877,SYNTHETIC_ROBUSTNESS
592,lazy jumps fox fox stream dog fox brown compress brown dog stream data stream dog lazy brown quick compress brown compress data ,61.12735735712382,SYNTHETIC_ROBUSTNESS
593,dog over compress brown compress over stream brown data the brown dog the stream data quick the jumps stream data quick fox stre,61.13538016798991,SYNTHETIC_ROBUSTNESS
594,lazy dog over quick dog stream lazy compress fox jumps the compress the lazy compress data jumps jumps compress brown quick quic,61.327320750559316,SYNTHETIC_ROBUSTNESS
595,jumps over quick lazy fox lazy fox fox lazy the over lazy dog quick dog brown the quick data brown lazy data fox jumps overaaaaa,61.670404339065534,SYNTHETIC_ROBUSTNESS
596,stream data dog data compress stream lazy fox brown the compress over the stream brown fox compress data the quick data lazy the,61.72293242054214,SYNTHETIC_ROBUSTNESS
597,stream the data compress the the fox brown data compress jumps compress dog stream fox jumps stream over dog over jumps dog comp,61.9175387242401,SYNTHETIC_ROBUSTNESS
598,quick dog lazy stream fox data fox lazy quick the dog compress the over the lazy dog dog lazy over over the stream compress lazy,61.958444079822485,SYNTHETIC_ROBUSTNESS
599,the over fox brown the the compress stream dog fox data compress stream compress brown dog fox fox quick lazy quick quick dog da,61.975808454966824,SYNTHETIC_ROBUSTNESS
600,lazy stream the fox fox stream stream brown brown jumps brown stream the jumps dog quick jumps jumps dog lazy stream jumps brown,62.00819457907912,SYNTHETIC_ROBUSTNESS
601,the fox data jumps over data fox the data the compress the stream the jumps lazy brown stream the dog quick data data the dogaaa,62.044125558054205,SYNTHETIC_ROBUSTNESS
602,jumps data compress lazy quick the quick lazy fox lazy compress dog over brown lazy quick quick jumps dog data lazy compress jum,62.143731499280136,SYNTHETIC_ROBUSTNESS
603,brown brown compress dog over dog stream dog dog jumps data dog lazy quick the brown compress compress dog the data data over ju,62.30276762168963,SYNTHETIC_ROBUSTNESS
604,data over over jumps stream the dog the compress quick fox compress stream quick dog quick dog jumps stream data over jumps fox ,62.325736180499106,SYNTHETIC_ROBUSTNESS
605,data jumps brown compress jumps the stream brown the over quick stream over data fox fox stream stream jumps jumps compress comp,62.334970328477894,SYNTHETIC_ROBUSTNESS
606,over fox stream brown the jumps quick stream over compress lazy over data over over brown jumps over quick quick dog data brown ,62.36002846369435,SYNTHETIC_ROBUSTNESS
607,jumps data data compress compress fox over stream over dog dog stream data jumps brown stream brown fox over brown jumps compres,62.39520258040179,SYNTHETIC_ROBUSTNESS
608,data brown brown brown jumps stream fox compress data quick lazy quick lazy quick lazy data jumps stream fox over over fox brown,62.428027248744165,SYNTHETIC_ROBUSTNESS
609,stream the over brown dog jumps the fox the brown stream brown stream brown lazy compress lazy over quick quick stream fox data ,62.45286703427246,SYNTHETIC_ROBUSTNESS
610,the data the dog data stream stream stream fox jumps data jumps compress the compress jumps data stream brown brown stream lazy ,62.51560301681063,SYNTHETIC_ROBUSTNESS
611,fox compress data dog dog dog lazy fox fox fox lazy data brown quick jumps fox lazy quick data lazy data data quick the overaaaa,62.709385302134976,SYNTHETIC_ROBUSTNESS
612,stream data dog dog jumps quick compress fox jumps quick quick quick the jumps lazy the jumps quick brown quick data dog quick j,62.71996008337833,SYNTHETIC_ROBUSTNESS
613,lazy over the data over the quick the fox jumps stream data jumps fox quick compress compress jumps fox quick compress data lazy,62.9180320037356,SYNTHETIC_ROBUSTNESS
614,lazy the brown brown the fox dog compress quick stream stream fox the dog fox data over fox the brown jumps lazy over data dataa,62.98675019078204,SYNTHETIC_ROBUSTNESS
615,the brown data fox data brown compress fox over brown brown jumps stream jumps over over quick over lazy jumps compress jumps ju,63.09476890066796,SYNTHETIC_ROBUSTNESS
616,quick fox quick over compress over fox the stream over brown dog over stream lazy quick fox quick dog dog stream over data over ,63.26370748678797,SYNTHETIC_ROBUSTNESS
617,stream quick over fox fox data jumps the dog brown dog jumps compress over fox the brown over data brown jumps lazy data lazy da,63.29999503290314,SYNTHETIC_ROBUSTNESS
618,jumps brown over compress stream quick compress jumps brown lazy fox dog fox fox lazy stream jumps over jumps fox fox jumps stre,63.60841773747108,SYNTHETIC_ROBUSTNESS
619,quick dog over over quick brown stream lazy data fox jumps stream dog data data data over compress quick jumps fox dog jumps laz,63.617162841192034,SYNTHETIC_ROBUSTNESS
620,over stream over compress dog the dog over fox the jumps stream fox the fox brown fox lazy over data brown dog stream dog jumpsa,63.69216982696381,SYNTHETIC_ROBUSTNESS
621,stream the brown over quick over lazy over compress stream over fox over dog fox the quick data dog quick brown data over over f,63.721580543056675,SYNTHETIC_ROBUSTNESS
622,the jumps the jumps compress stream the compress jumps dog compress the data stream brown stream quick over fox brown lazy the c,63.77399633649298,SYNTHETIC_ROBUSTNESS
623,brown dog compress brown stream data over jumps the stream compress jumps fox data data data stream the stream dog over lazy fox,63.83357372739862,SYNTHETIC_ROBUSTNESS
624,over the brown lazy jumps lazy quick fox over lazy quick fox compress data dog fox lazy fox compress data quick over stream stre,64.07951132989288,SYNTHETIC_ROBUSTNESS
625,dog over lazy brown lazy jumps compress dog compress fox data fox over jumps stream fox jumps stream compress jumps the data dog,64.13777599389744,SYNTHETIC_ROBUSTNESS
626,lazy lazy brown stream stream the data dog stream lazy the compress jumps compress compress quick brown the dog the compress dog,64.25749155988804,SYNTHETIC_ROBUSTNESS
627,dog brown quick compress over stream stream lazy quick data data the jumps compress dog quick lazy brown quick stream jumps over,64.56065480931714,SYNTHETIC_ROBUSTNESS
628,data over over brown quick over over lazy dog over stream dog stream the quick brown jumps the jumps quick compress jumps lazy q,64.62888197892869,SYNTHETIC_ROBUSTNESS
629,data jumps over stream stream stream quick over brown over lazy brown dog jumps compress fox jumps brown stream quick data brown,64.68135920988885,SYNTHETIC_ROBUSTNESS
630,brown jumps lazy compress stream compress jumps stream brown lazy jumps over the the quick quick stream over over data data quic,65.04243424295969,SYNTHETIC_ROBUSTNESS
631,lazy compress the data lazy jumps over stream the compress data data jumps brown brown quick lazy dog compress dog over brown ov,65.21827233426652,SYNTHETIC_ROBUSTNESS
632,data lazy compress brown dog the compress over dog jumps brown brown stream data jumps lazy stream stream quick dog fox stream j,65.49923563412398,SYNTHETIC_ROBUSTNESS
633,dog dog dog jumps the stream compress brown dog data quick over stream data quick stream data data data fox compress brown quick,65.54985680036093,SYNTHETIC_ROBUSTNESS
634,the jumps data stream over over over lazy brown compress lazy brown lazy brown data data over fox over the quick jumps jumps str,65.66903632251226,SYNTHETIC_ROBUSTNESS
635,dog data dog fox the dog compress dog quick over over data over dog the compress stream dog over fox compress data the quick the,65.6977526197987,SYNTHETIC_ROBUSTNESS
636,lazy data over brown over fox stream fox brown stream dog stream dog quick brown dog lazy data fox dog stream stream lazy over o,65.89861142664053,SYNTHETIC_ROBUSTNESS
637,data the brown over dog quick lazy over quick brown dog data stream fox lazy compress stream brown stream data lazy the over bro,66.16903593811183,SYNTHETIC_ROBUSTNESS
638,over compress quick over the over stream data jumps compress fox jumps compress data data data fox data quick over over dog over,66.20021517225182,SYNTHETIC_ROBUSTNESS
639,fox the stream quick brown lazy fox brown over stream jumps data brown jumps jumps quick stream fox dog compress jumps compress ,66.21130077634834,SYNTHETIC_ROBUSTNESS
640,the jumps over brown over dog jumps lazy stream quick jumps quick over jumps the compress lazy compress data compress lazy dog c,66.23370701691589,SYNTHETIC_ROBUSTNESS
641,data dog jumps lazy stream lazy data brown compress stream fox fox over compress the dog lazy data brown compress quick the quic,66.33390062948114,SYNTHETIC_ROBUSTNESS
642,data quick lazy fox lazy fox brown quick stream brown over over stream fox fox lazy compress the the the data dog dog compress b,66.36567123252861,SYNTHETIC_ROBUSTNESS
643,jumps jumps data compress compress brown dog jumps stream compress over data over dog the the fox stream quick quick fox dog the,66.46745122073578,SYNTHETIC_ROBUSTNESS
644,quick stream dog the over stream the quick quick brown lazy the jumps lazy quick stream lazy data data data over lazy compress o,66.5105585475613,SYNTHETIC_ROBUSTNESS
645,data data brown lazy stream over over quick data stream the jumps lazy quick compress quick over brown stream jumps stream lazy ,66.75925194915054,SYNTHETIC_ROBUSTNESS
646,jumps jumps jumps data compress the compress dog quick stream brown compress brown stream jumps fox stream brown dog data over l,66.81950907429392,SYNTHETIC_ROBUSTNESS
647,dog data stream lazy jumps quick quick stream fox the compress dog compress dog brown fox brown compress over jumps fox brown ov,66.88834931038853,SYNTHETIC_ROBUSTNESS
648,data the over dog stream data dog compress lazy data lazy brown dog jumps the over stream data the over brown data brown stream ,66.9311303462784,SYNTHETIC_ROBUSTNESS
649,lazy the the stream lazy stream stream compress brown compress the dog stream fox dog data lazy data data quick the dog compress,66.93871459948981,SYNTHETIC_ROBUSTNESS
650,over over jumps brown over compress lazy lazy quick fox brown over data stream data over compress jumps data stream data dog ove,67.00676459441398,SYNTHETIC_ROBUSTNESS
651,dog dog the lazy data the compress the fox over compress lazy over data brown dog over brown stream brown brown dog data dog jum,67.1556480146446,SYNTHETIC_ROBUSTNESS
652,over over quick dog data over the quick quick over jumps jumps the jumps lazy jumps over the the compress over fox data fox doga,67.4614401763541,SYNTHETIC_ROBUSTNESS
653,compress the quick compress stream over jumps dog quick stream dog the over dog data quick compress dog lazy the stream fox quic,67.46940681274334,SYNTHETIC_ROBUSTNESS
654,dog the over lazy brown dog compress over brown data the quick lazy fox the fox jumps fox over the quick lazy the brown streamaa,67.6290577605405,SYNTHETIC_ROBUSTNESS
655,data the fox brown stream stream the data compress jumps jumps fox the lazy stream lazy compress lazy over data quick jumps stre,67.66012710188417,SYNTHETIC_ROBUSTNESS
656,jumps compress lazy data brown lazy jumps compress the dog compress dog over dog brown quick brown the dog jumps data dog jumps ,67.83318442410093,SYNTHETIC_ROBUSTNESS
657,jumps lazy lazy brown stream jumps jumps over dog jumps brown fox quick data jumps the data over quick data jumps the lazy brown,67.87504152120809,SYNTHETIC_ROBUSTNESS
658,over lazy data stream stream stream brown jumps dog jumps over dog over the data brown fox fox over over fox jumps quick compres,67.88719426440639,SYNTHETIC_ROBUSTNESS
659,data lazy quick stream lazy quick the fox over compress quick fox over brown brown brown compress brown over compress over fox q,67.98187421228475,SYNTHETIC_ROBUSTNESS
660,stream compress quick fox jumps dog brown lazy dog over stream over over data dog fox dog compress fox dog compress brown stream,68.20621567336272,SYNTHETIC_ROBUSTNESS
661,dog compress fox brown the the lazy compress over fox lazy compress fox jumps brown the the dog compress dog over dog lazy jumps,68.22625471328946,SYNTHETIC_ROBUSTNESS
662,fox brown the jumps jumps over over data stream jumps fox the jumps fox brown dog dog brown lazy the fox over quick compress qui,68.22845933816043,SYNTHETIC_ROBUSTNESS
663,compress stream quick the brown fox over brown dog lazy over quick quick brown the stream lazy quick jumps lazy the jumps over t,68.44373950130966,SYNTHETIC_ROBUSTNESS
664,lazy lazy over quick quick fox quick brown the quick stream dog dog data quick dog quick jumps brown over over over fox brown fo,68.5634159252918,SYNTHETIC_ROBUSTNESS
665,compress compress stream jumps jumps stream the lazy jumps brown compress fox data data data the over stream brown over data str,68.72880516576664,SYNTHETIC_ROBUSTNESS
666,lazy compress the jumps compress the fox compress compress lazy stream jumps stream over the over jumps brown quick quick dog st,68.734975451893,SYNTHETIC_ROBUSTNESS
667,dog data quick data stream dog jumps brown dog dog fox lazy fox over lazy brown jumps over fox over jumps stream data stream ove,68.95611768637647,SYNTHETIC_ROBUSTNESS
668,stream lazy data over data dog the fox data dog jumps lazy brown brown jumps dog brown dog jumps dog quick fox jumps stream thea,69.0104449984446,SYNTHETIC_ROBUSTNESS
669,compress data compress stream over fox lazy jumps jumps data lazy the jumps dog the stream quick lazy jumps dog jumps quick fox ,69.23834862107604,SYNTHETIC_ROBUSTNESS
670,over dog brown quick jumps brown quick stream the quick brown quick lazy compress compress jumps jumps dog lazy jumps dog over q,69.2450614447763,SYNTHETIC_ROBUSTNESS
671,data over stream over fox brown brown lazy dog jumps lazy dog fox jumps jumps stream compress lazy lazy stream data dog jumps do,69.46117669478198,SYNTHETIC_ROBUSTNESS
672,dog fox dog brown data compress jumps the the over brown stream lazy jumps stream compress jumps quick the over compress over da,69.57307142154646,SYNTHETIC_ROBUSTNESS
673,data fox fox lazy the over dog quick stream brown jumps lazy over dog dog the fox lazy dog quick dog quick compress compress fox,69.6538752755384,SYNTHETIC_ROBUSTNESS
674,dog fox brown lazy lazy compress dog data stream data compress lazy fox compress quick fox lazy dog data lazy jumps the data jum,69.66025244500062,SYNTHETIC_ROBUSTNESS
675,lazy fox quick fox brown jumps brown dog the jumps brown over stream brown over brown brown the compress the quick over compress,69.77686156725518,SYNTHETIC_ROBUSTNESS
676,stream brown lazy fox data stream data dog fox compress brown quick quick quick quick brown quick compress compress compress qui,69.86793572611498,SYNTHETIC_ROBUSTNESS
677,the over over dog stream lazy dog jumps fox lazy data over dog quick brown the fox fox lazy data stream the fox quick compressaa,69.99750394464135,SYNTHETIC_ROBUSTNESS
678,lazy jumps lazy jumps over stream lazy jumps brown lazy the data over quick lazy brown data jumps the over lazy fox fox quick br,70.12363476517726,SYNTHETIC_ROBUSTNESS
679,jumps over compress fox quick the dog brown fox data fox data compress dog stream lazy lazy stream lazy jumps brown stream dog l,70.18228569145654,SYNTHETIC_ROBUSTNESS
680,stream stream lazy jumps the the fox quick dog data lazy brown jumps the brown compress over stream quick the fox fox brown fox ,70.2051869174804,SYNTHETIC_ROBUSTNESS
681,brown stream stream data jumps fox jumps compress dog jumps the data over the compress dog brown stream lazy lazy lazy dog brown,70.4564784258581,SYNTHETIC_ROBUSTNESS
682,brown fox the the fox quick stream quick over quick stream data jumps the lazy lazy compress brown the lazy dog quick fox fox st,70.71629436416421,SYNTHETIC_ROBUSTNESS
683,data the lazy stream jumps quick data jumps brown over lazy fox stream stream quick jumps jumps the the quick brown over stream ,70.74011136523714,SYNTHETIC_ROBUSTNESS
684,quick lazy stream compress data data brown brown fox fox fox fox brown lazy brown quick data the quick stream data over quick la,70.83971332048053,SYNTHETIC_ROBUSTNESS
685,quick dog the jumps stream stream dog fox lazy stream quick dog brown dog quick the stream stream lazy quick dog compress the br,70.8623871378966,SYNTHETIC_ROBUSTNESS
686,brown quick over the the compress dog stream dog stream over dog lazy data dog dog compress the dog jumps lazy stream dog brown ,71.05987692235452,SYNTHETIC_ROBUSTNESS
687,compress quick the stream fox lazy data dog brown fox brown fox quick quick jumps quick jumps lazy data dog jumps dog fox data d,71.07021465046103,SYNTHETIC_ROBUSTNESS
688,fox dog brown data fox dog compress fox stream jumps stream brown dog the lazy fox compress jumps fox dog jumps quick quick stre,71.53272521325043,SYNTHETIC_ROBUSTNESS
689,dog brown quick over quick dog brown the lazy compress dog quick stream jumps brown quick lazy over over compress quick fox jump,71.62710731538296,SYNTHETIC_ROBUSTNESS
690,fox quick jumps over compress brown compress data stream brown dog the quick stream data jumps quick jumps quick quick jumps bro,71.62942523048726,SYNTHETIC_ROBUSTNESS
691,the the quick brown dog dog over stream lazy the over fox quick brown stream fox brown the jumps fox the compress brown fox doga,71.8430504064502,SYNTHETIC_ROBUSTNESS
692,over brown compress jumps stream quick brown over brown quick jumps jumps over over jumps over dog compress data the stream dog ,71.95839681723223,SYNTHETIC_ROBUSTNESS
693,stream data lazy dog lazy the jumps jumps brown quick fox the stream the jumps quick lazy lazy fox fox jumps fox dog compress ju,72.07790550565792,SYNTHETIC_ROBUSTNESS
694,lazy dog fox over lazy data dog jumps quick dog data brown lazy the lazy lazy data fox compress over the compress quick data fox,72.1100683249105,SYNTHETIC_ROBUSTNESS
695,lazy stream brown dog stream data dog fox quick compress jumps quick dog over fox dog lazy quick compress over fox fox stream ju,72.15113564308366,SYNTHETIC_ROBUSTNESS
696,jumps jumps stream stream lazy over the compress over data dog brown compress quick dog data compress brown stream dog data over,72.39696290793394,SYNTHETIC_ROBUSTNESS
697,compress dog stream jumps the quick compress data the the lazy over data stream jumps lazy jumps compress stream brown over over,72.49773718926303,SYNTHETIC_ROBUSTNESS
698,over over quick brown dog quick the the over dog data data lazy fox the jumps compress the fox lazy compress the over the foxaaa,72.49944713968328,SYNTHETIC_ROBUSTNESS
699,stream dog compress quick stream stream dog over stream lazy compress brown jumps jumps stream fox jumps quick compress brown ju,72.53910862994117,SYNTHETIC_ROBUSTNESS
700,fox over jumps brown jumps jumps stream quick data data dog over data data jumps fox lazy jumps stream stream brown over compres,72.63037417216238,SYNTHETIC_ROBUSTNESS
701,stream dog compress dog the jumps jumps brown over lazy the compress lazy dog lazy dog jumps data quick fox lazy stream stream d,72.64639181290131,SYNTHETIC_ROBUSTNESS
702,quick lazy stream data dog quick brown jumps over brown over quick stream stream the over dog brown the quick fox quick data bro,72.65673816670132,SYNTHETIC_ROBUSTNESS
703,the quick the brown data quick data jumps dog brown the stream jumps data jumps brown brown dog brown fox lazy dog over compress,72.66286028866215,SYNTHETIC_ROBUSTNESS
704,brown compress data stream jumps stream quick quick data fox compress fox dog fox quick over quick brown dog dog over the fox th,72.76244232502673,SYNTHETIC_ROBUSTNESS
705,data lazy data data data fox over over brown lazy over brown fox the quick compress quick stream compress data brown dog brown f,72.8010964684492,SYNTHETIC_ROBUSTNESS
706,fox over fox the jumps fox fox quick quick the over lazy lazy stream data over lazy stream stream fox fox the jumps lazy brownaa,72.84788563946329,SYNTHETIC_ROBUSTNESS
707,compress stream fox jumps stream data jumps compress data brown lazy the data dog dog lazy lazy over lazy the lazy over quick da,72.85407747474382,SYNTHETIC_ROBUSTNESS
708,brown data stream brown the the stream lazy jumps fox fox stream stream over stream compress quick data the fox lazy compress th,72.98802573747994,SYNTHETIC_ROBUSTNESS
709,brown lazy jumps jumps dog fox lazy stream compress dog compress the stream lazy data fox the fox compress stream quick quick br,73.13359309130935,SYNTHETIC_ROBUSTNESS
710,brown quick jumps data the brown quick dog jumps quick stream lazy brown compress fox fox quick brown fox data brown the brown o,73.31045729924317,SYNTHETIC_ROBUSTNESS
711,the lazy data lazy compress brown the lazy stream dog compress dog brown fox jumps fox compress fox quick jumps dog over fox jum,73.41591588643264,SYNTHETIC_ROBUSTNESS
712,fox the compress the quick over compress brown dog fox quick jumps the brown compress data over lazy compress compress compress ,73.56432361807914,SYNTHETIC_ROBUSTNESS
713,brown stream fox dog quick data stream dog data the compress brown jumps compress the compress jumps compress quick lazy stream ,73.6504154674304,SYNTHETIC_ROBUSTNESS
714,data data over fox lazy stream over stream quick stream data data lazy the data the stream stream brown dog over compress compre,73.71807143132564,SYNTHETIC_ROBUSTNESS
715,stream over lazy brown over compress over lazy dog lazy compress dog fox the over compress jumps lazy stream over quick compress,73.74815661151428,SYNTHETIC_ROBUSTNESS
716,lazy lazy stream data lazy stream stream the over brown over the data compress over compress quick compress fox brown over quick,73.75364210387555,SYNTHETIC_ROBUSTNESS
717,fox quick over stream compress dog over dog stream data brown quick the quick over over the lazy over stream brown quick quick l,73.788148079609,SYNTHETIC_ROBUSTNESS
718,data dog data dog lazy quick over jumps stream compress data dog over compress data quick dog data data dog dog fox data dog ove,73.9032311690874,SYNTHETIC_ROBUSTNESS
719,data compress dog quick fox lazy lazy data quick jumps data compress brown compress over the fox brown data quick dog lazy brown,74.16473487120307,SYNTHETIC_ROBUSTNESS
720,compress fox jumps compress quick over stream jumps jumps brown quick the compress stream the quick compress brown the data quic,74.19433502637574,SYNTHETIC_ROBUSTNESS
721,the brown dog compress quick over the lazy lazy brown stream jumps dog compress jumps the the brown dog fox dog quick stream laz,74.30515558624673,SYNTHETIC_ROBUSTNESS
722,jumps the dog stream stream dog jumps jumps jumps brown quick jumps dog stream quick quick lazy dog compress fox data brown fox ,74.37021123351914,SYNTHETIC_ROBUSTNESS
723,the brown over lazy the jumps compress stream fox quick data stream lazy jumps compress over the stream over stream stream lazy ,74.46897605659048,SYNTHETIC_ROBUSTNESS
724,dog fox the jumps compress fox over the dog lazy quick over compress dog lazy compress dog dog jumps the quick fox data quick co,74.46913837254195,SYNTHETIC_ROBUSTNESS
725,data brown stream brown data stream the fox brown over the over dog over the stream the quick compress lazy over quick fox fox q,74.4822236556707,SYNTHETIC_ROBUSTNESS
726,fox the fox jumps over over brown over compress brown dog data over fox jumps over stream lazy the over dog the lazy the lazyaaa,74.50668861181262,SYNTHETIC_ROBUSTNESS
727,data data the jumps dog lazy brown compress the stream dog over the brown lazy data quick quick brown stream brown lazy brown br,74.73060382427305,SYNTHETIC_ROBUSTNESS
728,lazy dog lazy quick jumps fox the lazy data quick quick compress fox compress quick over brown jumps brown data stream compress ,74.73474100271861,SYNTHETIC_ROBUSTNESS
729,fox brown brown data brown jumps lazy data data quick the fox compress quick compress fox fox brown over over brown stream data ,74.81905289776488,SYNTHETIC_ROBUSTNESS
730,stream jumps fox the lazy the lazy the the the stream brown the stream the over stream dog stream lazy stream data lazy data the,75.0830537194871,SYNTHETIC_ROBUSTNESS
731,stream over quick quick lazy over data jumps data over jumps the stream dog jumps stream data the quick brown the brown brown la,75.18862909276876,SYNTHETIC_ROBUSTNESS
732,quick dog quick dog stream jumps quick the the the brown fox quick dog stream jumps brown fox lazy quick brown compress over dog,75.25487229308717,SYNTHETIC_ROBUSTNESS
733,data jumps compress dog over stream stream compress dog jumps quick the the dog dog the lazy dog stream jumps fox over compress ,75.30364698933974,SYNTHETIC_ROBUSTNESS
734,compress data over stream brown the quick the over over quick over dog compress brown jumps lazy quick data compress brown jumps,75.40151552643636,SYNTHETIC_ROBUSTNESS
735,over the the the data dog dog dog dog brown compress quick data jumps stream data the compress brown lazy compress quick lazy ju,75.46698226803748,SYNTHETIC_ROBUSTNESS
736,quick lazy quick lazy fox quick brown stream the quick quick brown jumps brown jumps dog dog dog dog compress dog lazy lazy data,75.58919999953999,SYNTHETIC_ROBUSTNESS
737,the fox jumps lazy compress compress over fox compress stream fox stream compress dog stream dog jumps lazy jumps dog dog brown ,75.6853744735972,SYNTHETIC_ROBUSTNESS
738,data brown over the lazy the the dog compress compress lazy fox dog brown jumps data compress brown data the dog lazy stream jum,75.76917065628568,SYNTHETIC_ROBUSTNESS
739,over jumps jumps data fox jumps brown the fox brown fox dog fox lazy lazy compress fox the over quick fox dog data brown compres,76.08338616075147,SYNTHETIC_ROBUSTNESS
740,jumps over brown brown data data brown lazy quick data jumps over over dog over quick the data data compress fox lazy stream bro,76.26398737221407,SYNTHETIC_ROBUSTNESS
741,dog brown brown stream data jumps dog jumps over brown dog over fox brown over fox over the stream over the quick jumps lazy ove,76.3578558184536,SYNTHETIC_ROBUSTNESS
742,jumps the fox brown dog stream quick lazy data the stream lazy the data the dog quick stream lazy the compress data stream dog c,76.43521569845005,SYNTHETIC_ROBUSTNESS
743,fox jumps over over the lazy data data over stream stream the dog compress jumps jumps dog dog dog stream stream dog fox quick o,76.56393075998372,SYNTHETIC_ROBUSTNESS
744,dog fox dog brown brown lazy brown lazy quick stream fox brown over fox stream compress quick data fox dog fox dog quick over da,76.72685173989903,SYNTHETIC_ROBUSTNESS
745,fox compress compress lazy brown compress compress data jumps quick dog data quick fox fox fox dog fox data jumps the the lazy t,76.76184112246783,SYNTHETIC_ROBUSTNESS
746,stream stream quick jumps compress data over compress stream jumps data stream compress jumps quick quick fox data lazy fox brow,76.87178654163935,SYNTHETIC_ROBUSTNESS
747,dog fox dog quick lazy the quick jumps the brown dog jumps stream stream data over stream brown jumps compress stream over over ,76.88630697485792,SYNTHETIC_ROBUSTNESS
748,over jumps stream stream brown dog jumps the stream brown stream stream brown lazy fox lazy lazy quick lazy compress jumps lazy ,76.94259807768262,SYNTHETIC_ROBUSTNESS
749,data brown quick over quick stream dog dog data stream over the quick over lazy dog the brown the stream lazy jumps brown fox th,77.22136671965488,SYNTHETIC_ROBUSTNESS
750,fox stream the dog lazy stream dog the jumps quick brown data fox lazy lazy jumps dog the compress dog lazy lazy brown jumps laz,77.26086366119107,SYNTHETIC_ROBUSTNESS
751,compress dog fox brown jumps over stream over brown brown data jumps dog the brown dog compress lazy data stream jumps brown jum,77.27761503581112,SYNTHETIC_ROBUSTNESS
752,data brown fox stream stream brown over lazy dog dog dog jumps stream fox the dog quick the quick data fox brown compress quick ,77.29341452510931,SYNTHETIC_ROBUSTNESS
753,jumps lazy compress jumps brown over quick data quick lazy jumps dog brown compress dog data stream stream quick over the quick ,77.3434572740193,SYNTHETIC_ROBUSTNESS
754,stream jumps jumps the over quick brown brown quick fox lazy brown brown data fox data fox the dog fox data dog over data stream,77.36896925195228,SYNTHETIC_ROBUSTNESS
755,the jumps over stream jumps compress lazy quick stream the over dog data fox lazy dog stream over fox stream over stream stream ,77.42464238784011,SYNTHETIC_ROBUSTNESS
756,data compress jumps the jumps over stream over fox dog the lazy data data the brown stream stream lazy compress lazy over brown ,77.55154178230126,SYNTHETIC_ROBUSTNESS
757,quick fox data data the data the fox jumps fox the brown quick fox the stream jumps over quick the compress stream fox fox brown,77.77061017252761,SYNTHETIC_ROBUSTNESS
758,compress stream stream stream compress over stream lazy brown fox jumps brown data brown the over jumps brown dog dog over compr,77.78228226730228,SYNTHETIC_ROBUSTNESS
759,dog compress lazy quick the over brown compress data the dog stream compress brown dog jumps data lazy the dog compress jumps da,77.92856018262447,SYNTHETIC_ROBUSTNESS
760,lazy fox jumps dog compress jumps fox quick fox quick dog data quick jumps brown compress the lazy fox dog quick quick stream br,77.93948368208375,SYNTHETIC_ROBUSTNESS
761,brown lazy lazy brown brown data brown stream quick data fox quick brown lazy the data quick stream stream fox dog dog jumps qui,77.98719605737861,SYNTHETIC_ROBUSTNESS
762,over data quick stream jumps data jumps stream jumps over stream fox fox dog over brown lazy jumps data compress fox over dog ju,78.55407830117916,SYNTHETIC_ROBUSTNESS
763,compress dog compress quick jumps fox stream over the quick data jumps quick jumps the compress stream stream brown dog data bro,78.56119329268343,SYNTHETIC_ROBUSTNESS
764,dog lazy brown fox data jumps fox brown stream dog compress lazy quick stream quick dog dog jumps lazy compress compress fox dog,78.56350797937645,SYNTHETIC_ROBUSTNESS
765,lazy data stream quick lazy jumps compress the quick lazy the the brown fox lazy quick quick the jumps compress fox stream fox f,78.60410180139289,SYNTHETIC_ROBUSTNESS
766,brown data over data data jumps fox dog data over fox jumps quick dog the quick jumps stream dog dog dog the brown brown overaaa,78.90594219410116,SYNTHETIC_ROBUSTNESS
767,dog dog fox dog data lazy lazy compress data data compress lazy compress compress data stream dog dog quick over over over the t,78.90796638272025,SYNTHETIC_ROBUSTNESS
768,stream lazy lazy over fox jumps compress quick over brown fox lazy over lazy compress brown lazy fox brown fox over compress fox,78.93316075418771,SYNTHETIC_ROBUSTNESS
769,quick compress over stream brown quick dog the brown jumps quick brown the dog dog lazy jumps fox stream jumps lazy brown stream,79.02558356700084,SYNTHETIC_ROBUSTNESS
770,compress jumps quick fox compress stream dog stream jumps compress dog compress stream fox dog the dog over quick jumps compress,79.0522086826385,SYNTHETIC_ROBUSTNESS
771,data stream data jumps lazy data dog data data lazy jumps quick fox the dog stream fox lazy fox fox stream brown quick jumps jum,79.05773961889311,SYNTHETIC_ROBUSTNESS
772,quick lazy the compress compress dog fox dog data lazy jumps brown fox stream jumps the data stream brown jumps over stream stre,79.0631266172939,SYNTHETIC_ROBUSTNESS
773,compress quick fox quick compress quick compress dog lazy compress jumps lazy lazy lazy the jumps the quick stream the data dog ,79.1450337964776,SYNTHETIC_ROBUSTNESS
774,jumps over over stream compress over over dog the fox compress brown compress over compress lazy quick the dog compress data dog,79.22756321473366,SYNTHETIC_ROBUSTNESS
775,jumps data dog jumps stream jumps jumps fox over dog stream fox quick jumps quick stream fox quick brown jumps quick brown data ,79.3501420581771,SYNTHETIC_ROBUSTNESS
776,over data brown over lazy fox dog jumps brown jumps stream fox jumps compress compress compress over dog dog compress the dog qu,79.36426859550673,SYNTHETIC_ROBUSTNESS
777,jumps over dog fox dog lazy over data jumps stream brown data jumps dog stream lazy the brown quick quick stream the data compre,79.43355365654904,SYNTHETIC_ROBUSTNESS
778,data dog over jumps jumps quick compress lazy brown compress dog data the stream over over brown dog lazy compress stream jumps ,79.52542030375874,SYNTHETIC_ROBUSTNESS
779,fox the compress jumps brown brown data compress jumps the over fox over data brown quick over fox jumps lazy fox quick jumps ov,79.55057150175713,SYNTHETIC_ROBUSTNESS
780,brown compress stream quick compress jumps lazy lazy dog stream stream quick the over stream stream brown fox data over stream s,79.62983349071321,SYNTHETIC_ROBUSTNESS
781,jumps brown brown quick data data lazy fox jumps lazy lazy compress data fox jumps data jumps compress brown jumps fox quick bro,79.75301529566933,SYNTHETIC_ROBUSTNESS
782,quick jumps fox dog stream compress compress over compress compress dog jumps quick fox quick jumps fox quick fox compress the q,80.22231307453731,SYNTHETIC_ROBUSTNESS
783,fox the quick compress over stream brown jumps brown jumps quick data lazy stream dog quick brown brown compress quick lazy lazy,80.31305179936051,SYNTHETIC_ROBUSTNESS
784,compress the stream compress lazy over quick data compress data brown quick brown dog brown dog brown dog jumps over data dog th,80.5105172922137,SYNTHETIC_ROBUSTNESS
785,quick lazy fox the dog quick data compress lazy the data over brown compress jumps jumps lazy over over quick brown data over do,80.6898970964716,SYNTHETIC_ROBUSTNESS
786,data fox dog compress jumps lazy jumps data fox fox over the data the brown dog quick jumps lazy dog dog compress compress quick,80.97168398986462,SYNTHETIC_ROBUSTNESS
787,compress jumps data the stream dog lazy the fox jumps quick fox data jumps stream stream dog quick the dog fox stream jumps lazy,81.10007784027361,SYNTHETIC_ROBUSTNESS
788,the fox jumps compress over brown lazy lazy the jumps stream data fox quick over jumps data dog jumps brown data the stream jump,81.12404330315188,SYNTHETIC_ROBUSTNESS
789,over compress brown jumps brown stream jumps compress the the compress compress dog over lazy dog stream stream brown quick lazy,81.1594384726383,SYNTHETIC_ROBUSTNESS
790,jumps lazy quick the over over quick lazy the over the fox compress compress data over fox dog quick jumps data lazy stream lazy,81.31300377641143,SYNTHETIC_ROBUSTNESS
791,data data stream dog data lazy quick the jumps the lazy quick the over data over brown over compress stream brown jumps jumps ju,81.38657224664458,SYNTHETIC_ROBUSTNESS
792,data dog quick lazy lazy brown brown stream data stream stream jumps data over data brown compress brown quick brown stream the ,81.41551509255522,SYNTHETIC_ROBUSTNESS
793,over over stream fox data jumps the data quick quick brown fox lazy over fox quick data over brown stream the stream over over d,81.52242151103418,SYNTHETIC_ROBUSTNESS
794,data dog compress jumps compress lazy dog data jumps data brown brown brown compress fox stream compress fox stream data stream ,81.75943929987838,SYNTHETIC_ROBUSTNESS
795,compress jumps brown quick over over brown the brown jumps brown lazy quick dog quick compress compress data data fox fox lazy t,81.80370770046866,SYNTHETIC_ROBUSTNESS
796,stream quick stream data lazy stream compress brown stream over compress quick jumps over over brown jumps jumps brown stream co,81.89440236884634,SYNTHETIC_ROBUSTNESS
797,data quick stream lazy data jumps dog dog brown lazy the fox compress dog over dog brown fox quick fox dog quick over lazy jumps,81.98151033460509,SYNTHETIC_ROBUSTNESS
798,dog quick compress brown the brown over compress quick lazy over lazy jumps dog jumps fox dog compress dog fox stream lazy fox o,81.9950894054876,SYNTHETIC_ROBUSTNESS
799,stream quick over lazy dog compress over over stream stream the brown quick brown dog jumps stream over brown compress quick com,82.00454739893942,SYNTHETIC_ROBUSTNESS
800,brown quick stream fox lazy compress lazy dog over quick quick over stream fox lazy fox dog fox over data jumps brown the fox st,82.22475512482701,SYNTHETIC_ROBUSTNESS
801,dog over fox fox dog brown compress fox compress over lazy brown data stream over brown compress data dog compress the brown bro,82.49586594922178,SYNTHETIC_ROBUSTNESS
802,brown compress data data the over quick quick jumps data lazy jumps dog lazy stream lazy compress compress jumps jumps jumps laz,82.73045883833731,SYNTHETIC_ROBUSTNESS
803,jumps data dog brown stream stream compress jumps quick jumps stream fox dog quick jumps brown over jumps quick dog lazy dog the,82.7809854149235,SYNTHETIC_ROBUSTNESS
804,lazy lazy jumps dog quick quick lazy brown compress the compress fox fox jumps stream over dog stream dog fox dog the stream jum,82.81489980800819,SYNTHETIC_ROBUSTNESS
805,jumps compress jumps over lazy quick jumps compress brown compress brown data quick dog stream dog lazy stream jumps stream comp,83.09992850686913,SYNTHETIC_ROBUSTNESS
806,lazy over compress jumps jumps quick over the stream lazy fox stream brown jumps over lazy data stream jumps fox dog data brown ,83.31431786795576,SYNTHETIC_ROBUSTNESS
807,compress stream compress brown brown quick the data brown brown stream dog quick over data fox the fox data compress compress ju,83.48569628486344,SYNTHETIC_ROBUSTNESS
808,lazy brown brown data stream brown fox data over fox stream the compress stream the fox dog stream dog lazy lazy lazy compress o,83.52637062752324,SYNTHETIC_ROBUSTNESS
809,jumps lazy lazy compress the data brown fox quick dog over lazy quick data compress dog lazy compress over data compress brown c,83.62818708617948,SYNTHETIC_ROBUSTNESS
810,the data brown jumps data data lazy over fox dog the dog brown stream the stream compress brown compress quick quick stream jump,83.76698477405762,SYNTHETIC_ROBUSTNESS
811,data data the jumps compress quick compress lazy stream compress fox over lazy jumps lazy brown brown compress the compress brow,83.85282335369729,SYNTHETIC_ROBUSTNESS
812,data data jumps quick jumps lazy the jumps over brown over the the quick stream stream the compress over data quick over jumps o,83.9449547698417,SYNTHETIC_ROBUSTNESS
813,compress fox the data the lazy the the dog over lazy data lazy fox brown jumps over brown compress compress brown brown fox dog ,84.08629575146483,SYNTHETIC_ROBUSTNESS
814,data fox data the fox compress data compress brown data over quick lazy over over stream fox data quick the fox stream compress ,84.2318936336033,SYNTHETIC_ROBUSTNESS
815,the over lazy data quick the lazy data lazy lazy quick stream quick dog stream dog the data compress quick quick dog compress co,84.2593305638482,SYNTHETIC_ROBUSTNESS
816,data quick dog dog data lazy brown dog over the quick fox brown brown brown quick brown jumps compress jumps stream over compres,84.3088708669499,SYNTHETIC_ROBUSTNESS
817,lazy quick data data quick jumps compress fox compress brown brown the quick lazy the stream the quick quick over data lazy quic,84.46082346813762,SYNTHETIC_ROBUSTNESS
818,lazy the lazy dog over quick fox fox fox quick data lazy quick lazy compress quick data brown compress brown dog dog compress do,84.49112977814426,SYNTHETIC_ROBUSTNESS
819,quick brown brown lazy brown stream stream brown quick quick fox brown lazy compress brown data fox lazy lazy brown quick data o,84.73834141682636,SYNTHETIC_ROBUSTNESS
820,the compress dog fox over quick quick the brown brown dog data compress over quick jumps data jumps jumps lazy jumps compress co,84.92091024133656,SYNTHETIC_ROBUSTNESS
821,dog compress quick jumps data stream jumps compress over jumps compress fox dog compress jumps compress over brown fox jumps laz,85.14672516267993,SYNTHETIC_ROBUSTNESS
822,stream data dog jumps jumps brown dog the dog compress dog data brown stream brown compress compress quick quick stream data dog,85.18200767320273,SYNTHETIC_ROBUSTNESS
823,dog fox dog the fox data quick compress over quick data lazy jumps over the compress lazy fox over fox over stream compress brow,85.19311390391648,SYNTHETIC_ROBUSTNESS
824,quick data quick dog jumps fox the brown compress dog data the data brown compress the data brown quick quick jumps fox compress,85.20371560262257,SYNTHETIC_ROBUSTNESS
825,lazy data lazy lazy the compress stream the data brown jumps dog compress lazy compress brown lazy quick brown the the compress ,85.28488785206245,SYNTHETIC_ROBUSTNESS
826,quick the dog the compress quick quick data the quick data lazy stream lazy data the stream lazy brown compress data jumps strea,85.32135718700934,SYNTHETIC_ROBUSTNESS
827,data jumps over the compress brown jumps brown fox dog the lazy compress stream jumps fox data quick over brown data stream quic,85.35194473548863,SYNTHETIC_ROBUSTNESS
828,compress compress data compress data over brown compress the jumps data over jumps quick jumps fox data stream quick lazy over q,85.37709973174356,SYNTHETIC_ROBUSTNESS
829,quick compress lazy compress over over jumps compress quick data over compress fox data jumps quick compress data compress lazy ,85.45967565658721,SYNTHETIC_ROBUSTNESS
830,the compress data brown the data lazy data quick data the brown the jumps the fox brown dog stream the brown lazy stream dog com,85.53910403769203,SYNTHETIC_ROBUSTNESS
831,fox over brown lazy quick fox over fox dog lazy quick over compress brown the stream data jumps brown the the quick fox dog brow,85.59397629015848,SYNTHETIC_ROBUSTNESS
832,data the data compress brown compress data the stream quick lazy brown brown fox data over compress dog quick data stream fox la,85.60887735219534,SYNTHETIC_ROBUSTNESS
833,lazy dog dog brown lazy the stream brown brown fox over quick stream the compress brown brown the lazy compress fox fox the fox ,85.87309630475269,SYNTHETIC_ROBUSTNESS
834,data lazy jumps lazy data the dog lazy compress data data the lazy brown fox dog stream lazy over jumps lazy data brown over ove,85.92894673873013,SYNTHETIC_ROBUSTNESS
835,quick lazy compress over lazy brown the jumps lazy stream brown fox the data compress compress fox the fox compress fox fox quic,85.9421448319591,SYNTHETIC_ROBUSTNESS
836,fox brown lazy brown over quick quick quick the fox quick compress stream compress over stream quick stream brown dog over compr,85.94592321622585,SYNTHETIC_ROBUSTNESS
837,over quick dog fox brown the quick lazy dog lazy quick stream jumps stream quick fox the stream lazy fox data lazy brown over br,85.96248066946431,SYNTHETIC_ROBUSTNESS
838,the quick lazy dog compress brown quick lazy jumps stream dog over data over lazy jumps compress fox fox fox jumps lazy stream o,85.997738465948,SYNTHETIC_ROBUSTNESS
839,fox jumps compress quick brown dog quick brown compress jumps the brown quick lazy data stream fox dog over quick over lazy brow,86.09718897291575,SYNTHETIC_ROBUSTNESS
840,quick fox jumps compress over compress quick data over quick dog stream compress jumps compress lazy the quick data jumps the th,86.45101333704292,SYNTHETIC_ROBUSTNESS
841,fox over stream fox brown brown stream dog dog over dog jumps data the brown fox brown stream quick lazy fox fox jumps over doga,86.48276805670825,SYNTHETIC_ROBUSTNESS
842,brown the data lazy compress compress stream fox the brown the dog brown jumps jumps over over dog the jumps quick lazy quick fo,86.63873967105279,SYNTHETIC_ROBUSTNESS
843,data over over over dog the dog over quick fox brown lazy jumps over dog stream the the fox compress dog dog compress quick lazy,86.88108659447342,SYNTHETIC_ROBUSTNESS
844,lazy brown quick the data quick data brown fox dog lazy jumps the the dog stream stream dog jumps stream dog the stream jumps qu,86.93077435871815,SYNTHETIC_ROBUSTNESS
845,brown lazy over brown stream over stream jumps fox jumps lazy quick brown jumps dog fox dog brown fox the stream jumps jumps dat,86.95998000050467,SYNTHETIC_ROBUSTNESS
846,compress the dog over dog the stream dog over quick data over data stream quick stream data the brown quick compress stream the ,87.0275238709435,SYNTHETIC_ROBUSTNESS
847,lazy quick data data fox data data quick fox over compress quick over lazy fox data lazy stream the over data quick the quick fo,87.25454737363556,SYNTHETIC_ROBUSTNESS
848,data quick compress lazy the compress fox quick dog dog data fox fox dog brown brown the lazy jumps fox the fox over the quickaa,87.25565163503538,SYNTHETIC_ROBUSTNESS
849,fox stream brown the jumps over stream stream the the lazy fox lazy jumps dog lazy stream dog stream dog the quick dog quick ove,87.32232776735344,SYNTHETIC_ROBUSTNESS
850,data the dog data the dog brown over brown compress brown compress lazy data dog stream brown brown fox data stream lazy the laz,87.46404241519164,SYNTHETIC_ROBUSTNESS
851,dog fox dog over jumps stream dog jumps quick compress stream over brown stream dog compress fox compress compress jumps data la,87.55595449575722,SYNTHETIC_ROBUSTNESS
852,data stream fox brown brown fox lazy the fox compress compress fox over compress jumps compress over compress jumps fox brown qu,87.62473850128765,SYNTHETIC_ROBUSTNESS
853,data over compress data over stream dog brown fox dog brown data over lazy data data data compress dog dog data dog fox dog quic,87.70539544543024,SYNTHETIC_ROBUSTNESS
854,compress fox jumps fox data compress dog quick compress the dog lazy fox brown compress fox the the over brown data data stream ,87.8019518569243,SYNTHETIC_ROBUSTNESS
855,jumps brown stream over stream fox dog over lazy fox lazy quick over quick lazy fox the data over jumps the stream the fox jumps,87.91654588280475,SYNTHETIC_ROBUSTNESS
856,stream dog data dog jumps lazy dog over dog dog stream fox fox the quick lazy the quick compress brown dog over over dog overaaa,87.96058036000386,SYNTHETIC_ROBUSTNESS
857,over jumps lazy jumps dog quick compress over the data fox jumps the dog stream brown jumps dog over jumps stream over data quic,88.03343179856908,SYNTHETIC_ROBUSTNESS
858,fox over stream dog data jumps lazy brown dog dog compress lazy dog over lazy stream jumps lazy dog the over compress data brown,88.06539314325542,SYNTHETIC_ROBUSTNESS
859,dog fox lazy brown stream data the quick jumps data the the jumps data data stream brown brown over brown data stream quick stre,88.47884764621558,SYNTHETIC_ROBUSTNESS
860,fox quick jumps stream compress brown lazy the quick data stream data lazy compress fox data over quick lazy lazy lazy fox strea,88.499585502055,SYNTHETIC_ROBUSTNESS
861,fox quick the jumps quick compress fox jumps compress lazy lazy stream stream lazy quick brown dog jumps quick jumps jumps compr,88.51591474562687,SYNTHETIC_ROBUSTNESS
862,fox dog fox over compress jumps the data lazy data brown jumps the data dog lazy dog over brown fox compress quick the quick qui,88.54722461802106,SYNTHETIC_ROBUSTNESS
863,the data fox jumps lazy stream compress dog fox stream lazy stream data dog over stream stream fox data over the the over jumps ,88.79986531859001,SYNTHETIC_ROBUSTNESS
864,brown fox dog the fox stream fox brown the dog compress quick quick data compress dog lazy dog compress stream quick the fox qui,88.90741039596116,SYNTHETIC_ROBUSTNESS
865,dog dog fox data quick data compress data lazy over stream data fox brown stream quick data the compress the jumps compress over,88.9682776775765,SYNTHETIC_ROBUSTNESS
866,compress jumps data lazy fox stream jumps brown fox brown data jumps data data over brown jumps jumps the compress over compress,89.22783299887054,SYNTHETIC_ROBUSTNESS
867,compress brown fox jumps lazy jumps lazy dog data fox lazy brown data stream compress fox jumps fox stream fox the compress dog ,89.45823880910721,SYNTHETIC_ROBUSTNESS
868,lazy jumps data fox brown lazy fox dog brown quick fox lazy brown lazy compress jumps jumps quick compress stream stream compres,89.50958714199686,SYNTHETIC_ROBUSTNESS
869,quick data compress dog lazy quick quick compress lazy over the compress the over brown lazy quick stream fox over stream brown ,89.59251613153994,SYNTHETIC_ROBUSTNESS
870,jumps fox brown lazy dog data quick the jumps stream the lazy dog dog over quick dog over quick jumps quick compress the fox str,89.82829841239878,SYNTHETIC_ROBUSTNESS
871,brown stream over quick lazy data compress fox compress brown quick lazy jumps the brown stream brown dog lazy brown lazy dog ju,89.86677626755726,SYNTHETIC_ROBUSTNESS
872,the the over over lazy the over lazy dog compress fox dog brown over data over quick compress lazy dog stream lazy the data quic,89.91912299213206,SYNTHETIC_ROBUSTNESS
873,compress jumps brown data stream brown the brown brown lazy data lazy compress over jumps jumps jumps over compress over lazy qu,90.07663369160683,SYNTHETIC_ROBUSTNESS
874,quick the stream the lazy compress fox fox brown over over brown dog fox lazy over compress lazy lazy fox dog stream fox stream ,90.19657828002319,SYNTHETIC_ROBUSTNESS
875,the stream data data stream stream fox lazy data compress the lazy dog dog brown quick fox compress data data stream over over b,90.20156564627703,SYNTHETIC_ROBUSTNESS
876,stream compress dog data over dog jumps fox fox lazy the stream fox data the over compress data compress jumps stream dog the br,90.21405129474918,SYNTHETIC_ROBUSTNESS
877,data over fox dog jumps data dog over dog the stream dog data lazy lazy data fox fox over the stream fox lazy lazy overaaaaaaaaa,90.40130305881749,SYNTHETIC_ROBUSTNESS
878,over data jumps brown over dog compress jumps fox quick brown fox over over the fox quick compress lazy lazy over brown stream d,90.40432204893133,SYNTHETIC_ROBUSTNESS
879,jumps brown data lazy stream compress brown stream stream jumps stream quick data the data jumps compress dog data compress brow,90.65680645944035,SYNTHETIC_ROBUSTNESS
880,jumps jumps the dog lazy dog lazy lazy over compress stream over data quick jumps compress compress stream compress lazy data st,90.68851792569357,SYNTHETIC_ROBUSTNESS
881,quick data lazy quick stream data lazy dog quick compress stream jumps over compress stream lazy quick jumps the brown jumps ove,90.77974261322282,SYNTHETIC_ROBUSTNESS
882,dog compress lazy stream the stream fox over data quick stream dog the data data stream the data dog the data dog over stream st,90.86288723595891,SYNTHETIC_ROBUSTNESS
883,dog fox brown fox data brown over fox compress data over over quick lazy lazy over jumps over dog jumps over jumps brown lazy fo,90.91334736550031,SYNTHETIC_ROBUSTNESS
884,lazy fox data compress data data brown quick stream fox brown data data compress data the lazy jumps jumps data quick stream qui,90.91654153253387,SYNTHETIC_ROBUSTNESS
885,brown quick fox over dog brown compress over brown quick dog compress lazy compress data brown fox quick jumps compress over str,90.93791919595111,SYNTHETIC_ROBUSTNESS
886,jumps the jumps dog data jumps jumps lazy lazy jumps the compress compress fox brown stream brown fox fox stream data the quick ,91.03336350386121,SYNTHETIC_ROBUSTNESS
887,brown brown the over fox brown lazy jumps stream stream compress data quick the quick compress the over the jumps dog over the c,91.0924898732255,SYNTHETIC_ROBUSTNESS
888,lazy quick lazy the data compress compress jumps over dog dog over brown brown fox lazy brown lazy over lazy compress dog dog br,91.14590561818508,SYNTHETIC_ROBUSTNESS
889,dog quick brown jumps data compress the quick the stream lazy the over compress fox stream stream dog brown stream stream over c,91.15618676167215,SYNTHETIC_ROBUSTNESS
890,the data the dog lazy dog data quick compress brown jumps over lazy brown quick jumps fox dog lazy stream over jumps fox dog the,91.19882409236715,SYNTHETIC_ROBUSTNESS
891,fox brown compress fox quick jumps quick brown lazy the compress compress lazy data lazy lazy dog lazy jumps over fox brown quic,91.27356976314249,SYNTHETIC_ROBUSTNESS
892,over stream jumps stream dog the lazy compress compress data brown lazy over fox jumps over lazy jumps stream compress quick com,91.28165744830875,SYNTHETIC_ROBUSTNESS
893,jumps brown stream jumps jumps lazy jumps data brown compress compress data jumps brown fox over stream brown stream data dog ju,91.28855985185835,SYNTHETIC_ROBUSTNESS
894,lazy brown compress jumps quick fox data compress brown compress over compress quick fox fox over the quick compress stream quic,91.3561993569336,SYNTHETIC_ROBUSTNESS
895,brown jumps dog the stream quick fox fox fox compress data lazy dog over over stream over lazy stream stream data brown data jum,91.43858240281735,SYNTHETIC_ROBUSTNESS
896,the fox data data over data jumps the jumps the lazy the over the over compress data stream stream jumps dog jumps fox lazy over,91.46837470332615,SYNTHETIC_ROBUSTNESS
897,lazy brown fox lazy fox the compress compress stream fox jumps data data compress brown stream fox the lazy stream stream data q,91.50779255951831,SYNTHETIC_ROBUSTNESS
898,the fox quick jumps over brown lazy data dog jumps fox dog fox data the the compress the compress brown compress data dog jumps ,91.66718367959866,SYNTHETIC_ROBUSTNESS
899,the fox over data quick fox fox over over dog compress quick stream dog lazy brown lazy over the quick stream fox quick fox brow,91.87061980867162,SYNTHETIC_ROBUSTNESS
900,quick stream lazy lazy over over stream compress dog data compress over stream over stream data brown the quick data over lazy l,91.90995795272822,SYNTHETIC_ROBUSTNESS
901,brown data over data dog data compress data quick fox lazy the quick the dog quick compress fox the jumps over stream the jumps ,91.95391929551914,SYNTHETIC_ROBUSTNESS
902,compress over stream quick over compress quick compress fox jumps jumps over brown fox dog data the quick the compress lazy the ,92.13130725696483,SYNTHETIC_ROBUSTNESS
903,stream quick data brown lazy stream compress lazy dog compress compress the brown stream quick jumps brown brown compress jumps ,92.49563861534216,SYNTHETIC_ROBUSTNESS
904,data dog brown quick stream the fox quick quick compress the fox lazy the lazy jumps quick jumps over over jumps stream compress,92.53429213609739,SYNTHETIC_ROBUSTNESS
905,quick compress fox fox over dog compress dog over over data compress jumps quick quick the quick compress brown brown the quick ,92.68975234744015,SYNTHETIC_ROBUSTNESS
906,the dog data over lazy fox the dog quick the stream dog fox data stream brown stream dog brown brown lazy data fox stream browna,92.75508585184157,SYNTHETIC_ROBUSTNESS
907,data brown compress compress lazy jumps the lazy dog over quick the stream stream over data over compress over brown stream the ,92.78570142437185,SYNTHETIC_ROBUSTNESS
908,data over jumps fox quick the the brown brown dog over fox jumps lazy fox data stream compress over lazy over lazy the quick bro,92.90020428854291,SYNTHETIC_ROBUSTNESS
909,lazy stream compress dog jumps compress stream over lazy the fox data quick brown jumps stream jumps fox compress stream quick t,92.96229631331471,SYNTHETIC_ROBUSTNESS
910,the fox data the fox compress stream compress data fox quick over fox jumps the lazy over compress stream fox over dog quick the,92.99351598346779,SYNTHETIC_ROBUSTNESS
911,brown over over data fox brown jumps over quick jumps quick quick fox data data fox over dog quick dog quick quick brown lazy qu,93.00485857258707,SYNTHETIC_ROBUSTNESS
912,dog data data lazy lazy compress brown brown quick quick quick the over quick over brown fox jumps lazy brown quick compress the,93.2065649182086,SYNTHETIC_ROBUSTNESS
913,data compress compress jumps stream data data jumps brown quick compress the data fox brown quick the compress jumps jumps dog q,93.41748722510606,SYNTHETIC_ROBUSTNESS
914,lazy lazy stream jumps dog stream over stream dog quick stream fox jumps fox data fox lazy compress quick jumps data fox the dog,93.42527924484268,SYNTHETIC_ROBUSTNESS
915,jumps fox the brown stream lazy fox the over the dog lazy stream the dog dog over data brown data jumps quick lazy over jumpsaaa,93.53416386923548,SYNTHETIC_ROBUSTNESS
916,fox dog data dog the stream dog data stream the quick over compress fox over quick data lazy quick stream quick dog brown jumps ,93.55190651663776,SYNTHETIC_ROBUSTNESS
917,quick data the fox brown lazy compress the dog lazy over over the over fox data fox quick compress jumps jumps compress brown la,93.65584281225145,SYNTHETIC_ROBUSTNESS
918,jumps stream data lazy data over lazy over fox stream dog stream over data compress over data brown over dog over stream fox qui,93.89402425176567,SYNTHETIC_ROBUSTNESS
919,fox quick lazy compress fox brown quick brown brown compress lazy over dog lazy lazy quick compress data the fox over compress l,93.9241637774456,SYNTHETIC_ROBUSTNESS
920,fox the compress compress over over data fox compress lazy compress over jumps brown fox quick lazy brown lazy lazy quick stream,93.96692399587155,SYNTHETIC_ROBUSTNESS
921,compress stream quick the dog brown compress quick compress brown dog compress compress data stream brown jumps jumps dog quick ,94.12546194067998,SYNTHETIC_ROBUSTNESS
922,fox data the stream compress compress lazy lazy lazy over quick compress over quick stream the data brown quick stream fox fox j,94.25840563941959,SYNTHETIC_ROBUSTNESS
923,over quick stream compress the lazy lazy dog data compress dog compress dog dog brown brown data dog quick data brown fox jumps ,94.31094125507776,SYNTHETIC_ROBUSTNESS
924,stream lazy stream quick quick stream over lazy compress over compress dog quick over brown quick data data brown the brown data,94.49968996101458,SYNTHETIC_ROBUSTNESS
925,stream over dog data data lazy quick fox jumps lazy jumps lazy over fox stream over lazy brown data fox lazy stream fox over fox,94.75299736387487,SYNTHETIC_ROBUSTNESS
926,stream over compress over quick jumps quick stream fox fox data quick the brown fox jumps dog compress compress lazy the data st,94.81326288438262,SYNTHETIC_ROBUSTNESS
927,lazy over dog compress dog brown quick data dog data data dog jumps quick compress over stream quick fox stream jumps compress d,94.81728797541585,SYNTHETIC_ROBUSTNESS
928,stream lazy fox quick data brown compress over data stream over jumps the the jumps dog jumps brown quick dog fox quick the fox ,94.88850873927066,SYNTHETIC_ROBUSTNESS
929,stream brown compress lazy over compress dog over compress the stream data the jumps quick the over brown data lazy dog quick ju,95.02309404763952,SYNTHETIC_ROBUSTNESS
930,stream the fox compress data lazy quick fox the brown over stream dog fox stream brown jumps stream lazy over jumps jumps data d,95.0479447660433,SYNTHETIC_ROBUSTNESS
931,stream jumps the jumps dog dog the stream over compress fox quick fox jumps dog fox data the jumps stream the stream fox brown t,95.05841753992325,SYNTHETIC_ROBUSTNESS
932,jumps lazy data brown over fox lazy dog compress compress the lazy quick stream fox over compress over compress brown compress f,95.0919948381369,SYNTHETIC_ROBUSTNESS
933,dog over dog dog brown dog brown over lazy quick compress stream quick data dog the brown stream fox fox stream jumps stream dog,95.09316029211247,SYNTHETIC_ROBUSTNESS
934,fox stream quick brown stream dog brown data stream fox data the jumps compress the data compress over brown over fox compress t,95.21885255829976,SYNTHETIC_ROBUSTNESS
935,fox stream fox quick dog compress brown lazy jumps quick over quick over the brown compress fox dog lazy compress data fox lazy ,95.2346429724935,SYNTHETIC_ROBUSTNESS
936,fox over lazy the fox stream the lazy brown brown compress dog data the fox fox over lazy data jumps data the dog fox quickaaaaa,95.36325132869868,SYNTHETIC_ROBUSTNESS
937,data lazy lazy dog fox jumps data data stream quick the compress stream over fox jumps data stream quick stream jumps dog jumps ,95.38998020472677,SYNTHETIC_ROBUSTNESS
938,quick compress stream the brown compress lazy quick over dog stream jumps compress data jumps the brown brown the data dog jumps,95.87359096760255,SYNTHETIC_ROBUSTNESS
939,stream lazy jumps stream data dog quick brown jumps fox quick quick lazy the quick over the stream over compress data lazy dog s,95.94947595368357,SYNTHETIC_ROBUSTNESS
940,data quick quick quick quick the data data jumps fox the data stream dog compress brown quick lazy dog quick stream dog lazy dog,95.9536977146442,SYNTHETIC_ROBUSTNESS
941,brown the data stream quick stream jumps fox compress data over fox quick data data stream brown the lazy stream dog compress st,96.10183687710199,SYNTHETIC_ROBUSTNESS
942,stream over data brown jumps stream fox over dog fox jumps jumps the dog quick data quick jumps over jumps the quick data over o,96.15461544826498,SYNTHETIC_ROBUSTNESS
943,lazy jumps stream compress stream quick jumps over fox quick fox the brown brown data the stream compress dog stream jumps jumps,96.24809180115545,SYNTHETIC_ROBUSTNESS
944,data dog jumps compress quick fox the fox the fox jumps data over stream jumps quick over dog data brown the brown the lazy foxa,96.55012139741878,SYNTHETIC_ROBUSTNESS
945,fox compress over dog jumps data fox fox lazy the brown compress over stream over jumps compress compress quick quick stream str,96.6229511289397,SYNTHETIC_ROBUSTNESS
946,the quick lazy lazy lazy compress fox jumps the jumps over compress brown compress data stream over dog over quick jumps quick s,96.78610739851374,SYNTHETIC_ROBUSTNESS
947,the quick quick dog the data quick fox lazy brown dog compress fox lazy the brown quick brown data dog brown the data brown doga,96.82217466483048,SYNTHETIC_ROBUSTNESS
948,dog compress brown stream fox over data fox data fox quick the dog compress dog quick fox stream over fox lazy the jumps jumps q,96.94753336082375,SYNTHETIC_ROBUSTNESS
949,compress dog lazy data data fox brown stream over lazy fox dog stream dog quick jumps lazy the the jumps quick over quick the do,96.95799421892926,SYNTHETIC_ROBUSTNESS
950,quick the brown jumps stream jumps lazy data over jumps dog jumps compress data dog data fox over compress lazy fox fox compress,97.18181361622842,SYNTHETIC_ROBUSTNESS
951,lazy quick jumps dog compress brown brown jumps stream compress brown the over the dog quick fox jumps quick over dog dog brown ,97.20409640226327,SYNTHETIC_ROBUSTNESS
952,compress compress the quick compress stream fox brown brown lazy data the fox over fox over stream compress fox brown quick brow,97.24003992508324,SYNTHETIC_ROBUSTNESS
953,dog fox dog fox over stream fox the fox compress jumps compress quick brown stream stream stream data dog dog brown stream dog c,97.55755424731865,SYNTHETIC_ROBUSTNESS
954,over the jumps data compress brown brown the lazy data compress over jumps jumps dog over compress lazy stream jumps brown compr,97.5744213928695,SYNTHETIC_ROBUSTNESS
955,brown dog brown fox over stream jumps lazy quick data quick jumps compress jumps the quick lazy over lazy over dog the over jump,97.60377930338254,SYNTHETIC_ROBUSTNESS
956,fox quick data data stream stream data brown dog compress dog data jumps dog over quick dog over quick brown dog brown lazy fox ,97.6905720593145,SYNTHETIC_ROBUSTNESS
957,data jumps data quick stream data fox fox jumps data dog brown jumps quick data data data the jumps jumps dog fox dog brown jump,98.08530599012416,SYNTHETIC_ROBUSTNESS
958,stream quick quick stream the over jumps brown stream fox dog over data dog data over over dog compress jumps the dog jumps lazy,98.2028832348462,SYNTHETIC_ROBUSTNESS
959,dog fox stream lazy fox quick over brown quick jumps brown quick compress brown jumps quick fox fox jumps the brown data the the,98.21500852314684,SYNTHETIC_ROBUSTNESS
960,brown data jumps compress jumps dog lazy compress brown compress quick compress stream jumps over stream data jumps compress dog,98.35288764211147,SYNTHETIC_ROBUSTNESS
961,over jumps data lazy dog jumps fox the quick stream brown jumps fox dog the fox over the brown brown jumps dog jumps the streama,98.40843777480043,SYNTHETIC_ROBUSTNESS
962,stream over quick data jumps over jumps stream over dog dog brown the the lazy the data over lazy data quick over data jumps qui,98.8954678332557,SYNTHETIC_ROBUSTNESS
963,lazy data compress stream data dog the lazy jumps quick over lazy fox data quick stream compress lazy dog stream lazy jumps comp,98.99454691984383,SYNTHETIC_ROBUSTNESS
964,lazy the jumps fox stream stream dog over compress over stream over over brown stream lazy jumps lazy stream jumps the jumps str,99.07046619446882,SYNTHETIC_ROBUSTNESS
965,data fox over compress jumps quick dog dog fox dog fox the compress jumps compress quick jumps compress data quick over stream d,99.15194461799544,SYNTHETIC_ROBUSTNESS
966,quick jumps over stream over lazy fox data quick lazy stream the the fox compress over over brown stream brown jumps compress br,99.25454452287957,SYNTHETIC_ROBUSTNESS
967,dog quick the quick jumps dog stream the fox over compress the over brown dog the stream jumps stream jumps stream data data fox,99.38615767064948,SYNTHETIC_ROBUSTNESS
968,fox dog compress compress lazy fox data dog stream jumps dog stream jumps compress fox compress data stream over compress brown ,99.3943135884924,SYNTHETIC_ROBUSTNESS
969,fox lazy quick fox fox stream the over dog data over fox stream lazy brown dog brown the compress compress quick stream jumps th,99.40831678115225,SYNTHETIC_ROBUSTNESS
970,quick jumps over the quick brown dog jumps stream quick stream lazy over data quick quick brown jumps brown quick compress data ,99.44405254534757,SYNTHETIC_ROBUSTNESS
971,lazy fox stream quick jumps brown jumps quick brown stream data brown stream fox stream jumps the over compress compress data ov,99.50905256479665,SYNTHETIC_ROBUSTNESS
972,the dog lazy dog data lazy jumps dog dog lazy fox stream stream dog fox data over jumps lazy brown fox brown data quick overaaaa,99.54631374799283,SYNTHETIC_ROBUSTNESS
973,lazy data data lazy data lazy over data brown over the compress over stream quick fox data brown data fox dog brown stream jumps,99.57037300450175,SYNTHETIC_ROBUSTNESS
974,dog quick jumps lazy compress jumps brown quick dog the fox lazy dog brown over jumps the lazy compress quick jumps fox stream d,99.82943934007135,SYNTHETIC_ROBUSTNESS
975,brown over dog data brown data stream jumps fox fox brown jumps dog dog data fox over stream jumps the fox stream compress strea,99.83275371716373,SYNTHETIC_ROBUSTNESS
976,the fox quick jumps over over data data dog data jumps fox over data the quick dog quick compress stream over data data jumps co,100.11194827657617,SYNTHETIC_ROBUSTNESS
977,lazy quick quick lazy dog data data stream lazy the over jumps fox lazy dog fox brown over jumps stream over brown the quick jum,100.3497247483795,SYNTHETIC_ROBUSTNESS
978,the quick brown over dog dog compress lazy jumps stream compress stream the compress compress brown data data jumps jumps jumps ,100.46485701227378,SYNTHETIC_ROBUSTNESS
979,dog data over jumps compress the stream over brown data data data dog brown lazy data jumps lazy data quick brown dog dog over c,100.46816457210514,SYNTHETIC_ROBUSTNESS
980,lazy over the data jumps data brown dog data lazy quick the quick lazy stream fox quick lazy jumps over jumps brown over data fo,100.49369968650953,SYNTHETIC_ROBUSTNESS
981,dog compress stream jumps data over fox data data lazy lazy brown jumps data the stream the over dog the stream stream fox lazy ,100.88050328264848,SYNTHETIC_ROBUSTNESS
982,quick fox quick the fox compress the quick fox over over the compress quick fox lazy quick compress compress quick data fox lazy,101.11689654315681,SYNTHETIC_ROBUSTNESS
983,data compress brown over stream compress stream data over brown the compress the quick dog the compress the fox compress compres,101.45092171415254,SYNTHETIC_ROBUSTNESS
984,over compress the lazy jumps over fox the compress jumps lazy data data fox jumps over compress fox jumps compress the stream ju,102.0061951986275,SYNTHETIC_ROBUSTNESS
985,the dog data quick stream data dog quick fox data the fox dog the quick over compress quick over lazy dog over dog dog quickaaaa,102.0127971567689,SYNTHETIC_ROBUSTNESS
986,quick the data stream the dog over lazy lazy data jumps compress compress stream dog dog fox brown compress brown compress fox d,102.09739495512737,SYNTHETIC_ROBUSTNESS
987,brown the quick lazy brown jumps compress data jumps jumps over dog dog data the dog the lazy quick compress over the compress s,102.27705463689504,SYNTHETIC_ROBUSTNESS
988,brown dog over fox quick fox quick the jumps lazy dog quick dog jumps dog data lazy fox jumps data data data dog dog foxaaaaaaaa,102.31557809498311,SYNTHETIC_ROBUSTNESS
989,the quick compress brown data quick quick the quick jumps compress dog brown compress the jumps data over over over data compres,102.37276998758844,SYNTHETIC_ROBUSTNESS
990,lazy fox the fox dog jumps dog compress jumps compress jumps lazy over dog the compress quick data lazy fox compress dog fox dog,102.40614100386637,SYNTHETIC_ROBUSTNESS
991,brown compress data data data dog data over the fox data jumps brown quick lazy lazy over jumps dog dog dog the over data browna,102.41002258550301,SYNTHETIC_ROBUSTNESS
992,stream over fox compress stream over fox data fox dog brown dog stream lazy the data the brown over lazy lazy quick quick over l,102.41757183847186,SYNTHETIC_ROBUSTNESS
993,data dog data jumps lazy brown stream data jumps over compress fox stream over dog dog the jumps fox jumps data the stream brown,102.41973933687993,SYNTHETIC_ROBUSTNESS
994,stream dog jumps the brown data fox fox quick stream data stream the compress stream brown jumps compress dog compress data over,102.49465701982412,SYNTHETIC_ROBUSTNESS
995,the stream quick compress data brown over the data fox over data data over stream the lazy fox stream brown over brown compress ,102.59100130300921,SYNTHETIC_ROBUSTNESS
996,brown over over dog stream quick jumps over compress lazy fox brown stream data brown stream data dog brown dog compress fox fox,102.62777513517081,SYNTHETIC_ROBUSTNESS
997,quick data over compress lazy the the lazy data lazy jumps data quick stream the lazy jumps quick stream quick quick compress do,102.80273053577878,SYNTHETIC_ROBUSTNESS
998,dog lazy quick quick lazy stream dog dog data lazy dog over dog data lazy jumps fox jumps compress fox lazy fox compress compres,103.02166809806256,SYNTHETIC_ROBUSTNESS
999,fox data the lazy jumps brown over compress over quick stream compress lazy over fox jumps jumps over jumps brown brown dog lazy,103.0367211244847,SYNTHETIC_ROBUSTNESS
1000,stream jumps quick compress dog over stream fox jumps brown dog over quick brown data the brown stream dog dog brown brown lazy ,103.04205323440965,SYNTHETIC_ROBUSTNESS
1001,dog the the quick the dog dog the over the dog stream over brown compress over stream fox data fox stream the data over brownaaa,103.08052843762995,SYNTHETIC_ROBUSTNESS
1002,quick dog data over data compress over stream jumps data brown the the quick the quick lazy lazy data stream quick the over lazy,103.2053513999512,SYNTHETIC_ROBUSTNESS
1003,over brown fox lazy lazy over stream compress dog over brown over data jumps over stream dog stream lazy quick over the lazy fox,103.27616202944121,SYNTHETIC_ROBUSTNESS
1004,stream the over fox dog jumps over quick dog stream fox fox over stream over jumps stream compress fox stream quick fox dog data,103.34312267398788,SYNTHETIC_ROBUSTNESS
1005,quick data over over data lazy data lazy compress brown over the the jumps the dog stream data brown dog lazy compress brown qui,103.35965854606519,SYNTHETIC_ROBUSTNESS
1006,compress jumps dog brown stream compress lazy dog compress quick data the jumps brown lazy data stream over the the over jumps b,103.40296079880925,SYNTHETIC_ROBUSTNESS
1007,stream compress jumps compress data compress quick quick lazy jumps quick compress compress over fox stream brown the brown lazy,103.72211424755777,SYNTHETIC_ROBUSTNESS
1008,quick dog dog lazy stream brown the data jumps brown brown lazy stream stream compress data brown lazy lazy data data over data ,103.76375074302996,SYNTHETIC_ROBUSTNESS
1009,over data data brown data jumps lazy the stream dog quick data dog lazy fox fox dog quick stream quick over jumps stream data st,103.85326053559137,SYNTHETIC_ROBUSTNESS
1010,lazy stream fox dog brown jumps stream fox stream the jumps over jumps quick fox fox the stream brown over data fox data data co,103.85927258101185,SYNTHETIC_ROBUSTNESS
1011,over jumps over lazy compress compress jumps the jumps compress stream dog the dog fox brown compress quick over quick over data,103.86587099173272,SYNTHETIC_ROBUSTNESS
1012,data stream lazy fox the stream quick over fox quick stream stream brown stream data the over quick jumps compress quick stream ,103.92107985920362,SYNTHETIC_ROBUSTNESS
1013,lazy brown brown brown data dog fox the brown stream dog compress lazy the stream the fox stream compress fox jumps lazy dog qui,104.01374234284432,SYNTHETIC_ROBUSTNESS
1014,jumps stream jumps dog brown jumps lazy over data quick brown compress lazy lazy stream dog dog the dog over stream fox dog comp,104.06031817510816,SYNTHETIC_ROBUSTNESS
1015,dog lazy fox compress jumps dog data stream compress brown jumps brown stream fox over quick brown stream lazy stream brown quic,104.0800430456534,SYNTHETIC_ROBUSTNESS
1016,stream the data the brown data jumps fox dog over fox over jumps dog over compress the fox dog lazy lazy lazy over the brownaaaa,104.21320749604614,SYNTHETIC_ROBUSTNESS
1017,compress fox jumps over over brown lazy brown compress compress over fox compress data lazy the quick quick quick brown lazy qui,104.22829488014143,SYNTHETIC_ROBUSTNESS
1018,stream brown compress data compress the fox jumps data the quick fox brown the brown dog brown jumps dog fox fox brown fox quick,104.33856195485515,SYNTHETIC_ROBUSTNESS
1019,dog quick jumps dog jumps data stream stream dog stream quick the lazy over over lazy over jumps over the data the data stream j,104.65260190058977,SYNTHETIC_ROBUSTNESS
1020,quick lazy jumps jumps stream jumps compress fox lazy quick the dog brown over the data data brown data the lazy dog stream stre,104.71619107319876,SYNTHETIC_ROBUSTNESS
1021,brown lazy quick lazy the data dog fox the stream data brown brown stream data dog stream stream quick stream stream stream comp,104.73855965285554,SYNTHETIC_ROBUSTNESS
1022,brown brown lazy compress fox over quick the compress fox compress data over stream quick the compress over over compress compre,104.92306415808544,SYNTHETIC_ROBUSTNESS
1023,compress fox brown dog compress stream compress fox quick compress jumps over jumps fox brown data data over brown brown lazy da,104.99348015740534,SYNTHETIC_ROBUSTNESS
1024,quick compress stream jumps lazy quick dog dog brown quick lazy dog quick fox compress stream quick quick quick data brown the o,105.25016389098013,SYNTHETIC_ROBUSTNESS
1025,compress compress compress brown stream data stream brown quick dog fox jumps dog jumps quick data over brown lazy quick compres,105.37766999055977,SYNTHETIC_ROBUSTNESS
1026,stream over brown stream stream jumps quick quick quick quick quick data stream jumps the jumps compress stream data compress fo,105.43398888800215,SYNTHETIC_ROBUSTNESS
1027,over dog data lazy brown lazy over the quick lazy brown stream jumps data compress fox lazy compress lazy fox compress brown laz,105.53006130183078,SYNTHETIC_ROBUSTNESS
1028,quick jumps jumps data dog stream brown compress the dog fox the stream jumps quick data quick jumps quick jumps stream data str,105.54868997301135,SYNTHETIC_ROBUSTNESS
1029,jumps fox stream stream over lazy compress fox quick stream the dog fox data fox fox the jumps data compress dog stream fox jump,105.59766660112687,SYNTHETIC_ROBUSTNESS
1030,over data jumps stream the fox jumps data brown jumps the over compress quick dog over compress stream dog the dog brown quick d,105.68777511209281,SYNTHETIC_ROBUSTNESS
1031,fox quick fox data lazy compress stream dog over data dog quick stream brown lazy data stream over brown fox jumps brown compres,105.77694513192058,SYNTHETIC_ROBUSTNESS
1032,brown over dog fox dog jumps compress brown fox fox compress fox fox the stream data data fox brown brown data dog data jumps ju,105.86542806104936,SYNTHETIC_ROBUSTNESS
1033,data over quick fox brown lazy fox data dog data brown compress fox data compress over stream quick compress lazy the quick lazy,106.00150478841898,SYNTHETIC_ROBUSTNESS
1034,jumps dog the lazy lazy fox over dog jumps jumps dog brown stream lazy jumps compress lazy data lazy jumps over lazy dog lazy ov,106.01267097504895,SYNTHETIC_ROBUSTNESS
1035,stream dog fox brown brown stream lazy compress over quick data brown the over the over over jumps the lazy data brown jumps jum,106.0203220548088,SYNTHETIC_ROBUSTNESS
1036,compress the the dog jumps compress data jumps compress compress lazy lazy the compress lazy brown over brown fox over lazy the ,106.03634136198015,SYNTHETIC_ROBUSTNESS
1037,jumps fox lazy fox over the data lazy lazy dog data compress jumps lazy brown lazy jumps over dog over the quick lazy compress f,106.19355283407921,SYNTHETIC_ROBUSTNESS
1038,dog jumps data dog fox quick data over fox brown fox quick quick lazy jumps over lazy fox dog fox jumps stream quick stream brow,106.20025806821688,SYNTHETIC_ROBUSTNESS
1039,brown over lazy fox lazy stream brown fox data fox data the fox the compress jumps brown dog over brown fox brown lazy over over,106.22577768211161,SYNTHETIC_ROBUSTNESS
1040,brown stream lazy over fox stream brown jumps compress quick compress dog quick stream over quick the the jumps brown dog compre,106.25518472631842,SYNTHETIC_ROBUSTNESS
1041,fox data data fox quick data dog lazy compress jumps dog compress fox fox stream data jumps lazy lazy quick data the fox compres,106.35938475506306,SYNTHETIC_ROBUSTNESS
1042,data jumps the stream data quick quick lazy stream dog data quick quick brown data compress jumps jumps data dog stream fox data,106.41073927460516,SYNTHETIC_ROBUSTNESS
1043,brown fox the over compress over compress quick lazy stream lazy dog dog brown lazy brown quick dog jumps fox fox the over the l,106.43292786178536,SYNTHETIC_ROBUSTNESS
1044,data jumps the quick stream over compress dog fox the data quick the dog fox compress brown quick data fox over the over over br,106.49262767991958,SYNTHETIC_ROBUSTNESS
1045,quick fox data compress lazy brown stream quick jumps jumps stream data brown jumps fox quick dog dog data brown compress brown ,106.60828933418988,SYNTHETIC_ROBUSTNESS
1046,compress dog the jumps over data quick brown quick data fox fox data lazy compress jumps stream lazy over stream jumps data quic,106.76249150184394,SYNTHETIC_ROBUSTNESS
1047,the stream lazy quick over fox jumps jumps the lazy over lazy compress stream lazy lazy brown lazy jumps dog lazy data over comp,106.77571708675809,SYNTHETIC_ROBUSTNESS
1048,quick dog brown fox over quick dog brown jumps compress over compress compress jumps jumps brown fox jumps the over stream data ,106.90114395633772,SYNTHETIC_ROBUSTNESS
1049,the over over over lazy lazy fox fox dog stream stream stream compress jumps brown quick fox compress compress compress fox comp,106.90159724797948,SYNTHETIC_ROBUSTNESS
1050,compress compress lazy data lazy quick quick data fox quick over the compress compress lazy lazy compress compress dog stream ju,107.03045002910127,SYNTHETIC_ROBUSTNESS
1051,brown compress data lazy dog quick data quick brown fox quick jumps stream fox fox lazy brown brown dog jumps data dog the compr,107.13862668647961,SYNTHETIC_ROBUSTNESS
1052,over stream compress quick fox stream fox over data data over dog over quick compress fox jumps dog dog over lazy compress over ,107.20186324071912,SYNTHETIC_ROBUSTNESS
1053,stream quick stream fox data over jumps quick brown brown over data lazy brown dog fox fox data jumps dog fox quick dog stream t,107.21658261688314,SYNTHETIC_ROBUSTNESS
1054,data fox data compress stream over jumps compress the compress compress brown dog data fox the data fox quick stream data stream,107.36120786403929,SYNTHETIC_ROBUSTNESS
1055,quick over jumps over over fox brown dog lazy quick compress brown stream quick stream compress the lazy the stream lazy dog dog,107.36865361538239,SYNTHETIC_ROBUSTNESS
1056,lazy data quick lazy compress the dog fox jumps the stream fox compress the brown brown dog dog the brown the stream lazy lazy l,107.59457611679866,SYNTHETIC_ROBUSTNESS
1057,stream quick brown lazy stream over stream compress data jumps stream compress compress brown jumps jumps dog data lazy brown qu,107.74305965370507,SYNTHETIC_ROBUSTNESS
1058,stream compress brown the lazy quick compress data brown brown fox brown lazy fox the stream stream quick the fox dog the stream,107.87813828165658,SYNTHETIC_ROBUSTNESS
1059,stream quick data compress jumps the the stream data stream fox fox dog lazy the the stream data over quick quick dog stream bro,108.01854104476085,SYNTHETIC_ROBUSTNESS
1060,over brown quick jumps lazy brown stream over compress the dog dog brown lazy fox data the data lazy compress quick fox stream d,108.0255375118863,SYNTHETIC_ROBUSTNESS
1061,dog over brown over data lazy fox the the quick over quick quick stream jumps data dog over fox the the lazy over brown compress,108.48554666659777,SYNTHETIC_ROBUSTNESS
1062,stream fox data jumps compress compress quick compress fox dog brown quick stream compress fox the brown jumps lazy compress dog,108.68116265034608,SYNTHETIC_ROBUSTNESS
1063,data compress lazy fox the dog stream data stream jumps lazy jumps lazy quick lazy stream the quick jumps the lazy lazy fox data,108.75207677715377,SYNTHETIC_ROBUSTNESS
1064,the dog brown quick lazy data lazy over the compress jumps over over data over fox data compress the compress jumps over the dog,108.87915939907273,SYNTHETIC_ROBUSTNESS
1065,brown brown data compress lazy jumps stream compress jumps over the compress fox quick the over fox quick quick jumps stream qui,109.01358146418922,SYNTHETIC_ROBUSTNESS
1066,over dog jumps the jumps the the jumps the the over fox quick dog fox stream data brown fox jumps over compress the quick jumpsa,109.19065092477344,SYNTHETIC_ROBUSTNESS
1067,dog fox stream dog brown brown jumps quick over over brown fox quick lazy stream over quick fox lazy lazy fox jumps brown fox do,109.2201382559847,SYNTHETIC_ROBUSTNESS
1068,over brown compress the lazy compress brown jumps data stream compress quick jumps dog jumps brown compress stream compress data,109.2666681632445,SYNTHETIC_ROBUSTNESS
1069,data data dog stream compress over jumps quick compress data quick jumps jumps over data stream compress stream compress data da,109.42745472921945,SYNTHETIC_ROBUSTNESS
1070,stream jumps stream quick compress lazy the the dog quick data jumps lazy jumps lazy lazy jumps quick stream quick quick data da,109.57398151023803,SYNTHETIC_ROBUSTNESS
1071,data compress dog dog compress jumps over over compress data quick over over lazy brown dog dog jumps data over quick jumps brow,109.64792477654227,SYNTHETIC_ROBUSTNESS
1072,brown over fox jumps compress fox the the quick quick quick fox the fox data the dog over lazy jumps data fox fox fox compressaa,109.69837688790177,SYNTHETIC_ROBUSTNESS
1073,data data compress jumps quick brown jumps compress over brown over jumps dog data jumps the fox dog compress jumps dog jumps qu,110.0439715126271,SYNTHETIC_ROBUSTNESS
1074,the brown fox lazy jumps dog dog dog dog dog lazy fox dog fox the jumps over brown lazy dog quick fox brown stream foxaaaaaaaaaa,110.09758951239083,SYNTHETIC_ROBUSTNESS
1075,data stream brown the dog data brown jumps stream fox stream data data over fox over brown the fox quick lazy quick the compress,110.24197580894854,SYNTHETIC_ROBUSTNESS
1076,fox jumps dog over the dog stream lazy dog jumps jumps dog quick dog lazy brown stream fox the lazy quick lazy fox over brownaaa,110.2951879474966,SYNTHETIC_ROBUSTNESS
1077,brown stream fox lazy brown compress fox brown compress over data stream stream quick lazy fox the data stream the over brown la,110.33227057406206,SYNTHETIC_ROBUSTNESS
1078,stream fox stream stream stream fox lazy stream over quick lazy stream quick brown stream brown jumps data fox data fox jumps ju,110.43471295876087,SYNTHETIC_ROBUSTNESS
1079,compress over stream brown stream the over stream the stream compress dog dog lazy quick stream the jumps brown over dog jumps d,110.59953908422352,SYNTHETIC_ROBUSTNESS
1080,over fox stream lazy over compress jumps stream over brown quick brown compress jumps dog fox jumps brown fox stream quick brown,110.9978776007658,SYNTHETIC_ROBUSTNESS
1081,compress dog compress jumps stream fox fox lazy fox over lazy the over jumps over compress brown compress over stream quick comp,111.01400064638528,SYNTHETIC_ROBUSTNESS
1082,lazy the the fox quick fox over compress quick brown quick quick quick stream fox data compress compress fox jumps quick compres,111.2228403753883,SYNTHETIC_ROBUSTNESS
1083,over dog over dog dog compress lazy over data compress brown data over the quick over compress over fox compress dog jumps data ,111.29710394023697,SYNTHETIC_ROBUSTNESS
1084,data brown fox dog data quick over data data jumps brown quick jumps over the data the dog brown quick brown data lazy jumps qui,111.30850398882923,SYNTHETIC_ROBUSTNESS
1085,stream data quick over the jumps dog lazy dog quick over the over over compress over brown dog stream the jumps the quick over q,111.46667586467125,SYNTHETIC_ROBUSTNESS
1086,over quick over lazy jumps the fox over data data lazy lazy over over data jumps brown compress over brown fox brown lazy fox ov,111.5069543983237,SYNTHETIC_ROBUSTNESS
1087,brown stream the compress jumps quick fox stream fox the the over data lazy over dog stream stream the the stream the data quick,111.70963916110176,SYNTHETIC_ROBUSTNESS
1088,compress brown compress quick quick lazy quick data over quick quick dog quick compress the brown over dog quick lazy the dog ov,111.72681315976739,SYNTHETIC_ROBUSTNESS
1089,compress over stream fox stream fox fox quick the jumps compress stream jumps data jumps data compress the brown jumps the jumps,111.85097774855936,SYNTHETIC_ROBUSTNESS
1090,fox the brown compress brown the fox dog compress fox stream data fox stream dog fox jumps data stream dog the dog quick the bro,111.8867590591622,SYNTHETIC_ROBUSTNESS
1091,data over quick over quick data jumps data compress the jumps data the data stream data dog jumps stream quick fox quick dog str,111.91651192971507,SYNTHETIC_ROBUSTNESS
1092,brown fox compress quick quick the brown stream lazy brown data quick lazy compress dog stream fox fox compress jumps data over ,111.92166864850947,SYNTHETIC_ROBUSTNESS
1093,over the compress dog dog jumps jumps brown fox compress quick brown data fox brown over quick fox lazy dog brown the compress s,111.98742902383547,SYNTHETIC_ROBUSTNESS
1094,the the lazy lazy stream brown compress data data lazy dog the quick stream compress stream fox compress the the jumps quick the,112.037105258243,SYNTHETIC_ROBUSTNESS
1095,brown over quick over over dog data jumps dog over fox fox quick dog over brown dog over data fox data data the stream quickaaaa,112.04347278571171,SYNTHETIC_ROBUSTNESS
1096,the compress compress jumps data fox data compress the brown dog brown data dog fox lazy over quick compress quick the over the ,112.06917413877864,SYNTHETIC_ROBUSTNESS
1097,fox data the the dog over compress fox over quick jumps fox quick quick over over stream quick dog fox quick over brown fox over,112.13597508782871,SYNTHETIC_ROBUSTNESS
1098,over lazy stream quick jumps over dog compress dog data stream dog over lazy quick lazy lazy dog compress quick lazy stream brow,112.30114253486275,SYNTHETIC_ROBUSTNESS
1099,brown brown stream fox stream quick the the quick quick over fox the jumps data fox lazy the dog quick over lazy compress stream,112.56628289501728,SYNTHETIC_ROBUSTNESS
1100,brown the compress data data fox data the data quick dog dog the stream data quick lazy jumps dog brown the lazy over brown thea,112.63871204655405,SYNTHETIC_ROBUSTNESS
1101,stream compress brown brown over brown stream the jumps stream over lazy quick dog data stream quick lazy fox dog data over brow,112.69034725621246,SYNTHETIC_ROBUSTNESS
1102,compress dog fox compress brown stream lazy compress quick quick lazy quick lazy quick the lazy lazy jumps lazy dog quick jumps ,112.99991229912433,SYNTHETIC_ROBUSTNESS
1103,brown data over fox quick stream fox the fox dog brown quick brown fox brown stream compress compress quick over fox fox compres,113.3292248191017,SYNTHETIC_ROBUSTNESS
1104,stream fox compress brown jumps fox the quick fox quick data over the fox data lazy dog dog stream stream the brown data quick j,113.35034784128473,SYNTHETIC_ROBUSTNESS
1105,quick data data dog over fox quick dog quick brown quick jumps brown stream lazy fox over quick fox lazy data lazy the the lazya,113.42616021942243,SYNTHETIC_ROBUSTNESS
1106,jumps jumps the data data over dog quick lazy compress compress fox the over data stream quick dog quick brown data quick stream,113.59814694523695,SYNTHETIC_ROBUSTNESS
1107,dog compress dog stream brown data compress stream data quick brown jumps lazy lazy data brown jumps brown quick quick compress ,113.77088972794944,SYNTHETIC_ROBUSTNESS
1108,fox quick brown over lazy compress lazy lazy dog lazy compress lazy stream fox jumps brown over lazy brown dog stream jumps dog ,113.88640120374939,SYNTHETIC_ROBUSTNESS
1109,lazy the data dog data lazy compress stream data over lazy the stream over lazy jumps jumps stream data dog brown the stream jum,113.95016656989179,SYNTHETIC_ROBUSTNESS
1110,lazy over lazy lazy quick over the compress compress data data fox compress quick lazy the jumps over over over over stream comp,114.00186041243707,SYNTHETIC_ROBUSTNESS
1111,compress the data the quick brown data over stream brown data brown over over data stream stream quick brown lazy fox the brown ,114.16606280894605,SYNTHETIC_ROBUSTNESS
1112,fox quick over jumps dog data stream compress stream quick brown quick fox quick quick over lazy dog the stream data lazy stream,114.19164539047895,SYNTHETIC_ROBUSTNESS
1113,over jumps brown over stream stream quick fox stream brown brown lazy data the over jumps compress fox over over brown data data,114.24758220286542,SYNTHETIC_ROBUSTNESS
1114,data data stream compress quick jumps data the fox stream brown compress dog lazy fox jumps fox over jumps dog the over quick ju,114.33125271526043,SYNTHETIC_ROBUSTNESS
1115,over jumps stream quick dog the dog data stream jumps lazy dog the the jumps brown over over fox jumps stream quick quick compre,114.50950330888182,SYNTHETIC_ROBUSTNESS
1116,data data jumps the stream the jumps lazy the data jumps data stream lazy over fox fox fox brown dog data brown dog jumps dataaa,114.55631986102796,SYNTHETIC_ROBUSTNESS
1117,the stream stream quick dog stream compress lazy data the fox brown quick fox lazy dog stream quick lazy dog over over lazy lazy,114.63587235673693,SYNTHETIC_ROBUSTNESS
1118,dog dog quick fox data brown jumps jumps over compress quick quick lazy jumps the stream lazy data jumps brown data brown quick ,114.66860669708139,SYNTHETIC_ROBUSTNESS
1119,the the brown over compress compress dog stream brown over brown lazy dog over compress data compress fox brown dog stream quick,114.84995364589173,SYNTHETIC_ROBUSTNESS
1120,quick lazy data fox fox over jumps compress brown jumps stream fox data compress dog data stream jumps quick fox brown stream do,115.00391742663818,SYNTHETIC_ROBUSTNESS
1121,the jumps jumps over fox brown jumps fox quick stream lazy compress the fox brown brown compress lazy fox fox lazy jumps dog qui,115.17545187090329,SYNTHETIC_ROBUSTNESS
1122,data data dog compress stream compress the brown lazy fox dog over jumps dog quick fox fox the quick fox jumps brown over jumps ,115.18137129066447,SYNTHETIC_ROBUSTNESS
1123,dog compress fox quick brown dog stream data jumps quick the the brown fox fox lazy over fox data stream dog brown dog brown the,115.24809937912204,SYNTHETIC_ROBUSTNESS
1124,dog compress jumps brown jumps lazy stream the over lazy the dog over compress compress over stream over compress the dog brown ,115.26269943959132,SYNTHETIC_ROBUSTNESS
1125,dog dog stream quick quick quick dog lazy brown fox compress data jumps quick jumps dog compress over jumps jumps dog stream str,115.37471177222241,SYNTHETIC_ROBUSTNESS
1126,lazy data data brown jumps lazy data dog fox compress brown dog the quick stream dog compress fox stream data data lazy data laz,115.4120199277295,SYNTHETIC_ROBUSTNESS
1127,fox fox jumps jumps the lazy quick the lazy compress jumps dog over stream lazy compress data brown data brown brown quick brown,115.56099725164627,SYNTHETIC_ROBUSTNESS
1128,brown compress brown compress quick dog stream over compress quick fox compress jumps brown over dog jumps jumps stream jumps st,115.5677359789896,SYNTHETIC_ROBUSTNESS
1129,data lazy fox jumps quick compress fox lazy compress stream brown dog stream quick over quick jumps brown jumps dog fox stream b,115.63973861084459,SYNTHETIC_ROBUSTNESS
1130,dog quick over data stream compress jumps fox data compress brown dog fox dog lazy lazy stream over data the stream brown compre,115.65293931293955,SYNTHETIC_ROBUSTNESS
1131,lazy stream data over over over quick fox fox the jumps jumps brown stream compress the stream jumps compress quick the the over,115.73456102749279,SYNTHETIC_ROBUSTNESS
1132,compress over over brown brown compress over stream the stream over stream compress jumps compress lazy fox fox jumps quick lazy,115.8280450681712,SYNTHETIC_ROBUSTNESS
1133,brown jumps quick over compress quick fox fox stream the data quick stream lazy the jumps over compress quick quick jumps compre,115.89006142081445,SYNTHETIC_ROBUSTNESS
1134,quick brown the quick dog quick lazy quick fox quick brown jumps dog jumps lazy stream lazy over compress brown jumps fox fox st,115.92286275850738,SYNTHETIC_ROBUSTNESS
1135,compress the dog stream data dog over jumps brown data brown over data fox jumps the over data dog the stream data the jumps dat,115.92614895311218,SYNTHETIC_ROBUSTNESS
1136,lazy compress data data compress dog compress jumps stream data dog jumps lazy compress stream brown data compress brown lazy st,116.03465366227644,SYNTHETIC_ROBUSTNESS
1137,over quick data brown lazy lazy jumps over lazy over fox lazy dog jumps jumps stream jumps over stream over brown lazy jumps ove,116.23901624433849,SYNTHETIC_ROBUSTNESS
1138,the lazy lazy dog data over fox compress the stream jumps lazy over quick compress data dog jumps compress brown over data brown,116.37130981169987,SYNTHETIC_ROBUSTNESS
1139,jumps the stream quick fox stream stream brown jumps jumps over brown stream over quick the compress quick stream brown quick ov,116.59481929063618,SYNTHETIC_ROBUSTNESS
1140,the compress stream quick over compress stream dog lazy dog brown compress the quick over jumps over brown the data dog fox comp,116.86003482876315,SYNTHETIC_ROBUSTNESS
1141,over over jumps fox dog stream data lazy lazy the quick quick the data over fox jumps over over the the the lazy dog streamaaaaa,116.91973610195835,SYNTHETIC_ROBUSTNESS
1142,fox quick quick stream quick jumps dog compress stream compress data jumps jumps fox the fox over compress data jumps over over ,117.03946606930796,SYNTHETIC_ROBUSTNESS
1143,compress lazy lazy over jumps compress jumps the data jumps lazy fox data jumps data fox stream compress data brown brown lazy s,117.09011270807639,SYNTHETIC_ROBUSTNESS
1144,compress fox stream compress the the fox jumps compress jumps compress brown data the data stream stream lazy lazy jumps stream ,117.34211558753378,SYNTHETIC_ROBUSTNESS
1145,compress dog the brown dog quick quick lazy over data the quick brown jumps jumps quick brown the quick compress lazy quick over,117.4248915852319,SYNTHETIC_ROBUSTNESS
1146,stream dog lazy over dog quick compress lazy dog fox dog the brown lazy compress brown data jumps quick lazy compress quick brow,117.56450585848397,SYNTHETIC_ROBUSTNESS
1147,the the dog jumps over dog stream compress jumps brown dog compress data compress lazy lazy data quick jumps quick jumps jumps s,117.5659683235396,SYNTHETIC_ROBUSTNESS
1148,stream lazy dog compress over jumps dog fox jumps brown fox jumps stream over fox quick jumps stream brown brown jumps data brow,117.65166424781401,SYNTHETIC_ROBUSTNESS
1149,quick stream quick brown stream dog lazy fox jumps lazy compress lazy fox brown lazy over fox dog data lazy stream dog data stre,117.78714036771433,SYNTHETIC_ROBUSTNESS
1150,fox the over fox jumps dog over fox fox jumps data dog brown the lazy over the dog stream brown the data fox the brownaaaaaaaaaa,117.81684712233373,SYNTHETIC_ROBUSTNESS
1151,stream data fox stream jumps over quick compress brown lazy quick jumps fox data stream quick quick the lazy jumps the jumps jum,117.81829494988588,SYNTHETIC_ROBUSTNESS
1152,the over over brown fox jumps data fox data quick dog stream compress compress jumps stream data the the jumps quick quick brown,117.95440938518588,SYNTHETIC_ROBUSTNESS
1153,brown jumps jumps brown brown fox brown fox jumps fox brown over the dog lazy quick over jumps brown the the over dog over lazya,117.99567132210002,SYNTHETIC_ROBUSTNESS
1154,jumps lazy data stream fox brown the lazy over lazy the lazy fox quick lazy stream over data over quick fox over data the jumpsa,118.05167108951126,SYNTHETIC_ROBUSTNESS
1155,quick data quick over stream lazy the dog jumps compress quick dog compress fox compress lazy stream the brown compress lazy laz,118.13423669374299,SYNTHETIC_ROBUSTNESS
1156,jumps fox jumps stream dog data the fox dog brown quick stream fox over data lazy the quick the jumps lazy data jumps fox quicka,118.1459183002358,SYNTHETIC_ROBUSTNESS
1157,fox compress lazy lazy brown fox lazy dog jumps compress the fox data jumps the quick compress the data jumps lazy lazy brown co,118.15684987361371,SYNTHETIC_ROBUSTNESS
1158,quick over fox lazy lazy compress compress the quick lazy fox lazy stream dog jumps fox fox the jumps fox stream lazy brown dog ,118.48096316580072,SYNTHETIC_ROBUSTNESS
1159,quick over stream data fox data compress jumps brown data brown the dog the brown data quick over dog over jumps the over data b,118.52234765381614,SYNTHETIC_ROBUSTNESS
1160,jumps the the dog the quick lazy data lazy dog brown stream brown jumps stream quick quick stream dog quick fox over brown data ,118.55185523384482,SYNTHETIC_ROBUSTNESS
1161,data brown dog brown compress stream brown quick over data over compress brown the quick fox compress stream quick fox dog fox b,118.55674675362131,SYNTHETIC_ROBUSTNESS
1162,brown stream data fox data data lazy over dog dog dog stream dog lazy stream data compress data the quick lazy quick brown compr,118.57585417468914,SYNTHETIC_ROBUSTNESS
1163,compress fox the dog jumps fox data data compress fox over fox quick fox jumps quick jumps over data over compress lazy quick ov,118.632223222513,SYNTHETIC_ROBUSTNESS
1164,data over lazy jumps stream fox fox jumps dog dog quick over compress brown dog data brown lazy data lazy the fox data compress ,118.67408940127861,SYNTHETIC_ROBUSTNESS
1165,dog jumps jumps dog data brown quick quick fox fox the fox over stream over jumps fox over stream data brown stream dog stream j,118.72935521193381,SYNTHETIC_ROBUSTNESS
1166,dog compress dog data jumps jumps fox compress compress dog jumps brown brown brown quick lazy fox compress fox the compress the,118.85106429608956,SYNTHETIC_ROBUSTNESS
1167,stream quick brown lazy brown jumps the compress over compress brown over lazy quick brown brown dog data jumps dog jumps compre,118.9537277415912,SYNTHETIC_ROBUSTNESS
1168,over data dog over the quick quick dog brown jumps data over dog quick over stream fox quick jumps data dog quick lazy over over,119.0216823645499,SYNTHETIC_ROBUSTNESS
1169,lazy jumps lazy quick data lazy data brown data dog over quick fox dog brown data compress jumps quick the dog fox data data fox,119.19032586739536,SYNTHETIC_ROBUSTNESS
1170,data the lazy fox over the over jumps jumps over compress the over lazy brown the the stream compress compress dog stream compre,119.38504414892925,SYNTHETIC_ROBUSTNESS
1171,brown jumps lazy fox stream the fox fox lazy the over the fox the data over stream jumps the stream data lazy the fox dataaaaaaa,119.47440237075764,SYNTHETIC_ROBUSTNESS
1172,brown brown dog fox stream quick stream quick jumps fox compress dog compress fox quick lazy lazy data compress stream jumps qui,119.48691006807832,SYNTHETIC_ROBUSTNESS
1173,the dog the compress brown compress over dog brown compress the brown compress dog jumps quick quick jumps fox compress compress,119.53902783886195,SYNTHETIC_ROBUSTNESS
1174,dog quick lazy jumps fox jumps data the brown lazy data lazy over quick over compress over compress fox lazy quick brown over th,119.63966674760137,SYNTHETIC_ROBUSTNESS
1175,over data lazy the lazy compress over brown brown jumps data fox lazy over stream brown stream jumps quick fox lazy stream strea,119.64615804790117,SYNTHETIC_ROBUSTNESS
1176,dog fox lazy over the brown quick fox quick fox quick fox fox quick over fox compress dog compress the dog the brown fox lazyaaa,119.64816878155817,SYNTHETIC_ROBUSTNESS
1177,quick stream compress fox compress stream stream compress data fox compress fox the data lazy quick lazy brown the quick brown c,119.9444651107983,SYNTHETIC_ROBUSTNESS
1178,dog over over stream compress compress fox data lazy over stream jumps dog stream dog the jumps quick over dog the quick the dog,120.07542239435507,SYNTHETIC_ROBUSTNESS
1179,fox over the the fox data over fox brown data compress brown data brown compress data jumps compress lazy lazy quick jumps quick,120.09204058441564,SYNTHETIC_ROBUSTNESS
1180,data compress dog the the over the lazy compress over fox brown over brown stream the compress lazy quick quick brown fox over o,120.15094209099041,SYNTHETIC_ROBUSTNESS
1181,stream the stream jumps lazy over quick the stream data jumps jumps lazy stream stream dog over data data jumps over jumps jumps,120.1724543302615,SYNTHETIC_ROBUSTNESS
1182,quick lazy data the the jumps dog stream jumps fox over jumps lazy lazy brown fox the fox quick stream data over quick fox strea,120.17348819643082,SYNTHETIC_ROBUSTNESS
1183,over jumps jumps brown fox fox stream compress lazy data stream quick data stream over over brown fox data over jumps the jumps ,120.22319577680963,SYNTHETIC_ROBUSTNESS
1184,brown data dog jumps brown fox stream jumps fox the brown quick the dog the dog dog brown stream over data dog over compress str,120.32771754702881,SYNTHETIC_ROBUSTNESS
1185,data dog lazy lazy data compress compress stream data compress quick the brown quick compress the dog stream over fox lazy compr,120.6359093759806,SYNTHETIC_ROBUSTNESS
1186,jumps the quick quick fox over compress compress fox dog quick fox dog quick fox data data lazy the data lazy over lazy jumps br,120.7828051374752,SYNTHETIC_ROBUSTNESS
1187,data compress compress data dog quick data the over stream stream the compress lazy data stream quick brown brown stream lazy ju,120.80895956319854,SYNTHETIC_ROBUSTNESS
1188,fox compress the brown lazy fox jumps brown jumps the data lazy stream the dog the the quick over jumps the the lazy lazy jumpsa,120.84993879200366,SYNTHETIC_ROBUSTNESS
1189,over lazy jumps data compress data the jumps stream brown quick over the jumps jumps lazy compress dog data dog compress jumps f,120.92345672272252,SYNTHETIC_ROBUSTNESS
1190,brown quick jumps over quick dog the brown jumps stream jumps the lazy quick over lazy brown stream compress stream data data br,120.94468609947492,SYNTHETIC_ROBUSTNESS
1191,fox jumps dog dog brown dog compress quick quick stream the data stream compress dog stream quick over stream brown quick over q,121.12362981056422,SYNTHETIC_ROBUSTNESS
1192,compress jumps over lazy compress data data jumps lazy fox fox compress data jumps over fox fox brown data quick compress data f,121.1420178772631,SYNTHETIC_ROBUSTNESS
1193,brown over compress fox quick fox data lazy dog lazy data compress dog data the jumps brown fox over quick fox jumps compress do,121.17626311174386,SYNTHETIC_ROBUSTNESS
1194,jumps over compress fox data compress fox lazy over fox data lazy jumps over lazy compress lazy stream stream fox data lazy fox ,121.26244352405658,SYNTHETIC_ROBUSTNESS
1195,lazy data lazy lazy brown data data dog stream fox over jumps over lazy stream jumps lazy jumps quick quick lazy the the jumps b,121.27559390118809,SYNTHETIC_ROBUSTNESS
1196,dog quick dog data jumps quick dog brown over data lazy stream lazy quick stream the compress jumps stream fox brown brown strea,121.37357419688416,SYNTHETIC_ROBUSTNESS
1197,compress jumps dog fox dog stream fox lazy jumps dog fox stream data compress brown compress compress dog data quick quick strea,121.66221751325206,SYNTHETIC_ROBUSTNESS
1198,brown compress fox compress lazy brown over data the brown jumps the fox over dog dog stream dog over over data jumps data fox t,121.77983248484553,SYNTHETIC_ROBUSTNESS
1199,data fox over over the stream data data brown dog jumps dog lazy the brown dog the compress data stream quick stream quick over ,121.94738202573791,SYNTHETIC_ROBUSTNESS
1200,compress fox compress lazy stream fox dog stream stream jumps brown data brown brown dog jumps over compress quick dog dog strea,122.00509537738061,SYNTHETIC_ROBUSTNESS
1201,dog fox dog data stream lazy the lazy data jumps brown dog compress dog quick compress over over dog compress brown jumps fox ov,122.05055837846993,SYNTHETIC_ROBUSTNESS
1202,stream brown over over over lazy brown over compress jumps lazy jumps jumps compress compress jumps data data jumps the quick la,122.0903977986702,SYNTHETIC_ROBUSTNESS
1203,brown compress compress compress lazy stream jumps dog brown data over dog lazy the lazy dog brown stream fox data compress stre,122.1984156747219,SYNTHETIC_ROBUSTNESS
1204,stream dog quick compress lazy fox lazy jumps dog data brown stream stream dog lazy fox fox jumps dog data quick lazy the the co,122.27150798980088,SYNTHETIC_ROBUSTNESS
1205,compress compress stream the dog the brown stream fox compress fox compress data data the lazy data brown stream compress brown ,122.33543440354525,SYNTHETIC_ROBUSTNESS
1206,data brown the lazy fox fox data over the the dog data the compress the fox dog compress quick jumps jumps data brown lazy jumps,122.34605338863688,SYNTHETIC_ROBUSTNESS
1207,dog over quick brown over lazy data brown the jumps fox brown data compress dog stream compress fox the over the quick the data ,122.45794707899647,SYNTHETIC_ROBUSTNESS
1208,lazy data quick dog the compress compress compress stream stream quick lazy dog lazy lazy stream stream stream stream brown jump,122.58718483730797,SYNTHETIC_ROBUSTNESS
1209,data data dog compress over compress compress over lazy lazy brown over lazy over brown lazy fox brown quick jumps the jumps str,122.60902510434138,SYNTHETIC_ROBUSTNESS
1210,lazy brown data fox the over the quick fox over brown brown the fox over stream stream dog dog stream the over data over foxaaaa,122.7516140538804,SYNTHETIC_ROBUSTNESS
1211,stream over stream jumps compress lazy dog compress dog fox stream the the data the over fox stream stream stream dog fox brown ,122.96313671182875,SYNTHETIC_ROBUSTNESS
1212,jumps quick jumps over lazy data stream lazy stream over compress jumps jumps fox fox lazy over the compress the quick dog the c,122.98232830761448,SYNTHETIC_ROBUSTNESS
1213,lazy lazy the stream fox data dog jumps lazy the data lazy quick stream stream quick compress data fox data lazy fox fox stream ,123.0424839131587,SYNTHETIC_ROBUSTNESS
1214,data fox compress over brown data fox the quick compress stream fox brown over brown compress the the lazy compress compress laz,123.25138073693127,SYNTHETIC_ROBUSTNESS
1215,brown compress dog fox jumps fox jumps compress brown compress brown compress data stream stream jumps dog compress lazy jumps f,123.31818679500441,SYNTHETIC_ROBUSTNESS
1216,the brown stream the the jumps lazy data the the fox data dog stream stream stream compress compress dog data compress data quic,123.48706397270936,SYNTHETIC_ROBUSTNESS
1217,data the data jumps over jumps dog fox the quick jumps over jumps quick fox the compress data dog brown dog dog stream stream da,123.51136708564594,SYNTHETIC_ROBUSTNESS
1218,over data lazy fox fox quick fox data stream the dog over lazy jumps data data dog lazy lazy over dog quick the data brownaaaaaa,123.51797372015047,SYNTHETIC_ROBUSTNESS
1219,over data over brown data brown stream over jumps jumps compress fox the over fox stream jumps lazy dog fox fox stream fox brown,123.52410455836927,SYNTHETIC_ROBUSTNESS
1220,lazy dog compress the dog data jumps brown jumps lazy compress the compress stream compress brown dog dog the lazy quick lazy ju,123.88294057836575,SYNTHETIC_ROBUSTNESS
1221,the over fox the dog compress brown over quick jumps compress stream fox fox compress brown compress compress brown stream brown,123.90093914462567,SYNTHETIC_ROBUSTNESS
1222,compress over jumps the dog the lazy dog lazy compress quick over brown the data the over dog compress fox jumps fox the over la,124.10110662844413,SYNTHETIC_ROBUSTNESS
1223,jumps lazy lazy quick jumps stream quick jumps lazy stream brown quick over compress brown over dog brown jumps fox data lazy do,124.13904669357144,SYNTHETIC_ROBUSTNESS
1224,data brown quick lazy data data stream the compress data stream data stream fox dog quick stream jumps brown over compress over ,124.14313811751073,SYNTHETIC_ROBUSTNESS
1225,dog fox quick quick data the brown quick lazy lazy brown brown quick jumps quick the stream brown dog over fox over fox brown st,124.1707104746989,SYNTHETIC_ROBUSTNESS
1226,quick lazy lazy compress over quick dog brown fox quick compress lazy dog dog fox jumps compress compress brown lazy data stream,124.24112977150797,SYNTHETIC_ROBUSTNESS
1227,quick over dog lazy brown quick compress fox compress lazy quick over lazy brown data over the the jumps stream brown stream fox,124.25242109333466,SYNTHETIC_ROBUSTNESS
1228,over dog stream data the jumps brown stream dog data the jumps the brown lazy fox quick dog lazy data brown compress quick brown,124.50773538458837,SYNTHETIC_ROBUSTNESS
1229,quick over stream the fox lazy stream over brown dog brown data compress compress jumps quick over brown lazy stream compress do,124.73787900166357,SYNTHETIC_ROBUSTNESS
1230,jumps data the data stream the the brown quick compress jumps stream fox brown lazy data fox lazy dog data compress the quick th,124.75403064772892,SYNTHETIC_ROBUSTNESS
1231,data fox compress data stream jumps dog fox fox data dog lazy brown brown the brown stream compress dog quick dog lazy quick bro,124.88763198708635,SYNTHETIC_ROBUSTNESS
1232,brown over compress over data quick over the dog quick fox the the jumps jumps jumps compress brown brown data stream fox jumps ,124.94938185675299,SYNTHETIC_ROBUSTNESS
1233,lazy dog fox compress lazy the over lazy the over stream quick data fox dog lazy stream data jumps stream stream data stream bro,125.35182888113852,SYNTHETIC_ROBUSTNESS
1234,fox fox compress stream stream data compress stream jumps jumps over lazy compress data the lazy stream jumps data data dog stre,125.35752870756315,SYNTHETIC_ROBUSTNESS
1235,data lazy compress the stream data compress lazy quick dog data compress quick quick quick brown the stream quick quick compress,125.42121193204788,SYNTHETIC_ROBUSTNESS
1236,jumps stream compress fox stream data lazy fox quick the dog fox fox dog the compress compress quick jumps jumps stream the the ,125.45482539022294,SYNTHETIC_ROBUSTNESS
1237,brown stream over brown dog compress compress stream fox dog the over lazy quick quick quick data fox the over fox the lazy fox ,125.58442629810513,SYNTHETIC_ROBUSTNESS
1238,lazy the over lazy quick lazy over over the dog data the fox fox compress over brown fox brown jumps quick data jumps compress t,125.59620720562118,SYNTHETIC_ROBUSTNESS
1239,dog the jumps stream over brown stream over the brown jumps data quick stream stream the quick brown lazy lazy jumps stream over,125.69512256918051,SYNTHETIC_ROBUSTNESS
1240,data compress fox the jumps quick data the stream lazy fox fox over over stream fox fox jumps stream lazy quick compress the fox,125.99088792263703,SYNTHETIC_ROBUSTNESS
1241,compress dog brown stream data quick fox quick lazy brown the stream jumps dog brown quick stream lazy lazy data dog fox the ove,126.05137965538296,SYNTHETIC_ROBUSTNESS
1242,compress dog stream quick fox fox over fox compress over over brown compress compress brown data quick brown stream lazy fox laz,126.11193553947726,SYNTHETIC_ROBUSTNESS
1243,over lazy stream over compress stream dog dog stream data stream the dog data compress data the fox data lazy fox jumps data str,126.18039439270325,SYNTHETIC_ROBUSTNESS
1244,brown fox dog stream data stream fox the jumps data lazy dog stream quick dog lazy brown stream jumps jumps jumps compress dog l,126.23412987216976,SYNTHETIC_ROBUSTNESS
1245,over fox compress fox data compress over stream brown dog stream dog compress quick dog compress brown stream the dog fox stream,126.293455701412,SYNTHETIC_ROBUSTNESS
1246,dog dog quick data stream dog quick over quick over jumps over jumps quick over compress jumps jumps compress data jumps the str,126.35567587646216,SYNTHETIC_ROBUSTNESS
1247,brown lazy the over over the stream quick lazy over fox dog jumps compress compress data fox jumps quick compress stream fox laz,126.9804883690432,SYNTHETIC_ROBUSTNESS
1248,compress quick compress stream fox over jumps over stream jumps stream jumps the the compress quick data dog quick data stream l,126.99286752616915,SYNTHETIC_ROBUSTNESS
1249,data quick lazy jumps over dog data compress quick data compress fox the fox stream over stream stream lazy dog quick fox fox st,127.0264597627297,SYNTHETIC_ROBUSTNESS
1250,the data data quick jumps quick jumps stream lazy stream jumps the jumps over over stream the fox lazy quick over over brown qui,127.05013170791793,SYNTHETIC_ROBUSTNESS
1251,lazy compress jumps brown compress the the lazy dog quick data over compress stream stream fox data lazy jumps quick data compre,127.1286991915336,SYNTHETIC_ROBUSTNESS
1252,dog dog dog over jumps over quick quick data compress compress data brown brown jumps dog over stream stream stream stream dog d,127.12898048031823,SYNTHETIC_ROBUSTNESS
1253,quick jumps jumps data quick quick data dog over data fox jumps quick fox stream dog fox jumps data lazy data fox dog jumps jump,127.38293615895407,SYNTHETIC_ROBUSTNESS
1254,stream fox brown compress stream stream jumps jumps data fox brown dog the quick the quick jumps jumps the compress over compres,127.45867719170988,SYNTHETIC_ROBUSTNESS
1255,over data compress lazy the quick quick lazy lazy brown lazy over compress data stream stream dog fox fox compress lazy stream t,127.68508789162061,SYNTHETIC_ROBUSTNESS
1256,lazy over over brown lazy lazy stream dog fox the stream brown the lazy quick brown brown over lazy lazy data brown fox the brow,127.72739458535531,SYNTHETIC_ROBUSTNESS
1257,quick brown stream data brown jumps dog fox brown the quick over quick lazy jumps quick dog quick lazy lazy brown jumps stream b,127.74363823419235,SYNTHETIC_ROBUSTNESS
1258,quick dog compress brown dog stream brown lazy data stream jumps stream lazy jumps dog brown fox stream jumps over quick fox dat,127.76499376977519,SYNTHETIC_ROBUSTNESS
1259,jumps lazy data stream data over dog dog jumps quick over compress compress lazy brown the over data quick compress quick over d,127.82861987863762,SYNTHETIC_ROBUSTNESS
1260,lazy compress brown data compress lazy dog jumps over dog quick over lazy fox brown dog jumps data the jumps stream stream the f,127.83273009284669,SYNTHETIC_ROBUSTNESS
1261,brown stream data jumps the stream the quick quick jumps jumps stream dog stream over quick over lazy fox fox over jumps fox qui,127.98496629587308,SYNTHETIC_ROBUSTNESS
1262,lazy brown compress dog quick compress over dog the quick data compress lazy lazy lazy jumps dog brown fox the lazy jumps over q,128.1413346668173,SYNTHETIC_ROBUSTNESS
1263,stream the compress quick data brown stream data jumps stream jumps brown data stream brown dog brown brown the data the lazy ov,128.26238575609392,SYNTHETIC_ROBUSTNESS
1264,stream the compress compress quick the dog jumps quick data the dog data data jumps quick dog lazy jumps lazy fox over over fox ,128.4890494748213,SYNTHETIC_ROBUSTNESS
1265,fox brown brown stream lazy jumps over compress quick quick dog quick quick compress compress over quick lazy dog the quick quic,128.56878414739688,SYNTHETIC_ROBUSTNESS
1266,lazy the quick the stream stream lazy the jumps lazy jumps dog data brown brown lazy fox data stream compress over stream lazy s,128.63404601026602,SYNTHETIC_ROBUSTNESS
1267,lazy fox brown dog fox dog stream dog stream fox stream jumps fox lazy fox over data stream dog lazy lazy the brown compress ove,128.70937305263982,SYNTHETIC_ROBUSTNESS
1268,fox data data lazy lazy jumps dog jumps over lazy over quick fox lazy jumps the jumps stream fox data the quick lazy brown theaa,128.7294566833472,SYNTHETIC_ROBUSTNESS
1269,dog over compress brown lazy data lazy jumps fox data quick quick stream fox fox fox brown quick jumps brown dog fox quick quick,128.80126037319738,SYNTHETIC_ROBUSTNESS
1270,quick lazy brown quick lazy quick jumps quick data brown lazy over dog lazy jumps data stream fox compress fox lazy lazy compres,128.87929594427607,SYNTHETIC_ROBUSTNESS
1271,stream data over jumps over dog data the jumps dog brown fox stream brown dog over stream fox dog lazy quick compress fox over c,129.02393854247867,SYNTHETIC_ROBUSTNESS
1272,lazy lazy data compress the the stream brown quick over dog over the data brown the compress data quick the stream data jumps br,129.06669726162022,SYNTHETIC_ROBUSTNESS
1273,lazy lazy data over fox fox the the jumps over stream the over stream dog lazy stream stream the lazy jumps data compress data f,129.07637336426876,SYNTHETIC_ROBUSTNESS
1274,stream quick dog fox data over over brown quick brown over dog brown brown lazy brown dog fox the stream jumps lazy over data ov,129.16737006746354,SYNTHETIC_ROBUSTNESS
1275,brown quick fox quick over the compress lazy compress lazy data dog compress data fox quick compress over dog brown compress qui,129.3224672940607,SYNTHETIC_ROBUSTNESS
1276,over data stream over fox dog lazy data dog over stream data fox brown quick lazy compress fox data jumps stream data jumps brow,129.67166613088037,SYNTHETIC_ROBUSTNESS
1277,quick dog jumps compress fox fox fox brown dog fox quick compress lazy fox the data lazy quick over dog fox stream over lazy jum,129.68112517704748,SYNTHETIC_ROBUSTNESS
1278,compress compress fox lazy compress compress quick dog lazy dog the compress lazy compress quick stream quick dog dog quick fox ,129.81830562001147,SYNTHETIC_ROBUSTNESS
1279,compress brown lazy lazy fox data lazy lazy quick quick over fox stream stream compress fox brown compress compress the lazy ove,129.90890007964725,SYNTHETIC_ROBUSTNESS
1280,dog data dog lazy jumps the stream data lazy compress dog compress stream lazy lazy fox the the jumps stream quick jumps compres,129.91044568094776,SYNTHETIC_ROBUSTNESS
1281,lazy brown the compress jumps the jumps the brown stream the lazy stream quick stream stream brown data fox quick over the the b,130.0371162139379,SYNTHETIC_ROBUSTNESS
1282,stream jumps dog fox compress jumps jumps lazy quick quick stream brown brown lazy over over over compress jumps the the quick f,130.03977127622204,SYNTHETIC_ROBUSTNESS
1283,dog data the dog compress dog data data over dog stream the dog fox lazy lazy data over data brown jumps the lazy stream brownaa,130.19360221639786,SYNTHETIC_ROBUSTNESS
1284,data over quick fox jumps fox brown over brown data dog brown brown data jumps dog dog brown stream the stream over jumps lazy d,130.3213721139411,SYNTHETIC_ROBUSTNESS
1285,stream over fox stream brown lazy brown compress stream jumps dog compress stream quick dog quick dog brown stream jumps quick b,130.43782171409777,SYNTHETIC_ROBUSTNESS
1286,lazy the brown compress compress dog lazy compress jumps jumps jumps brown data fox stream quick compress the fox fox data lazy ,130.45060461592755,SYNTHETIC_ROBUSTNESS
1287,fox fox stream compress compress jumps jumps jumps quick jumps the over jumps quick fox jumps stream the data fox fox the quick ,130.70197592456913,SYNTHETIC_ROBUSTNESS
1288,compress jumps data stream brown compress lazy brown data quick brown lazy compress compress stream lazy dog quick the dog brown,130.93115338608936,SYNTHETIC_ROBUSTNESS
1289,lazy stream lazy brown data stream compress data stream brown data lazy fox data over lazy jumps quick dog brown over dog stream,131.1616732266307,SYNTHETIC_ROBUSTNESS
1290,over data the fox jumps fox data stream over stream brown fox fox jumps stream jumps over fox fox over stream stream over dog th,131.20635857624518,SYNTHETIC_ROBUSTNESS
1291,the quick over quick the over jumps data the quick compress lazy stream stream the fox dog fox dog stream lazy the compress brow,131.27412001368538,SYNTHETIC_ROBUSTNESS
1292,fox brown compress jumps brown over data fox the compress lazy jumps fox quick over jumps data fox compress brown the over brown,131.2863249513842,SYNTHETIC_ROBUSTNESS
1293,stream data brown dog lazy brown the quick compress the dog compress dog compress data data over compress quick brown lazy compr,131.29156964815104,SYNTHETIC_ROBUSTNESS
1294,jumps brown the fox fox stream stream stream lazy over lazy stream brown brown dog lazy quick fox compress stream lazy dog fox d,131.29762721658105,SYNTHETIC_ROBUSTNESS
1295,fox over over the jumps quick stream jumps jumps jumps over the quick over quick brown over lazy quick lazy fox compress stream ,131.38173849493666,SYNTHETIC_ROBUSTNESS
1296,brown lazy dog brown brown jumps stream stream jumps quick stream data data data lazy the over data jumps over jumps over lazy c,131.42051130237664,SYNTHETIC_ROBUSTNESS
1297,compress stream data stream over the lazy the lazy quick compress quick the lazy compress fox fox stream brown data dog quick ju,131.50715560965938,SYNTHETIC_ROBUSTNESS
1298,brown the quick the lazy dog quick stream quick quick fox the data data quick the fox lazy jumps jumps brown over lazy fox strea,131.59696738431097,SYNTHETIC_ROBUSTNESS
1299,lazy fox data lazy dog over over the over quick the quick quick jumps data lazy data lazy brown dog brown stream the lazy dogaaa,131.83455005102874,SYNTHETIC_ROBUSTNESS
1300,the lazy lazy data compress compress over compress brown fox brown data data over stream dog data jumps quick over compress fox ,132.0484974457614,SYNTHETIC_ROBUSTNESS
1301,dog quick fox stream compress dog jumps data lazy jumps dog jumps lazy over data lazy over the stream dog over stream jumps over,132.1752893882967,SYNTHETIC_ROBUSTNESS
1302,jumps data lazy brown compress fox dog over lazy lazy brown jumps lazy lazy quick dog fox over compress jumps jumps fox compress,132.34594120061954,SYNTHETIC_ROBUSTNESS
1303,brown brown over compress fox compress quick dog lazy fox brown brown stream data data fox over the quick over stream stream qui,132.34625766480914,SYNTHETIC_ROBUSTNESS
1304,quick data fox stream stream brown lazy lazy fox the fox compress lazy quick over over fox compress dog the stream jumps dog bro,132.34782337193414,SYNTHETIC_ROBUSTNESS
1305,brown data data quick over lazy lazy over quick quick fox the fox lazy quick jumps brown fox lazy over quick jumps dog quick ove,132.40918071862566,SYNTHETIC_ROBUSTNESS
1306,data lazy data data fox over quick jumps lazy data compress stream over stream the jumps over dog compress data data data the br,132.51522388549026,SYNTHETIC_ROBUSTNESS
1307,lazy data stream brown dog dog the stream the data quick stream dog data brown quick stream fox the stream dog quick jumps strea,132.67325268203206,SYNTHETIC_ROBUSTNESS
1308,quick brown dog fox brown dog dog brown dog brown brown brown the the compress jumps brown lazy stream quick jumps quick quick c,132.7325406999502,SYNTHETIC_ROBUSTNESS
1309,fox data quick dog data quick stream brown dog jumps fox jumps dog dog over brown lazy quick compress compress over fox dog jump,133.0141610262883,SYNTHETIC_ROBUSTNESS
1310,over the the compress compress brown lazy over quick data data the lazy dog the compress brown jumps compress jumps quick compre,133.1828930051956,SYNTHETIC_ROBUSTNESS
1311,over stream brown data jumps quick compress quick brown over lazy fox brown brown over over fox quick data lazy fox lazy fox fox,133.19373570747527,SYNTHETIC_ROBUSTNESS
1312,data lazy compress compress data quick dog stream quick over fox stream over over the over over brown lazy the over quick jumps ,133.25174940681163,SYNTHETIC_ROBUSTNESS
1313,dog lazy dog jumps brown compress jumps brown compress fox the over the dog dog quick over the stream fox compress over stream q,133.77917483017725,SYNTHETIC_ROBUSTNESS
1314,over stream the brown the the brown compress fox data jumps compress lazy data quick jumps stream stream lazy compress dog data ,133.83192824798198,SYNTHETIC_ROBUSTNESS
1315,brown the quick dog quick quick lazy fox quick quick lazy over jumps brown quick lazy stream data dog dog quick lazy compress la,133.8807482331433,SYNTHETIC_ROBUSTNESS
1316,over fox stream quick compress lazy brown brown quick lazy quick lazy stream jumps brown data compress lazy brown fox lazy jumps,133.91557362000782,SYNTHETIC_ROBUSTNESS
1317,the quick brown over quick data lazy over fox brown compress jumps jumps fox over quick over stream lazy lazy brown brown the fo,133.9822220033088,SYNTHETIC_ROBUSTNESS
1318,the stream data the the fox fox over over fox over quick brown dog brown the dog lazy quick quick over fox over over foxaaaaaaaa,134.1131024287551,SYNTHETIC_ROBUSTNESS
1319,jumps jumps data data lazy stream brown lazy quick compress brown jumps compress the fox the dog over brown brown lazy quick com,134.1179659974322,SYNTHETIC_ROBUSTNESS
1320,lazy over jumps quick compress lazy compress data jumps compress dog brown data jumps stream dog fox fox quick lazy stream brown,134.29858284756187,SYNTHETIC_ROBUSTNESS
1321,dog the data the fox brown over compress data jumps over lazy brown quick compress brown dog lazy jumps dog fox jumps brown stre,134.54817508930864,SYNTHETIC_ROBUSTNESS
1322,stream over over fox jumps data over fox brown lazy jumps stream brown jumps dog lazy over dog fox over quick stream lazy dog st,134.7000857165077,SYNTHETIC_ROBUSTNESS
1323,compress stream dog over the the brown brown jumps lazy dog data compress lazy over fox stream dog fox stream over stream compre,134.94734583819658,SYNTHETIC_ROBUSTNESS
1324,brown quick fox compress compress lazy brown the data stream jumps dog stream the over data over jumps stream fox fox dog data s,134.95731731734273,SYNTHETIC_ROBUSTNESS
1325,over dog jumps jumps the fox fox fox jumps compress stream stream lazy the brown over quick jumps brown quick lazy jumps lazy co,135.01712058592406,SYNTHETIC_ROBUSTNESS
1326,fox compress data over over stream brown data data fox fox the quick over lazy stream quick brown compress compress jumps brown ,135.02448981017375,SYNTHETIC_ROBUSTNESS
1327,stream jumps quick data dog compress dog quick over fox stream jumps stream brown dog lazy dog data compress the quick data data,135.20578973012715,SYNTHETIC_ROBUSTNESS
1328,over the brown dog compress stream data lazy stream stream lazy brown dog fox over lazy brown fox the lazy compress brown stream,135.51059077979417,SYNTHETIC_ROBUSTNESS
1329,fox the compress dog data brown quick compress quick fox compress data brown the quick compress lazy stream stream data fox brow,135.54593753348828,SYNTHETIC_ROBUSTNESS
1330,fox fox quick jumps data fox jumps fox fox jumps the the fox compress lazy the jumps dog lazy brown the the compress over browna,135.62259422691736,SYNTHETIC_ROBUSTNESS
1331,brown stream quick jumps jumps data jumps brown jumps the dog fox over data lazy lazy stream brown lazy stream quick dog brown d,135.65793019848087,SYNTHETIC_ROBUSTNESS
1332,quick brown fox over lazy stream stream lazy over over jumps compress fox dog brown fox compress fox data the data lazy the brow,135.70555209138703,SYNTHETIC_ROBUSTNESS
1333,dog jumps fox stream brown fox fox data quick lazy dog data brown compress jumps quick brown lazy over jumps compress dog the fo,135.77028492434303,SYNTHETIC_ROBUSTNESS
1334,lazy lazy the fox data stream dog dog dog compress the data lazy quick data quick dog brown the dog dog the dog lazy jumpsaaaaaa,135.9267325703358,SYNTHETIC_ROBUSTNESS
1335,lazy lazy dog quick dog lazy lazy the over quick compress brown brown compress brown dog compress brown the lazy compress the ju,135.94263184856328,SYNTHETIC_ROBUSTNESS
1336,lazy over the data lazy data over data data lazy lazy stream brown jumps quick compress lazy the jumps brown fox lazy fox over j,135.9597171225215,SYNTHETIC_ROBUSTNESS
1337,over compress stream the lazy compress over stream stream over lazy quick brown compress fox over data compress over lazy data o,135.9822645072067,SYNTHETIC_ROBUSTNESS
1338,over lazy over data the data fox dog compress fox stream jumps jumps fox over over dog brown jumps lazy fox fox quick brown over,135.98772619493073,SYNTHETIC_ROBUSTNESS
1339,the jumps fox fox over dog data stream the over the dog dog compress brown stream dog jumps dog stream dog fox quick dog brownaa,136.09085845979624,SYNTHETIC_ROBUSTNESS
1340,quick the stream jumps dog lazy brown jumps over lazy jumps dog data brown the the stream lazy the the data over dog jumps dataa,136.11191380962194,SYNTHETIC_ROBUSTNESS
1341,over brown fox quick compress compress over jumps over dog data stream stream dog jumps jumps stream over data fox quick data la,136.16945697807836,SYNTHETIC_ROBUSTNESS
1342,lazy lazy dog over compress jumps over quick stream quick brown dog dog quick lazy lazy quick fox lazy data jumps stream brown l,136.28516282515517,SYNTHETIC_ROBUSTNESS
1343,stream compress data lazy dog data lazy dog compress quick jumps jumps brown stream lazy data the dog lazy jumps lazy lazy quick,136.34475519086536,SYNTHETIC_ROBUSTNESS
1344,compress dog jumps fox brown lazy brown the the the lazy quick jumps stream quick dog quick quick stream stream brown stream str,136.5812194282373,SYNTHETIC_ROBUSTNESS
1345,stream compress data data the brown data stream quick the data lazy the compress data brown dog quick compress stream compress j,136.72782600418697,SYNTHETIC_ROBUSTNESS
1346,dog lazy the over jumps data stream jumps over data stream compress fox quick brown compress dog lazy the brown quick over over ,136.7597119359975,SYNTHETIC_ROBUSTNESS
1347,brown data over lazy brown over the dog lazy lazy the quick stream dog over fox data jumps quick data brown brown over over stre,136.77368526373618,SYNTHETIC_ROBUSTNESS
1348,the lazy lazy dog fox fox data the the the fox lazy jumps compress over compress jumps brown brown the jumps quick fox jumps jum,136.99853075446657,SYNTHETIC_ROBUSTNESS
1349,data over dog fox the data over over over compress over jumps data the jumps fox brown dog data data lazy jumps data the compres,137.04909925152555,SYNTHETIC_ROBUSTNESS
1350,data over jumps fox jumps brown data lazy over over lazy brown dog quick data lazy over quick compress dog stream data stream da,137.09730878789338,SYNTHETIC_ROBUSTNESS
1351,quick quick over stream dog lazy lazy lazy over jumps jumps brown over the stream jumps fox over stream dog data jumps brown dog,137.26338405373218,SYNTHETIC_ROBUSTNESS
1352,over lazy fox fox quick stream compress compress compress data data data over data the jumps data quick stream stream jumps jump,137.26432393573813,SYNTHETIC_ROBUSTNESS
1353,dog brown compress stream quick stream the dog compress the jumps compress the brown stream data jumps over the quick brown the ,137.32431007428497,SYNTHETIC_ROBUSTNESS
1354,compress lazy lazy jumps stream compress dog brown lazy jumps dog quick data lazy quick quick fox fox jumps brown the quick over,137.4495983949872,SYNTHETIC_ROBUSTNESS
1355,fox quick quick fox brown fox jumps the brown compress quick data over over compress stream stream brown fox over over fox brown,137.63843851453302,SYNTHETIC_ROBUSTNESS
1356,the stream dog compress jumps jumps quick stream data brown fox data fox lazy lazy lazy lazy jumps dog quick the compress data j,137.85490260682192,SYNTHETIC_ROBUSTNESS
1357,over over stream stream compress dog dog data data data fox brown over stream brown stream stream dog brown quick lazy over stre,137.91757867527804,SYNTHETIC_ROBUSTNESS
1358,lazy fox stream jumps dog stream the dog fox the data compress brown the compress the compress fox data jumps data the brown dat,138.10577393921875,SYNTHETIC_ROBUSTNESS
1359,lazy jumps over the jumps jumps brown the fox jumps compress lazy jumps compress dog the jumps stream over quick stream stream b,138.109415627087,SYNTHETIC_ROBUSTNESS
1360,over dog data brown stream data fox the quick brown data brown jumps jumps compress data fox dog over data jumps stream the brow,138.14586122017838,SYNTHETIC_ROBUSTNESS
1361,data brown stream jumps over jumps over jumps stream dog data lazy quick jumps dog compress over quick dog lazy quick data over ,138.14691660002364,SYNTHETIC_ROBUSTNESS
1362,the over jumps brown brown jumps lazy over dog brown compress quick compress lazy quick data lazy fox over dog compress data dat,138.16501189420495,SYNTHETIC_ROBUSTNESS
1363,stream data compress quick fox over dog stream data compress data dog quick dog data dog data fox brown lazy quick lazy the stre,138.29401264060715,SYNTHETIC_ROBUSTNESS
1364,dog quick quick dog the over the lazy data fox dog lazy jumps dog lazy quick fox data compress lazy compress over compress the f,138.29445603811746,SYNTHETIC_ROBUSTNESS
1365,dog jumps stream lazy dog the over data over jumps quick jumps dog dog lazy quick stream dog data data lazy dog the data lazyaaa,138.36849155178473,SYNTHETIC_ROBUSTNESS
1366,brown dog data jumps compress brown lazy lazy dog jumps jumps fox over over jumps jumps lazy brown stream dog the brown the quic,138.42193273744746,SYNTHETIC_ROBUSTNESS
1367,dog over over jumps brown jumps dog compress brown data fox stream compress brown quick compress compress fox the quick over laz,138.43504283408626,SYNTHETIC_ROBUSTNESS
1368,lazy compress compress over compress fox brown jumps lazy over lazy dog fox data over quick lazy over dog quick compress quick t,138.55076266106687,SYNTHETIC_ROBUSTNESS
1369,lazy brown stream fox compress over quick data the dog stream lazy jumps quick dog brown dog stream data the over dog compress q,138.66889376920375,SYNTHETIC_ROBUSTNESS
1370,data lazy brown brown over lazy jumps lazy jumps lazy lazy stream compress quick brown compress dog data quick fox brown lazy br,138.7984837723652,SYNTHETIC_ROBUSTNESS
1371,fox over compress the compress quick stream data over quick jumps lazy lazy quick jumps data data lazy lazy over lazy dog quick ,138.94343170700546,SYNTHETIC_ROBUSTNESS
1372,dog compress fox fox data quick jumps over lazy over brown the data brown the brown compress compress stream over compress over ,138.98126417107449,SYNTHETIC_ROBUSTNESS
1373,stream dog lazy compress dog quick stream brown brown the stream data lazy fox data stream data lazy quick the fox brown compres,139.49504212328665,SYNTHETIC_ROBUSTNESS
1374,lazy brown dog data over compress brown brown over brown lazy jumps jumps dog brown stream lazy the fox jumps fox brown quick ov,139.50261730441656,SYNTHETIC_ROBUSTNESS
1375,dog over over the brown dog jumps data jumps quick dog the dog compress brown lazy the compress data fox data lazy data stream d,139.60694320889667,SYNTHETIC_ROBUSTNESS
1376,brown stream jumps over fox lazy dog compress quick quick dog quick dog compress fox stream dog brown jumps stream fox over jump,139.96021661910802,SYNTHETIC_ROBUSTNESS
1377,stream data stream dog the the quick dog brown over brown compress stream over quick fox lazy stream the fox quick stream over t,139.98561691092405,SYNTHETIC_ROBUSTNESS
1378,compress over fox the over lazy jumps jumps compress lazy dog jumps brown compress data quick the brown fox data jumps brown dat,140.01820722953505,SYNTHETIC_ROBUSTNESS
1379,compress quick fox dog compress compress brown quick brown quick quick the data lazy data lazy stream over fox fox lazy dog comp,140.1040040909005,SYNTHETIC_ROBUSTNESS
1380,data fox jumps the fox over brown stream quick over data stream jumps quick data over lazy over stream stream quick stream the b,140.2559901392005,SYNTHETIC_ROBUSTNESS
1381,dog the data the dog jumps brown lazy fox fox brown dog jumps fox fox compress jumps the the lazy stream brown over jumps jumpsa,140.2958808525072,SYNTHETIC_ROBUSTNESS
1382,lazy fox quick lazy the compress jumps brown dog data fox compress data lazy fox compress dog lazy data over quick the stream st,140.4771435189576,SYNTHETIC_ROBUSTNESS
1383,compress jumps brown quick the brown compress data quick jumps lazy compress stream brown over fox dog dog over compress dog dog,140.5047246382344,SYNTHETIC_ROBUSTNESS
1384,jumps dog stream fox compress lazy the the dog fox quick compress over the jumps brown data compress dog the data over data comp,140.7121634198369,SYNTHETIC_ROBUSTNESS
1385,over compress the fox brown lazy dog jumps lazy quick over fox data quick data data lazy lazy jumps dog lazy over quick over com,140.74132615420257,SYNTHETIC_ROBUSTNESS
1386,compress brown the brown jumps lazy compress stream lazy dog over the data over brown over compress quick over data fox dog over,140.83741186544526,SYNTHETIC_ROBUSTNESS
1387,quick jumps data stream compress compress data brown over jumps over data fox quick stream the data jumps quick fox over jumps o,140.88169604694372,SYNTHETIC_ROBUSTNESS
1388,fox compress lazy dog jumps jumps lazy compress compress lazy lazy brown brown fox jumps fox over quick stream lazy compress bro,140.92053120219052,SYNTHETIC_ROBUSTNESS
1389,brown lazy the lazy over stream dog compress jumps data brown data jumps stream stream compress the lazy stream data dog data do,140.96422609386252,SYNTHETIC_ROBUSTNESS
1390,dog lazy quick the quick stream data brown stream jumps the brown data fox fox lazy dog lazy brown dog stream quick the quick da,141.03338122222186,SYNTHETIC_ROBUSTNESS
1391,over lazy brown jumps compress data data over jumps jumps dog data stream lazy compress stream quick dog compress lazy the quick,141.21984558954455,SYNTHETIC_ROBUSTNESS
1392,over stream dog dog stream stream brown quick over stream stream dog stream dog over jumps compress brown stream quick quick fox,141.36227355949964,SYNTHETIC_ROBUSTNESS
1393,compress brown fox stream dog data over dog the quick compress compress data quick lazy compress the the brown jumps brown fox q,141.421937492463,SYNTHETIC_ROBUSTNESS
1394,data over over data compress jumps over quick jumps the jumps stream compress data quick dog brown jumps dog over the dog quick ,141.455088390371,SYNTHETIC_ROBUSTNESS
1395,the lazy brown brown quick dog compress lazy data fox the fox quick dog lazy lazy data quick jumps stream the stream brown fox f,141.6477096202337,SYNTHETIC_ROBUSTNESS
1396,brown quick data over dog jumps fox quick lazy lazy lazy brown stream stream stream fox quick compress stream stream compress fo,141.85187412127107,SYNTHETIC_ROBUSTNESS
1397,fox dog data dog compress the over dog brown brown fox quick the data the fox lazy quick stream stream dog quick over brown comp,141.91232848356242,SYNTHETIC_ROBUSTNESS
1398,data fox jumps data the stream dog compress compress stream brown data stream data over dog stream fox dog fox compress quick br,142.03135054966106,SYNTHETIC_ROBUSTNESS
1399,data stream the fox jumps lazy compress over brown compress data dog dog compress fox fox data over quick quick the stream the l,142.07743726927126,SYNTHETIC_ROBUSTNESS
1400,the lazy brown lazy compress compress jumps over brown brown data the data jumps stream lazy stream lazy dog over fox jumps dog ,142.09358306329332,SYNTHETIC_ROBUSTNESS
1401,quick stream data dog lazy fox over compress fox data brown over over fox data the jumps the data fox data quick over over brown,142.13236762345008,SYNTHETIC_ROBUSTNESS
1402,over brown over jumps brown brown stream lazy quick brown compress data jumps brown brown the stream dog fox quick dog jumps ove,142.24696453186152,SYNTHETIC_ROBUSTNESS
1403,fox the dog over fox lazy fox the lazy the jumps brown the stream dog over the jumps over data dog compress data lazy brownaaaaa,142.39367578967057,SYNTHETIC_ROBUSTNESS
1404,dog quick data stream jumps quick dog stream over quick the the lazy brown compress lazy stream over fox the the dog fox over co,142.58449751832998,SYNTHETIC_ROBUSTNESS
1405,quick the fox compress quick jumps lazy stream dog data dog brown dog quick brown fox quick brown stream lazy quick compress com,142.58628466306035,SYNTHETIC_ROBUSTNESS
1406,dog fox fox quick the quick stream brown stream over jumps jumps quick brown data stream the lazy fox jumps compress over dog fo,142.65291690911295,SYNTHETIC_ROBUSTNESS
1407,quick over stream fox lazy quick the brown jumps quick stream over quick brown compress the lazy dog brown stream quick jumps ov,142.68492670749794,SYNTHETIC_ROBUSTNESS
1408,fox quick quick fox jumps over the dog brown compress over stream the lazy fox brown the jumps the compress fox brown dog the qu,142.8001152028227,SYNTHETIC_ROBUSTNESS
1409,fox the quick over dog jumps lazy dog quick data quick stream dog data stream brown brown jumps dog fox fox over quick compress ,142.82826285091846,SYNTHETIC_ROBUSTNESS
1410,over the dog fox jumps compress jumps compress stream the jumps quick stream over data over jumps brown brown fox jumps lazy dog,142.91179851000598,SYNTHETIC_ROBUSTNESS
1411,fox lazy dog lazy jumps over the compress over the quick jumps compress over brown compress brown the compress jumps the fox the,143.03626502283586,SYNTHETIC_ROBUSTNESS
1412,data lazy dog quick over dog stream fox stream stream compress quick data jumps compress compress fox stream lazy stream compres,143.18326084975723,SYNTHETIC_ROBUSTNESS
1413,brown data data the quick compress dog over jumps fox compress lazy the brown compress jumps the over over over compress the laz,143.21465911380275,SYNTHETIC_ROBUSTNESS
1414,quick dog dog lazy lazy over brown lazy dog brown dog compress lazy compress fox brown fox over fox brown dog lazy over stream b,143.22385223939202,SYNTHETIC_ROBUSTNESS
1415,quick lazy quick dog lazy the brown data jumps lazy over brown data compress brown stream compress quick dog brown the fox quick,143.24853355833295,SYNTHETIC_ROBUSTNESS
1416,brown dog jumps fox the over over lazy over the jumps lazy over over compress over compress compress quick jumps lazy the lazy d,143.33994572037727,SYNTHETIC_ROBUSTNESS
1417,dog the over the fox brown fox brown compress fox brown the data stream dog compress jumps data dog lazy fox quick lazy data jum,143.34407472094912,SYNTHETIC_ROBUSTNESS
1418,dog quick jumps lazy data dog fox the data jumps data dog fox fox data dog stream quick fox lazy jumps fox data fox brownaaaaaaa,143.3613746674045,SYNTHETIC_ROBUSTNESS
1419,over jumps jumps dog lazy lazy stream quick compress compress lazy data lazy fox over data jumps dog lazy fox jumps stream fox s,143.9011824189287,SYNTHETIC_ROBUSTNESS
1420,quick jumps fox over over lazy dog data the data fox quick quick fox brown quick data the brown compress brown brown fox dog laz,143.94936274598777,SYNTHETIC_ROBUSTNESS
1421,dog jumps lazy dog jumps over lazy quick over brown over dog stream brown brown compress stream fox brown jumps jumps jumps data,144.01798512115002,SYNTHETIC_ROBUSTNESS
1422,lazy jumps brown dog brown dog brown jumps compress over dog stream compress brown jumps the stream fox fox the brown compress b,144.01909194011455,SYNTHETIC_ROBUSTNESS
1423,brown dog over over stream dog over dog over the data jumps data lazy jumps the fox brown stream stream dog jumps jumps the over,144.10871815305117,SYNTHETIC_ROBUSTNESS
1424,the stream quick lazy data over compress data stream quick quick brown stream dog brown brown lazy quick fox quick the stream br,144.14806667120064,SYNTHETIC_ROBUSTNESS
1425,brown the jumps brown data brown stream brown compress over stream stream data quick dog the the stream over fox fox lazy over q,144.2236100507361,SYNTHETIC_ROBUSTNESS
1426,jumps data stream stream data compress dog compress lazy the over the jumps quick jumps over stream over quick jumps fox the str,144.29828981654808,SYNTHETIC_ROBUSTNESS
1427,over stream lazy stream over quick dog over lazy fox data fox stream stream dog brown the data fox lazy quick brown dog compress,144.6408104957153,SYNTHETIC_ROBUSTNESS
1428,jumps data quick lazy the stream jumps the fox jumps dog quick dog stream jumps brown quick over lazy lazy brown lazy fox over l,144.67204308747006,SYNTHETIC_ROBUSTNESS
1429,compress lazy brown lazy over quick compress fox fox data compress brown fox over quick stream lazy fox jumps the compress lazy ,144.75654082440155,SYNTHETIC_ROBUSTNESS
1430,fox data quick compress dog brown lazy fox the over over data the over data data compress fox brown data stream jumps dog over q,144.804595137346,SYNTHETIC_ROBUSTNESS
1431,jumps compress dog data data dog quick jumps brown dog lazy data jumps lazy brown stream over the lazy jumps lazy fox quick over,144.85941324550052,SYNTHETIC_ROBUSTNESS
1432,compress brown brown over data over over stream fox fox dog compress compress fox over brown compress quick dog compress quick d,144.86512945821687,SYNTHETIC_ROBUSTNESS
1433,stream brown quick quick dog dog compress stream stream data lazy data over quick jumps over quick jumps lazy dog lazy compress ,144.98174996922612,SYNTHETIC_ROBUSTNESS
1434,dog jumps over brown data jumps data the quick lazy lazy stream quick data the lazy the over quick over the lazy lazy compress s,145.00347673007064,SYNTHETIC_ROBUSTNESS
1435,the data brown dog fox lazy data compress fox over dog the the lazy the brown fox lazy over lazy jumps jumps compress quick brow,145.0666798517232,SYNTHETIC_ROBUSTNESS
1436,data compress fox stream brown compress over fox fox the over dog compress brown over the brown over jumps stream the stream dat,145.12364362176467,SYNTHETIC_ROBUSTNESS
1437,quick stream over jumps compress data quick quick quick stream fox jumps fox lazy lazy stream brown stream quick quick dog over ,145.18678132989464,SYNTHETIC_ROBUSTNESS
1438,brown compress fox fox over the stream data compress data fox over compress stream dog compress the brown compress compress brow,145.2338690903537,SYNTHETIC_ROBUSTNESS
1439,stream data dog brown brown brown over data compress jumps quick brown dog dog jumps quick compress the over dog fox over jumps ,145.26162713888613,SYNTHETIC_ROBUSTNESS
1440,fox jumps lazy lazy quick dog fox the dog brown lazy fox jumps the data data stream the data compress fox dog dog over jumpsaaaa,145.32117730331146,SYNTHETIC_ROBUSTNESS
1441,fox compress compress brown compress jumps compress fox dog jumps dog dog quick lazy lazy brown data lazy compress over fox the ,145.32590947771547,SYNTHETIC_ROBUSTNESS
1442,dog jumps over fox data compress brown over quick fox data data stream dog stream the brown fox stream the lazy the jumps stream,145.35365922920792,SYNTHETIC_ROBUSTNESS
1443,dog lazy lazy the stream fox brown lazy jumps dog stream the over quick data the brown compress data quick dog data jumps compre,145.50730045429253,SYNTHETIC_ROBUSTNESS
1444,quick lazy jumps fox compress fox lazy lazy fox over stream data fox stream stream brown lazy stream lazy over jumps data quick ,145.69233706461108,SYNTHETIC_ROBUSTNESS
1445,stream fox the dog data brown fox stream the compress jumps data fox quick compress brown dog stream brown over jumps fox data c,145.81797227313456,SYNTHETIC_ROBUSTNESS
1446,jumps data dog brown over brown jumps data compress brown brown the over compress fox stream dog compress dog over dog data data,145.91809289409687,SYNTHETIC_ROBUSTNESS
1447,jumps brown quick brown data the brown fox stream fox jumps compress quick brown compress stream lazy dog compress data data jum,146.08483443283728,SYNTHETIC_ROBUSTNESS
1448,dog over lazy the quick fox stream fox data the brown data lazy fox jumps stream stream jumps quick fox jumps data quick brown t,146.09851163084318,SYNTHETIC_ROBUSTNESS
1449,stream the stream fox the jumps compress fox lazy lazy brown fox stream over data dog dog the lazy compress fox lazy data dog do,146.17300919540045,SYNTHETIC_ROBUSTNESS
1450,the the quick quick lazy stream jumps the over the over brown over compress data data quick data dog dog dog the brown quick bro,146.1853747304042,SYNTHETIC_ROBUSTNESS
1451,the jumps dog dog jumps lazy fox the stream stream fox the compress stream quick lazy brown stream lazy the over stream brown fo,146.33582221177682,SYNTHETIC_ROBUSTNESS
1452,fox lazy stream lazy compress dog brown compress the quick data dog stream the jumps brown data jumps data data jumps compress o,146.40933511014265,SYNTHETIC_ROBUSTNESS
1453,compress compress dog over jumps quick jumps stream brown dog jumps over quick compress jumps compress brown dog over compress o,146.57542132915032,SYNTHETIC_ROBUSTNESS
1454,jumps over data stream jumps fox jumps compress stream the jumps quick brown compress data compress stream brown jumps compress ,146.7358979259853,SYNTHETIC_ROBUSTNESS
1455,compress compress brown compress the compress fox jumps the jumps over jumps compress stream quick brown dog fox the stream brow,146.79867364884257,SYNTHETIC_ROBUSTNESS
1456,over lazy compress quick brown over dog stream stream compress lazy over fox the the data the brown quick dog data jumps fox qui,146.8673651717562,SYNTHETIC_ROBUSTNESS
1457,jumps compress dog jumps data stream compress dog lazy over compress over compress brown brown the the jumps brown the stream fo,146.8702326430778,SYNTHETIC_ROBUSTNESS
1458,jumps quick quick stream dog the quick jumps brown over fox data compress over fox the quick dog the quick dog data dog lazy dat,146.94436418787174,SYNTHETIC_ROBUSTNESS
1459,dog over lazy the fox lazy dog fox data over brown dog compress brown quick compress compress compress jumps brown brown stream ,147.0575184805941,SYNTHETIC_ROBUSTNESS
1460,lazy stream data fox compress dog stream over jumps compress compress stream over compress fox jumps fox quick lazy the lazy fox,147.08413085351722,SYNTHETIC_ROBUSTNESS
1461,data dog lazy compress compress quick the the over jumps brown jumps dog dog lazy the quick quick compress quick compress stream,147.51483887864597,SYNTHETIC_ROBUSTNESS
1462,brown jumps fox compress over fox compress quick brown jumps brown the brown stream stream brown lazy data compress lazy data da,147.88304465167874,SYNTHETIC_ROBUSTNESS
1463,quick brown lazy the jumps fox brown the fox data lazy jumps the compress data dog compress the stream data over fox jumps strea,147.9162889713626,SYNTHETIC_ROBUSTNESS
1464,over quick jumps dog compress quick over jumps brown compress fox dog data data quick fox fox quick jumps brown brown lazy strea,148.04110695981362,SYNTHETIC_ROBUSTNESS
1465,lazy jumps over data compress stream fox compress compress brown jumps fox fox compress jumps over compress compress quick jumps,148.0441530525377,SYNTHETIC_ROBUSTNESS
1466,jumps compress compress stream fox over data brown fox the fox fox data data stream fox compress data the jumps over dog over la,148.1537404698403,SYNTHETIC_ROBUSTNESS
1467,brown over data brown quick data lazy dog dog data lazy brown over dog stream the the brown stream lazy fox jumps quick the data,148.25156146848545,SYNTHETIC_ROBUSTNESS
1468,data jumps dog jumps the fox quick dog jumps data the stream quick lazy fox the brown lazy brown lazy fox data jumps dog brownaa,148.42424837797046,SYNTHETIC_ROBUSTNESS
1469,stream brown lazy the jumps fox quick brown brown brown brown fox lazy fox the the quick jumps data stream compress fox data com,148.46054140774632,SYNTHETIC_ROBUSTNESS
1470,the quick jumps fox stream jumps data lazy data compress the jumps fox fox jumps over jumps quick jumps quick quick jumps jumps ,148.67092315349714,SYNTHETIC_ROBUSTNESS
1471,brown the jumps the fox fox jumps quick data fox the data over the lazy dog quick stream the fox lazy jumps compress quick lazya,148.86609839064948,SYNTHETIC_ROBUSTNESS
1472,lazy jumps over jumps the over quick over over data over the brown data compress quick lazy quick brown the lazy the stream stre,148.97684441035148,SYNTHETIC_ROBUSTNESS
1473,jumps compress lazy dog the compress dog fox data stream stream quick fox compress fox over compress quick the data the data the,149.04077375215005,SYNTHETIC_ROBUSTNESS
1474,stream compress compress jumps quick dog data quick fox data fox jumps data jumps stream lazy fox over brown compress quick brow,149.1371123114262,SYNTHETIC_ROBUSTNESS
1475,the stream compress lazy stream fox compress brown dog fox quick the dog dog stream lazy compress the over lazy data jumps lazy ,149.26803037383482,SYNTHETIC_ROBUSTNESS
1476,lazy jumps stream fox quick fox quick quick over fox fox fox fox dog quick quick dog brown data jumps compress jumps fox the the,149.63792896812734,SYNTHETIC_ROBUSTNESS
1477,data lazy compress dog dog data quick over data stream dog quick brown lazy lazy fox data lazy compress jumps compress quick jum,149.65090888373507,SYNTHETIC_ROBUSTNESS
1478,data quick compress quick lazy data compress brown stream compress stream fox data stream the jumps stream the dog quick stream ,149.68846157699116,SYNTHETIC_ROBUSTNESS
1479,lazy quick brown quick over over stream brown fox jumps the stream stream jumps brown compress over dog fox compress brown brown,149.8402004783728,SYNTHETIC_ROBUSTNESS
1480,jumps data fox fox dog the over jumps over over lazy data dog jumps dog over the fox data quick fox brown fox the compressaaaaaa,149.89282486981415,SYNTHETIC_ROBUSTNESS
1481,the jumps lazy the stream lazy lazy data lazy brown quick jumps data lazy jumps quick quick the quick fox data fox compress over,150.0044454768082,SYNTHETIC_ROBUSTNESS
1482,the stream fox quick stream data over dog fox compress over the compress fox stream over stream fox the compress brown jumps fox,150.01873071514538,SYNTHETIC_ROBUSTNESS
1483,the brown compress dog lazy compress stream over data stream over the quick over lazy dog lazy fox the quick compress compress q,150.14222946566582,SYNTHETIC_ROBUSTNESS
1484,brown quick lazy compress over dog data dog compress data lazy over lazy fox stream dog over lazy fox quick the brown fox over s,150.25433483363298,SYNTHETIC_ROBUSTNESS
1485,lazy stream fox jumps fox data quick stream quick the over jumps quick the jumps quick dog fox stream brown brown quick the brow,150.34248031146598,SYNTHETIC_ROBUSTNESS
1486,dog jumps jumps data over data fox the compress jumps dog fox data quick jumps quick compress fox brown jumps dog brown the comp,150.4873986010485,SYNTHETIC_ROBUSTNESS
1487,brown dog quick stream fox data stream brown dog the jumps stream stream fox lazy over over data over over the lazy over jumps l,150.699518525514,SYNTHETIC_ROBUSTNESS
1488,quick compress compress quick stream fox lazy fox over dog lazy dog data compress over brown stream jumps compress jumps dog dat,150.87630481759788,SYNTHETIC_ROBUSTNESS
1489,fox dog compress quick the data over compress lazy the over brown lazy over stream data stream quick data fox over jumps dog dat,150.8899525727655,SYNTHETIC_ROBUSTNESS
1490,lazy lazy data fox fox data jumps fox compress data data data the brown stream compress compress over dog dog the the fox stream,151.0263641347919,SYNTHETIC_ROBUSTNESS
1491,lazy jumps data brown data over stream quick data the dog compress compress lazy compress the quick quick compress stream compre,151.0861050151501,SYNTHETIC_ROBUSTNESS
1492,over lazy brown over over the fox stream brown over jumps brown brown fox stream quick data quick over the brown data data fox d,151.12673383259866,SYNTHETIC_ROBUSTNESS
1493,brown quick lazy stream dog jumps fox quick data quick dog data fox dog compress brown the dog compress dog jumps stream the laz,151.3384685999145,SYNTHETIC_ROBUSTNESS
1494,over lazy dog jumps quick data quick dog fox dog over brown compress lazy quick over data data lazy fox data the lazy lazy dataa,151.42047879251953,SYNTHETIC_ROBUSTNESS
1495,compress compress brown fox over dog data over lazy the the stream data data over the the brown fox dog quick dog jumps over jum,151.4900407623976,SYNTHETIC_ROBUSTNESS
1496,fox jumps the data compress compress the compress stream the stream the lazy quick quick the data data lazy brown dog compress f,151.64356631325893,SYNTHETIC_ROBUSTNESS
1497,fox dog over brown compress data compress compress stream stream quick lazy fox compress brown jumps stream stream data fox quic,151.72415503146945,SYNTHETIC_ROBUSTNESS
1498,dog the the data lazy quick dog over lazy lazy dog lazy dog data compress lazy quick jumps dog data lazy compress brown over qui,151.9193531955289,SYNTHETIC_ROBUSTNESS
1499,compress fox dog compress lazy brown dog lazy fox compress quick over brown data data fox jumps fox lazy over stream the stream ,151.93021209586408,SYNTHETIC_ROBUSTNESS
1500,dog dog data fox quick quick lazy dog the jumps jumps stream brown brown dog the jumps over over over quick quick fox the dataaa,152.07988243999029,SYNTHETIC_ROBUSTNESS
1501,compress stream over the jumps fox dog the dog dog jumps brown dog jumps dog quick jumps lazy data brown data fox jumps stream d,152.09777532264775,SYNTHETIC_ROBUSTNESS
1502,dog quick fox dog stream stream dog stream brown stream brown quick compress compress data quick dog dog quick compress compress,152.1232944030835,SYNTHETIC_ROBUSTNESS
1503,quick stream data fox data lazy lazy over brown compress fox data quick lazy stream quick dog jumps dog dog compress stream comp,152.14307263161334,SYNTHETIC_ROBUSTNESS
1504,the the dog lazy data compress jumps quick fox lazy jumps fox the fox stream data jumps brown dog the compress brown lazy fox th,152.17030881477763,SYNTHETIC_ROBUSTNESS
1505,compress brown data data over quick brown the the compress fox compress quick quick stream the quick data dog brown lazy stream ,152.30192249169255,SYNTHETIC_ROBUSTNESS
1506,quick the brown data the over the jumps brown the stream brown fox quick stream jumps data data the the compress dog quick fox l,152.4084397726343,SYNTHETIC_ROBUSTNESS
1507,the dog data over over over data data compress quick brown compress data quick fox jumps the quick dog stream over over quick th,152.43454784976998,SYNTHETIC_ROBUSTNESS
1508,the fox over compress quick compress jumps quick quick quick dog jumps jumps brown quick quick the stream fox fox stream lazy do,152.46604289106793,SYNTHETIC_ROBUSTNESS
1509,stream over lazy dog lazy lazy the over quick compress quick brown stream over dog data fox the stream quick fox brown brown laz,152.47650054144322,SYNTHETIC_ROBUSTNESS
1510,fox stream compress jumps dog data data jumps data stream stream lazy lazy the lazy dog lazy quick fox jumps dog over lazy over ,152.53001843921118,SYNTHETIC_ROBUSTNESS
1511,brown lazy quick compress the brown fox dog fox fox lazy over jumps lazy jumps brown brown stream fox jumps data the brown fox b,152.57759407978625,SYNTHETIC_ROBUSTNESS
1512,the lazy the over dog lazy lazy brown stream lazy dog dog stream dog brown lazy stream the quick dog jumps over over quick foxaa,152.59335492052125,SYNTHETIC_ROBUSTNESS
1513,jumps fox fox fox compress brown the dog stream brown dog jumps data compress brown data lazy data quick brown brown fox data st,152.7733089108888,SYNTHETIC_ROBUSTNESS
1514,quick over dog dog compress data quick the dog quick dog brown quick dog lazy lazy quick dog fox jumps brown dog jumps the brown,152.96476608175206,SYNTHETIC_ROBUSTNESS
1515,lazy the stream dog stream the the the stream quick quick over over jumps over lazy quick dog lazy compress brown the stream str,152.97631241973173,SYNTHETIC_ROBUSTNESS
1516,over lazy compress data lazy brown data data stream data the fox fox the fox data fox data fox stream lazy brown over stream str,153.0072869145934,SYNTHETIC_ROBUSTNESS
1517,jumps data over brown jumps data over data compress compress jumps over quick lazy the fox dog brown the compress dog jumps data,153.14050125033253,SYNTHETIC_ROBUSTNESS
1518,over the brown the brown compress jumps quick data brown brown stream dog dog the data over dog the quick over lazy data compres,153.34449771436945,SYNTHETIC_ROBUSTNESS
1519,data jumps brown dog lazy data the quick over brown dog lazy stream fox compress the data stream dog dog quick brown fox dog the,153.3519348368956,SYNTHETIC_ROBUSTNESS
1520,dog over jumps over stream dog brown stream lazy the brown quick jumps stream jumps compress over dog quick brown data dog compr,153.58459221218928,SYNTHETIC_ROBUSTNESS
1521,brown stream quick over over stream compress data quick lazy stream fox the compress quick over the the stream over compress jum,153.5909540698037,SYNTHETIC_ROBUSTNESS
1522,stream over jumps lazy brown lazy quick the stream compress brown data over over dog quick dog brown the fox quick brown fox the,153.69140725428545,SYNTHETIC_ROBUSTNESS
1523,brown stream the brown compress compress stream dog lazy brown over data brown compress compress over quick lazy fox lazy dog co,153.69363949802425,SYNTHETIC_ROBUSTNESS
1524,over data brown dog dog fox jumps data jumps lazy over dog dog fox data over fox data jumps compress stream over stream the data,153.95711717887966,SYNTHETIC_ROBUSTNESS
1525,lazy lazy fox fox compress dog dog quick stream brown stream the data lazy stream stream compress quick brown data lazy the the ,154.00076488076814,SYNTHETIC_ROBUSTNESS
1526,the the the quick jumps dog fox stream compress stream quick jumps brown brown brown brown fox compress lazy brown over jumps do,154.10540569817633,SYNTHETIC_ROBUSTNESS
1527,lazy brown quick data quick fox lazy data fox lazy data dog dog compress stream stream jumps data jumps over quick compress dog ,154.12581606955047,SYNTHETIC_ROBUSTNESS
1528,lazy data stream stream fox dog quick quick data stream dog brown the dog brown compress fox stream fox the compress over dog da,154.16456710826503,SYNTHETIC_ROBUSTNESS
1529,lazy over dog data brown lazy jumps fox brown over the the stream fox data quick lazy data jumps data over quick over jumps data,154.30212173409865,SYNTHETIC_ROBUSTNESS
1530,data stream brown jumps brown the the compress stream brown jumps data brown lazy jumps quick stream jumps jumps jumps brown jum,154.66329834225584,SYNTHETIC_ROBUSTNESS
1531,fox dog over over data data jumps data data data data stream over compress jumps data data brown jumps data quick data fox the c,155.14679807716945,SYNTHETIC_ROBUSTNESS
1532,over lazy the compress compress quick brown lazy compress over the data brown data stream over brown the jumps lazy jumps stream,155.31270266423786,SYNTHETIC_ROBUSTNESS
1533,the data stream the stream quick the brown stream jumps quick fox fox over stream lazy fox quick brown quick brown the jumps dog,155.50056064939915,SYNTHETIC_ROBUSTNESS
1534,over compress quick fox the the stream jumps brown the stream data lazy the quick jumps data over brown quick stream brown brown,155.84924879199323,SYNTHETIC_ROBUSTNESS
1535,brown stream over brown fox compress the lazy stream dog compress data quick fox fox compress stream quick jumps data over brown,155.85336398540525,SYNTHETIC_ROBUSTNESS
1536,lazy compress fox brown dog quick brown over fox the brown fox fox over dog stream quick jumps lazy data fox fox fox dog brownaa,155.8720150710102,SYNTHETIC_ROBUSTNESS
1537,dog over over lazy dog lazy jumps the over fox data dog dog quick jumps data compress brown fox compress jumps data the fox lazy,155.87742666987765,SYNTHETIC_ROBUSTNESS
1538,dog jumps over compress dog the over lazy jumps jumps the quick lazy jumps fox stream the stream lazy data lazy over over compre,155.94697388866507,SYNTHETIC_ROBUSTNESS
1539,compress data quick dog over over dog jumps jumps compress stream quick jumps brown data jumps dog data data over lazy compress ,156.2651541615455,SYNTHETIC_ROBUSTNESS
1540,jumps fox brown brown the brown data stream jumps fox stream stream over stream brown fox fox fox the fox over quick data jumps ,156.35248595160772,SYNTHETIC_ROBUSTNESS
1541,quick stream lazy data fox compress jumps jumps quick data brown dog stream over quick stream brown over data fox compress quick,156.43354490509964,SYNTHETIC_ROBUSTNESS
1542,stream the brown stream brown quick the lazy jumps over brown dog brown over the the lazy over lazy the over quick over brown la,156.60881013808006,SYNTHETIC_ROBUSTNESS
1543,dog fox compress quick the lazy jumps dog brown data jumps fox fox fox jumps quick dog stream stream dog jumps stream jumps fox ,156.87324570674286,SYNTHETIC_ROBUSTNESS
1544,lazy over lazy compress brown brown dog quick quick lazy brown jumps jumps stream data the compress lazy over lazy stream data b,156.99316255361637,SYNTHETIC_ROBUSTNESS
1545,quick quick compress stream lazy jumps the brown fox compress data over quick stream brown data compress stream jumps over the d,157.2189020944063,SYNTHETIC_ROBUSTNESS
1546,data jumps lazy brown stream jumps over fox quick compress dog data the brown over fox data dog stream lazy compress over brown ,157.23816550274373,SYNTHETIC_ROBUSTNESS
1547,data stream dog data lazy stream data dog jumps dog lazy jumps data the fox dog dog data fox the lazy brown stream quick quickaa,157.30816395934812,SYNTHETIC_ROBUSTNESS
1548,the over stream stream dog dog dog fox brown over dog data compress brown quick stream quick lazy brown lazy brown fox data stre,157.35351480788833,SYNTHETIC_ROBUSTNESS
1549,dog lazy the dog the dog fox data data compress compress quick stream quick over brown brown jumps stream lazy over the compress,157.39393958829862,SYNTHETIC_ROBUSTNESS
1550,dog quick stream fox quick over dog jumps over compress dog brown the over stream brown over fox the lazy data dog stream the qu,157.41805128675097,SYNTHETIC_ROBUSTNESS
1551,lazy jumps quick compress stream the quick quick fox fox stream fox quick dog lazy over quick quick over jumps brown brown brown,157.64247968159606,SYNTHETIC_ROBUSTNESS
1552,stream dog compress jumps the over data data over quick fox dog quick stream fox lazy brown the jumps over quick dog the over ju,157.70233053496904,SYNTHETIC_ROBUSTNESS
1553,data stream compress jumps fox dog jumps jumps the over lazy compress compress data lazy jumps data lazy over brown compress qui,157.77788685572187,SYNTHETIC_ROBUSTNESS
1554,over stream compress compress stream data dog data brown fox quick lazy dog stream dog over data compress data dog lazy data fox,157.81022616750008,SYNTHETIC_ROBUSTNESS
1555,over stream compress dog lazy compress brown over quick lazy stream over the quick quick the fox jumps compress quick dog dog la,158.13950772254844,SYNTHETIC_ROBUSTNESS
1556,quick jumps over stream the the fox data quick quick stream the over stream dog lazy jumps stream quick fox quick data jumps com,158.2339793160841,SYNTHETIC_ROBUSTNESS
1557,the dog jumps brown data compress stream the data quick fox jumps over the brown lazy over dog compress jumps over lazy lazy jum,158.234048758075,SYNTHETIC_ROBUSTNESS
1558,brown brown stream dog the lazy data stream compress brown jumps quick over quick jumps data over jumps compress fox lazy lazy j,158.26523154505523,SYNTHETIC_ROBUSTNESS
1559,jumps jumps brown stream dog dog compress fox fox the lazy lazy compress brown stream stream stream stream stream quick dog data,158.9987155222293,SYNTHETIC_ROBUSTNESS
1560,over over compress quick quick lazy stream quick over compress lazy the brown dog brown data over over fox dog data dog over qui,159.36670679516166,SYNTHETIC_ROBUSTNESS
1561,over the data lazy brown dog fox over compress lazy stream compress over the data over over lazy compress over quick the fox qui,159.4453683258116,SYNTHETIC_ROBUSTNESS
1562,data dog dog lazy dog brown quick stream over fox data dog brown dog quick jumps data over jumps dog over brown stream jumps ove,159.52840652980103,SYNTHETIC_ROBUSTNESS
1563,brown fox quick compress brown fox jumps stream jumps quick quick fox lazy the stream fox compress stream brown jumps jumps comp,159.7602662876202,SYNTHETIC_ROBUSTNESS
1564,fox compress compress stream fox fox fox jumps brown fox compress over lazy dog stream over the lazy stream compress data the ju,159.88356043858136,SYNTHETIC_ROBUSTNESS
1565,the fox compress data fox compress stream over stream brown compress quick fox jumps jumps jumps lazy brown data compress lazy b,160.1527039184505,SYNTHETIC_ROBUSTNESS
1566,dog lazy dog lazy lazy brown fox stream quick data the compress compress fox the jumps jumps over over jumps jumps the fox strea,160.21792996834407,SYNTHETIC_ROBUSTNESS
1567,stream dog over compress quick over data jumps lazy the stream jumps brown data lazy data lazy quick jumps compress stream compr,160.5904872875174,SYNTHETIC_ROBUSTNESS
1568,brown jumps compress data brown quick dog dog data data dog lazy over data brown quick lazy quick the brown jumps stream compres,160.66804234148114,SYNTHETIC_ROBUSTNESS
1569,fox fox data stream over quick fox over compress compress dog data jumps brown compress dog dog the the data brown lazy quick la,160.7715607399414,SYNTHETIC_ROBUSTNESS
1570,jumps quick over brown jumps quick the compress jumps dog compress dog dog data stream compress the the lazy dog dog fox dog fox,160.7801782974062,SYNTHETIC_ROBUSTNESS
1571,dog jumps quick jumps fox lazy the the jumps the over the data lazy over lazy stream stream fox stream stream quick compress com,160.87475800044163,SYNTHETIC_ROBUSTNESS
1572,fox dog over jumps fox jumps brown compress lazy compress data brown dog compress over over quick quick over quick brown lazy br,161.02076326299158,SYNTHETIC_ROBUSTNESS
1573,brown jumps stream jumps lazy data the lazy compress quick compress dog quick quick lazy dog fox lazy over fox brown dog dog str,161.07862096574283,SYNTHETIC_ROBUSTNESS
1574,compress data brown dog compress jumps the quick jumps the brown quick compress jumps jumps fox over jumps compress stream dog l,161.1484245186374,SYNTHETIC_ROBUSTNESS
1575,fox over fox dog brown jumps jumps brown compress fox dog brown brown over quick quick brown stream brown stream the jumps over ,161.1984011228623,SYNTHETIC_ROBUSTNESS
1576,dog quick jumps the the over fox compress compress jumps compress dog jumps compress quick stream data brown brown stream over s,161.5459119144596,SYNTHETIC_ROBUSTNESS
1577,dog over over over compress dog stream data over over quick the lazy compress dog quick stream data over stream the over stream ,161.6106574740096,SYNTHETIC_ROBUSTNESS
1578,data dog compress brown the fox jumps quick over quick fox dog quick stream lazy data over fox compress brown brown data compres,161.62414914852528,SYNTHETIC_ROBUSTNESS
1579,quick the jumps compress stream the the compress the dog over compress jumps jumps brown the quick data quick brown jumps stream,161.6270788670043,SYNTHETIC_ROBUSTNESS
1580,dog quick the fox brown data dog over stream over over lazy the jumps brown the brown jumps over dog data dog the jumps streamaa,161.77512583223037,SYNTHETIC_ROBUSTNESS
1581,stream stream dog the quick fox the compress dog data compress quick compress jumps brown over jumps stream fox stream compress ,161.85446078966163,SYNTHETIC_ROBUSTNESS
1582,dog over dog over the dog data the fox data brown quick fox data lazy dog stream over the lazy fox the fox stream jumpsaaaaaaaaa,161.85473822469353,SYNTHETIC_ROBUSTNESS
1583,jumps quick fox fox the dog over jumps dog brown the stream compress compress compress dog compress quick over compress jumps do,161.90294951177873,SYNTHETIC_ROBUSTNESS
1584,over dog over data jumps jumps the the quick jumps stream compress lazy jumps brown quick data over jumps jumps compress jumps l,162.14834761735264,SYNTHETIC_ROBUSTNESS
1585,dog stream lazy dog quick over stream over brown compress data jumps brown compress the brown jumps compress compress compress c,162.44352858446192,SYNTHETIC_ROBUSTNESS
1586,lazy over stream quick jumps data jumps stream dog lazy lazy lazy quick brown brown jumps data data stream fox compress brown st,162.44903327522124,SYNTHETIC_ROBUSTNESS
1587,data data stream jumps lazy over fox jumps lazy compress brown jumps stream lazy the stream brown dog dog dog fox compress the c,162.46220628124377,SYNTHETIC_ROBUSTNESS
1588,lazy data data brown fox jumps fox jumps brown jumps the dog quick jumps over stream brown compress quick stream over dog the la,162.46269450562517,SYNTHETIC_ROBUSTNESS
1589,data jumps jumps the compress lazy quick quick jumps lazy brown over brown stream over over stream dog lazy dog compress fox dat,162.66570153627,SYNTHETIC_ROBUSTNESS
1590,data quick the lazy jumps stream stream stream compress dog stream lazy lazy dog fox brown dog fox dog stream over stream compre,162.67305394408575,SYNTHETIC_ROBUSTNESS
1591,quick fox the quick compress jumps lazy over lazy stream stream fox over jumps data the lazy data dog the over the jumps jumps b,162.68447166565508,SYNTHETIC_ROBUSTNESS
1592,quick fox compress the jumps stream compress brown over dog jumps lazy jumps quick lazy quick the brown the over dog brown over ,162.71029987090424,SYNTHETIC_ROBUSTNESS
1593,quick dog jumps jumps compress lazy dog the data fox jumps jumps lazy data fox over over data dog fox brown dog fox compress qui,162.95949245555988,SYNTHETIC_ROBUSTNESS
1594,compress data lazy dog data dog data fox fox data over over jumps dog fox quick over the dog quick stream lazy the dog foxaaaaaa,163.07604269515338,SYNTHETIC_ROBUSTNESS
1595,lazy quick dog data quick brown lazy stream data brown compress jumps data stream the brown stream data jumps dog lazy jumps str,163.17198375236825,SYNTHETIC_ROBUSTNESS
1596,over fox brown jumps quick compress the data quick over quick lazy quick over compress data quick over jumps lazy data lazy over,163.32553602588862,SYNTHETIC_ROBUSTNESS
1597,brown fox dog brown data stream the the the fox compress the quick stream fox dog over lazy data stream jumps jumps compress dat,163.4437194922354,SYNTHETIC_ROBUSTNESS
1598,over stream dog over the brown jumps data jumps the the stream over fox over lazy jumps dog data over over dog stream fox foxaaa,163.58073278682582,SYNTHETIC_ROBUSTNESS
1599,quick brown the jumps over dog fox jumps compress dog lazy stream data brown jumps quick quick compress dog quick data stream br,163.58838379648788,SYNTHETIC_ROBUSTNESS
1600,the lazy data the over brown dog stream stream stream data compress quick compress data data lazy over quick compress jumps fox ,163.67748638002433,SYNTHETIC_ROBUSTNESS
1601,compress jumps lazy brown quick jumps compress quick lazy fox dog fox data brown the lazy stream over jumps brown fox data the c,163.81740703145988,SYNTHETIC_ROBUSTNESS
1602,jumps over brown fox quick fox jumps jumps brown fox jumps compress data data quick quick compress compress over brown lazy over,163.90079947795857,SYNTHETIC_ROBUSTNESS
1603,fox lazy lazy the quick fox fox stream dog over compress dog jumps the fox stream the fox the over stream data compress jumps ju,163.90198597643175,SYNTHETIC_ROBUSTNESS
1604,jumps brown quick over over stream compress stream data brown lazy jumps fox fox jumps jumps jumps over brown stream fox stream ,163.92570006851818,SYNTHETIC_ROBUSTNESS
1605,compress jumps lazy the quick jumps brown compress fox brown stream quick dog quick fox fox lazy over over lazy the the jumps ov,164.25511389154937,SYNTHETIC_ROBUSTNESS
1606,dog dog stream brown fox the brown brown lazy compress compress stream data lazy the fox jumps lazy brown data compress lazy dat,164.37708842579772,SYNTHETIC_ROBUSTNESS
1607,over over lazy the the data dog lazy brown compress lazy lazy fox stream dog the over brown brown stream stream dog quick stream,164.49372559320184,SYNTHETIC_ROBUSTNESS
1608,lazy lazy dog dog fox fox lazy fox compress fox dog jumps over fox lazy compress compress data over the quick fox dog lazy dogaa,164.60168083450984,SYNTHETIC_ROBUSTNESS
1609,lazy jumps lazy the lazy quick compress brown lazy the jumps fox jumps stream dog data brown lazy lazy lazy over compress lazy s,164.61535540411322,SYNTHETIC_ROBUSTNESS
1610,the over lazy brown dog the compress brown fox data jumps over the brown over compress quick brown lazy dog compress brown the c,164.61576451794295,SYNTHETIC_ROBUSTNESS
1611,stream data lazy the jumps over the jumps fox lazy data the brown data the stream jumps dog over the compress over dog stream da,164.67386292073513,SYNTHETIC_ROBUSTNESS
1612,dog over jumps fox over data jumps dog the quick lazy over brown over data the brown stream compress over compress dog brown qui,164.73261998243152,SYNTHETIC_ROBUSTNESS
1613,the brown stream stream over over brown the the stream data over fox over compress quick compress stream jumps jumps jumps compr,164.89964788413266,SYNTHETIC_ROBUSTNESS
1614,over data brown lazy the fox dog quick compress brown compress jumps brown stream compress brown stream the lazy jumps stream th,164.91968432148136,SYNTHETIC_ROBUSTNESS
1615,compress lazy data over data brown the over jumps the the stream lazy compress quick quick over over over quick quick dog fox la,164.95185801791098,SYNTHETIC_ROBUSTNESS
1616,compress compress compress quick data data jumps the compress jumps lazy dog jumps stream fox compress lazy brown fox over brown,164.96000531017168,SYNTHETIC_ROBUSTNESS
1617,over the the jumps fox quick brown stream lazy jumps brown jumps jumps lazy stream lazy the stream fox dog dog data jumps data l,165.01106704726487,SYNTHETIC_ROBUSTNESS
1618,compress stream jumps compress jumps lazy data lazy stream the over the brown jumps quick dog jumps data jumps compress dog lazy,165.0406370937985,SYNTHETIC_ROBUSTNESS
1619,data fox lazy compress compress fox jumps over dog stream lazy lazy over jumps compress quick stream data quick quick quick jump,165.07113970106818,SYNTHETIC_ROBUSTNESS
1620,quick over dog quick fox dog stream the fox fox stream the fox lazy over over brown data quick over the quick quick brown stream,165.10044978543496,SYNTHETIC_ROBUSTNESS
1621,quick stream brown compress stream stream dog data over over brown quick dog dog fox stream data over brown brown lazy jumps laz,165.12678366554172,SYNTHETIC_ROBUSTNESS
1622,fox quick jumps brown compress jumps compress jumps brown jumps jumps stream fox fox jumps data over quick stream quick data qui,165.1653194815321,SYNTHETIC_ROBUSTNESS
1623,data quick dog lazy fox compress brown data stream jumps jumps the fox quick over compress data compress fox data compress quick,165.24225540734892,SYNTHETIC_ROBUSTNESS
1624,stream stream over the jumps dog stream the dog jumps fox compress quick fox the dog lazy quick stream the brown lazy quick jump,165.29982921143187,SYNTHETIC_ROBUSTNESS
1625,fox data jumps jumps jumps jumps compress quick dog quick lazy fox quick jumps lazy stream fox data the compress the compress th,165.3063841237917,SYNTHETIC_ROBUSTNESS
1626,over over data jumps quick jumps quick dog stream quick the fox data stream brown lazy quick over brown the stream lazy the jump,165.36187230105855,SYNTHETIC_ROBUSTNESS
1627,lazy quick lazy the the lazy data data fox stream stream jumps brown the stream quick over brown brown compress dog data compres,165.54913341689561,SYNTHETIC_ROBUSTNESS
1628,over brown data compress fox stream dog over stream lazy jumps compress stream jumps stream compress lazy quick the fox quick co,165.55974773435528,SYNTHETIC_ROBUSTNESS
1629,lazy jumps brown dog brown over brown fox compress stream dog jumps over fox compress dog quick dog dog over jumps lazy fox brow,165.84863590001714,SYNTHETIC_ROBUSTNESS
1630,stream over stream lazy the over dog lazy the quick brown brown lazy the compress dog over stream over dog jumps compress over d,165.8855381824608,SYNTHETIC_ROBUSTNESS
1631,the stream jumps dog data jumps stream stream lazy dog over quick stream compress compress stream brown lazy lazy dog data compr,165.88700241312802,SYNTHETIC_ROBUSTNESS
1632,data jumps quick the the data brown the fox the the lazy over data stream compress the brown over dog jumps lazy jumps quick ove,165.91619225186608,SYNTHETIC_ROBUSTNESS
1633,dog quick brown quick dog lazy lazy lazy fox quick the stream stream jumps lazy the data data dog compress over brown data dog c,165.92341272790534,SYNTHETIC_ROBUSTNESS
1634,fox brown data stream stream data fox data compress over brown fox jumps jumps fox stream jumps brown compress compress jumps th,166.00697170877484,SYNTHETIC_ROBUSTNESS
1635,quick compress stream the quick jumps quick the the lazy data dog brown quick dog fox over lazy lazy lazy brown dog the dog quic,166.04499898947907,SYNTHETIC_ROBUSTNESS
1636,compress fox dog over lazy quick fox over data over dog quick quick dog lazy dog compress stream brown over stream the dog lazy ,166.2094415883047,SYNTHETIC_ROBUSTNESS
1637,lazy stream data brown quick the quick dog stream over compress compress lazy lazy dog quick fox jumps stream compress fox lazy ,166.34135193242153,SYNTHETIC_ROBUSTNESS
1638,data compress dog fox quick the stream dog compress dog lazy brown data fox dog over fox the dog compress stream lazy over jumps,166.40457529072796,SYNTHETIC_ROBUSTNESS
1639,dog over quick the fox lazy lazy data fox brown quick brown dog quick fox quick jumps brown compress lazy the over fox stream br,166.486810169232,SYNTHETIC_ROBUSTNESS
1640,data stream compress brown compress over compress stream brown data lazy the quick compress data the quick compress stream over ,166.5806560329057,SYNTHETIC_ROBUSTNESS
1641,quick over quick jumps dog brown jumps stream stream over stream jumps stream lazy data the the brown brown over jumps the brown,166.61222368653225,SYNTHETIC_ROBUSTNESS
1642,quick stream quick data lazy lazy dog the fox dog over compress dog compress fox dog jumps the quick dog quick quick lazy compre,166.6272334870401,SYNTHETIC_ROBUSTNESS
1643,dog the the compress quick fox data compress quick fox quick over lazy lazy over quick brown dog fox over lazy stream quick lazy,166.67447715628327,SYNTHETIC_ROBUSTNESS
1644,quick over dog fox over stream over quick the fox dog fox fox jumps data quick the over the lazy jumps jumps fox data lazyaaaaaa,166.68444345028934,SYNTHETIC_ROBUSTNESS
1645,dog dog over brown compress dog stream fox fox stream over fox stream the brown data lazy fox fox over data stream lazy quick co,166.72225715115383,SYNTHETIC_ROBUSTNESS
1646,the compress quick dog fox over the brown fox stream quick quick lazy lazy jumps jumps over jumps brown jumps jumps compress jum,166.8026878571109,SYNTHETIC_ROBUSTNESS
1647,brown fox data over lazy lazy compress over lazy lazy the brown dog brown data over brown jumps the brown fox over fox jumps bro,166.88036520082088,SYNTHETIC_ROBUSTNESS
1648,dog over compress over jumps stream quick data stream the data stream jumps fox quick quick stream compress brown over compress ,166.89321826391557,SYNTHETIC_ROBUSTNESS
1649,compress quick jumps over brown brown fox compress fox fox dog jumps stream dog brown quick stream the lazy the jumps over jumps,166.89405567039734,SYNTHETIC_ROBUSTNESS
1650,data over over compress brown brown lazy fox over lazy over jumps quick stream compress lazy dog dog quick stream brown jumps ov,166.9033707135848,SYNTHETIC_ROBUSTNESS
1651,fox data stream quick fox compress jumps dog the data fox lazy quick jumps over over fox data data lazy brown stream stream data,166.90705267775107,SYNTHETIC_ROBUSTNESS
1652,dog brown quick lazy quick data fox dog the lazy over dog over over compress compress quick lazy lazy fox compress jumps brown d,166.95821341891386,SYNTHETIC_ROBUSTNESS
1653,lazy stream lazy fox over brown compress data compress over lazy data quick brown jumps quick dog quick brown over stream fox do,167.00760210639234,SYNTHETIC_ROBUSTNESS
1654,the stream over lazy the dog the jumps fox data data jumps data the compress brown jumps brown lazy data quick quick fox fox dat,167.0352585652329,SYNTHETIC_ROBUSTNESS
1655,compress quick lazy dog dog quick lazy fox dog stream quick quick fox data stream fox dog brown over data compress lazy dog stre,167.0595223564531,SYNTHETIC_ROBUSTNESS
1656,jumps lazy jumps quick fox dog lazy brown stream brown jumps dog stream dog data the stream brown the compress fox jumps stream ,167.11001001132846,SYNTHETIC_ROBUSTNESS
1657,brown brown data stream quick over quick over stream the stream brown dog quick the the over brown jumps over brown jumps over l,167.11906525650923,SYNTHETIC_ROBUSTNESS
1658,brown over jumps dog data jumps stream compress data data data lazy over the jumps stream stream compress data compress jumps br,167.14318444178016,SYNTHETIC_ROBUSTNESS
1659,brown quick over compress brown brown fox quick over stream lazy dog fox fox fox compress fox jumps compress quick lazy data com,167.19522018331924,SYNTHETIC_ROBUSTNESS
1660,stream stream over over jumps over over over jumps quick fox jumps quick data compress jumps compress data dog compress stream f,167.20518342460707,SYNTHETIC_ROBUSTNESS
1661,stream brown dog the jumps compress quick stream brown stream quick the data data over jumps brown stream compress quick stream ,167.3889514139782,SYNTHETIC_ROBUSTNESS
1662,quick compress jumps brown over brown lazy data dog fox the quick fox lazy lazy over over lazy over dog data the dog dog overaaa,167.50165829970607,SYNTHETIC_ROBUSTNESS
1663,the jumps lazy brown compress over quick over stream compress data over lazy over fox jumps dog the brown fox stream stream comp,167.54996625428532,SYNTHETIC_ROBUSTNESS
1664,compress the the quick brown jumps data fox compress data the compress brown brown over over dog compress stream data over quick,167.56626501812707,SYNTHETIC_ROBUSTNESS
1665,the the brown dog quick brown the jumps over quick compress quick the quick data jumps the brown data brown over stream dog comp,167.5878554141614,SYNTHETIC_ROBUSTNESS
1666,data brown data fox dog stream dog lazy stream brown brown stream jumps over brown lazy data data lazy jumps brown compress data,167.60064893191557,SYNTHETIC_ROBUSTNESS
1667,compress stream compress jumps jumps quick quick brown over the quick data stream the jumps dog over the stream jumps lazy data ,167.61809425056535,SYNTHETIC_ROBUSTNESS
1668,dog fox compress dog jumps compress stream compress dog brown the jumps compress compress over stream lazy the the lazy brown st,167.67300138256047,SYNTHETIC_ROBUSTNESS
1669,lazy quick data lazy brown compress compress jumps jumps quick stream jumps the fox stream stream over compress over data data b,167.70119320944406,SYNTHETIC_ROBUSTNESS
1670,jumps over jumps quick dog data dog brown dog data lazy stream over brown jumps dog data compress quick data compress data dog l,167.91710965277377,SYNTHETIC_ROBUSTNESS
1671,the lazy jumps quick the lazy data jumps brown lazy the quick jumps lazy data fox dog compress the brown stream jumps over over ,168.24134643932976,SYNTHETIC_ROBUSTNESS
1672,compress quick quick the jumps data fox lazy fox quick the dog jumps data data brown dog compress data stream brown stream quick,168.35890604642717,SYNTHETIC_ROBUSTNESS
1673,brown fox stream over compress lazy quick data brown quick fox stream jumps brown jumps lazy brown brown fox brown data stream q,168.52432923608455,SYNTHETIC_ROBUSTNESS
1674,stream brown stream quick brown the compress compress data over over stream jumps dog dog dog jumps lazy brown the brown brown d,168.55378238847635,SYNTHETIC_ROBUSTNESS
1675,dog stream fox the fox jumps data stream data lazy dog jumps lazy jumps quick over jumps compress stream fox jumps over over the,168.66315201991327,SYNTHETIC_ROBUSTNESS
1676,data compress brown the brown fox data quick the quick over stream dog jumps jumps jumps lazy dog quick brown jumps stream data ,168.66912687735353,SYNTHETIC_ROBUSTNESS
1677,jumps stream lazy jumps the fox fox the the compress jumps jumps data compress stream stream fox stream data dog dog brown quick,168.99155613754115,SYNTHETIC_ROBUSTNESS
1678,over jumps brown lazy the fox compress stream lazy lazy dog over quick stream stream brown stream over dog lazy data lazy over o,169.1024851364282,SYNTHETIC_ROBUSTNESS
1679,lazy dog lazy fox data data compress over the dog the the stream compress dog fox data lazy fox lazy the data over the streamaaa,169.14058939032918,SYNTHETIC_ROBUSTNESS
1680,quick stream data quick data stream fox fox jumps brown data compress quick data dog the the dog stream fox jumps jumps quick do,169.28888822598967,SYNTHETIC_ROBUSTNESS
1681,lazy dog fox the brown jumps over jumps the jumps fox brown quick compress the dog the over the stream lazy quick stream fox ove,169.2904807850809,SYNTHETIC_ROBUSTNESS
1682,fox brown jumps fox lazy data over data quick quick dog lazy data jumps lazy quick jumps brown quick data brown dog data over ju,169.33767914154583,SYNTHETIC_ROBUSTNESS
1683,fox jumps over jumps lazy over stream stream over jumps dog quick stream fox over quick stream data over compress stream lazy fo,169.56368704572105,SYNTHETIC_ROBUSTNESS
1684,compress data quick lazy lazy fox brown data stream dog data over dog the fox quick data brown fox dog the compress brown dog th,169.59423086582527,SYNTHETIC_ROBUSTNESS
1685,compress quick compress compress fox fox jumps jumps the the brown quick jumps data stream lazy brown data brown brown quick the,169.7044670905472,SYNTHETIC_ROBUSTNESS
1686,over compress over the data jumps jumps jumps dog stream lazy over stream lazy the data data brown the data brown quick quick fo,169.7491120024974,SYNTHETIC_ROBUSTNESS
1687,brown the lazy over quick over data lazy compress data data the dog quick fox compress over stream dog quick jumps compress data,169.79892998379307,SYNTHETIC_ROBUSTNESS
1688,stream data dog brown the compress stream data stream fox data stream brown data brown lazy dog fox brown dog dog quick data jum,169.93594730465625,SYNTHETIC_ROBUSTNESS
1689,fox jumps compress over fox dog over quick the quick data fox brown brown stream stream stream compress stream fox compress lazy,170.17697101475332,SYNTHETIC_ROBUSTNESS
1690,data dog data brown brown data compress lazy lazy dog data quick jumps quick dog stream fox quick quick data jumps lazy jumps th,170.19520939338219,SYNTHETIC_ROBUSTNESS
1691,stream brown data the data data the dog compress fox data dog the jumps stream lazy data lazy the the stream brown data stream j,170.22762907746076,SYNTHETIC_ROBUSTNESS
1692,compress quick lazy data stream brown stream fox quick over jumps compress the brown over quick brown dog dog jumps fox over qui,170.29453019513528,SYNTHETIC_ROBUSTNESS
1693,over lazy brown jumps compress stream the brown quick over over compress compress fox lazy fox over jumps data dog jumps dog com,170.38967434611737,SYNTHETIC_ROBUSTNESS
1694,fox brown fox stream over fox stream jumps lazy the stream jumps lazy stream fox fox stream lazy dog brown stream quick fox lazy,170.4527455166925,SYNTHETIC_ROBUSTNESS
1695,over brown fox data compress the jumps over quick quick dog dog fox fox over lazy fox compress quick quick brown compress jumps ,170.61649258255173,SYNTHETIC_ROBUSTNESS
1696,quick dog quick over quick data quick the brown the the jumps dog compress dog compress the over fox stream lazy compress brown ,170.7626352801899,SYNTHETIC_ROBUSTNESS
1697,lazy data dog lazy quick fox compress the brown data over compress stream compress data dog data over data brown quick lazy brow,170.814595503103,SYNTHETIC_ROBUSTNESS
1698,dog data the stream dog fox dog quick lazy the dog brown brown data the brown over fox lazy compress dog the over data brownaaaa,170.81874145961098,SYNTHETIC_ROBUSTNESS
1699,compress compress quick fox compress jumps compress data quick data lazy stream data quick jumps lazy compress lazy brown jumps ,170.84037021769137,SYNTHETIC_ROBUSTNESS
1700,fox brown stream data quick the dog quick jumps brown stream brown fox brown over quick stream over the lazy fox lazy lazy data ,170.9071089313248,SYNTHETIC_ROBUSTNESS
1701,quick over brown data compress over fox dog data brown over jumps brown the jumps dog lazy dog brown data data quick lazy stream,171.16954477954368,SYNTHETIC_ROBUSTNESS
1702,compress stream over the lazy the dog compress quick the jumps data brown stream lazy fox over the lazy stream brown brown data ,171.2533781424196,SYNTHETIC_ROBUSTNESS
1703,brown over compress jumps lazy the data data fox dog brown stream dog jumps the lazy quick brown the stream data quick jumps ove,171.32896445881374,SYNTHETIC_ROBUSTNESS
1704,data dog stream data fox data jumps jumps the lazy over quick stream stream compress lazy stream the fox stream dog brown jumps ,171.45768904685352,SYNTHETIC_ROBUSTNESS
1705,jumps the over data quick the stream jumps jumps brown brown brown dog compress brown over compress brown jumps brown jumps quic,171.47421129884498,SYNTHETIC_ROBUSTNESS
1706,jumps stream stream the jumps fox fox brown quick the the data fox brown over dog compress over fox over lazy stream dog compres,171.49010131420212,SYNTHETIC_ROBUSTNESS
1707,quick jumps stream data the brown the compress dog data fox quick quick over dog compress over data the fox jumps the the fox do,171.53247366872392,SYNTHETIC_ROBUSTNESS
1708,the data over compress the dog brown compress data stream fox fox stream data stream over brown compress fox jumps lazy over dat,172.05940063620307,SYNTHETIC_ROBUSTNESS
1709,data lazy data stream quick compress data jumps stream jumps quick the brown quick compress the brown jumps over compress over f,172.26810110926505,SYNTHETIC_ROBUSTNESS
1710,jumps quick the quick quick data brown compress quick lazy stream quick brown lazy dog data jumps brown stream lazy the stream d,172.3820801378059,SYNTHETIC_ROBUSTNESS
1711,quick dog lazy fox compress the lazy compress over lazy lazy dog stream the lazy brown brown over jumps jumps jumps the fox stre,172.43169928106312,SYNTHETIC_ROBUSTNESS
1712,jumps fox stream jumps brown stream dog quick brown over fox dog data brown fox compress the lazy the compress fox fox data lazy,172.51259413907337,SYNTHETIC_ROBUSTNESS
1713,data data the the jumps dog stream brown dog compress over compress lazy lazy lazy lazy brown brown quick jumps brown the quick ,172.54877065793124,SYNTHETIC_ROBUSTNESS
1714,quick the dog lazy the data fox fox fox jumps compress stream lazy stream data lazy the lazy quick compress fox fox brown stream,172.660950667583,SYNTHETIC_ROBUSTNESS
1715,dog compress jumps compress fox lazy compress jumps jumps brown data dog quick brown jumps data the lazy over data quick the str,172.71522455904787,SYNTHETIC_ROBUSTNESS
1716,over data brown lazy stream brown quick jumps stream dog the data dog data brown compress brown dog fox data compress brown data,172.72803243264542,SYNTHETIC_ROBUSTNESS
1717,the dog compress over stream stream over quick quick fox lazy dog data brown jumps jumps brown quick dog jumps data stream the t,172.75225079373683,SYNTHETIC_ROBUSTNESS
1718,quick jumps fox compress brown stream fox dog compress stream lazy dog over the over quick quick over compress over jumps data d,172.84607702649598,SYNTHETIC_ROBUSTNESS
1719,dog brown compress dog jumps fox jumps quick lazy the quick fox over jumps brown jumps quick stream fox lazy jumps stream the th,172.96467875805308,SYNTHETIC_ROBUSTNESS
1720,quick stream quick the fox brown quick dog the over the dog dog fox brown dog stream compress brown data brown quick jumps data ,172.97477374647113,SYNTHETIC_ROBUSTNESS
1721,brown quick dog stream quick compress quick data the lazy dog quick brown jumps brown lazy fox data the jumps over over compress,173.1399774872736,SYNTHETIC_ROBUSTNESS
1722,data jumps the fox fox fox compress stream over lazy quick over quick brown compress quick jumps data dog over compress quick do,173.31390218907654,SYNTHETIC_ROBUSTNESS
1723,jumps jumps dog data data fox over lazy stream compress compress quick dog jumps stream brown dog lazy jumps over lazy dog compr,173.44230554267054,SYNTHETIC_ROBUSTNESS
1724,compress quick the dog fox compress brown over over lazy brown quick fox fox brown fox stream the brown data stream lazy quick f,173.55737672329224,SYNTHETIC_ROBUSTNESS
1725,the the over stream compress lazy quick compress brown quick over data stream stream brown dog over fox lazy jumps stream jumps ,173.58375616814467,SYNTHETIC_ROBUSTNESS
1726,compress jumps lazy jumps quick quick over quick brown data quick jumps the brown stream compress lazy dog dog jumps compress da,173.83585759859082,SYNTHETIC_ROBUSTNESS
1727,stream stream dog data jumps dog over brown dog stream the brown quick jumps stream jumps fox brown fox compress data quick the ,173.86713346033739,SYNTHETIC_ROBUSTNESS
1728,jumps fox dog over quick quick brown brown quick lazy compress quick compress brown dog stream lazy quick stream jumps data comp,173.88728446546068,SYNTHETIC_ROBUSTNESS
1729,jumps lazy the over fox dog quick over over lazy quick stream over lazy the brown jumps dog lazy dog data stream compress jumps ,173.98904320505142,SYNTHETIC_ROBUSTNESS
1730,jumps quick jumps quick lazy over fox lazy quick over fox dog over compress brown fox the brown lazy over lazy dog stream compre,174.03431527653666,SYNTHETIC_ROBUSTNESS
1731,quick quick lazy data lazy over dog quick quick data over over jumps lazy brown the dog fox fox jumps stream compress fox lazy t,174.30466346868945,SYNTHETIC_ROBUSTNESS
1732,lazy data stream fox lazy the brown stream data fox quick data quick data compress the brown stream the dog over dog lazy brown ,174.3663283171069,SYNTHETIC_ROBUSTNESS
1733,compress dog compress stream brown data over quick dog compress compress dog dog compress the dog jumps the jumps lazy over comp,174.3842073222636,SYNTHETIC_ROBUSTNESS
1734,the jumps compress brown brown jumps jumps brown over quick compress fox data the the brown dog over lazy jumps fox brown lazy j,174.70009987093152,SYNTHETIC_ROBUSTNESS
1735,dog dog lazy data jumps lazy over quick the compress quick lazy quick data the lazy data stream fox the dog over quick data jump,174.77255001652213,SYNTHETIC_ROBUSTNESS
1736,data data the over stream the quick brown jumps over stream dog fox brown fox fox lazy fox lazy brown dog stream over fox stream,174.84564715980613,SYNTHETIC_ROBUSTNESS
1737,brown dog compress fox over jumps data quick jumps data the brown brown over stream the over over stream fox jumps stream fox ov,174.89439106468456,SYNTHETIC_ROBUSTNESS
1738,quick quick dog lazy jumps data stream quick the quick quick the stream dog data over lazy compress brown stream stream dog jump,175.07517615415787,SYNTHETIC_ROBUSTNESS
1739,fox brown lazy brown dog lazy dog compress data jumps data quick dog over jumps jumps lazy stream compress the compress dog jump,175.10909385016294,SYNTHETIC_ROBUSTNESS
1740,brown jumps brown data lazy dog data quick over quick compress lazy compress compress over stream quick the stream over compress,175.11047430554356,SYNTHETIC_ROBUSTNESS
1741,over dog data dog stream dog compress jumps over jumps stream dog compress quick quick data jumps the over fox dog dog quick dog,175.17924608556123,SYNTHETIC_ROBUSTNESS
1742,fox fox brown over brown jumps fox data fox data quick stream quick brown fox jumps over dog lazy compress lazy dog quick fox ov,175.43946239868814,SYNTHETIC_ROBUSTNESS
1743,lazy brown the stream dog fox brown over dog data fox over brown compress fox over jumps dog dog fox data jumps compress lazy ju,175.47138196871896,SYNTHETIC_ROBUSTNESS
1744,stream dog jumps data quick brown quick brown fox data the jumps stream compress quick jumps lazy brown quick data compress data,175.50234821504472,SYNTHETIC_ROBUSTNESS
1745,lazy data quick stream dog lazy compress dog lazy brown dog fox jumps fox jumps data fox jumps stream fox lazy brown compress la,175.63632742176029,SYNTHETIC_ROBUSTNESS
1746,lazy compress dog compress stream data dog quick data data over stream quick dog quick brown jumps the stream quick brown compre,175.7857302281782,SYNTHETIC_ROBUSTNESS
1747,dog jumps the quick jumps stream data quick fox compress compress data jumps jumps brown data fox the brown fox compress fox bro,175.8429217337523,SYNTHETIC_ROBUSTNESS
1748,stream quick fox jumps fox fox dog stream the compress the jumps jumps quick stream data compress compress the compress dog stre,176.02228381647416,SYNTHETIC_ROBUSTNESS
1749,over jumps the brown quick dog stream compress over quick compress lazy jumps over brown data quick jumps the stream dog the laz,176.04114994761832,SYNTHETIC_ROBUSTNESS
1750,jumps lazy the brown over over jumps dog jumps brown over stream quick quick dog the stream over dog data compress over brown co,176.08688244181232,SYNTHETIC_ROBUSTNESS
1751,stream data dog the compress brown brown quick compress lazy brown lazy data quick lazy jumps jumps brown fox the the stream fox,176.1386805439659,SYNTHETIC_ROBUSTNESS
1752,jumps quick over brown dog the fox brown over stream quick lazy fox compress dog over stream brown over over over lazy brown dat,176.1761929371863,SYNTHETIC_ROBUSTNESS
1753,jumps the lazy stream data jumps data brown compress fox compress quick data quick data compress quick fox jumps fox compress da,176.20074943515408,SYNTHETIC_ROBUSTNESS
1754,data data data dog dog over jumps brown jumps dog stream stream the stream the the over fox quick dog lazy brown lazy quick over,176.24202099746347,SYNTHETIC_ROBUSTNESS
1755,fox the stream fox stream the quick brown the data lazy fox dog brown dog the stream quick stream jumps the stream compress quic,176.24383771871575,SYNTHETIC_ROBUSTNESS
1756,compress over dog over jumps the stream stream stream jumps brown brown stream over fox quick over brown jumps jumps fox data co,176.36535795906104,SYNTHETIC_ROBUSTNESS
1757,dog stream brown the dog over fox brown over quick data dog jumps over jumps data lazy dog brown over lazy data data fox dataaaa,176.4805463659675,SYNTHETIC_ROBUSTNESS
1758,quick compress jumps compress over the stream quick over dog stream stream jumps dog dog compress quick stream fox lazy brown la,176.54036973067397,SYNTHETIC_ROBUSTNESS
1759,quick lazy lazy dog quick over over quick brown dog brown stream quick the the brown fox jumps over dog dog fox the compress dat,176.57936566290994,SYNTHETIC_ROBUSTNESS
1760,lazy dog jumps data quick jumps compress lazy compress compress the over the compress data fox brown dog over data over brown fo,176.6362983101313,SYNTHETIC_ROBUSTNESS
1761,stream quick quick lazy quick jumps the fox fox lazy lazy the quick compress dog the fox lazy jumps dog compress fox lazy the qu,176.91200263389874,SYNTHETIC_ROBUSTNESS
1762,dog over over data jumps the dog brown lazy dog dog the fox lazy brown quick compress dog lazy stream compress over over dog fox,177.00452691436107,SYNTHETIC_ROBUSTNESS
1763,data lazy fox compress dog quick fox lazy data compress dog stream lazy the compress brown stream data dog over brown compress t,177.13596422375701,SYNTHETIC_ROBUSTNESS
1764,fox lazy compress dog stream stream stream brown data lazy quick the lazy jumps jumps brown lazy data data stream jumps jumps la,177.16203795950733,SYNTHETIC_ROBUSTNESS
1765,jumps lazy fox data jumps lazy over the jumps compress the dog compress compress jumps over jumps brown lazy brown data the comp,177.17199325322147,SYNTHETIC_ROBUSTNESS
1766,the jumps jumps over jumps data fox stream dog data stream brown data the stream the compress data quick dog compress over over ,177.1806782032899,SYNTHETIC_ROBUSTNESS
1767,data quick data brown quick stream stream fox jumps dog jumps lazy quick data brown lazy data fox brown data brown over stream d,177.24454767363474,SYNTHETIC_ROBUSTNESS
1768,jumps data compress lazy the brown data compress jumps the brown compress compress brown quick dog over fox brown compress over ,177.37066773848449,SYNTHETIC_ROBUSTNESS
1769,brown brown compress dog stream jumps quick fox lazy stream brown over quick fox quick quick jumps compress jumps data dog quick,177.51944304728173,SYNTHETIC_ROBUSTNESS
1770,quick dog lazy jumps compress quick over lazy over dog quick over data fox compress compress dog dog jumps fox fox stream lazy c,177.64688608171264,SYNTHETIC_ROBUSTNESS
1771,lazy stream lazy lazy jumps compress the over brown fox jumps quick data fox stream the data the stream over jumps quick stream ,177.89079816701766,SYNTHETIC_ROBUSTNESS
1772,data the the the jumps lazy jumps lazy lazy lazy dog jumps fox fox brown over dog quick over brown lazy dog jumps lazy brownaaaa,177.8961385026962,SYNTHETIC_ROBUSTNESS
1773,fox dog jumps stream jumps lazy dog data fox lazy lazy fox jumps brown stream stream dog stream jumps jumps fox lazy brown quick,178.08947506091002,SYNTHETIC_ROBUSTNESS
1774,jumps brown data fox data the dog lazy jumps data jumps over jumps fox data fox over lazy lazy over over stream data fox dogaaaa,178.19755522401977,SYNTHETIC_ROBUSTNESS
1775,lazy quick fox quick stream lazy fox quick over brown over data stream data lazy stream over lazy stream the the data dog fox ju,178.21685547704462,SYNTHETIC_ROBUSTNESS
1776,stream data brown compress compress dog data over quick jumps the quick quick dog quick compress lazy quick lazy brown the dog d,178.33154566633232,SYNTHETIC_ROBUSTNESS
1777,jumps dog stream fox fox compress the dog brown quick fox stream data data data jumps brown brown lazy data dog data the jumps o,178.40324039531552,SYNTHETIC_ROBUSTNESS
1778,stream the quick fox compress the the lazy lazy fox lazy dog the compress brown the stream quick fox over the fox the jumps over,178.44771941244542,SYNTHETIC_ROBUSTNESS
1779,lazy dog lazy over lazy lazy jumps over lazy lazy compress quick dog jumps dog over over quick lazy data data quick fox data bro,178.47621574416272,SYNTHETIC_ROBUSTNESS
1780,dog dog lazy lazy over lazy compress jumps fox stream jumps fox fox quick compress jumps data jumps over data lazy quick fox qui,178.53860666369332,SYNTHETIC_ROBUSTNESS
1781,compress the lazy quick data compress lazy fox jumps the data brown quick fox fox brown over the dog dog quick brown fox stream ,178.5659362877043,SYNTHETIC_ROBUSTNESS
1782,compress dog brown jumps compress dog data compress fox brown quick the stream lazy lazy quick quick lazy over fox dog brown str,178.57458439408163,SYNTHETIC_ROBUSTNESS
1783,stream lazy brown compress stream over brown over brown quick compress stream data brown data fox dog stream over data compress ,178.76174265215607,SYNTHETIC_ROBUSTNESS
1784,the lazy fox jumps over brown compress jumps stream brown fox compress jumps brown compress jumps stream dog brown jumps jumps d,178.85159681593134,SYNTHETIC_ROBUSTNESS
1785,the data dog lazy stream lazy quick lazy the quick brown the compress fox stream stream dog quick jumps lazy brown the dog over ,178.896800560475,SYNTHETIC_ROBUSTNESS
1786,quick fox stream over jumps quick the data fox quick lazy stream brown brown lazy quick compress quick the compress data dog dat,178.95598243527235,SYNTHETIC_ROBUSTNESS
1787,data over stream lazy quick lazy lazy fox data lazy dog fox fox the the compress compress stream stream compress compress over j,179.15610269117357,SYNTHETIC_ROBUSTNESS
1788,fox data fox compress jumps brown dog over brown data brown dog compress brown stream dog stream compress fox the stream data br,179.19464592800637,SYNTHETIC_ROBUSTNESS
1789,the data brown brown brown data jumps quick compress stream quick over fox quick jumps data the compress the lazy brown the data,179.2424774228763,SYNTHETIC_ROBUSTNESS
1790,data the fox brown fox dog the the lazy brown data quick dog stream data fox data over stream the stream lazy the stream compres,179.3877552087263,SYNTHETIC_ROBUSTNESS
1791,over dog lazy brown compress stream compress data lazy over stream data stream data fox the dog dog fox fox jumps dog quick fox ,179.41013491156883,SYNTHETIC_ROBUSTNESS
1792,fox lazy over data compress data fox brown data quick dog fox jumps quick stream the the data jumps brown fox the compress the d,179.51779921621505,SYNTHETIC_ROBUSTNESS
1793,quick the compress lazy brown compress data compress stream fox stream stream data jumps dog dog the compress quick brown quick ,179.5747725621089,SYNTHETIC_ROBUSTNESS
1794,lazy fox compress jumps compress stream jumps the brown over data lazy fox fox the brown the over brown data dog quick quick fox,179.64411899831393,SYNTHETIC_ROBUSTNESS
1795,fox jumps compress stream compress jumps compress stream quick the data lazy the quick jumps data lazy lazy dog data over quick ,179.79870906049723,SYNTHETIC_ROBUSTNESS
1796,quick data data the the brown jumps compress the dog fox stream dog quick compress over quick compress jumps the compress jumps ,180.29680248227157,SYNTHETIC_ROBUSTNESS
1797,dog jumps data stream data stream over compress dog the jumps the lazy brown over dog quick the fox the fox over lazy stream com,180.47489151201037,SYNTHETIC_ROBUSTNESS
1798,jumps brown over data jumps compress stream compress stream quick jumps quick data data dog lazy fox compress dog jumps quick th,180.49239162960214,SYNTHETIC_ROBUSTNESS
1799,stream quick fox brown jumps data fox dog fox stream brown compress jumps brown brown the quick data over quick dog jumps fox qu,180.5178230435679,SYNTHETIC_ROBUSTNESS
1800,compress brown brown fox stream lazy dog jumps brown data compress over brown lazy over over stream lazy fox over quick dog fox ,180.5705745349346,SYNTHETIC_ROBUSTNESS
1801,brown over jumps compress the fox data jumps the fox compress the dog stream dog brown dog lazy brown lazy the lazy stream data ,180.69759524047285,SYNTHETIC_ROBUSTNESS
1802,brown compress over fox jumps data stream over brown stream dog lazy stream fox stream dog dog dog over data lazy quick brown la,180.76880197792968,SYNTHETIC_ROBUSTNESS
1803,stream over over jumps dog lazy the data the the over data quick data brown jumps jumps stream quick dog stream data jumps compr,181.0008775719271,SYNTHETIC_ROBUSTNESS
1804,quick fox the compress stream quick data stream lazy lazy compress fox compress lazy lazy quick brown data lazy lazy lazy lazy q,181.00586757535098,SYNTHETIC_ROBUSTNESS
1805,jumps quick fox compress compress lazy data brown fox dog brown over brown stream the brown the lazy dog stream data jumps over ,181.03577787691032,SYNTHETIC_ROBUSTNESS
1806,brown fox stream jumps data compress the brown data lazy lazy over lazy dog the over jumps dog dog fox dog the compress stream l,181.06053067083158,SYNTHETIC_ROBUSTNESS
1807,fox quick brown over over data jumps data brown quick stream jumps fox jumps data data compress compress dog stream the the quic,181.19685525295804,SYNTHETIC_ROBUSTNESS
1808,compress quick quick quick quick the compress brown lazy over quick data fox stream dog lazy compress lazy over the quick data j,181.25936141400803,SYNTHETIC_ROBUSTNESS
1809,fox fox stream compress fox fox jumps over the jumps fox the jumps fox quick fox jumps fox quick compress fox lazy jumps dog the,181.260874101727,SYNTHETIC_ROBUSTNESS
1810,fox stream data brown data compress jumps fox quick over lazy brown lazy lazy dog fox lazy brown fox the data over jumps compres,181.40934721515842,SYNTHETIC_ROBUSTNESS
1811,compress the quick brown dog compress compress over data fox fox the quick jumps fox dog over dog lazy stream compress fox strea,181.45425806620534,SYNTHETIC_ROBUSTNESS
1812,dog quick the data fox dog over over over the data stream over quick dog jumps stream lazy quick brown compress the compress jum,181.48443080544556,SYNTHETIC_ROBUSTNESS
1813,data quick fox fox lazy lazy fox brown over brown over dog brown the data brown data compress over quick stream the quick lazy d,181.5046078743898,SYNTHETIC_ROBUSTNESS
1814,brown the data the data lazy compress dog compress data dog jumps stream fox brown data compress brown the stream stream fox jum,181.79650756818884,SYNTHETIC_ROBUSTNESS
1815,stream stream data dog fox over brown dog jumps lazy jumps the data jumps lazy over lazy data the dog quick jumps brown quick ov,182.08130438143124,SYNTHETIC_ROBUSTNESS
1816,over lazy jumps fox over lazy quick lazy jumps the over fox dog dog jumps data the jumps dog fox over over fox the quickaaaaaaaa,182.08926855645768,SYNTHETIC_ROBUSTNESS
1817,lazy over lazy data dog fox dog compress jumps dog fox stream brown lazy over the lazy data compress jumps dog brown quick quick,182.11576507761254,SYNTHETIC_ROBUSTNESS
1818,quick stream dog jumps stream stream jumps dog stream fox stream compress jumps over lazy brown data brown compress over stream ,182.21964462668245,SYNTHETIC_ROBUSTNESS
1819,dog the data the fox jumps lazy quick the fox brown quick quick brown lazy stream the over compress lazy quick brown dog brown t,182.3306396563611,SYNTHETIC_ROBUSTNESS
1820,jumps over data brown over stream dog lazy brown fox dog the data dog brown stream jumps jumps jumps lazy jumps fox quick data q,182.38471175398445,SYNTHETIC_ROBUSTNESS
1821,over over lazy compress stream fox dog jumps jumps dog quick quick data brown dog compress stream the data jumps compress over q,182.46876281540153,SYNTHETIC_ROBUSTNESS
1822,dog quick quick fox over fox stream the data jumps over fox dog fox jumps jumps stream jumps over dog over data over over theaaa,182.59004082395305,SYNTHETIC_ROBUSTNESS
1823,compress stream fox dog over jumps fox over lazy lazy data jumps lazy stream the the the the stream quick data lazy stream strea,182.89063768070022,SYNTHETIC_ROBUSTNESS
1824,stream the jumps fox dog jumps lazy compress lazy jumps the jumps data the stream compress lazy compress dog fox lazy lazy strea,183.01977588902585,SYNTHETIC_ROBUSTNESS
1825,dog the quick the brown lazy data over over brown compress lazy fox fox dog brown dog lazy dog dog dog the data stream brownaaaa,183.0314596832482,SYNTHETIC_ROBUSTNESS
1826,the fox brown lazy jumps over lazy brown jumps lazy over data fox data stream compress data compress the quick data dog fox the ,183.15799012670246,SYNTHETIC_ROBUSTNESS
1827,lazy jumps the dog jumps over the compress over jumps lazy stream brown stream compress stream stream dog data compress jumps th,183.1650030135518,SYNTHETIC_ROBUSTNESS
1828,stream quick brown fox compress fox the compress stream dog stream dog the stream over brown the fox dog data dog the brown lazy,183.23482044047566,SYNTHETIC_ROBUSTNESS
1829,lazy stream stream compress over stream stream quick lazy stream stream fox fox the fox fox data dog the quick quick brown compr,183.3096642841805,SYNTHETIC_ROBUSTNESS
1830,lazy over over over the jumps fox brown fox jumps stream data brown brown over jumps fox stream the lazy dog the brown quick ove,183.46029138183968,SYNTHETIC_ROBUSTNESS
1831,lazy the compress brown brown the stream jumps lazy quick compress over compress data jumps compress compress stream quick brown,183.46145397882484,SYNTHETIC_ROBUSTNESS
1832,data compress over jumps over brown lazy lazy fox stream brown stream stream compress quick fox the compress jumps the over comp,183.66919998311963,SYNTHETIC_ROBUSTNESS
1833,fox data compress brown lazy over lazy fox brown fox quick the stream over over over fox compress over fox compress the dog fox ,183.77823009427038,SYNTHETIC_ROBUSTNESS
1834,lazy lazy the stream fox jumps brown stream jumps lazy stream lazy lazy compress jumps brown quick lazy the lazy stream quick co,183.78139885847995,SYNTHETIC_ROBUSTNESS
1835,the stream data brown lazy brown jumps lazy dog the jumps compress the jumps fox compress compress brown stream lazy the the the,183.79883780153827,SYNTHETIC_ROBUSTNESS
1836,brown fox quick the data lazy data over data data quick fox jumps data quick dog lazy dog data lazy brown quick stream data thea,183.80286975632097,SYNTHETIC_ROBUSTNESS
1837,fox lazy quick quick quick quick data jumps dog stream over jumps quick quick brown quick the compress the stream brown data str,183.9480873642412,SYNTHETIC_ROBUSTNESS
1838,quick dog brown quick dog quick compress compress the the jumps dog data quick dog lazy jumps jumps the data fox brown quick dog,183.96682942883828,SYNTHETIC_ROBUSTNESS
1839,compress compress quick dog the stream over quick lazy the compress data jumps jumps the stream data quick jumps dog stream jump,183.97149666794672,SYNTHETIC_ROBUSTNESS
1840,dog quick fox data data quick compress fox jumps jumps data jumps quick lazy fox data brown quick fox the over jumps fox fox com,183.98634524556653,SYNTHETIC_ROBUSTNESS
1841,data dog jumps stream dog over dog the quick brown dog fox compress fox quick fox the the over dog quick quick quick lazy dataaa,184.0683426704957,SYNTHETIC_ROBUSTNESS
1842,data data fox fox quick jumps jumps jumps lazy the dog fox lazy jumps brown jumps brown the compress the jumps stream quick comp,184.13675874354158,SYNTHETIC_ROBUSTNESS
1843,compress brown dog lazy stream the compress compress lazy data jumps over lazy quick brown fox compress over dog brown jumps jum,184.16502917216158,SYNTHETIC_ROBUSTNESS
1844,data lazy quick the the brown data quick lazy the lazy over lazy data the stream lazy lazy brown jumps data quick data brown dat,184.45138609511545,SYNTHETIC_ROBUSTNESS
1845,data the fox data data compress brown jumps lazy compress the over compress compress lazy stream fox data dog stream stream the ,184.6443565188049,SYNTHETIC_ROBUSTNESS
1846,the stream fox over brown jumps fox dog stream data fox lazy the the the fox data dog jumps dog over fox lazy brown theaaaaaaaaa,184.6821114988794,SYNTHETIC_ROBUSTNESS
1847,over the brown stream data dog brown jumps over the brown quick stream over fox data data data dog compress the over quick strea,184.7464656969743,SYNTHETIC_ROBUSTNESS
1848,brown data lazy dog lazy compress fox fox the dog stream fox fox over over fox the compress stream dog lazy compress compress st,184.81920296005146,SYNTHETIC_ROBUSTNESS
1849,over over compress jumps data compress brown compress compress dog fox dog data brown jumps fox dog data over brown over jumps c,184.96033373028018,SYNTHETIC_ROBUSTNESS
1850,data lazy brown fox the stream dog fox stream the jumps fox stream brown quick dog brown over lazy the over data jumps jumps dog,185.0161860159176,SYNTHETIC_ROBUSTNESS
1851,the compress jumps stream lazy over lazy brown the the the dog the compress compress data the dog fox the stream quick quick dog,185.09525557061266,SYNTHETIC_ROBUSTNESS
1852,data brown fox over fox jumps data data lazy brown data quick lazy jumps brown brown quick data lazy quick dog dog quick fox qui,185.14845463440912,SYNTHETIC_ROBUSTNESS
1853,lazy fox over the fox jumps over quick lazy lazy stream the jumps data the quick dog stream quick jumps over jumps dog fox quick,185.29234856968608,SYNTHETIC_ROBUSTNESS
1854,brown stream compress compress quick lazy data lazy stream stream data jumps brown compress the over quick over brown compress d,185.37352677444807,SYNTHETIC_ROBUSTNESS
1855,jumps brown over fox lazy fox brown quick jumps data compress compress data over brown quick data dog quick data quick over comp,185.54942538370173,SYNTHETIC_ROBUSTNESS
1856,fox quick the jumps jumps jumps the fox lazy quick lazy lazy jumps the compress dog jumps data data over over the jumps quick da,185.55494872928452,SYNTHETIC_ROBUSTNESS
1857,fox lazy brown fox compress dog over fox quick data dog quick brown over the brown over lazy quick dog compress lazy dog stream ,185.78960907411786,SYNTHETIC_ROBUSTNESS
1858,jumps lazy compress quick dog the dog brown stream the stream brown the stream fox stream brown over compress jumps compress dat,185.96075084734736,SYNTHETIC_ROBUSTNESS
1859,brown fox lazy compress fox quick quick lazy the lazy quick brown lazy quick the fox fox stream quick brown quick lazy data the ,186.13140339731603,SYNTHETIC_ROBUSTNESS
1860,fox jumps stream the stream brown brown lazy stream stream over jumps fox the dog data fox the compress dog quick data the fox l,186.14652160428867,SYNTHETIC_ROBUSTNESS
1861,compress lazy brown dog stream dog data dog stream quick compress the brown quick stream compress over stream over dog fox brown,186.17710252568378,SYNTHETIC_ROBUSTNESS
1862,jumps over quick dog compress the compress compress over fox quick stream data over the the dog the quick over lazy compress fox,186.56962158600817,SYNTHETIC_ROBUSTNESS
1863,fox stream over brown quick the over quick fox over stream over compress stream lazy compress dog stream lazy brown compress fox,186.86974645155743,SYNTHETIC_ROBUSTNESS
1864,lazy the data over dog over dog over stream the stream stream the jumps jumps the data brown fox fox dog over the data lazyaaaaa,186.89543518808193,SYNTHETIC_ROBUSTNESS
1865,jumps stream quick quick brown compress brown over compress data dog jumps the lazy jumps brown jumps lazy over quick jumps fox ,186.95215762132327,SYNTHETIC_ROBUSTNESS
1866,brown the quick quick brown the compress jumps lazy fox brown quick brown dog stream the over stream fox brown the jumps jumps f,186.96911115917405,SYNTHETIC_ROBUSTNESS
1867,quick dog dog brown the fox stream stream compress stream dog dog over data the brown dog brown stream brown dog stream fox stre,186.99957881517778,SYNTHETIC_ROBUSTNESS
1868,over the jumps over fox quick the quick brown the jumps the lazy data lazy lazy brown brown stream lazy quick stream fox fox dog,187.0200022235875,SYNTHETIC_ROBUSTNESS
1869,over lazy data dog lazy jumps over fox brown jumps dog dog jumps lazy jumps compress dog jumps fox dog lazy the data compress ov,187.02844228763888,SYNTHETIC_ROBUSTNESS
1870,over compress stream lazy dog the quick brown quick fox data jumps quick data the jumps dog brown fox data compress stream over ,187.11506834177632,SYNTHETIC_ROBUSTNESS
1871,brown dog fox data brown lazy stream the brown fox compress lazy data jumps stream data over quick quick brown quick data the ov,187.14261546044568,SYNTHETIC_ROBUSTNESS
1872,jumps stream jumps quick brown fox fox over dog the the over brown jumps dog brown data brown compress over fox data brown quick,187.6284985922853,SYNTHETIC_ROBUSTNESS
1873,jumps dog quick brown stream over data stream data lazy compress the fox over the the fox quick over quick quick quick dog brown,187.70094994251505,SYNTHETIC_ROBUSTNESS
1874,compress compress the compress quick data dog the compress over stream over lazy lazy quick data jumps brown the stream brown ju,187.7454372403809,SYNTHETIC_ROBUSTNESS
1875,fox quick brown lazy brown the lazy quick compress dog compress over fox the fox jumps over dog data compress jumps the brown qu,187.98980853427324,SYNTHETIC_ROBUSTNESS
1876,lazy dog stream jumps stream data stream jumps stream jumps the lazy fox compress the the compress lazy quick compress compress ,188.086763492324,SYNTHETIC_ROBUSTNESS
1877,dog stream data dog quick compress compress lazy lazy dog over brown fox over compress data fox lazy the the brown brown over do,188.10035449358733,SYNTHETIC_ROBUSTNESS
1878,over dog stream jumps data lazy compress quick the over lazy brown data dog stream over lazy quick dog lazy lazy stream fox jump,188.16923425027576,SYNTHETIC_ROBUSTNESS
1879,over quick dog jumps lazy stream brown fox compress compress the lazy over over fox quick compress stream compress compress stre,188.22740899121027,SYNTHETIC_ROBUSTNESS
1880,fox quick compress quick lazy lazy the stream over the fox quick brown fox brown over fox jumps quick compress brown stream dog ,188.37228218281447,SYNTHETIC_ROBUSTNESS
1881,data dog data over the fox fox data compress dog fox the brown quick quick brown over over lazy compress jumps over data lazy ju,188.4906265705929,SYNTHETIC_ROBUSTNESS
1882,jumps jumps fox the jumps jumps jumps compress jumps dog the stream dog compress jumps compress dog jumps quick data stream comp,188.53695580176222,SYNTHETIC_ROBUSTNESS
1883,fox over over brown fox over compress the the compress the brown jumps jumps quick stream dog quick compress lazy quick jumps co,188.60034543590604,SYNTHETIC_ROBUSTNESS
1884,dog brown over stream compress fox stream lazy lazy jumps stream jumps quick lazy lazy stream lazy compress jumps data over over,188.6734901848501,SYNTHETIC_ROBUSTNESS
1885,over compress data lazy jumps compress fox brown stream brown dog compress stream over data compress compress data dog quick qui,188.7283881036025,SYNTHETIC_ROBUSTNESS
1886,stream quick compress quick compress data compress over compress jumps the quick dog fox the fox jumps stream lazy brown dog dog,188.73978578702508,SYNTHETIC_ROBUSTNESS
1887,quick lazy dog the the fox dog dog jumps lazy jumps brown dog quick dog compress fox over the lazy data the fox compress jumpsaa,188.9756440777668,SYNTHETIC_ROBUSTNESS
1888,over dog lazy the over quick data quick fox quick stream jumps over the data dog compress stream stream fox jumps data quick str,189.08728911978793,SYNTHETIC_ROBUSTNESS
1889,stream stream lazy fox stream brown brown stream compress dog quick stream lazy over lazy data brown jumps lazy jumps data fox s,189.15072417769375,SYNTHETIC_ROBUSTNESS
1890,lazy data over dog quick the fox quick quick over jumps over dog fox quick lazy data over fox brown lazy fox dog over quickaaaaa,189.23502517171895,SYNTHETIC_ROBUSTNESS
1891,the brown over brown compress jumps dog the the stream lazy stream stream data compress data jumps stream data compress the lazy,189.2589986669324,SYNTHETIC_ROBUSTNESS
1892,over data jumps over over data jumps lazy quick stream jumps data brown data brown stream brown the stream jumps fox data the qu,189.33461936414756,SYNTHETIC_ROBUSTNESS
1893,over brown lazy data jumps data dog fox brown jumps the compress dog fox the over quick fox data jumps jumps fox brown dog foxaa,189.47167240204305,SYNTHETIC_ROBUSTNESS
1894,compress brown stream lazy data stream fox fox jumps brown data over compress dog brown jumps stream lazy quick the dog fox stre,189.54795951207285,SYNTHETIC_ROBUSTNESS
1895,fox quick stream lazy stream brown quick dog data brown the stream lazy quick the over quick lazy jumps data brown quick lazy la,189.6134801970276,SYNTHETIC_ROBUSTNESS
1896,compress jumps compress fox stream fox stream stream over the quick compress data compress dog fox quick the compress lazy over ,189.67554158058144,SYNTHETIC_ROBUSTNESS
1897,the stream stream fox dog jumps compress data jumps fox dog compress stream stream fox data the quick the dog quick dog stream q,189.81893167633066,SYNTHETIC_ROBUSTNESS
1898,brown jumps dog data stream compress the stream quick jumps jumps over compress quick over lazy brown stream the fox brown fox q,189.95890598326048,SYNTHETIC_ROBUSTNESS
1899,stream over over dog data dog quick the fox the stream brown compress brown data jumps compress quick the over over compress dog,190.09756351449602,SYNTHETIC_ROBUSTNESS
1900,fox fox jumps brown stream fox fox fox over stream fox lazy over the compress lazy stream compress quick the dog lazy brown over,190.12582235427766,SYNTHETIC_ROBUSTNESS
1901,brown brown over the over jumps over over stream over brown data brown fox lazy brown jumps brown the lazy dog compress the fox ,190.22202832977126,SYNTHETIC_ROBUSTNESS
1902,over data compress jumps brown over over stream fox stream quick brown data brown data data jumps stream dog jumps jumps compres,190.3729456564954,SYNTHETIC_ROBUSTNESS
1903,lazy brown jumps brown compress fox dog the quick lazy data fox stream fox stream over dog the lazy the over brown data over ove,190.4554751568544,SYNTHETIC_ROBUSTNESS
1904,fox stream jumps over quick dog compress fox lazy quick quick the lazy the dog dog dog jumps brown the fox brown quick fox compr,190.6064241655491,SYNTHETIC_ROBUSTNESS
1905,quick compress quick jumps dog dog the stream data the data fox data over quick the lazy lazy over fox quick compress quick comp,190.79911571390826,SYNTHETIC_ROBUSTNESS
1906,fox quick brown dog compress quick the brown the over stream brown brown lazy compress over jumps quick dog dog lazy lazy the qu,190.81821845535953,SYNTHETIC_ROBUSTNESS
1907,the fox brown quick brown data fox the over the over jumps dog lazy jumps compress brown stream lazy compress compress fox brown,190.85479590958033,SYNTHETIC_ROBUSTNESS
1908,compress data stream data brown data dog jumps fox data the compress lazy data stream the dog lazy stream jumps the dog the dog ,190.94675293091896,SYNTHETIC_ROBUSTNESS
1909,brown compress dog fox brown stream stream brown dog the compress jumps jumps the stream fox data compress lazy fox over stream ,190.9809566743723,SYNTHETIC_ROBUSTNESS
1910,fox brown compress fox dog over dog dog brown lazy dog compress compress compress the over data quick lazy brown over over quick,191.2646337831154,SYNTHETIC_ROBUSTNESS
1911,the fox compress quick data dog the dog the lazy quick stream over lazy fox brown over dog data fox lazy quick the over compress,191.28621759322849,SYNTHETIC_ROBUSTNESS
1912,stream brown compress data over brown the jumps quick lazy fox over dog compress data dog the the jumps fox compress lazy fox ov,191.33037055849985,SYNTHETIC_ROBUSTNESS
1913,lazy over the stream quick the the brown data lazy quick brown quick lazy data jumps brown jumps dog the jumps compress dog data,191.84721010146055,SYNTHETIC_ROBUSTNESS
1914,compress stream brown data compress over the stream fox data the data brown dog the the lazy over brown data over quick dog dog ,191.86818123657864,SYNTHETIC_ROBUSTNESS
1915,fox fox dog stream dog jumps dog fox jumps dog quick the compress lazy stream data dog brown brown compress dog dog compress ove,191.92775020519596,SYNTHETIC_ROBUSTNESS
1916,jumps fox stream data data dog over over brown lazy dog lazy compress dog fox the jumps lazy stream fox compress fox compress co,191.965406240479,SYNTHETIC_ROBUSTNESS
1917,stream brown data quick over quick lazy jumps stream dog brown lazy over dog compress jumps quick compress stream jumps quick da,192.13137372778826,SYNTHETIC_ROBUSTNESS
1918,fox the jumps quick the quick brown brown the compress brown data compress lazy dog the fox data lazy brown lazy stream brown la,192.1676354469983,SYNTHETIC_ROBUSTNESS
1919,brown stream jumps jumps dog data stream stream compress compress compress over compress dog lazy jumps brown stream data brown ,192.18524104420626,SYNTHETIC_ROBUSTNESS
1920,quick stream over stream compress data quick compress jumps over stream fox jumps data jumps lazy fox data jumps lazy stream ove,192.455749200937,SYNTHETIC_ROBUSTNESS
1921,compress compress jumps jumps quick lazy quick dog fox over data compress compress jumps quick jumps dog stream brown stream fox,192.49393417329603,SYNTHETIC_ROBUSTNESS
1922,the fox the over quick brown data jumps dog lazy jumps dog compress lazy quick dog the data lazy dog brown compress the over laz,192.62931593418028,SYNTHETIC_ROBUSTNESS
1923,over jumps fox fox dog dog stream over fox jumps dog dog over lazy brown over lazy compress brown the brown quick compress strea,192.66364495836393,SYNTHETIC_ROBUSTNESS
1924,jumps dog fox quick lazy lazy lazy lazy over over the over the compress brown dog dog brown brown jumps the stream data dog thea,192.68331722988964,SYNTHETIC_ROBUSTNESS
1925,the the stream fox compress brown dog compress fox compress data compress quick data quick stream stream over over jumps the dat,192.84547444471247,SYNTHETIC_ROBUSTNESS
1926,the the fox the the quick dog the compress fox data dog over compress fox the the quick fox brown over dog compress jumps theaaa,192.85119308479125,SYNTHETIC_ROBUSTNESS
1927,jumps stream the over fox dog fox jumps brown compress dog quick data lazy dog jumps over stream quick dog fox compress stream c,192.89153573210032,SYNTHETIC_ROBUSTNESS
1928,stream brown lazy brown quick dog fox fox compress dog data compress data compress stream dog stream lazy the stream over quick ,193.04298563388315,SYNTHETIC_ROBUSTNESS
1929,brown lazy fox fox brown lazy fox fox brown data lazy quick jumps brown lazy brown over quick the the the jumps quick compress c,193.11475780582197,SYNTHETIC_ROBUSTNESS
1930,the over jumps lazy brown the brown the fox compress dog brown stream data dog stream over stream jumps compress the lazy data s,193.2317387201757,SYNTHETIC_ROBUSTNESS
1931,quick over quick brown compress stream compress brown brown quick stream data lazy jumps compress over lazy stream brown quick d,193.23865410582252,SYNTHETIC_ROBUSTNESS
1932,fox data compress data dog over brown stream dog dog jumps lazy the stream jumps lazy quick the fox over stream compress jumps d,193.3772075671889,SYNTHETIC_ROBUSTNESS
1933,quick data the jumps stream quick quick jumps brown over data data fox over stream fox brown the jumps dog compress quick over o,193.39607458251618,SYNTHETIC_ROBUSTNESS
1934,fox stream jumps over over jumps dog over quick dog jumps stream compress compress over brown quick dog lazy brown brown compres,193.56146793264455,SYNTHETIC_ROBUSTNESS
1935,the compress quick stream fox brown over quick fox lazy jumps over fox lazy compress jumps brown jumps stream data the over lazy,193.64451931767937,SYNTHETIC_ROBUSTNESS
1936,the fox dog quick fox over jumps the data lazy jumps fox quick jumps over brown brown lazy dog lazy brown jumps data over compre,193.77890482332307,SYNTHETIC_ROBUSTNESS
1937,lazy jumps jumps lazy dog data over brown data jumps over brown over stream lazy compress brown data data lazy fox the lazy lazy,193.8028362696193,SYNTHETIC_ROBUSTNESS
1938,data quick over brown over quick quick data compress brown stream the dog brown brown lazy fox jumps lazy jumps stream jumps com,193.8531593081015,SYNTHETIC_ROBUSTNESS
1939,compress data jumps data data data the the dog over compress over jumps stream fox quick lazy stream compress data dog the compr,194.0151431554539,SYNTHETIC_ROBUSTNESS
1940,over stream the stream brown dog over stream brown dog quick over the brown fox stream jumps data lazy dog stream fox fox quick ,194.25683561797788,SYNTHETIC_ROBUSTNESS
1941,jumps brown compress the data dog over lazy quick dog the jumps fox compress data over lazy dog compress fox quick stream over l,194.2825279128976,SYNTHETIC_ROBUSTNESS
1942,brown brown jumps over over fox data fox the brown data brown compress brown fox brown data the fox dog jumps lazy lazy data str,194.44022191642787,SYNTHETIC_ROBUSTNESS
1943,fox compress stream compress data jumps lazy lazy the fox quick lazy the compress compress compress quick dog the fox data data ,194.4517130901719,SYNTHETIC_ROBUSTNESS
1944,lazy jumps compress data stream fox jumps the lazy stream quick data data quick jumps lazy over fox compress the jumps quick str,194.5071819008305,SYNTHETIC_ROBUSTNESS
1945,stream brown the jumps quick fox data quick fox lazy over fox brown fox the stream data lazy compress stream lazy quick data dog,194.78641153198558,SYNTHETIC_ROBUSTNESS
1946,jumps data dog stream dog over data data fox compress data stream fox the the stream over lazy lazy over brown over compress str,195.07670220557284,SYNTHETIC_ROBUSTNESS
1947,stream over data the jumps data stream over jumps fox brown stream quick jumps the jumps dog compress stream the lazy over over ,195.11189684853602,SYNTHETIC_ROBUSTNESS
1948,brown quick over dog quick data the the lazy fox the fox quick compress fox jumps fox the jumps data quick data lazy data lazyaa,195.13332927989563,SYNTHETIC_ROBUSTNESS
1949,over dog brown over dog fox compress lazy compress lazy jumps data over stream compress quick quick stream lazy data dog over fo,195.14952076409088,SYNTHETIC_ROBUSTNESS
1950,the lazy compress data dog compress compress jumps stream quick jumps compress data quick fox data fox stream quick data compres,195.21508187063986,SYNTHETIC_ROBUSTNESS
1951,quick over data data stream over quick data jumps compress jumps data compress quick brown the dog compress dog quick the compre,195.22474142207292,SYNTHETIC_ROBUSTNESS
1952,data over over fox fox jumps compress data stream data jumps lazy stream dog over fox quick data data dog lazy jumps fox quick c,195.26887962672993,SYNTHETIC_ROBUSTNESS
1953,compress fox compress brown dog fox dog jumps the lazy quick the the brown over lazy the the brown over brown data data dog foxa,195.27059537350436,SYNTHETIC_ROBUSTNESS
1954,lazy fox over data dog fox over data brown fox brown compress compress fox stream over fox compress jumps fox data brown data la,195.30062457948935,SYNTHETIC_ROBUSTNESS
1955,dog the lazy dog brown compress the data the quick data stream stream data the the over quick fox dog stream over data stream do,195.53116037476698,SYNTHETIC_ROBUSTNESS
1956,stream fox over the data fox over brown data fox stream brown lazy stream fox fox data quick fox stream dog lazy fox quick dataa,195.59039619541622,SYNTHETIC_ROBUSTNESS
1957,over fox quick compress fox jumps jumps stream compress fox data lazy stream brown jumps data fox over brown the dog dog over da,195.59805681396585,SYNTHETIC_ROBUSTNESS
1958,quick data fox the stream jumps over quick compress fox dog fox fox compress brown stream stream brown stream fox quick compress,195.7021393111227,SYNTHETIC_ROBUSTNESS
1959,the brown the brown dog fox stream data jumps dog data stream brown compress jumps quick brown fox jumps quick quick compress la,196.01366650780085,SYNTHETIC_ROBUSTNESS
1960,the the brown lazy dog dog lazy compress over the jumps dog brown jumps lazy fox fox over over fox data data lazy compress overa,196.07591816285776,SYNTHETIC_ROBUSTNESS
1961,stream over compress jumps compress over quick over over data dog dog over quick data dog dog stream dog dog over dog dog brown ,196.17381136438374,SYNTHETIC_ROBUSTNESS
1962,compress the data the brown lazy data compress lazy lazy jumps quick jumps stream lazy compress dog data quick quick stream lazy,196.4256593708038,SYNTHETIC_ROBUSTNESS
1963,over compress brown brown data brown stream fox stream brown quick lazy data lazy compress brown stream over over jumps jumps ov,196.47997693702783,SYNTHETIC_ROBUSTNESS
1964,quick over fox data fox over jumps compress dog fox compress quick brown over fox fox over brown quick quick data jumps fox comp,196.58921614618788,SYNTHETIC_ROBUSTNESS
1965,fox data compress over fox data quick dog compress data lazy compress quick dog stream over compress quick over stream the fox b,196.6473238381255,SYNTHETIC_ROBUSTNESS
1966,compress the lazy data compress the jumps lazy data over fox over brown quick the dog the the jumps the fox brown compress jumps,196.97468602049165,SYNTHETIC_ROBUSTNESS
1967,over over compress compress the jumps over compress brown fox data quick lazy brown quick dog lazy lazy compress quick lazy quic,197.04476395826825,SYNTHETIC_ROBUSTNESS
1968,brown compress the lazy over compress data the the brown dog stream over stream brown quick brown over brown jumps dog the dog q,197.26161562564215,SYNTHETIC_ROBUSTNESS
1969,over data quick stream jumps data over compress dog data lazy compress compress data stream brown quick stream lazy over quick t,197.33238050762023,SYNTHETIC_ROBUSTNESS
1970,compress data compress quick quick jumps compress brown fox compress quick over data fox lazy fox the over fox data compress bro,197.44275889629455,SYNTHETIC_ROBUSTNESS
1971,quick fox compress the lazy the quick fox jumps compress brown over over the compress dog quick lazy compress over quick brown j,197.49155797755,SYNTHETIC_ROBUSTNESS
1972,jumps brown the lazy over stream dog quick stream lazy quick fox over data data brown brown over over jumps brown compress over ,197.7411204459472,SYNTHETIC_ROBUSTNESS
1973,compress data dog the compress the lazy stream over dog stream the quick jumps stream brown compress over jumps the the dog over,197.8452327805398,SYNTHETIC_ROBUSTNESS
1974,data over fox quick compress data quick fox compress data quick the jumps quick data the fox over quick compress data jumps over,197.84724410574142,SYNTHETIC_ROBUSTNESS
1975,brown brown quick brown stream over dog quick fox data quick compress dog dog compress fox over jumps over lazy fox stream fox j,197.84882058447562,SYNTHETIC_ROBUSTNESS
1976,lazy data quick stream lazy fox brown jumps compress dog the compress fox data compress jumps over jumps compress data compress ,197.9615765654373,SYNTHETIC_ROBUSTNESS
1977,lazy lazy dog over fox jumps jumps quick the lazy fox the over dog compress over dog dog quick stream quick stream fox stream do,197.97371074850864,SYNTHETIC_ROBUSTNESS
1978,brown lazy over the data lazy quick compress over the the the quick data lazy stream lazy over the jumps brown the data lazy com,198.09964676115024,SYNTHETIC_ROBUSTNESS
1979,over compress over the quick lazy over jumps fox brown over jumps data the lazy lazy compress brown the quick compress stream ov,198.13851003517948,SYNTHETIC_ROBUSTNESS
1980,over lazy compress brown brown fox jumps quick brown the jumps stream compress the dog data quick data lazy the stream over over,198.21592833688825,SYNTHETIC_ROBUSTNESS
1981,the stream stream quick over data jumps fox lazy the dog compress stream dog stream fox over lazy fox stream stream brown data l,198.23509277535416,SYNTHETIC_ROBUSTNESS
1982,jumps data data over stream data fox dog stream the quick fox data stream quick compress quick the fox brown quick stream jumps ,198.26335848701305,SYNTHETIC_ROBUSTNESS
1983,over jumps lazy dog dog data brown stream lazy data the brown quick data compress quick brown jumps brown data brown lazy data f,198.3207914441669,SYNTHETIC_ROBUSTNESS
1984,data stream the fox compress quick the stream fox over quick the brown over stream over data over dog data jumps the quick fox d,198.43029658096137,SYNTHETIC_ROBUSTNESS
1985,quick over the the jumps jumps jumps compress the the brown dog jumps jumps the dog data compress stream fox quick the quick str,198.4472250678471,SYNTHETIC_ROBUSTNESS
1986,stream stream lazy fox the stream lazy data quick jumps jumps stream dog the data lazy quick lazy jumps stream over lazy stream ,198.48025384683686,SYNTHETIC_ROBUSTNESS
1987,lazy compress data compress brown data dog stream brown jumps data jumps fox jumps data over data jumps stream over the the brow,198.5034423114344,SYNTHETIC_ROBUSTNESS
1988,fox fox data lazy over brown lazy dog lazy over jumps compress the jumps dog lazy jumps the fox data compress data jumps fox ove,198.70198229806527,SYNTHETIC_ROBUSTNESS
1989,brown the jumps data jumps stream fox over over compress dog compress stream over data data jumps stream brown over brown compre,198.80639655315434,SYNTHETIC_ROBUSTNESS
1990,the over data the jumps brown over compress compress quick dog data quick quick the brown quick data lazy jumps stream fox compr,198.86960095918124,SYNTHETIC_ROBUSTNESS
1991,compress data stream quick dog the quick fox stream quick lazy compress fox data over brown over fox dog lazy dog stream stream ,199.16323990853,SYNTHETIC_ROBUSTNESS
1992,jumps quick brown stream lazy dog stream lazy compress quick dog jumps brown dog stream data the jumps dog fox the stream brown ,199.29635475055085,SYNTHETIC_ROBUSTNESS
1993,dog fox data compress compress jumps data dog dog over the quick over data brown lazy lazy dog over dog the fox data quick dataa,199.56551258212576,SYNTHETIC_ROBUSTNESS
1994,dog data data stream lazy compress stream quick jumps data the the lazy quick data dog compress over jumps the the quick compres,199.65654169871385,SYNTHETIC_ROBUSTNESS
1995,over over dog the lazy stream quick the jumps the brown lazy over the lazy data dog brown lazy data data jumps compress data fox,199.67139830200162,SYNTHETIC_ROBUSTNESS
1996,brown compress dog lazy lazy quick the the fox jumps dog compress the over over quick jumps dog data data over data fox compress,199.78392281546297,SYNTHETIC_ROBUSTNESS
1997,lazy fox over dog the compress jumps fox over fox dog the over quick over data data brown jumps data lazy fox jumps compress qui,199.8064237396083,SYNTHETIC_ROBUSTNESS
1998,compress stream brown quick compress brown stream stream quick data fox brown dog quick data quick dog jumps the compress the co,199.84888372997884,SYNTHETIC_ROBUSTNESS
1999,brown data dog dog over data quick compress fox over fox lazy the dog lazy data stream over quick compress the brown jumps quick,199.92014077645825,SYNTHETIC_ROBUSTNESS
