msg_id,text,timestamp,source_type
0,quick fox dog fox the quickaaaaa,0.13530731595512344,SYNTHETIC_ROBUSTNESS
1,brown the over stream data brown,0.3482561405325303,SYNTHETIC_ROBUSTNESS
2,stream jumps over dog stream fox,0.41046536093731933,SYNTHETIC_ROBUSTNESS
3,stream quick compress dog the ju,0.44459878708474754,SYNTHETIC_ROBUSTNESS
4,fox quick compress fox the compr,0.48299555744229095,SYNTHETIC_ROBUSTNESS
5,jumps over compress jumps brown ,0.6023807298000323,SYNTHETIC_ROBUSTNESS
6,the fox lazy brown dog dataaaaaa,0.686211444225312,SYNTHETIC_ROBUSTNESS
7,data stream compress quick data ,0.7528608262481633,SYNTHETIC_ROBUSTNESS
8,jumps quick dog the data brownaa,0.7755225438320293,SYNTHETIC_ROBUSTNESS
9,data dog the jumps fox lazyaaaaa,0.9838319141019897,SYNTHETIC_ROBUSTNESS
10,stream brown quick jumps compres,1.1357096062158285,SYNTHETIC_ROBUSTNESS
11,the stream brown fox lazy compre,1.1508661787889118,SYNTHETIC_ROBUSTNESS
12,fox jumps quick brown lazy dataa,1.1966560505458277,SYNTHETIC_ROBUSTNESS
13,dog the dog stream quick dataaaa,1.2747735055984277,SYNTHETIC_ROBUSTNESS
14,over dog quick stream compress s,1.3353491739844028,SYNTHETIC_ROBUSTNESS
15,quick stream fox fox brown theaa,1.3860650492702338,SYNTHETIC_ROBUSTNESS
16,the compress compress stream dog,1.5129453051896598,SYNTHETIC_ROBUSTNESS
17,compress brown data quick compre,1.5185498149014311,SYNTHETIC_ROBUSTNESS
18,the the brown jumps the dataaaaa,1.582304098546882,SYNTHETIC_ROBUSTNESS
19,quick stream quick stream over t,1.612709866310078,SYNTHETIC_ROBUSTNESS
20,lazy lazy stream data over theaa,1.6215512898437758,SYNTHETIC_ROBUSTNESS
21,stream over the compress brown d,1.684079053314368,SYNTHETIC_ROBUSTNESS
22,quick dog over fox fox jumpsaaaa,1.7028770497860337,SYNTHETIC_ROBUSTNESS
23,data over over jumps fox foxaaaa,1.7327478846065274,SYNTHETIC_ROBUSTNESS
24,the the fox fox over compressaaa,1.803474265807848,SYNTHETIC_ROBUSTNESS
25,fox the over quick the theaaaaaa,2.16732704984942,SYNTHETIC_ROBUSTNESS
26,the jumps jumps the dog brownaaa,2.282609087323149,SYNTHETIC_ROBUSTNESS
27,data brown dog brown fox overaaa,2.3154069797777206,SYNTHETIC_ROBUSTNESS
28,stream stream brown fox data ove,2.363599387825123,SYNTHETIC_ROBUSTNESS
29,lazy compress brown over data la,2.415709402515534,SYNTHETIC_ROBUSTNESS
30,jumps stream jumps jumps the laz,2.4323901695042656,SYNTHETIC_ROBUSTNESS
31,over data brown fox fox streamaa,2.4499034181868313,SYNTHETIC_ROBUSTNESS
32,quick quick lazy quick fox jumps,2.4659666331851455,SYNTHETIC_ROBUSTNESS
33,compress data data jumps lazy la,2.539710848436081,SYNTHETIC_ROBUSTNESS
34,the fox stream dog dog foxaaaaaa,2.6518537363174945,SYNTHETIC_ROBUSTNESS
35,lazy stream the fox quick jumpsa,2.7411894796487966,SYNTHETIC_ROBUSTNESS
36,over lazy over over jumps jumpsa,3.1218080745222685,SYNTHETIC_ROBUSTNESS
37,lazy dog quick quick over compre,3.1352612148843173,SYNTHETIC_ROBUSTNESS
38,jumps fox fox lazy over dogaaaaa,3.5655783707771906,SYNTHETIC_ROBUSTNESS
39,stream compress compress lazy br,3.6284405993326914,SYNTHETIC_ROBUSTNESS
40,quick brown over lazy compress c,3.65311160508668,SYNTHETIC_ROBUSTNESS
41,jumps jumps fox stream data thea,3.940075901059706,SYNTHETIC_ROBUSTNESS
42,the data stream compress data da,4.003302430388481,SYNTHETIC_ROBUSTNESS
43,the brown quick lazy fox jumpsaa,4.045973391977148,SYNTHETIC_ROBUSTNESS
44,brown dog over over compress laz,4.070029083730857,SYNTHETIC_ROBUSTNESS
45,quick stream over data compress ,4.101209546805414,SYNTHETIC_ROBUSTNESS
46,compress quick fox compress fox ,4.488583619221173,SYNTHETIC_ROBUSTNESS
47,data brown over jumps fox theaaa,4.52482036505312,SYNTHETIC_ROBUSTNESS
48,fox fox the the dog streamaaaaaa,4.905613351226042,SYNTHETIC_ROBUSTNESS
49,quick jumps the stream compress ,4.945693200588955,SYNTHETIC_ROBUSTNESS
50,stream lazy data dog lazy overaa,4.972014063199515,SYNTHETIC_ROBUSTNESS
51,the lazy over the the dogaaaaaaa,4.992270267180197,SYNTHETIC_ROBUSTNESS
52,the quick data fox stream compre,5.04534835934835,SYNTHETIC_ROBUSTNESS
53,compress stream dog over data br,5.07237272017056,SYNTHETIC_ROBUSTNESS
54,stream lazy quick fox over dogaa,5.1917544956290005,SYNTHETIC_ROBUSTNESS
55,jumps brown jumps data quick fox,5.219168149888197,SYNTHETIC_ROBUSTNESS
56,lazy compress stream jumps lazy ,5.399589932211266,SYNTHETIC_ROBUSTNESS
57,stream lazy lazy over jumps data,5.579173463725616,SYNTHETIC_ROBUSTNESS
58,quick compress dog compress quic,5.612794383214318,SYNTHETIC_ROBUSTNESS
59,dog the data compress over overa,5.752849993205973,SYNTHETIC_ROBUSTNESS
60,quick jumps lazy dog stream stre,5.947723519986383,SYNTHETIC_ROBUSTNESS
61,jumps brown jumps lazy over doga,6.036915738125286,SYNTHETIC_ROBUSTNESS
62,lazy fox over lazy lazy brownaaa,6.082538815065149,SYNTHETIC_ROBUSTNESS
63,stream jumps compress over data ,6.140693525822399,SYNTHETIC_ROBUSTNESS
64,quick the brown fox quick jumpsa,6.2949784557247,SYNTHETIC_ROBUSTNESS
65,brown dog jumps quick brown over,6.3296958300875055,SYNTHETIC_ROBUSTNESS
66,brown data the data the brownaaa,6.37041183461423,SYNTHETIC_ROBUSTNESS
67,data fox compress the compress c,6.387940590312819,SYNTHETIC_ROBUSTNESS
68,data jumps data compress compres,6.438865344440993,SYNTHETIC_ROBUSTNESS
69,over compress data over fox stre,6.447914191284474,SYNTHETIC_ROBUSTNESS
70,fox compress over quick lazy the,6.486632678866084,SYNTHETIC_ROBUSTNESS
71,fox quick data data data lazyaaa,6.533390038235259,SYNTHETIC_ROBUSTNESS
72,the dog quick data lazy foxaaaaa,6.562891478062312,SYNTHETIC_ROBUSTNESS
73,brown jumps the lazy fox streama,6.573578545726135,SYNTHETIC_ROBUSTNESS
74,the over jumps the data jumpsaaa,6.647323410068004,SYNTHETIC_ROBUSTNESS
75,stream compress quick fox quick ,6.847631603949942,SYNTHETIC_ROBUSTNESS
76,fox compress over data fox theaa,6.88852542906932,SYNTHETIC_ROBUSTNESS
77,fox brown brown compress jumps q,6.915549150853203,SYNTHETIC_ROBUSTNESS
78,fox lazy data stream over compre,6.949101769756412,SYNTHETIC_ROBUSTNESS
79,fox the quick lazy the brownaaaa,7.147070209860116,SYNTHETIC_ROBUSTNESS
80,lazy stream fox lazy data theaaa,7.222107082592806,SYNTHETIC_ROBUSTNESS
81,quick the fox the fox brownaaaaa,7.236124175588863,SYNTHETIC_ROBUSTNESS
82,quick jumps brown compress quick,7.3596435738528285,SYNTHETIC_ROBUSTNESS
83,fox stream dog the stream theaaa,7.376410784431215,SYNTHETIC_ROBUSTNESS
84,quick brown the data compress la,7.3826243284966955,SYNTHETIC_ROBUSTNESS
85,quick brown the data data overaa,7.41215340656951,SYNTHETIC_ROBUSTNESS
86,lazy jumps stream over stream do,7.430556529857278,SYNTHETIC_ROBUSTNESS
87,fox stream fox data brown dataaa,7.523442841868606,SYNTHETIC_ROBUSTNESS
88,fox over jumps brown the foxaaaa,7.589717522373155,SYNTHETIC_ROBUSTNESS
89,dog dog dog quick stream compres,7.718476354294775,SYNTHETIC_ROBUSTNESS
90,lazy over fox quick quick quicka,7.790132480679858,SYNTHETIC_ROBUSTNESS
91,stream stream lazy brown quick l,7.844433954448768,SYNTHETIC_ROBUSTNESS
92,the dog stream fox dog theaaaaaa,7.919134898047118,SYNTHETIC_ROBUSTNESS
93,the the brown brown the theaaaaa,7.97613694073247,SYNTHETIC_ROBUSTNESS
94,the stream fox fox the brownaaaa,7.979916151109709,SYNTHETIC_ROBUSTNESS
95,stream jumps lazy fox data dataa,8.09407829123988,SYNTHETIC_ROBUSTNESS
96,stream compress fox compress laz,8.421438756356443,SYNTHETIC_ROBUSTNESS
97,compress jumps dog over compress,8.476262703271535,SYNTHETIC_ROBUSTNESS
98,stream data compress lazy the la,8.531381118856977,SYNTHETIC_ROBUSTNESS
99,jumps dog compress fox data quic,8.536066055986579,SYNTHETIC_ROBUSTNESS
100,data stream jumps over jumps qui,8.757138764939024,SYNTHETIC_ROBUSTNESS
101,jumps over dog the brown dataaaa,9.021817419708274,SYNTHETIC_ROBUSTNESS
102,lazy quick quick compress the br,9.189556508267557,SYNTHETIC_ROBUSTNESS
103,data over quick stream lazy thea,9.200800109466087,SYNTHETIC_ROBUSTNESS
104,brown the quick lazy stream doga,9.4312825504594,SYNTHETIC_ROBUSTNESS
105,dog lazy data jumps over dogaaaa,9.433707277134546,SYNTHETIC_ROBUSTNESS
106,jumps dog compress fox jumps str,9.492509324540418,SYNTHETIC_ROBUSTNESS
107,dog jumps data data brown compre,9.561948851270325,SYNTHETIC_ROBUSTNESS
108,jumps fox dog over quick foxaaaa,9.741526866019411,SYNTHETIC_ROBUSTNESS
109,lazy brown fox the over quickaaa,9.880500579467894,SYNTHETIC_ROBUSTNESS
110,data fox the fox jumps jumpsaaaa,10.040003253123356,SYNTHETIC_ROBUSTNESS
111,over jumps fox dog over streamaa,10.242423578688413,SYNTHETIC_ROBUSTNESS
112,the brown the quick dog foxaaaaa,10.307063473515688,SYNTHETIC_ROBUSTNESS
113,brown data stream jumps compress,10.458591018760684,SYNTHETIC_ROBUSTNESS
114,data dog over the lazy quickaaaa,10.465636816155255,SYNTHETIC_ROBUSTNESS
115,quick fox the jumps brown jumpsa,10.524433840425502,SYNTHETIC_ROBUSTNESS
116,compress the compress stream dog,10.527493439931085,SYNTHETIC_ROBUSTNESS
117,compress compress quick jumps th,10.774375195926265,SYNTHETIC_ROBUSTNESS
118,lazy fox data quick the dogaaaaa,11.092373842281374,SYNTHETIC_ROBUSTNESS
119,compress jumps data stream compr,11.101141081126494,SYNTHETIC_ROBUSTNESS
120,lazy the lazy fox compress theaa,11.17720376753465,SYNTHETIC_ROBUSTNESS
121,the fox fox stream brown dogaaaa,11.216528710904996,SYNTHETIC_ROBUSTNESS
122,over lazy compress lazy the jump,11.258464976931368,SYNTHETIC_ROBUSTNESS
123,data jumps data quick stream fox,11.318376041968124,SYNTHETIC_ROBUSTNESS
124,lazy data dog the dog overaaaaaa,11.331736720400999,SYNTHETIC_ROBUSTNESS
125,fox lazy jumps compress data qui,11.351675785093095,SYNTHETIC_ROBUSTNESS
126,jumps jumps quick over fox compr,11.437801286782143,SYNTHETIC_ROBUSTNESS
127,over stream quick lazy fox lazya,11.439694690008176,SYNTHETIC_ROBUSTNESS
128,data the stream compress brown j,11.531274031067614,SYNTHETIC_ROBUSTNESS
129,brown stream dog fox stream lazy,11.569681168706442,SYNTHETIC_ROBUSTNESS
130,lazy stream over over lazy dataa,11.74818324016119,SYNTHETIC_ROBUSTNESS
131,jumps lazy quick fox fox lazyaaa,11.839813940294011,SYNTHETIC_ROBUSTNESS
132,jumps brown lazy data over theaa,11.962945325964558,SYNTHETIC_ROBUSTNESS
133,compress over dog compress strea,11.97509715917364,SYNTHETIC_ROBUSTNESS
134,the lazy compress compress quick,12.006003034562493,SYNTHETIC_ROBUSTNESS
135,stream compress brown data quick,12.576469590169376,SYNTHETIC_ROBUSTNESS
136,data compress stream jumps quick,12.633324288638802,SYNTHETIC_ROBUSTNESS
137,stream compress jumps jumps quic,12.677775844245117,SYNTHETIC_ROBUSTNESS
138,data jumps compress lazy over ov,12.884808452824164,SYNTHETIC_ROBUSTNESS
139,data lazy dog over over dogaaaaa,12.888171846972446,SYNTHETIC_ROBUSTNESS
140,jumps the data over quick quicka,12.964694906761233,SYNTHETIC_ROBUSTNESS
141,fox lazy dog over brown dataaaaa,12.988299704121916,SYNTHETIC_ROBUSTNESS
142,over lazy jumps data quick brown,13.034210471391214,SYNTHETIC_ROBUSTNESS
143,the lazy stream data the theaaaa,13.056496964388279,SYNTHETIC_ROBUSTNESS
144,jumps stream compress data over ,13.060352624753627,SYNTHETIC_ROBUSTNESS
145,lazy compress lazy stream compre,13.114225787015549,SYNTHETIC_ROBUSTNESS
146,data fox over stream dog lazyaaa,13.269911766461814,SYNTHETIC_ROBUSTNESS
147,over dog brown quick quick compr,13.57347230627388,SYNTHETIC_ROBUSTNESS
148,data data fox fox over foxaaaaaa,13.671249824978801,SYNTHETIC_ROBUSTNESS
149,lazy data dog stream compress fo,13.720488998050929,SYNTHETIC_ROBUSTNESS
150,over fox dog dog over theaaaaaaa,13.867393690301363,SYNTHETIC_ROBUSTNESS
151,dog over quick fox over jumpsaaa,13.937758701360858,SYNTHETIC_ROBUSTNESS
152,brown the data compress quick br,13.98358522559079,SYNTHETIC_ROBUSTNESS
153,data brown dog the lazy lazyaaaa,14.003319367933857,SYNTHETIC_ROBUSTNESS
154,brown over quick data dog compre,14.162346634568358,SYNTHETIC_ROBUSTNESS
155,jumps quick lazy quick quick qui,14.231746547007868,SYNTHETIC_ROBUSTNESS
156,the data dog compress stream laz,14.563626498670452,SYNTHETIC_ROBUSTNESS
157,dog compress over compress strea,14.725529677529035,SYNTHETIC_ROBUSTNESS
158,stream over over stream data bro,14.780005174274283,SYNTHETIC_ROBUSTNESS
159,quick compress lazy the quick ju,14.915040013478734,SYNTHETIC_ROBUSTNESS
160,brown quick data lazy over brown,14.975442257664264,SYNTHETIC_ROBUSTNESS
161,fox dog jumps jumps dog brownaaa,14.983765824885518,SYNTHETIC_ROBUSTNESS
162,fox jumps the lazy quick dogaaaa,15.056473674337829,SYNTHETIC_ROBUSTNESS
163,dog fox over lazy dog dogaaaaaaa,15.257262904306069,SYNTHETIC_ROBUSTNESS
164,jumps data jumps jumps compress ,15.450669879669846,SYNTHETIC_ROBUSTNESS
165,lazy stream the lazy brown theaa,15.536228705952746,SYNTHETIC_ROBUSTNESS
166,the lazy brown data lazy dogaaaa,15.584036082315047,SYNTHETIC_ROBUSTNESS
167,quick data data jumps data theaa,15.58505127826628,SYNTHETIC_ROBUSTNESS
168,dog brown stream stream the foxa,15.622362171203147,SYNTHETIC_ROBUSTNESS
169,lazy lazy lazy dog dog brownaaaa,16.08098305370116,SYNTHETIC_ROBUSTNESS
170,jumps over jumps compress dog co,16.210625140963437,SYNTHETIC_ROBUSTNESS
171,data compress quick the quick fo,16.33706416874472,SYNTHETIC_ROBUSTNESS
172,stream compress quick the data c,16.480228238890433,SYNTHETIC_ROBUSTNESS
173,over brown compress compress str,16.577016483690503,SYNTHETIC_ROBUSTNESS
174,fox over compress brown the comp,16.66517127925384,SYNTHETIC_ROBUSTNESS
175,stream fox data jumps over brown,16.725615200429928,SYNTHETIC_ROBUSTNESS
176,dog dog over jumps fox streamaaa,16.784302027965566,SYNTHETIC_ROBUSTNESS
177,compress data jumps compress str,16.988978907971877,SYNTHETIC_ROBUSTNESS
178,brown quick over brown fox brown,17.038976751700076,SYNTHETIC_ROBUSTNESS
179,over compress compress dog strea,17.222417429604718,SYNTHETIC_ROBUSTNESS
180,fox stream jumps fox brown theaa,17.40426952340669,SYNTHETIC_ROBUSTNESS
181,compress fox data the lazy dataa,17.551628406391515,SYNTHETIC_ROBUSTNESS
182,jumps brown data the the quickaa,17.55546532355908,SYNTHETIC_ROBUSTNESS
183,compress jumps brown dog dog com,17.57147894112832,SYNTHETIC_ROBUSTNESS
184,dog data data the jumps dataaaaa,17.60926954952571,SYNTHETIC_ROBUSTNESS
185,dog lazy dog fox the theaaaaaaaa,17.797350483986357,SYNTHETIC_ROBUSTNESS
186,dog over quick stream fox theaaa,18.003911749375792,SYNTHETIC_ROBUSTNESS
187,brown the over quick dog quickaa,18.008156298705973,SYNTHETIC_ROBUSTNESS
188,jumps fox lazy over dog compress,18.04741975889679,SYNTHETIC_ROBUSTNESS
189,over lazy dog quick data compres,18.237388222401314,SYNTHETIC_ROBUSTNESS
190,quick dog stream brown brown the,18.26611553787968,SYNTHETIC_ROBUSTNESS
191,fox data stream the fox dataaaaa,18.639099461180333,SYNTHETIC_ROBUSTNESS
192,lazy over jumps quick dog theaaa,18.706297493247927,SYNTHETIC_ROBUSTNESS
193,dog dog dog fox compress theaaaa,18.983257116705445,SYNTHETIC_ROBUSTNESS
194,over jumps dog lazy jumps overaa,19.039263324470152,SYNTHETIC_ROBUSTNESS
195,lazy the brown brown data stream,19.078389804673208,SYNTHETIC_ROBUSTNESS
196,over dog data lazy compress thea,19.123395815697418,SYNTHETIC_ROBUSTNESS
197,quick lazy brown brown compress ,19.339071783660664,SYNTHETIC_ROBUSTNESS
198,fox lazy compress compress dog q,19.379222486767922,SYNTHETIC_ROBUSTNESS
199,stream dog stream the fox overaa,19.489890830499284,SYNTHETIC_ROBUSTNESS
200,dog jumps data jumps stream over,19.553348979529297,SYNTHETIC_ROBUSTNESS
201,over stream jumps the the overaa,19.837514891305627,SYNTHETIC_ROBUSTNESS
202,data compress the jumps fox doga,19.85487448158209,SYNTHETIC_ROBUSTNESS
203,compress fox dog dog jumps overa,19.91085100676037,SYNTHETIC_ROBUSTNESS
204,brown dog quick brown stream str,19.924162304709306,SYNTHETIC_ROBUSTNESS
205,lazy jumps compress jumps quick ,20.010470326078377,SYNTHETIC_ROBUSTNESS
206,compress fox dog jumps fox jumps,20.062037258189815,SYNTHETIC_ROBUSTNESS
207,dog lazy quick brown compress ov,20.068324553884153,SYNTHETIC_ROBUSTNESS
208,stream over stream quick quick d,20.2579286837497,SYNTHETIC_ROBUSTNESS
209,jumps dog compress jumps data th,20.30501144587172,SYNTHETIC_ROBUSTNESS
210,lazy stream quick dog quick over,20.373060357359048,SYNTHETIC_ROBUSTNESS
211,data brown the quick jumps theaa,20.42540304869619,SYNTHETIC_ROBUSTNESS
212,compress fox compress brown the ,20.49247367167031,SYNTHETIC_ROBUSTNESS
213,dog compress jumps fox over thea,20.49411966386904,SYNTHETIC_ROBUSTNESS
214,lazy quick lazy compress brown j,20.663108312490206,SYNTHETIC_ROBUSTNESS
215,quick quick stream brown compres,20.70350114324126,SYNTHETIC_ROBUSTNESS
216,dog quick brown lazy jumps foxaa,20.83240403063197,SYNTHETIC_ROBUSTNESS
217,the the brown over fox streamaaa,20.83911279888834,SYNTHETIC_ROBUSTNESS
218,quick over stream over jumps jum,20.91330983644043,SYNTHETIC_ROBUSTNESS
219,stream brown lazy lazy over brow,21.152771072464002,SYNTHETIC_ROBUSTNESS
220,stream the compress stream quick,21.203562066232564,SYNTHETIC_ROBUSTNESS
221,stream the compress lazy jumps q,21.225534383242362,SYNTHETIC_ROBUSTNESS
222,fox stream lazy lazy data dogaaa,21.235968393234394,SYNTHETIC_ROBUSTNESS
223,dog brown compress over quick ov,21.43193033701516,SYNTHETIC_ROBUSTNESS
224,fox brown quick brown dog quicka,21.45921706947221,SYNTHETIC_ROBUSTNESS
225,quick dog compress stream over f,21.828389866194616,SYNTHETIC_ROBUSTNESS
226,jumps fox quick data stream foxa,21.85686819842738,SYNTHETIC_ROBUSTNESS
227,quick fox compress quick lazy st,21.92245160309974,SYNTHETIC_ROBUSTNESS
228,over over data compress quick do,21.98369944816597,SYNTHETIC_ROBUSTNESS
229,quick dog over jumps over lazyaa,21.990101006687638,SYNTHETIC_ROBUSTNESS
230,the brown quick jumps the browna,22.06599539887449,SYNTHETIC_ROBUSTNESS
231,quick quick over stream fox stre,22.177665177766297,SYNTHETIC_ROBUSTNESS
232,compress over quick lazy brown f,22.313197343672897,SYNTHETIC_ROBUSTNESS
233,over data data data quick overaa,22.387135673406885,SYNTHETIC_ROBUSTNESS
234,fox dog over jumps brown overaaa,22.554578748480747,SYNTHETIC_ROBUSTNESS
235,quick stream stream fox brown ju,22.694050724752582,SYNTHETIC_ROBUSTNESS
236,the dog fox compress data foxaaa,22.715614691364966,SYNTHETIC_ROBUSTNESS
237,compress fox data brown over qui,22.766964557663474,SYNTHETIC_ROBUSTNESS
238,over over stream compress jumps ,22.782347513443735,SYNTHETIC_ROBUSTNESS
239,quick fox quick dog lazy theaaaa,22.79666801993984,SYNTHETIC_ROBUSTNESS
240,quick compress the compress comp,22.921191729959823,SYNTHETIC_ROBUSTNESS
241,over data jumps compress lazy th,22.996791723873105,SYNTHETIC_ROBUSTNESS
242,brown over lazy brown fox overaa,23.088658531544667,SYNTHETIC_ROBUSTNESS
243,brown stream dog fox data compre,23.22040414745913,SYNTHETIC_ROBUSTNESS
244,data fox brown lazy the theaaaaa,23.252871252496867,SYNTHETIC_ROBUSTNESS
245,data quick quick brown jumps dog,23.30418106600213,SYNTHETIC_ROBUSTNESS
246,lazy jumps data fox fox lazyaaaa,23.397525540677254,SYNTHETIC_ROBUSTNESS
247,lazy over the quick fox theaaaaa,23.407687734343217,SYNTHETIC_ROBUSTNESS
248,lazy stream quick the lazy dataa,23.586696270193745,SYNTHETIC_ROBUSTNESS
249,dog compress lazy stream brown d,23.628771855621185,SYNTHETIC_ROBUSTNESS
250,compress lazy quick compress bro,23.73628672331575,SYNTHETIC_ROBUSTNESS
251,lazy compress dog quick fox stre,24.278107276738186,SYNTHETIC_ROBUSTNESS
252,quick stream data brown compress,24.34261203943362,SYNTHETIC_ROBUSTNESS
253,dog the dog lazy brown lazyaaaaa,24.366825367628024,SYNTHETIC_ROBUSTNESS
254,fox jumps the jumps data dogaaaa,24.391215289233344,SYNTHETIC_ROBUSTNESS
255,fox stream brown compress dog st,24.397442860615,SYNTHETIC_ROBUSTNESS
256,lazy quick fox brown jumps foxaa,24.543149871712522,SYNTHETIC_ROBUSTNESS
257,lazy fox fox dog compress browna,24.577883361553706,SYNTHETIC_ROBUSTNESS
258,dog lazy data fox the jumpsaaaaa,24.596845264930845,SYNTHETIC_ROBUSTNESS
259,fox quick lazy brown stream lazy,24.721915386303596,SYNTHETIC_ROBUSTNESS
260,over quick over dog compress jum,24.758896708225326,SYNTHETIC_ROBUSTNESS
261,over brown quick the dog brownaa,24.85064308710507,SYNTHETIC_ROBUSTNESS
262,the over brown data stream lazya,24.904741714521652,SYNTHETIC_ROBUSTNESS
263,dog compress quick stream data o,24.94541121038005,SYNTHETIC_ROBUSTNESS
264,lazy dog brown jumps lazy quicka,25.012633884193278,SYNTHETIC_ROBUSTNESS
265,brown stream fox data lazy brown,25.050291513826892,SYNTHETIC_ROBUSTNESS
266,over quick dog brown dog theaaaa,25.25474909679272,SYNTHETIC_ROBUSTNESS
267,jumps compress quick compress da,25.262333616063298,SYNTHETIC_ROBUSTNESS
268,jumps quick jumps stream lazy st,25.265395375689444,SYNTHETIC_ROBUSTNESS
269,brown dog the brown lazy dataaaa,25.317549159777084,SYNTHETIC_ROBUSTNESS
270,data lazy compress data jumps th,25.336525312461863,SYNTHETIC_ROBUSTNESS
271,stream quick stream fox data fox,25.472676299453155,SYNTHETIC_ROBUSTNESS
272,dog fox data stream brown foxaaa,25.51628428542669,SYNTHETIC_ROBUSTNESS
273,brown quick fox fox brown quicka,25.54658926911134,SYNTHETIC_ROBUSTNESS
274,fox the data quick over jumpsaaa,25.591121379672163,SYNTHETIC_ROBUSTNESS
275,stream over quick data the lazya,25.615901374827285,SYNTHETIC_ROBUSTNESS
276,data jumps fox lazy data theaaaa,25.651519235683473,SYNTHETIC_ROBUSTNESS
277,the quick the lazy dog dataaaaaa,25.73544879865102,SYNTHETIC_ROBUSTNESS
278,fox brown quick brown jumps over,25.934982771691296,SYNTHETIC_ROBUSTNESS
279,stream jumps fox compress stream,25.981324406428488,SYNTHETIC_ROBUSTNESS
280,lazy over quick fox quick overaa,26.019989494111126,SYNTHETIC_ROBUSTNESS
281,stream brown compress the the do,26.17221917620915,SYNTHETIC_ROBUSTNESS
282,compress data data dog over lazy,26.17448734411117,SYNTHETIC_ROBUSTNESS
283,stream brown dog jumps fox strea,26.210451897203804,SYNTHETIC_ROBUSTNESS
284,brown lazy the brown jumps compr,26.27063107253366,SYNTHETIC_ROBUSTNESS
285,over jumps brown brown jumps ove,26.362425701902,SYNTHETIC_ROBUSTNESS
286,compress over stream quick over ,26.37939327086451,SYNTHETIC_ROBUSTNESS
287,over data jumps data brown strea,26.436107192331203,SYNTHETIC_ROBUSTNESS
288,compress jumps data data dog ove,26.51964752279623,SYNTHETIC_ROBUSTNESS
289,lazy compress lazy dog brown ove,26.591033638625827,SYNTHETIC_ROBUSTNESS
290,jumps data compress the compress,26.676494676684527,SYNTHETIC_ROBUSTNESS
291,quick fox quick over quick theaa,26.7850835151192,SYNTHETIC_ROBUSTNESS
292,quick data compress dog compress,26.832785963970245,SYNTHETIC_ROBUSTNESS
293,jumps the the fox over lazyaaaaa,26.839361035314273,SYNTHETIC_ROBUSTNESS
294,jumps lazy quick quick stream do,26.84507695364837,SYNTHETIC_ROBUSTNESS
295,over lazy jumps dog the brownaaa,27.040774319017043,SYNTHETIC_ROBUSTNESS
296,lazy lazy compress the brown dat,27.153914487383012,SYNTHETIC_ROBUSTNESS
297,quick dog lazy over over compres,27.298385120718034,SYNTHETIC_ROBUSTNESS
298,data the compress dog data quick,27.56261785565099,SYNTHETIC_ROBUSTNESS
299,data the fox data dog lazyaaaaaa,27.701465290529974,SYNTHETIC_ROBUSTNESS
300,lazy jumps the data dog brownaaa,27.819328702420666,SYNTHETIC_ROBUSTNESS
301,over data over stream jumps comp,27.925969897026356,SYNTHETIC_ROBUSTNESS
302,data brown lazy the compress dog,27.955887806043563,SYNTHETIC_ROBUSTNESS
303,fox lazy brown fox lazy foxaaaaa,28.271229559386807,SYNTHETIC_ROBUSTNESS
304,compress the the over the theaaa,28.3493278435918,SYNTHETIC_ROBUSTNESS
305,lazy the brown the quick foxaaaa,28.374440217546223,SYNTHETIC_ROBUSTNESS
306,stream compress fox over stream ,28.397990454719288,SYNTHETIC_ROBUSTNESS
307,lazy fox lazy jumps the lazyaaaa,28.566874239451593,SYNTHETIC_ROBUSTNESS
308,dog lazy jumps quick lazy quicka,28.595670264092956,SYNTHETIC_ROBUSTNESS
309,data fox compress data jumps bro,28.59990115715122,SYNTHETIC_ROBUSTNESS
310,over quick over data brown foxaa,28.655834887568844,SYNTHETIC_ROBUSTNESS
311,fox over data brown fox brownaaa,28.82585348910731,SYNTHETIC_ROBUSTNESS
312,data dog over the brown foxaaaaa,28.879372090298155,SYNTHETIC_ROBUSTNESS
313,brown data dog dog fox theaaaaaa,29.04210559051721,SYNTHETIC_ROBUSTNESS
314,quick dog dog brown dog brownaaa,29.217673984694105,SYNTHETIC_ROBUSTNESS
315,jumps lazy brown the brown compr,29.412660795792988,SYNTHETIC_ROBUSTNESS
316,dog jumps over brown fox brownaa,29.50155263556719,SYNTHETIC_ROBUSTNESS
317,stream data stream fox dog strea,29.62177366147684,SYNTHETIC_ROBUSTNESS
318,compress quick jumps over fox co,29.65213571129072,SYNTHETIC_ROBUSTNESS
319,brown data over the compress jum,29.662638206600175,SYNTHETIC_ROBUSTNESS
320,dog over brown quick fox quickaa,29.738733822808033,SYNTHETIC_ROBUSTNESS
321,compress jumps fox jumps the fox,29.739797650703952,SYNTHETIC_ROBUSTNESS
322,lazy jumps the lazy over brownaa,29.802484515170168,SYNTHETIC_ROBUSTNESS
323,the the the data the brownaaaaaa,29.813253462179148,SYNTHETIC_ROBUSTNESS
324,stream fox fox stream fox compre,29.824729506735988,SYNTHETIC_ROBUSTNESS
325,data fox data the stream lazyaaa,30.029356040321122,SYNTHETIC_ROBUSTNESS
326,data compress data brown over br,30.131665211078012,SYNTHETIC_ROBUSTNESS
327,over stream lazy the dog dogaaaa,30.23529498143719,SYNTHETIC_ROBUSTNESS
328,dog quick jumps data jumps lazya,30.28712645373814,SYNTHETIC_ROBUSTNESS
329,the compress fox over fox compre,30.34044283509608,SYNTHETIC_ROBUSTNESS
330,the compress brown lazy lazy laz,30.376555274017228,SYNTHETIC_ROBUSTNESS
331,data over quick dog quick theaaa,30.433534759271218,SYNTHETIC_ROBUSTNESS
332,brown over the the jumps lazyaaa,30.521995813671328,SYNTHETIC_ROBUSTNESS
333,quick compress the lazy the doga,30.542647696977586,SYNTHETIC_ROBUSTNESS
334,compress data lazy data quick ju,30.572985958240775,SYNTHETIC_ROBUSTNESS
335,quick brown the quick brown quic,30.641256929569206,SYNTHETIC_ROBUSTNESS
336,jumps dog jumps the over compres,30.689834513818116,SYNTHETIC_ROBUSTNESS
337,dog the over fox lazy jumpsaaaaa,30.861029492467495,SYNTHETIC_ROBUSTNESS
338,dog compress jumps over stream q,31.033450992247133,SYNTHETIC_ROBUSTNESS
339,the lazy compress over data brow,31.074397106534853,SYNTHETIC_ROBUSTNESS
340,over lazy over compress data com,31.134325507617874,SYNTHETIC_ROBUSTNESS
341,dog compress fox lazy dog dogaaa,31.509774020440865,SYNTHETIC_ROBUSTNESS
342,lazy stream the fox lazy dataaaa,31.685495960891306,SYNTHETIC_ROBUSTNESS
343,jumps data jumps over the theaaa,31.709787281907072,SYNTHETIC_ROBUSTNESS
344,fox dog lazy data over overaaaaa,31.742669496054077,SYNTHETIC_ROBUSTNESS
345,quick compress quick the brown o,31.751386671938175,SYNTHETIC_ROBUSTNESS
346,dog the compress data over compr,31.86465213570701,SYNTHETIC_ROBUSTNESS
347,over quick fox data quick dataaa,31.902762849399018,SYNTHETIC_ROBUSTNESS
348,quick data jumps stream lazy com,31.97967827750114,SYNTHETIC_ROBUSTNESS
349,lazy fox jumps fox compress data,32.125841415459384,SYNTHETIC_ROBUSTNESS
350,quick stream the over over jumps,32.30665168541016,SYNTHETIC_ROBUSTNESS
351,brown lazy stream data fox foxaa,32.34600993569369,SYNTHETIC_ROBUSTNESS
352,brown jumps brown dog over brown,32.37309202966953,SYNTHETIC_ROBUSTNESS
353,dog brown fox lazy compress stre,32.56183300627992,SYNTHETIC_ROBUSTNESS
354,compress the jumps brown stream ,32.609841766336174,SYNTHETIC_ROBUSTNESS
355,lazy data quick jumps over compr,32.78243789447985,SYNTHETIC_ROBUSTNESS
356,quick quick quick jumps lazy str,32.79866192668068,SYNTHETIC_ROBUSTNESS
357,over the quick compress fox brow,33.041600883326275,SYNTHETIC_ROBUSTNESS
358,quick stream quick dog quick ove,33.10759643178156,SYNTHETIC_ROBUSTNESS
359,data brown jumps compress stream,33.1262454619768,SYNTHETIC_ROBUSTNESS
360,quick compress data compress ove,33.20283190636079,SYNTHETIC_ROBUSTNESS
361,lazy dog dog brown lazy dataaaaa,33.406866283760934,SYNTHETIC_ROBUSTNESS
362,over compress over compress over,33.45618533264256,SYNTHETIC_ROBUSTNESS
363,dog stream over lazy data compre,33.47579430391421,SYNTHETIC_ROBUSTNESS
364,dog over over data over dataaaaa,33.56172774342245,SYNTHETIC_ROBUSTNESS
365,compress dog compress jumps comp,33.741586281657675,SYNTHETIC_ROBUSTNESS
366,data dog brown stream dog dogaaa,33.75452357544697,SYNTHETIC_ROBUSTNESS
367,compress jumps brown compress ov,33.75875258132072,SYNTHETIC_ROBUSTNESS
368,data over fox compress jumps jum,33.764546587860266,SYNTHETIC_ROBUSTNESS
369,the dog lazy quick fox foxaaaaaa,33.790746554515465,SYNTHETIC_ROBUSTNESS
370,quick compress quick fox fox str,33.791479433653336,SYNTHETIC_ROBUSTNESS
371,the jumps fox stream quick foxaa,33.84745874866488,SYNTHETIC_ROBUSTNESS
372,brown lazy stream brown over laz,33.967108646942435,SYNTHETIC_ROBUSTNESS
373,dog compress brown jumps jumps s,34.091054203788815,SYNTHETIC_ROBUSTNESS
374,jumps lazy data the the overaaaa,34.19231000963986,SYNTHETIC_ROBUSTNESS
375,stream dog lazy quick over quick,34.227436134173374,SYNTHETIC_ROBUSTNESS
376,over over brown brown data overa,34.36059315821788,SYNTHETIC_ROBUSTNESS
377,compress fox jumps fox over doga,34.44651039912422,SYNTHETIC_ROBUSTNESS
378,over lazy compress brown stream ,34.643967535418476,SYNTHETIC_ROBUSTNESS
379,dog data data fox brown overaaaa,34.70897736114689,SYNTHETIC_ROBUSTNESS
380,jumps brown over dog stream brow,34.728840421256955,SYNTHETIC_ROBUSTNESS
381,brown fox quick quick compress d,34.82953114476464,SYNTHETIC_ROBUSTNESS
382,dog fox quick data fox lazyaaaaa,34.8458753425792,SYNTHETIC_ROBUSTNESS
383,fox over lazy over brown dataaaa,35.175951319384055,SYNTHETIC_ROBUSTNESS
384,over fox compress data compress ,35.29744970302478,SYNTHETIC_ROBUSTNESS
385,lazy the lazy the lazy dogaaaaaa,35.4386404165609,SYNTHETIC_ROBUSTNESS
386,stream data dog jumps quick jump,35.55235549406983,SYNTHETIC_ROBUSTNESS
387,dog the over stream over streama,35.56262075371073,SYNTHETIC_ROBUSTNESS
388,fox jumps stream jumps brown dat,35.62522566364783,SYNTHETIC_ROBUSTNESS
389,dog the compress brown quick jum,35.730613050941315,SYNTHETIC_ROBUSTNESS
390,data quick stream lazy compress ,35.75666590947814,SYNTHETIC_ROBUSTNESS
391,data jumps data brown brown stre,35.87045386712448,SYNTHETIC_ROBUSTNESS
392,fox stream over over quick jumps,36.04187010529831,SYNTHETIC_ROBUSTNESS
393,quick lazy dog jumps stream comp,36.07401881016614,SYNTHETIC_ROBUSTNESS
394,over quick stream the brown comp,36.0962835901213,SYNTHETIC_ROBUSTNESS
395,jumps fox fox quick jumps browna,36.31097855138267,SYNTHETIC_ROBUSTNESS
396,over compress brown lazy dog str,36.31149935448721,SYNTHETIC_ROBUSTNESS
397,brown data fox lazy fox lazyaaaa,36.341036785810786,SYNTHETIC_ROBUSTNESS
398,dog jumps fox data quick overaaa,36.39324742008466,SYNTHETIC_ROBUSTNESS
399,data the jumps brown brown quick,36.50480080106739,SYNTHETIC_ROBUSTNESS
400,brown jumps dog lazy fox dogaaaa,37.0878543006966,SYNTHETIC_ROBUSTNESS
401,lazy the lazy stream over theaaa,37.13418783505739,SYNTHETIC_ROBUSTNESS
402,dog jumps over data stream lazya,37.43140645424948,SYNTHETIC_ROBUSTNESS
403,data jumps stream quick brown st,37.477099287862565,SYNTHETIC_ROBUSTNESS
404,lazy dog the the over dogaaaaaaa,37.5960173156138,SYNTHETIC_ROBUSTNESS
405,data fox quick the dog streamaaa,37.6140936348602,SYNTHETIC_ROBUSTNESS
406,stream brown dog brown dog foxaa,37.67578780670792,SYNTHETIC_ROBUSTNESS
407,dog over quick quick data dataaa,37.88079434922464,SYNTHETIC_ROBUSTNESS
408,over stream lazy brown fox overa,37.91935977084952,SYNTHETIC_ROBUSTNESS
409,brown the fox jumps compress jum,37.930475566206844,SYNTHETIC_ROBUSTNESS
410,data brown jumps stream stream f,38.00443936576397,SYNTHETIC_ROBUSTNESS
411,jumps lazy stream quick stream d,38.06233815805634,SYNTHETIC_ROBUSTNESS
412,dog dog brown quick stream lazya,38.0884148640397,SYNTHETIC_ROBUSTNESS
413,brown compress over over dog jum,38.32445241531688,SYNTHETIC_ROBUSTNESS
414,the dog fox stream data dogaaaaa,38.416504064646,SYNTHETIC_ROBUSTNESS
415,brown dog data jumps fox lazyaaa,38.45914847148777,SYNTHETIC_ROBUSTNESS
416,stream brown compress over over ,39.01463057070601,SYNTHETIC_ROBUSTNESS
417,lazy over data jumps over lazyaa,39.029430259750384,SYNTHETIC_ROBUSTNESS
418,over data data stream fox dataaa,39.217785841034825,SYNTHETIC_ROBUSTNESS
419,lazy jumps over jumps data quick,39.24400351089263,SYNTHETIC_ROBUSTNESS
420,compress over data the the brown,39.271382329387365,SYNTHETIC_ROBUSTNESS
421,compress lazy brown compress the,39.34033016094383,SYNTHETIC_ROBUSTNESS
422,over lazy jumps data fox quickaa,39.44878393207435,SYNTHETIC_ROBUSTNESS
423,the fox compress over over brown,39.566051728211406,SYNTHETIC_ROBUSTNESS
424,lazy stream jumps stream the ove,39.56828934068407,SYNTHETIC_ROBUSTNESS
425,quick fox lazy jumps lazy lazyaa,39.60209680611241,SYNTHETIC_ROBUSTNESS
426,the compress quick lazy dog over,39.710155599466624,SYNTHETIC_ROBUSTNESS
427,fox quick compress the jumps qui,39.9306422843098,SYNTHETIC_ROBUSTNESS
428,quick data quick dog quick dataa,40.04147548810763,SYNTHETIC_ROBUSTNESS
429,brown lazy lazy fox lazy overaaa,40.072383944799434,SYNTHETIC_ROBUSTNESS
430,over fox stream lazy lazy dogaaa,40.143265422482216,SYNTHETIC_ROBUSTNESS
431,stream the quick jumps brown bro,40.247557569582156,SYNTHETIC_ROBUSTNESS
432,the data jumps fox lazy theaaaaa,40.26209938580225,SYNTHETIC_ROBUSTNESS
433,dog lazy brown data lazy streama,40.340824713077936,SYNTHETIC_ROBUSTNESS
434,dog the dog brown quick lazyaaaa,40.404627418193435,SYNTHETIC_ROBUSTNESS
435,quick quick over quick data doga,40.44567237439309,SYNTHETIC_ROBUSTNESS
436,jumps over brown lazy compress b,40.54336610291744,SYNTHETIC_ROBUSTNESS
437,fox the brown quick compress str,40.64448568287556,SYNTHETIC_ROBUSTNESS
438,the jumps quick fox over jumpsaa,41.00016526491533,SYNTHETIC_ROBUSTNESS
439,compress quick compress quick th,41.056080264106114,SYNTHETIC_ROBUSTNESS
440,jumps quick dog jumps lazy jumps,41.13185249417936,SYNTHETIC_ROBUSTNESS
441,over lazy brown brown brown over,41.148990962202056,SYNTHETIC_ROBUSTNESS
442,jumps dog quick quick data theaa,41.22847846773323,SYNTHETIC_ROBUSTNESS
443,jumps compress stream lazy lazy ,41.23215378245739,SYNTHETIC_ROBUSTNESS
444,stream quick dog jumps jumps dog,41.248391273439225,SYNTHETIC_ROBUSTNESS
445,brown compress the compress jump,41.26717456148622,SYNTHETIC_ROBUSTNESS
446,over brown data brown lazy compr,41.36731561978924,SYNTHETIC_ROBUSTNESS
447,brown data stream jumps stream q,41.45108544440815,SYNTHETIC_ROBUSTNESS
448,stream jumps the jumps data thea,41.61105249975713,SYNTHETIC_ROBUSTNESS
449,dog stream data compress jumps b,41.67348916020047,SYNTHETIC_ROBUSTNESS
450,fox compress brown brown lazy qu,41.73789748213412,SYNTHETIC_ROBUSTNESS
451,the quick brown brown stream laz,41.755518234553215,SYNTHETIC_ROBUSTNESS
452,brown fox lazy quick dog overaaa,41.89127004619067,SYNTHETIC_ROBUSTNESS
453,over stream the lazy over jumpsa,41.89163600757843,SYNTHETIC_ROBUSTNESS
454,the dog fox dog the dataaaaaaaaa,41.94695555461437,SYNTHETIC_ROBUSTNESS
455,fox fox brown quick quick foxaaa,41.96782109236713,SYNTHETIC_ROBUSTNESS
456,data fox stream stream brown laz,42.11522875386496,SYNTHETIC_ROBUSTNESS
457,stream dog data dog brown lazyaa,42.227128018517064,SYNTHETIC_ROBUSTNESS
458,lazy data fox quick lazy lazyaaa,42.34980737803156,SYNTHETIC_ROBUSTNESS
459,the compress lazy compress strea,42.36589210321941,SYNTHETIC_ROBUSTNESS
460,lazy quick compress dog data fox,42.47639963825037,SYNTHETIC_ROBUSTNESS
461,fox data compress quick quick th,42.59380664625723,SYNTHETIC_ROBUSTNESS
462,lazy data jumps lazy the dataaaa,42.59407070305086,SYNTHETIC_ROBUSTNESS
463,over over the over stream browna,42.632284757227,SYNTHETIC_ROBUSTNESS
464,the compress brown brown quick q,42.641418266258825,SYNTHETIC_ROBUSTNESS
465,data brown stream stream brown f,42.7557983441344,SYNTHETIC_ROBUSTNESS
466,over lazy data jumps quick quick,42.77963785458251,SYNTHETIC_ROBUSTNESS
467,quick fox jumps stream the strea,42.81037999162903,SYNTHETIC_ROBUSTNESS
468,quick stream brown compress brow,42.818536695025166,SYNTHETIC_ROBUSTNESS
469,compress stream compress lazy th,42.88466408542217,SYNTHETIC_ROBUSTNESS
470,fox dog dog the dog overaaaaaaaa,42.88802315674807,SYNTHETIC_ROBUSTNESS
471,lazy compress over over over dat,43.07483897753966,SYNTHETIC_ROBUSTNESS
472,stream data compress compress ov,43.07751096324759,SYNTHETIC_ROBUSTNESS
473,over brown quick data compress o,43.083873091486616,SYNTHETIC_ROBUSTNESS
474,dog over brown jumps the streama,43.18615123375208,SYNTHETIC_ROBUSTNESS
475,fox dog brown data jumps streama,43.434962640187315,SYNTHETIC_ROBUSTNESS
476,lazy dog brown fox fox compressa,43.657637270029014,SYNTHETIC_ROBUSTNESS
477,data the brown jumps jumps dogaa,43.66637083236753,SYNTHETIC_ROBUSTNESS
478,brown brown quick dog data brown,43.70040133061869,SYNTHETIC_ROBUSTNESS
479,over brown compress data quick c,43.77401449361513,SYNTHETIC_ROBUSTNESS
480,jumps stream data over over comp,43.77671295054328,SYNTHETIC_ROBUSTNESS
481,jumps fox jumps the fox overaaaa,43.85192682000963,SYNTHETIC_ROBUSTNESS
482,over the jumps jumps fox dogaaaa,43.91130509592145,SYNTHETIC_ROBUSTNESS
483,data compress the fox the quicka,44.00007809487809,SYNTHETIC_ROBUSTNESS
484,over jumps over brown jumps doga,44.253045340399304,SYNTHETIC_ROBUSTNESS
485,compress stream data data dog la,44.285151207036456,SYNTHETIC_ROBUSTNESS
486,over quick the stream stream ove,44.38706568603501,SYNTHETIC_ROBUSTNESS
487,fox dog lazy fox lazy overaaaaaa,44.443248167434085,SYNTHETIC_ROBUSTNESS
488,quick jumps jumps over dog brown,44.500363907879155,SYNTHETIC_ROBUSTNESS
489,fox compress the dog quick jumps,44.604569544148056,SYNTHETIC_ROBUSTNESS
490,fox over stream the lazy overaaa,44.906851930406404,SYNTHETIC_ROBUSTNESS
491,lazy brown the stream lazy dataa,45.105652365202864,SYNTHETIC_ROBUSTNESS
492,brown brown over data lazy foxaa,45.20768492383023,SYNTHETIC_ROBUSTNESS
493,the jumps data dog lazy lazyaaaa,45.269588775475114,SYNTHETIC_ROBUSTNESS
494,data data compress jumps jumps c,45.324752165943664,SYNTHETIC_ROBUSTNESS
495,lazy jumps quick fox jumps overa,45.479460896259525,SYNTHETIC_ROBUSTNESS
496,fox quick jumps data lazy foxaaa,45.504079174513464,SYNTHETIC_ROBUSTNESS
497,quick over over the quick dogaaa,45.59267146432925,SYNTHETIC_ROBUSTNESS
498,fox brown over quick stream data,45.66298187665652,SYNTHETIC_ROBUSTNESS
499,fox dog stream data data compres,45.76777956251875,SYNTHETIC_ROBUSTNESS
500,stream compress over stream dog ,45.788533779819645,SYNTHETIC_ROBUSTNESS
501,stream compress fox data the dog,45.90752670885822,SYNTHETIC_ROBUSTNESS
502,the the compress data compress s,46.00614433961885,SYNTHETIC_ROBUSTNESS
503,lazy the lazy stream dog dogaaaa,46.02600725477055,SYNTHETIC_ROBUSTNESS
504,lazy compress the jumps dog data,46.08572219472603,SYNTHETIC_ROBUSTNESS
505,data jumps brown fox dog streama,46.199235099517345,SYNTHETIC_ROBUSTNESS
506,dog data the over fox dataaaaaaa,46.431110885968096,SYNTHETIC_ROBUSTNESS
507,fox data quick jumps data compre,46.44413310232332,SYNTHETIC_ROBUSTNESS
508,jumps brown over stream fox stre,46.44501088541642,SYNTHETIC_ROBUSTNESS
509,fox dog compress brown the overa,46.46306170457893,SYNTHETIC_ROBUSTNESS
510,dog data data brown fox theaaaaa,46.91656768733345,SYNTHETIC_ROBUSTNESS
511,the quick brown jumps dog quicka,47.062829199349785,SYNTHETIC_ROBUSTNESS
512,brown brown compress lazy the th,47.158116636765044,SYNTHETIC_ROBUSTNESS
513,data the the over dog dogaaaaaaa,47.172389774164884,SYNTHETIC_ROBUSTNESS
514,the dog the compress quick quick,47.22618305498941,SYNTHETIC_ROBUSTNESS
515,over fox the fox lazy theaaaaaaa,47.35179351338863,SYNTHETIC_ROBUSTNESS
516,the data jumps compress compress,47.57801863089193,SYNTHETIC_ROBUSTNESS
517,compress lazy brown fox data com,47.62611671757975,SYNTHETIC_ROBUSTNESS
518,compress the brown brown fox the,48.43397099855792,SYNTHETIC_ROBUSTNESS
519,compress over data over fox stre,48.44902264249825,SYNTHETIC_ROBUSTNESS
520,jumps lazy compress dog stream s,48.49795122400788,SYNTHETIC_ROBUSTNESS
521,brown jumps data stream lazy str,48.70621385185841,SYNTHETIC_ROBUSTNESS
522,brown compress brown jumps fox c,48.81117195562846,SYNTHETIC_ROBUSTNESS
523,jumps the over fox data dogaaaaa,48.97773019479796,SYNTHETIC_ROBUSTNESS
524,over the stream data over browna,49.21610877555847,SYNTHETIC_ROBUSTNESS
525,data the data dog over overaaaaa,49.2868975842426,SYNTHETIC_ROBUSTNESS
526,dog stream jumps dog over quicka,49.31365248204756,SYNTHETIC_ROBUSTNESS
527,brown lazy brown over over dogaa,49.431973762933524,SYNTHETIC_ROBUSTNESS
528,fox compress compress brown brow,49.51486579927905,SYNTHETIC_ROBUSTNESS
529,lazy the over compress lazy lazy,49.66299190936265,SYNTHETIC_ROBUSTNESS
530,brown dog fox stream quick strea,49.73467725702007,SYNTHETIC_ROBUSTNESS
531,fox lazy the jumps brown foxaaaa,49.9013370257594,SYNTHETIC_ROBUSTNESS
532,data over lazy compress data qui,50.13363363999566,SYNTHETIC_ROBUSTNESS
533,jumps quick compress fox over qu,50.27209642570755,SYNTHETIC_ROBUSTNESS
534,dog stream fox data the dogaaaaa,50.408219594293584,SYNTHETIC_ROBUSTNESS
535,compress data data fox data doga,50.49669621874468,SYNTHETIC_ROBUSTNESS
536,data stream the over compress do,50.560494340510985,SYNTHETIC_ROBUSTNESS
537,jumps fox dog brown over quickaa,50.92017052907433,SYNTHETIC_ROBUSTNESS
538,stream compress stream the jumps,51.02376598223823,SYNTHETIC_ROBUSTNESS
539,lazy fox over dog over lazyaaaaa,51.207247191103406,SYNTHETIC_ROBUSTNESS
540,fox lazy fox fox stream brownaaa,51.27764960893283,SYNTHETIC_ROBUSTNESS
541,lazy compress over brown fox com,51.3585857716798,SYNTHETIC_ROBUSTNESS
542,compress fox fox quick data doga,51.467320081284846,SYNTHETIC_ROBUSTNESS
543,jumps fox dog data brown overaaa,51.59771868574348,SYNTHETIC_ROBUSTNESS
544,stream dog dog jumps compress da,51.65720387571985,SYNTHETIC_ROBUSTNESS
545,data quick dog lazy data compres,51.701258444883635,SYNTHETIC_ROBUSTNESS
546,over brown jumps quick quick dat,51.72862583257562,SYNTHETIC_ROBUSTNESS
547,stream dog the compress compress,51.78372905481165,SYNTHETIC_ROBUSTNESS
548,brown jumps the compress dog dat,51.80745810860165,SYNTHETIC_ROBUSTNESS
549,lazy compress jumps dog jumps st,51.86137404213406,SYNTHETIC_ROBUSTNESS
550,quick dog over stream lazy dogaa,52.06904614495794,SYNTHETIC_ROBUSTNESS
551,stream the lazy brown brown stre,52.4465778550991,SYNTHETIC_ROBUSTNESS
552,over quick data fox the lazyaaaa,52.53264027453342,SYNTHETIC_ROBUSTNESS
553,over data brown the fox foxaaaaa,52.54842331306399,SYNTHETIC_ROBUSTNESS
554,the over lazy over data brownaaa,52.604207276373494,SYNTHETIC_ROBUSTNESS
555,over jumps dog brown over stream,52.69635682936955,SYNTHETIC_ROBUSTNESS
556,quick stream jumps lazy jumps fo,52.74268295120656,SYNTHETIC_ROBUSTNESS
557,dog lazy quick brown fox jumpsaa,52.76564391406315,SYNTHETIC_ROBUSTNESS
558,lazy data brown dog brown browna,52.79136880626417,SYNTHETIC_ROBUSTNESS
559,data quick fox lazy quick compre,52.85560069460361,SYNTHETIC_ROBUSTNESS
560,quick brown the dog fox dataaaaa,52.879990016018155,SYNTHETIC_ROBUSTNESS
561,brown data fox the stream compre,52.90869460241793,SYNTHETIC_ROBUSTNESS
562,jumps over brown fox dog dogaaaa,53.11511772947755,SYNTHETIC_ROBUSTNESS
563,quick over lazy over dog theaaaa,53.266104284418354,SYNTHETIC_ROBUSTNESS
564,lazy lazy over lazy fox brownaaa,53.27179444494075,SYNTHETIC_ROBUSTNESS
565,brown jumps jumps jumps over ove,53.310386686114256,SYNTHETIC_ROBUSTNESS
566,stream compress jumps lazy fox d,53.38630110170333,SYNTHETIC_ROBUSTNESS
567,the lazy dog brown dog dogaaaaaa,53.3925534119316,SYNTHETIC_ROBUSTNESS
568,lazy data quick compress the dat,53.50749280320119,SYNTHETIC_ROBUSTNESS
569,jumps dog stream compress quick ,53.556015925162015,SYNTHETIC_ROBUSTNESS
570,quick fox stream dog over theaaa,53.60662933657653,SYNTHETIC_ROBUSTNESS
571,quick data lazy jumps jumps comp,53.6374623641497,SYNTHETIC_ROBUSTNESS
572,brown data lazy dog lazy dataaaa,53.67809826397078,SYNTHETIC_ROBUSTNESS
573,compress over over data dog jump,53.87592396326607,SYNTHETIC_ROBUSTNESS
574,jumps lazy stream quick jumps fo,54.03132569130053,SYNTHETIC_ROBUSTNESS
575,compress stream the the quick st,54.305857132321016,SYNTHETIC_ROBUSTNESS
576,lazy jumps jumps jumps the quick,54.425920763726616,SYNTHETIC_ROBUSTNESS
577,jumps the lazy the stream stream,54.51216537684556,SYNTHETIC_ROBUSTNESS
578,compress over stream the compres,54.54217543478409,SYNTHETIC_ROBUSTNESS
579,lazy quick dog stream fox compre,54.65209327581731,SYNTHETIC_ROBUSTNESS
580,the brown over compress stream f,54.88870764619359,SYNTHETIC_ROBUSTNESS
581,compress the compress brown quic,54.89587503501003,SYNTHETIC_ROBUSTNESS
582,jumps stream jumps dog fox dataa,54.95440664857727,SYNTHETIC_ROBUSTNESS
583,lazy data brown data jumps dogaa,54.970583359555256,SYNTHETIC_ROBUSTNESS
584,fox data jumps quick stream data,55.136981471446596,SYNTHETIC_ROBUSTNESS
585,dog stream compress compress com,55.232198717105454,SYNTHETIC_ROBUSTNESS
586,lazy data the stream dog overaaa,55.44393326108675,SYNTHETIC_ROBUSTNESS
587,fox jumps jumps lazy jumps lazya,55.45045114676606,SYNTHETIC_ROBUSTNESS
588,fox data over data stream dataaa,55.68661109451866,SYNTHETIC_ROBUSTNESS
589,compress jumps dog the quick ove,55.69356717834931,SYNTHETIC_ROBUSTNESS
590,compress quick the the fox lazya,55.72747956537718,SYNTHETIC_ROBUSTNESS
591,data dog lazy brown jumps quicka,55.74445948402991,SYNTHETIC_ROBUSTNESS
592,stream stream quick the over dog,55.76016998212151,SYNTHETIC_ROBUSTNESS
593,brown dog dog fox data compressa,55.77900433513229,SYNTHETIC_ROBUSTNESS
594,jumps brown compress dog fox jum,55.84443888907021,SYNTHETIC_ROBUSTNESS
595,jumps stream dog dog lazy dataaa,55.997854442849885,SYNTHETIC_ROBUSTNESS
596,quick stream the data dog stream,56.226404897852454,SYNTHETIC_ROBUSTNESS
597,lazy jumps dog stream jumps thea,56.31007833327677,SYNTHETIC_ROBUSTNESS
598,lazy data fox dog dog lazyaaaaaa,56.32724635784101,SYNTHETIC_ROBUSTNESS
599,stream compress fox fox brown co,56.33549658702945,SYNTHETIC_ROBUSTNESS
600,brown stream compress quick lazy,56.403644067797956,SYNTHETIC_ROBUSTNESS
601,stream quick stream compress com,56.54862297737243,SYNTHETIC_ROBUSTNESS
602,stream compress fox jumps quick ,56.6454237711808,SYNTHETIC_ROBUSTNESS
603,lazy data stream quick stream st,56.73283831260635,SYNTHETIC_ROBUSTNESS
604,jumps lazy brown over compress q,56.73777364237257,SYNTHETIC_ROBUSTNESS
605,dog quick compress stream quick ,56.79079919046077,SYNTHETIC_ROBUSTNESS
606,stream dog jumps fox stream data,56.87073530074008,SYNTHETIC_ROBUSTNESS
607,the data lazy data compress quic,56.96193817312532,SYNTHETIC_ROBUSTNESS
608,stream brown compress brown jump,56.96242013893554,SYNTHETIC_ROBUSTNESS
609,compress the the brown over brow,56.9846788815924,SYNTHETIC_ROBUSTNESS
610,the lazy the fox brown quickaaaa,57.28382504404702,SYNTHETIC_ROBUSTNESS
611,data dog the brown over compress,57.35488364743314,SYNTHETIC_ROBUSTNESS
612,data jumps compress over quick j,57.47650242517803,SYNTHETIC_ROBUSTNESS
613,compress brown the compress quic,57.51334634557737,SYNTHETIC_ROBUSTNESS
614,data dog jumps the brown dataaaa,57.60138369852231,SYNTHETIC_ROBUSTNESS
615,quick jumps lazy dog dog theaaaa,57.64546193862302,SYNTHETIC_ROBUSTNESS
616,quick quick dog brown data lazya,57.68069592812105,SYNTHETIC_ROBUSTNESS
617,brown compress jumps fox compres,57.73369642935016,SYNTHETIC_ROBUSTNESS
618,over dog the over compress foxaa,57.79528318339791,SYNTHETIC_ROBUSTNESS
619,lazy over over lazy stream jumps,57.83550241343288,SYNTHETIC_ROBUSTNESS
620,quick data quick quick over comp,57.86534161681788,SYNTHETIC_ROBUSTNESS
621,fox jumps jumps compress jumps b,57.96311046965273,SYNTHETIC_ROBUSTNESS
622,quick stream lazy over fox strea,58.01103226097358,SYNTHETIC_ROBUSTNESS
623,brown lazy fox lazy fox brownaaa,58.03357513082368,SYNTHETIC_ROBUSTNESS
624,over lazy compress jumps data la,58.17560894713917,SYNTHETIC_ROBUSTNESS
625,data dog quick jumps over jumpsa,58.30425080219725,SYNTHETIC_ROBUSTNESS
626,lazy stream brown brown lazy com,58.522124696992044,SYNTHETIC_ROBUSTNESS
627,lazy jumps fox compress stream t,58.60309707072429,SYNTHETIC_ROBUSTNESS
628,stream fox lazy compress lazy br,58.63586931456158,SYNTHETIC_ROBUSTNESS
629,jumps compress lazy lazy fox laz,58.83516464268317,SYNTHETIC_ROBUSTNESS
630,compress brown brown over over o,58.86805688043149,SYNTHETIC_ROBUSTNESS
631,stream compress compress jumps b,58.97465220622411,SYNTHETIC_ROBUSTNESS
632,data fox brown stream dog dogaaa,58.995772844097644,SYNTHETIC_ROBUSTNESS
633,lazy dog lazy fox fox overaaaaaa,59.094975269896175,SYNTHETIC_ROBUSTNESS
634,compress lazy data fox compress ,59.27877059987036,SYNTHETIC_ROBUSTNESS
635,stream data dog stream over stre,59.356411327457465,SYNTHETIC_ROBUSTNESS
636,dog jumps dog lazy fox lazyaaaaa,59.4200667500281,SYNTHETIC_ROBUSTNESS
637,compress the brown lazy quick co,59.92324637854278,SYNTHETIC_ROBUSTNESS
638,lazy brown the dog over foxaaaaa,59.925517176221824,SYNTHETIC_ROBUSTNESS
639,fox compress stream compress ove,59.965823712296185,SYNTHETIC_ROBUSTNESS
640,over stream dog dog stream dataa,60.21665969546366,SYNTHETIC_ROBUSTNESS
641,stream quick fox the over theaaa,60.31956160705558,SYNTHETIC_ROBUSTNESS
642,the over quick data data dataaaa,60.397671457970674,SYNTHETIC_ROBUSTNESS
643,compress jumps compress data laz,60.49919743757375,SYNTHETIC_ROBUSTNESS
644,compress over data stream dog da,60.53804955715294,SYNTHETIC_ROBUSTNESS
645,over compress over compress jump,60.54543231161555,SYNTHETIC_ROBUSTNESS
646,compress brown stream lazy the s,60.57761106716525,SYNTHETIC_ROBUSTNESS
647,lazy jumps stream jumps over fox,60.61863312184363,SYNTHETIC_ROBUSTNESS
648,jumps fox brown compress compres,60.68399983543981,SYNTHETIC_ROBUSTNESS
649,stream dog stream the jumps doga,60.73407028934257,SYNTHETIC_ROBUSTNESS
650,fox fox data quick compress foxa,60.80767622178113,SYNTHETIC_ROBUSTNESS
651,dog the fox over jumps jumpsaaaa,60.82950194556655,SYNTHETIC_ROBUSTNESS
652,fox lazy the data data lazyaaaaa,60.84984197711746,SYNTHETIC_ROBUSTNESS
653,over lazy dog quick quick stream,60.89318407448737,SYNTHETIC_ROBUSTNESS
654,over the quick quick stream foxa,60.95737534017703,SYNTHETIC_ROBUSTNESS
655,over brown brown dog brown theaa,60.99918913612165,SYNTHETIC_ROBUSTNESS
656,jumps jumps compress data data f,61.085124008468746,SYNTHETIC_ROBUSTNESS
657,fox jumps compress data compress,61.12223126263924,SYNTHETIC_ROBUSTNESS
658,quick lazy lazy data brown quick,61.1417317065319,SYNTHETIC_ROBUSTNESS
659,lazy fox stream lazy jumps dataa,61.340383753344476,SYNTHETIC_ROBUSTNESS
660,compress stream data brown brown,61.362773399134205,SYNTHETIC_ROBUSTNESS
661,dog fox brown the fox jumpsaaaaa,61.70281733546304,SYNTHETIC_ROBUSTNESS
662,fox dog dog lazy over theaaaaaaa,62.14025552252086,SYNTHETIC_ROBUSTNESS
663,fox dog dog brown stream dataaaa,62.25959303687064,SYNTHETIC_ROBUSTNESS
664,dog compress fox jumps the compr,62.32930875669266,SYNTHETIC_ROBUSTNESS
665,compress stream jumps quick the ,62.487987803607304,SYNTHETIC_ROBUSTNESS
666,lazy dog the fox the dataaaaaaaa,62.69450436906959,SYNTHETIC_ROBUSTNESS
667,fox dog stream lazy fox brownaaa,62.81815114405704,SYNTHETIC_ROBUSTNESS
668,the over quick dog fox brownaaaa,62.82891464915087,SYNTHETIC_ROBUSTNESS
669,data dog over quick stream overa,62.829213883352644,SYNTHETIC_ROBUSTNESS
670,jumps quick brown brown quick do,62.85052099357147,SYNTHETIC_ROBUSTNESS
671,jumps fox over dog jumps overaaa,62.87141201330189,SYNTHETIC_ROBUSTNESS
672,lazy dog dog fox quick lazyaaaaa,62.89156459120764,SYNTHETIC_ROBUSTNESS
673,jumps data stream compress compr,62.962853125221926,SYNTHETIC_ROBUSTNESS
674,quick dog the over fox lazyaaaaa,63.03626764087117,SYNTHETIC_ROBUSTNESS
675,data stream quick dog compress s,63.16464937756801,SYNTHETIC_ROBUSTNESS
676,jumps jumps brown the lazy lazya,63.18714737784523,SYNTHETIC_ROBUSTNESS
677,lazy dog jumps stream data dogaa,63.19687117693604,SYNTHETIC_ROBUSTNESS
678,stream dog lazy the compress ove,63.30655994990627,SYNTHETIC_ROBUSTNESS
679,brown dog quick brown stream fox,63.37272422430759,SYNTHETIC_ROBUSTNESS
680,brown stream brown over dog data,63.48248170202762,SYNTHETIC_ROBUSTNESS
681,jumps the fox quick over foxaaaa,63.53040474776766,SYNTHETIC_ROBUSTNESS
682,quick compress dog lazy over ove,63.669352905035794,SYNTHETIC_ROBUSTNESS
683,the fox quick stream the dogaaaa,63.784112397116374,SYNTHETIC_ROBUSTNESS
684,brown stream fox lazy quick brow,63.88919233024398,SYNTHETIC_ROBUSTNESS
685,quick over brown lazy the dogaaa,63.891987975095695,SYNTHETIC_ROBUSTNESS
686,compress brown brown over over b,64.08726827118858,SYNTHETIC_ROBUSTNESS
687,lazy lazy fox stream fox brownaa,64.1345260889958,SYNTHETIC_ROBUSTNESS
688,over brown brown fox jumps dogaa,64.14909985248822,SYNTHETIC_ROBUSTNESS
689,lazy fox lazy lazy compress foxa,64.28999006142432,SYNTHETIC_ROBUSTNESS
690,brown the data fox brown streama,64.35663570265913,SYNTHETIC_ROBUSTNESS
691,stream lazy jumps brown over str,64.35988857779066,SYNTHETIC_ROBUSTNESS
692,lazy over lazy compress data the,64.51215565795313,SYNTHETIC_ROBUSTNESS
693,over stream compress fox dog laz,64.56925524358523,SYNTHETIC_ROBUSTNESS
694,jumps fox fox compress compress ,64.70987472489443,SYNTHETIC_ROBUSTNESS
695,fox fox stream compress fox comp,64.85076595558982,SYNTHETIC_ROBUSTNESS
696,jumps the data compress over laz,64.86129491967675,SYNTHETIC_ROBUSTNESS
697,brown dog the the lazy foxaaaaaa,64.95628634754327,SYNTHETIC_ROBUSTNESS
698,brown stream quick brown fox jum,65.00093647641724,SYNTHETIC_ROBUSTNESS
699,stream jumps brown quick lazy do,65.07999084662472,SYNTHETIC_ROBUSTNESS
700,compress over compress over jump,65.08926236928359,SYNTHETIC_ROBUSTNESS
701,lazy lazy over data over dogaaaa,65.17798012536811,SYNTHETIC_ROBUSTNESS
702,over data data the stream foxaaa,65.32828093257709,SYNTHETIC_ROBUSTNESS
703,the data compress lazy brown qui,65.76113940833471,SYNTHETIC_ROBUSTNESS
704,quick lazy jumps the data browna,65.79974677513846,SYNTHETIC_ROBUSTNESS
705,the data brown data compress jum,65.81660340480614,SYNTHETIC_ROBUSTNESS
706,compress lazy data jumps fox dat,65.86215845532409,SYNTHETIC_ROBUSTNESS
707,fox dog stream dog brown jumpsaa,65.86410757631958,SYNTHETIC_ROBUSTNESS
708,dog brown quick fox data compres,65.91666315486158,SYNTHETIC_ROBUSTNESS
709,jumps dog data jumps over compre,66.16269176070064,SYNTHETIC_ROBUSTNESS
710,compress the brown quick fox dog,66.18430248390342,SYNTHETIC_ROBUSTNESS
711,brown compress data quick lazy f,66.24925756023185,SYNTHETIC_ROBUSTNESS
712,the fox compress over brown brow,66.33426504399554,SYNTHETIC_ROBUSTNESS
713,quick the quick dog stream compr,66.3540988116661,SYNTHETIC_ROBUSTNESS
714,jumps dog jumps brown compress c,66.3941623193723,SYNTHETIC_ROBUSTNESS
715,quick dog compress data quick da,66.63647676947157,SYNTHETIC_ROBUSTNESS
716,fox the lazy over stream quickaa,66.67153593769042,SYNTHETIC_ROBUSTNESS
717,compress fox compress dog quick ,66.77242123697754,SYNTHETIC_ROBUSTNESS
718,lazy compress lazy brown jumps s,66.78714972451085,SYNTHETIC_ROBUSTNESS
719,brown jumps data data data dogaa,66.89797562521329,SYNTHETIC_ROBUSTNESS
720,the jumps dog stream jumps dogaa,66.93070727051011,SYNTHETIC_ROBUSTNESS
721,lazy stream dog data brown theaa,66.95700787917445,SYNTHETIC_ROBUSTNESS
722,fox fox dog quick compress compr,66.97026565611759,SYNTHETIC_ROBUSTNESS
723,data data data fox lazy compress,66.97506126775636,SYNTHETIC_ROBUSTNESS
724,fox over compress over the lazya,67.31882576177317,SYNTHETIC_ROBUSTNESS
725,the jumps brown compress brown j,67.37225305198467,SYNTHETIC_ROBUSTNESS
726,the lazy dog jumps the brownaaaa,67.52258779434358,SYNTHETIC_ROBUSTNESS
727,quick dog data over dog brownaaa,67.77527234593659,SYNTHETIC_ROBUSTNESS
728,quick stream lazy lazy jumps ove,67.7980905226549,SYNTHETIC_ROBUSTNESS
729,the over fox data dog dataaaaaaa,68.001996208745,SYNTHETIC_ROBUSTNESS
730,fox fox dog dog stream jumpsaaaa,68.12510476357741,SYNTHETIC_ROBUSTNESS
731,dog quick fox data compress jump,68.21137432324724,SYNTHETIC_ROBUSTNESS
732,compress stream compress the the,68.37696325399939,SYNTHETIC_ROBUSTNESS
733,jumps fox stream stream lazy ove,68.38869133537384,SYNTHETIC_ROBUSTNESS
734,quick the fox brown brown browna,68.41928956399931,SYNTHETIC_ROBUSTNESS
735,compress brown dog over lazy dat,68.4333366338205,SYNTHETIC_ROBUSTNESS
736,data dog compress the lazy quick,68.65964477791734,SYNTHETIC_ROBUSTNESS
737,brown lazy stream the lazy strea,68.67004732527963,SYNTHETIC_ROBUSTNESS
738,quick the quick over jumps foxaa,69.06100204017632,SYNTHETIC_ROBUSTNESS
739,brown stream quick dog quick fox,69.07264319948125,SYNTHETIC_ROBUSTNESS
740,jumps jumps dog quick quick data,69.18106080254518,SYNTHETIC_ROBUSTNESS
741,data the brown stream the browna,69.28908718277953,SYNTHETIC_ROBUSTNESS
742,the fox the lazy quick dogaaaaaa,69.55680947737793,SYNTHETIC_ROBUSTNESS
743,the lazy the stream stream strea,69.595837452973,SYNTHETIC_ROBUSTNESS
744,compress lazy quick compress str,69.63618594645904,SYNTHETIC_ROBUSTNESS
745,the over fox over over compressa,69.82345685437599,SYNTHETIC_ROBUSTNESS
746,brown dog brown jumps lazy brown,70.20777911573212,SYNTHETIC_ROBUSTNESS
747,compress jumps brown stream lazy,70.21083934458981,SYNTHETIC_ROBUSTNESS
748,stream data jumps quick quick do,70.31171200245335,SYNTHETIC_ROBUSTNESS
749,lazy brown lazy compress dog dog,70.33963573879707,SYNTHETIC_ROBUSTNESS
750,the the fox lazy compress stream,70.46981719635582,SYNTHETIC_ROBUSTNESS
751,jumps over dog stream stream com,70.61797401456452,SYNTHETIC_ROBUSTNESS
752,dog jumps over compress lazy jum,70.76174354151148,SYNTHETIC_ROBUSTNESS
753,over the quick fox stream theaaa,70.81892701093253,SYNTHETIC_ROBUSTNESS
754,over quick lazy dog dog dogaaaaa,70.83610095187557,SYNTHETIC_ROBUSTNESS
755,brown brown stream compress brow,70.92399192839436,SYNTHETIC_ROBUSTNESS
756,fox lazy stream quick data lazya,71.07959968868293,SYNTHETIC_ROBUSTNESS
757,dog quick lazy compress compress,71.32286337091197,SYNTHETIC_ROBUSTNESS
758,quick stream stream compress bro,71.38312901662374,SYNTHETIC_ROBUSTNESS
759,the brown lazy the lazy dataaaaa,71.4113222662065,SYNTHETIC_ROBUSTNESS
760,compress dog over the the overaa,71.42397188293052,SYNTHETIC_ROBUSTNESS
761,jumps jumps fox brown jumps over,71.5837233644058,SYNTHETIC_ROBUSTNESS
762,compress stream compress data fo,71.6603591221232,SYNTHETIC_ROBUSTNESS
763,lazy stream jumps compress brown,71.77250139792105,SYNTHETIC_ROBUSTNESS
764,quick brown over fox dog foxaaaa,71.78984634900316,SYNTHETIC_ROBUSTNESS
765,dog fox fox stream compress stre,71.7905064043038,SYNTHETIC_ROBUSTNESS
766,the over over compress stream st,72.13340933714817,SYNTHETIC_ROBUSTNESS
767,jumps data the quick stream data,72.29995102334759,SYNTHETIC_ROBUSTNESS
768,compress dog the brown fox jumps,72.35103798740259,SYNTHETIC_ROBUSTNESS
769,brown over quick dog stream over,72.41212980339228,SYNTHETIC_ROBUSTNESS
770,over brown brown the compress th,72.67672944231374,SYNTHETIC_ROBUSTNESS
771,compress brown compress lazy the,72.70000468468422,SYNTHETIC_ROBUSTNESS
772,over brown lazy data brown overa,72.86237291581111,SYNTHETIC_ROBUSTNESS
773,over quick fox dog compress quic,72.86418213676392,SYNTHETIC_ROBUSTNESS
774,data stream data jumps dog quick,73.07269815206062,SYNTHETIC_ROBUSTNESS
775,stream dog jumps fox compress br,73.16168348370735,SYNTHETIC_ROBUSTNESS
776,dog jumps jumps quick fox dataaa,73.22661143479313,SYNTHETIC_ROBUSTNESS
777,jumps compress compress brown ju,73.34918478827866,SYNTHETIC_ROBUSTNESS
778,fox the lazy jumps fox brownaaaa,73.35618960944642,SYNTHETIC_ROBUSTNESS
779,over quick dog over compress jum,73.37794850472669,SYNTHETIC_ROBUSTNESS
780,brown fox stream over fox foxaaa,73.43020207709706,SYNTHETIC_ROBUSTNESS
781,compress jumps jumps fox over th,73.52640051799989,SYNTHETIC_ROBUSTNESS
782,the over stream jumps over strea,73.54201308140254,SYNTHETIC_ROBUSTNESS
783,compress jumps jumps over fox ov,73.58973480808952,SYNTHETIC_ROBUSTNESS
784,lazy stream over data compress d,73.61996604219016,SYNTHETIC_ROBUSTNESS
785,the over quick compress fox brow,73.72369030502738,SYNTHETIC_ROBUSTNESS
786,stream lazy compress the stream ,73.9753652745789,SYNTHETIC_ROBUSTNESS
787,brown the jumps brown over compr,73.99351496027248,SYNTHETIC_ROBUSTNESS
788,brown dog over fox dog overaaaaa,74.01449588818224,SYNTHETIC_ROBUSTNESS
789,data fox lazy stream lazy overaa,74.10625716865283,SYNTHETIC_ROBUSTNESS
790,quick stream stream compress bro,74.16669070446274,SYNTHETIC_ROBUSTNESS
791,quick dog dog the quick lazyaaaa,74.29331262632141,SYNTHETIC_ROBUSTNESS
792,compress quick stream fox lazy b,74.32726425864116,SYNTHETIC_ROBUSTNESS
793,quick quick fox fox over foxaaaa,74.40597040771111,SYNTHETIC_ROBUSTNESS
794,stream quick quick dog data doga,74.4548814116178,SYNTHETIC_ROBUSTNESS
795,the stream jumps lazy lazy lazya,74.4879075493198,SYNTHETIC_ROBUSTNESS
796,dog jumps jumps stream lazy doga,74.61858063193115,SYNTHETIC_ROBUSTNESS
797,quick stream data fox dog dataaa,74.77749208998071,SYNTHETIC_ROBUSTNESS
798,brown quick data over quick jump,74.81738346969226,SYNTHETIC_ROBUSTNESS
799,stream data brown data fox jumps,74.91492700902565,SYNTHETIC_ROBUSTNESS
800,brown lazy compress brown dog la,74.93460046855205,SYNTHETIC_ROBUSTNESS
801,fox jumps brown compress fox str,75.09112720534834,SYNTHETIC_ROBUSTNESS
802,brown compress data lazy the dat,75.12415147909392,SYNTHETIC_ROBUSTNESS
803,lazy brown quick dog fox overaaa,75.14289953271597,SYNTHETIC_ROBUSTNESS
804,compress over fox jumps quick st,75.42417628452554,SYNTHETIC_ROBUSTNESS
805,stream compress jumps stream bro,75.47907824630774,SYNTHETIC_ROBUSTNESS
806,the quick over stream fox compre,75.5822203259146,SYNTHETIC_ROBUSTNESS
807,compress jumps dog the stream th,75.74788028003084,SYNTHETIC_ROBUSTNESS
808,dog compress dog lazy quick doga,75.86376184356277,SYNTHETIC_ROBUSTNESS
809,lazy compress quick stream compr,75.94692465037149,SYNTHETIC_ROBUSTNESS
810,fox jumps data fox stream lazyaa,75.99338462945882,SYNTHETIC_ROBUSTNESS
811,fox dog compress jumps stream da,76.24412812497921,SYNTHETIC_ROBUSTNESS
812,the dog lazy dog fox dogaaaaaaaa,76.25846229007371,SYNTHETIC_ROBUSTNESS
813,stream over data compress over q,76.47380961665357,SYNTHETIC_ROBUSTNESS
814,the fox jumps fox dog brownaaaaa,76.59754493833773,SYNTHETIC_ROBUSTNESS
815,data data jumps stream compress ,76.68227054892766,SYNTHETIC_ROBUSTNESS
816,compress over stream compress do,76.72153744605005,SYNTHETIC_ROBUSTNESS
817,quick quick jumps stream lazy do,76.73732502516533,SYNTHETIC_ROBUSTNESS
818,jumps brown data over compress b,76.79587285826256,SYNTHETIC_ROBUSTNESS
819,lazy dog quick fox fox lazyaaaaa,76.94900927426171,SYNTHETIC_ROBUSTNESS
820,dog fox fox brown quick foxaaaaa,77.0857799822838,SYNTHETIC_ROBUSTNESS
821,jumps dog jumps compress dog dat,77.18946837301422,SYNTHETIC_ROBUSTNESS
822,brown fox fox data compress brow,77.67874922541203,SYNTHETIC_ROBUSTNESS
823,data quick lazy lazy brown dogaa,78.0385974327632,SYNTHETIC_ROBUSTNESS
824,compress dog over data the compr,78.0896808075469,SYNTHETIC_ROBUSTNESS
825,brown compress jumps quick compr,78.11106628298744,SYNTHETIC_ROBUSTNESS
826,fox data stream brown brown jump,78.17339822578911,SYNTHETIC_ROBUSTNESS
827,quick dog compress compress stre,78.35955845923297,SYNTHETIC_ROBUSTNESS
828,brown over over lazy stream quic,78.42091133171073,SYNTHETIC_ROBUSTNESS
829,over the data lazy stream browna,78.46185592859173,SYNTHETIC_ROBUSTNESS
830,lazy the the compress brown jump,78.59703807276344,SYNTHETIC_ROBUSTNESS
831,dog jumps over the dog overaaaaa,78.7020595534371,SYNTHETIC_ROBUSTNESS
832,over stream over brown data data,79.04846582801038,SYNTHETIC_ROBUSTNESS
833,over fox fox compress dog jumpsa,79.12815228410834,SYNTHETIC_ROBUSTNESS
834,jumps brown the compress fox qui,79.47071827371109,SYNTHETIC_ROBUSTNESS
835,jumps dog over jumps stream brow,79.50509926647155,SYNTHETIC_ROBUSTNESS
836,quick dog fox the lazy brownaaaa,79.70521714967025,SYNTHETIC_ROBUSTNESS
837,over compress data jumps the dat,79.74843787352106,SYNTHETIC_ROBUSTNESS
838,fox stream lazy data data dogaaa,79.91434047776603,SYNTHETIC_ROBUSTNESS
839,the compress the over the overaa,80.1746908284765,SYNTHETIC_ROBUSTNESS
840,dog lazy brown dog stream foxaaa,80.27229253603545,SYNTHETIC_ROBUSTNESS
841,over fox quick stream data compr,80.40268993181938,SYNTHETIC_ROBUSTNESS
842,fox data over stream stream comp,80.72123330692251,SYNTHETIC_ROBUSTNESS
843,quick the dog compress jumps bro,80.76825870701762,SYNTHETIC_ROBUSTNESS
844,brown over compress jumps jumps ,80.83991742855876,SYNTHETIC_ROBUSTNESS
845,brown compress lazy data compres,81.06848228228337,SYNTHETIC_ROBUSTNESS
846,fox compress fox quick data quic,81.18020550832587,SYNTHETIC_ROBUSTNESS
847,compress jumps brown lazy the fo,81.38702885088217,SYNTHETIC_ROBUSTNESS
848,jumps dog fox the over jumpsaaaa,81.48332896471261,SYNTHETIC_ROBUSTNESS
849,quick brown stream lazy data dat,81.61793333726507,SYNTHETIC_ROBUSTNESS
850,jumps data lazy dog dog theaaaaa,81.61924818696248,SYNTHETIC_ROBUSTNESS
851,quick lazy over stream data data,81.6607502178326,SYNTHETIC_ROBUSTNESS
852,quick brown compress jumps compr,81.80790091150092,SYNTHETIC_ROBUSTNESS
853,lazy jumps over over fox quickaa,81.85965370665586,SYNTHETIC_ROBUSTNESS
854,lazy quick stream quick quick qu,81.90472821012608,SYNTHETIC_ROBUSTNESS
855,brown brown lazy dog stream comp,82.20745511891691,SYNTHETIC_ROBUSTNESS
856,quick brown data jumps stream co,82.28787382980087,SYNTHETIC_ROBUSTNESS
857,lazy jumps stream fox jumps stre,82.30925407201296,SYNTHETIC_ROBUSTNESS
858,dog compress the jumps quick fox,82.37316291425783,SYNTHETIC_ROBUSTNESS
859,compress dog the dog fox dataaaa,82.44628339691906,SYNTHETIC_ROBUSTNESS
860,lazy lazy dog compress lazy foxa,82.89485899224374,SYNTHETIC_ROBUSTNESS
861,quick lazy quick quick jumps bro,83.02152169407081,SYNTHETIC_ROBUSTNESS
862,data stream lazy lazy compress f,83.09479413295597,SYNTHETIC_ROBUSTNESS
863,brown fox compress the data brow,83.15135589241206,SYNTHETIC_ROBUSTNESS
864,over jumps the quick the dogaaaa,83.3984502971089,SYNTHETIC_ROBUSTNESS
865,compress stream quick stream qui,83.50227948995935,SYNTHETIC_ROBUSTNESS
866,the fox dog lazy quick streamaaa,83.54629862263695,SYNTHETIC_ROBUSTNESS
867,lazy lazy quick dog over dataaaa,83.60877840845252,SYNTHETIC_ROBUSTNESS
868,quick compress dog brown brown s,83.64136870696915,SYNTHETIC_ROBUSTNESS
869,fox over quick compress data str,83.9643337772194,SYNTHETIC_ROBUSTNESS
870,dog dog brown stream quick lazya,84.08538153031871,SYNTHETIC_ROBUSTNESS
871,compress jumps fox fox over thea,84.1351886383496,SYNTHETIC_ROBUSTNESS
872,quick quick over lazy over strea,84.1554263559404,SYNTHETIC_ROBUSTNESS
873,dog stream jumps over brown foxa,84.17490858274049,SYNTHETIC_ROBUSTNESS
874,over fox brown jumps brown jumps,84.23986798071076,SYNTHETIC_ROBUSTNESS
875,lazy quick brown data lazy dataa,84.30289781118839,SYNTHETIC_ROBUSTNESS
876,stream jumps over over over data,84.35698998454328,SYNTHETIC_ROBUSTNESS
877,stream fox lazy compress fox dat,84.54791330915693,SYNTHETIC_ROBUSTNESS
878,lazy brown brown quick data comp,84.93511240246416,SYNTHETIC_ROBUSTNESS
879,brown over quick dog quick strea,84.97893548739711,SYNTHETIC_ROBUSTNESS
880,brown stream quick data data str,85.01383602106144,SYNTHETIC_ROBUSTNESS
881,brown over stream data jumps com,85.16085179580219,SYNTHETIC_ROBUSTNESS
882,dog brown brown jumps brown doga,85.22059785652417,SYNTHETIC_ROBUSTNESS
883,quick brown the lazy compress do,85.24513275842348,SYNTHETIC_ROBUSTNESS
884,fox the over over data quickaaaa,85.26509246214157,SYNTHETIC_ROBUSTNESS
885,compress data the over lazy foxa,85.29802175527804,SYNTHETIC_ROBUSTNESS
886,quick compress quick stream fox ,85.29815420582226,SYNTHETIC_ROBUSTNESS
887,jumps quick brown the data dogaa,85.58190736684688,SYNTHETIC_ROBUSTNESS
888,over compress stream lazy lazy b,85.6381629307505,SYNTHETIC_ROBUSTNESS
889,fox dog compress stream the data,85.64681104672854,SYNTHETIC_ROBUSTNESS
890,compress data stream the compres,85.66483826794345,SYNTHETIC_ROBUSTNESS
891,fox stream lazy over data overaa,85.703896578996,SYNTHETIC_ROBUSTNESS
892,quick the compress quick lazy qu,85.78412449071219,SYNTHETIC_ROBUSTNESS
893,brown over data fox brown compre,85.9057682000142,SYNTHETIC_ROBUSTNESS
894,stream lazy fox lazy lazy quicka,85.94256363016467,SYNTHETIC_ROBUSTNESS
895,lazy data the dog quick brownaaa,86.25866320255639,SYNTHETIC_ROBUSTNESS
896,jumps brown data the lazy jumpsa,86.4015048821545,SYNTHETIC_ROBUSTNESS
897,over compress over dog brown fox,86.57625929746534,SYNTHETIC_ROBUSTNESS
898,fox lazy fox data fox jumpsaaaaa,86.6153631185958,SYNTHETIC_ROBUSTNESS
899,compress fox dog lazy lazy dataa,86.66332185219864,SYNTHETIC_ROBUSTNESS
900,brown jumps brown jumps over laz,86.74055426511875,SYNTHETIC_ROBUSTNESS
901,over fox fox quick fox jumpsaaaa,86.80064698065486,SYNTHETIC_ROBUSTNESS
902,quick brown compress dog fox bro,86.83074286816108,SYNTHETIC_ROBUSTNESS
903,brown data the quick stream thea,87.42112185101915,SYNTHETIC_ROBUSTNESS
904,the over dog the over theaaaaaaa,87.60974485292971,SYNTHETIC_ROBUSTNESS
905,jumps brown fox brown brown quic,87.63692406444075,SYNTHETIC_ROBUSTNESS
906,dog brown compress fox data stre,87.85985617505156,SYNTHETIC_ROBUSTNESS
907,quick data lazy dog data jumpsaa,87.94825933640948,SYNTHETIC_ROBUSTNESS
908,compress data jumps fox jumps th,87.94952349825671,SYNTHETIC_ROBUSTNESS
909,brown jumps brown compress lazy ,87.99201144062529,SYNTHETIC_ROBUSTNESS
910,over the brown compress lazy the,87.99461840449086,SYNTHETIC_ROBUSTNESS
911,lazy quick over over lazy dataaa,88.00380477549629,SYNTHETIC_ROBUSTNESS
912,the data over brown over foxaaaa,88.02352522835403,SYNTHETIC_ROBUSTNESS
913,stream lazy lazy the over browna,88.08976736608678,SYNTHETIC_ROBUSTNESS
914,data over the lazy lazy jumpsaaa,88.13777901852978,SYNTHETIC_ROBUSTNESS
915,the over jumps the dog quickaaaa,88.15391288373777,SYNTHETIC_ROBUSTNESS
916,data fox fox over the quickaaaaa,88.20409210937734,SYNTHETIC_ROBUSTNESS
917,lazy dog fox stream quick stream,88.24038146060421,SYNTHETIC_ROBUSTNESS
918,dog data jumps lazy the dataaaaa,88.29317116862927,SYNTHETIC_ROBUSTNESS
919,stream dog fox lazy fox foxaaaaa,88.3120829347901,SYNTHETIC_ROBUSTNESS
920,stream brown compress jumps data,88.40616972351472,SYNTHETIC_ROBUSTNESS
921,compress compress the stream ove,88.41072504309048,SYNTHETIC_ROBUSTNESS
922,stream over jumps jumps lazy dat,88.45980728132075,SYNTHETIC_ROBUSTNESS
923,quick data fox over data lazyaaa,88.68507795113528,SYNTHETIC_ROBUSTNESS
924,compress quick fox the compress ,88.73949383581562,SYNTHETIC_ROBUSTNESS
925,lazy compress fox compress lazy ,88.79766871734788,SYNTHETIC_ROBUSTNESS
926,compress stream jumps stream dat,88.80471189236499,SYNTHETIC_ROBUSTNESS
927,fox brown stream lazy brown stre,88.89769111288227,SYNTHETIC_ROBUSTNESS
928,data brown stream data stream ju,89.17320969568468,SYNTHETIC_ROBUSTNESS
929,lazy brown compress stream compr,89.20768580061203,SYNTHETIC_ROBUSTNESS
930,stream brown data lazy brown dat,89.25764991575966,SYNTHETIC_ROBUSTNESS
931,dog jumps fox compress over quic,89.34636149036619,SYNTHETIC_ROBUSTNESS
932,dog over compress lazy jumps ove,89.35614605712811,SYNTHETIC_ROBUSTNESS
933,fox jumps fox stream dog jumpsaa,89.65628779534933,SYNTHETIC_ROBUSTNESS
934,data fox over the stream dogaaaa,89.71932318983534,SYNTHETIC_ROBUSTNESS
935,brown data jumps the brown dataa,89.73155083567642,SYNTHETIC_ROBUSTNESS
936,the data compress quick the lazy,89.77238183938674,SYNTHETIC_ROBUSTNESS
937,the brown data dog lazy streamaa,89.81919532395327,SYNTHETIC_ROBUSTNESS
938,jumps stream jumps dog jumps fox,89.86156498346641,SYNTHETIC_ROBUSTNESS
939,over jumps fox lazy quick lazyaa,89.97972861319889,SYNTHETIC_ROBUSTNESS
940,jumps compress dog data quick do,90.02212014981114,SYNTHETIC_ROBUSTNESS
941,dog brown compress compress lazy,90.06125476985635,SYNTHETIC_ROBUSTNESS
942,data dog the dog jumps streamaaa,90.1001286263911,SYNTHETIC_ROBUSTNESS
943,the brown quick compress the dog,90.25056820328734,SYNTHETIC_ROBUSTNESS
944,dog lazy data brown dog lazyaaaa,90.28744028401978,SYNTHETIC_ROBUSTNESS
945,brown the brown stream jumps dat,90.28884998303437,SYNTHETIC_ROBUSTNESS
946,over lazy dog data brown dogaaaa,90.33434732014574,SYNTHETIC_ROBUSTNESS
947,fox over stream quick the dataaa,90.36695318992444,SYNTHETIC_ROBUSTNESS
948,fox jumps stream data jumps brow,90.60666172548407,SYNTHETIC_ROBUSTNESS
949,brown brown lazy dog stream comp,90.67165252220984,SYNTHETIC_ROBUSTNESS
950,lazy brown lazy the dog brownaaa,90.69838497024968,SYNTHETIC_ROBUSTNESS
951,fox over over the brown dataaaaa,91.09783495413187,SYNTHETIC_ROBUSTNESS
952,over over compress compress data,91.12616999827188,SYNTHETIC_ROBUSTNESS
953,quick fox lazy the fox lazyaaaaa,91.2701497003727,SYNTHETIC_ROBUSTNESS
954,data compress dog brown brown ju,91.37500360070075,SYNTHETIC_ROBUSTNESS
955,compress quick brown brown quick,91.43703567799909,SYNTHETIC_ROBUSTNESS
956,the jumps over brown quick jumps,91.4890955172943,SYNTHETIC_ROBUSTNESS
957,lazy stream dog dog data foxaaaa,91.69496727809357,SYNTHETIC_ROBUSTNESS
958,lazy jumps stream compress quick,91.7594186740325,SYNTHETIC_ROBUSTNESS
959,compress the dog jumps dog theaa,91.80647619556629,SYNTHETIC_ROBUSTNESS
960,fox data quick quick data stream,91.85021051199661,SYNTHETIC_ROBUSTNESS
961,stream compress lazy stream brow,91.88248867093711,SYNTHETIC_ROBUSTNESS
962,the jumps lazy the lazy theaaaaa,91.93507683611084,SYNTHETIC_ROBUSTNESS
963,over fox stream jumps dog stream,91.94785085411787,SYNTHETIC_ROBUSTNESS
964,over quick fox quick the overaaa,91.95458488853471,SYNTHETIC_ROBUSTNESS
965,jumps over jumps quick compress ,92.03255730572387,SYNTHETIC_ROBUSTNESS
966,stream the quick the lazy lazyaa,92.09311884657228,SYNTHETIC_ROBUSTNESS
967,dog quick stream data the jumpsa,92.11216135030955,SYNTHETIC_ROBUSTNESS
968,dog quick compress stream compre,92.1234557376775,SYNTHETIC_ROBUSTNESS
969,jumps dog jumps over fox quickaa,92.13891866120046,SYNTHETIC_ROBUSTNESS
970,the dog compress stream lazy the,92.17678800498257,SYNTHETIC_ROBUSTNESS
971,dog jumps stream jumps quick the,92.23684200959751,SYNTHETIC_ROBUSTNESS
972,data lazy data brown lazy lazyaa,92.25832856413517,SYNTHETIC_ROBUSTNESS
973,compress brown the jumps dog str,92.39923369246013,SYNTHETIC_ROBUSTNESS
974,stream fox data compress jumps f,92.42071705728748,SYNTHETIC_ROBUSTNESS
975,compress the brown quick quick o,92.43397041206025,SYNTHETIC_ROBUSTNESS
976,lazy quick brown jumps brown the,92.95527376270819,SYNTHETIC_ROBUSTNESS
977,data quick brown fox lazy dataaa,93.01464224658733,SYNTHETIC_ROBUSTNESS
978,over compress brown quick dog br,93.03327604985107,SYNTHETIC_ROBUSTNESS
979,brown fox jumps the lazy quickaa,93.25823447620101,SYNTHETIC_ROBUSTNESS
980,brown lazy stream jumps stream q,93.28451282262981,SYNTHETIC_ROBUSTNESS
981,jumps dog over fox compress foxa,93.54431581825102,SYNTHETIC_ROBUSTNESS
982,the lazy data stream the jumpsaa,93.55698114025435,SYNTHETIC_ROBUSTNESS
983,over the stream compress the the,93.74137995251874,SYNTHETIC_ROBUSTNESS
984,over brown quick jumps quick jum,93.76174678417908,SYNTHETIC_ROBUSTNESS
985,dog lazy lazy quick brown lazyaa,94.04035495637072,SYNTHETIC_ROBUSTNESS
986,stream compress data stream dog ,94.12574375912904,SYNTHETIC_ROBUSTNESS
987,brown quick stream dog lazy stre,94.14680520798223,SYNTHETIC_ROBUSTNESS
988,brown compress lazy jumps lazy l,94.33312219751822,SYNTHETIC_ROBUSTNESS
989,stream brown dog data over jumps,94.38264629925418,SYNTHETIC_ROBUSTNESS
990,stream quick jumps dog data data,94.51462710603975,SYNTHETIC_ROBUSTNESS
991,over stream the data jumps dataa,94.61775258344036,SYNTHETIC_ROBUSTNESS
992,over fox brown data jumps browna,94.74303196319032,SYNTHETIC_ROBUSTNESS
993,quick lazy fox fox the compressa,94.78514796042778,SYNTHETIC_ROBUSTNESS
994,data lazy over the brown jumpsaa,95.0645504238188,SYNTHETIC_ROBUSTNESS
995,dog jumps brown over the dataaaa,95.14660602129621,SYNTHETIC_ROBUSTNESS
996,brown lazy over quick brown thea,95.15467938200776,SYNTHETIC_ROBUSTNESS
997,compress the lazy brown quick co,95.16158588449105,SYNTHETIC_ROBUSTNESS
998,over the data fox over lazyaaaaa,95.29561464466092,SYNTHETIC_ROBUSTNESS
999,lazy data the stream data lazyaa,95.48530960203492,SYNTHETIC_ROBUSTNESS
1000,compress over jumps lazy stream ,95.604145677964,SYNTHETIC_ROBUSTNESS
1001,quick brown the fox lazy dogaaaa,95.63664909175016,SYNTHETIC_ROBUSTNESS
1002,lazy brown the jumps quick foxaa,95.66225502498365,SYNTHETIC_ROBUSTNESS
1003,lazy jumps the lazy dog dataaaaa,95.74559636557716,SYNTHETIC_ROBUSTNESS
1004,quick stream quick brown jumps f,95.7675089660788,SYNTHETIC_ROBUSTNESS
1005,data lazy jumps the jumps stream,95.81516745091788,SYNTHETIC_ROBUSTNESS
1006,compress jumps data stream brown,95.91423958106263,SYNTHETIC_ROBUSTNESS
1007,jumps over the quick dog quickaa,95.94777445498124,SYNTHETIC_ROBUSTNESS
1008,compress fox stream lazy over ov,95.99484507005018,SYNTHETIC_ROBUSTNESS
1009,stream quick dog over stream str,96.03955473414653,SYNTHETIC_ROBUSTNESS
1010,compress brown lazy quick compre,96.10127034230939,SYNTHETIC_ROBUSTNESS
1011,data the stream jumps fox jumpsa,96.21346656848056,SYNTHETIC_ROBUSTNESS
1012,quick dog the data dog quickaaaa,96.36595288774052,SYNTHETIC_ROBUSTNESS
1013,dog stream lazy stream fox overa,96.47533998622808,SYNTHETIC_ROBUSTNESS
1014,data stream lazy quick brown qui,96.477991616304,SYNTHETIC_ROBUSTNESS
1015,jumps fox data jumps fox quickaa,96.7051387305876,SYNTHETIC_ROBUSTNESS
1016,data stream quick data compress ,96.79217223286476,SYNTHETIC_ROBUSTNESS
1017,lazy lazy over jumps brown lazya,97.04505369027498,SYNTHETIC_ROBUSTNESS
1018,fox compress compress the the st,97.37712320601418,SYNTHETIC_ROBUSTNESS
1019,compress quick stream compress d,97.44020558885894,SYNTHETIC_ROBUSTNESS
1020,data brown brown jumps stream br,97.68833562779932,SYNTHETIC_ROBUSTNESS
1021,brown lazy lazy fox jumps theaaa,97.73380940482855,SYNTHETIC_ROBUSTNESS
1022,compress quick over over stream ,97.76397104268648,SYNTHETIC_ROBUSTNESS
1023,dog quick the fox stream compres,97.77161922772972,SYNTHETIC_ROBUSTNESS
1024,data the jumps data lazy streama,97.83173629271553,SYNTHETIC_ROBUSTNESS
1025,stream the brown fox over browna,97.94843202741986,SYNTHETIC_ROBUSTNESS
1026,brown lazy the quick stream brow,98.3249461883257,SYNTHETIC_ROBUSTNESS
1027,stream brown jumps compress lazy,98.39861624474189,SYNTHETIC_ROBUSTNESS
1028,quick jumps stream fox stream la,98.53122080947696,SYNTHETIC_ROBUSTNESS
1029,stream lazy stream the over stre,98.7576988405059,SYNTHETIC_ROBUSTNESS
1030,brown brown data compress quick ,98.83604658488377,SYNTHETIC_ROBUSTNESS
1031,dog over quick the stream foxaaa,98.85429057522778,SYNTHETIC_ROBUSTNESS
1032,data lazy quick compress dog fox,99.04281526039351,SYNTHETIC_ROBUSTNESS
1033,data jumps jumps compress jumps ,99.12818763809399,SYNTHETIC_ROBUSTNESS
1034,over jumps data quick compress c,99.27028087696901,SYNTHETIC_ROBUSTNESS
1035,jumps dog data data over dataaaa,99.37771517383082,SYNTHETIC_ROBUSTNESS
1036,fox over over lazy stream stream,99.38401314815712,SYNTHETIC_ROBUSTNESS
1037,the brown lazy data dog compress,99.40253953189865,SYNTHETIC_ROBUSTNESS
1038,the brown quick data jumps strea,99.43626174901695,SYNTHETIC_ROBUSTNESS
1039,jumps data data over over quicka,99.46976816665402,SYNTHETIC_ROBUSTNESS
1040,fox fox lazy fox the dataaaaaaaa,99.65252613171943,SYNTHETIC_ROBUSTNESS
1041,the stream jumps brown data thea,99.74371601107023,SYNTHETIC_ROBUSTNESS
1042,data dog over over brown jumpsaa,99.75242173098081,SYNTHETIC_ROBUSTNESS
1043,the the quick quick stream foxaa,99.80139316428509,SYNTHETIC_ROBUSTNESS
1044,compress brown fox the the overa,99.88266074239081,SYNTHETIC_ROBUSTNESS
1045,jumps brown fox compress brown c,99.91162952798891,SYNTHETIC_ROBUSTNESS
1046,compress compress compress data ,99.91569442645063,SYNTHETIC_ROBUSTNESS
1047,compress dog jumps fox compress ,99.96354055418824,SYNTHETIC_ROBUSTNESS
1048,data dog dog fox compress jumpsa,100.0253795776275,SYNTHETIC_ROBUSTNESS
1049,the jumps data dog over overaaaa,100.2605202924058,SYNTHETIC_ROBUSTNESS
1050,the stream over lazy data dataaa,100.49951576298395,SYNTHETIC_ROBUSTNESS
1051,jumps brown quick the stream jum,100.568911007932,SYNTHETIC_ROBUSTNESS
1052,stream compress brown lazy over ,100.63268122550608,SYNTHETIC_ROBUSTNESS
1053,stream compress quick quick jump,100.73498590867477,SYNTHETIC_ROBUSTNESS
1054,stream lazy jumps compress strea,100.76484323419858,SYNTHETIC_ROBUSTNESS
1055,the quick over brown brown compr,100.79849044289753,SYNTHETIC_ROBUSTNESS
1056,quick fox stream brown lazy quic,100.79874655582364,SYNTHETIC_ROBUSTNESS
1057,jumps data compress fox brown ov,100.80689054411364,SYNTHETIC_ROBUSTNESS
1058,compress brown data jumps data q,100.8265533203012,SYNTHETIC_ROBUSTNESS
1059,brown brown quick dog lazy foxaa,100.92887766558823,SYNTHETIC_ROBUSTNESS
1060,fox quick the brown stream overa,100.95278682752041,SYNTHETIC_ROBUSTNESS
1061,brown over fox stream data overa,100.96603476554449,SYNTHETIC_ROBUSTNESS
1062,jumps lazy stream brown jumps st,101.06182542482932,SYNTHETIC_ROBUSTNESS
1063,quick dog the dog brown brownaaa,101.16730889823415,SYNTHETIC_ROBUSTNESS
1064,lazy jumps compress the quick co,101.17346167105752,SYNTHETIC_ROBUSTNESS
1065,data the lazy over stream dogaaa,101.32169731195192,SYNTHETIC_ROBUSTNESS
1066,dog dog data dog the dataaaaaaaa,101.41487762224762,SYNTHETIC_ROBUSTNESS
1067,jumps lazy brown brown compress ,101.46547228405733,SYNTHETIC_ROBUSTNESS
1068,fox dog jumps compress over data,101.8740045730573,SYNTHETIC_ROBUSTNESS
1069,lazy lazy compress stream compre,101.87502974532381,SYNTHETIC_ROBUSTNESS
1070,quick quick the brown dog browna,101.95374294933595,SYNTHETIC_ROBUSTNESS
1071,dog jumps stream brown over lazy,101.97114298579842,SYNTHETIC_ROBUSTNESS
1072,dog quick over dog brown foxaaaa,102.01109120518262,SYNTHETIC_ROBUSTNESS
1073,compress stream fox lazy brown d,102.02538616955667,SYNTHETIC_ROBUSTNESS
1074,stream lazy stream over brown qu,102.13571283337599,SYNTHETIC_ROBUSTNESS
1075,data data quick data stream comp,102.18705767162893,SYNTHETIC_ROBUSTNESS
1076,stream stream dog over data data,102.61608997159122,SYNTHETIC_ROBUSTNESS
1077,compress over fox dog data jumps,102.72217744599152,SYNTHETIC_ROBUSTNESS
1078,lazy fox data dog lazy overaaaaa,102.97147312316906,SYNTHETIC_ROBUSTNESS
1079,over fox stream over stream jump,102.99902570751786,SYNTHETIC_ROBUSTNESS
1080,the quick quick quick brown data,103.03741330103936,SYNTHETIC_ROBUSTNESS
1081,the fox fox jumps compress brown,103.08246199190464,SYNTHETIC_ROBUSTNESS
1082,dog dog dog the data jumpsaaaaaa,103.26479630274751,SYNTHETIC_ROBUSTNESS
1083,dog data dog brown stream jumpsa,103.28858088418384,SYNTHETIC_ROBUSTNESS
1084,over quick over fox quick dataaa,103.58180176977909,SYNTHETIC_ROBUSTNESS
1085,stream fox brown over brown over,103.5862574877157,SYNTHETIC_ROBUSTNESS
1086,jumps jumps quick lazy stream th,103.8068559844246,SYNTHETIC_ROBUSTNESS
1087,jumps brown lazy quick the theaa,103.86689708426765,SYNTHETIC_ROBUSTNESS
1088,quick fox brown compress fox laz,103.94153037051329,SYNTHETIC_ROBUSTNESS
1089,brown jumps dog lazy quick dataa,104.53665643651784,SYNTHETIC_ROBUSTNESS
1090,data jumps jumps over jumps doga,104.7407154341281,SYNTHETIC_ROBUSTNESS
1091,brown the jumps brown stream str,104.97507863589509,SYNTHETIC_ROBUSTNESS
1092,the fox data stream fox dogaaaaa,105.06315531214314,SYNTHETIC_ROBUSTNESS
1093,over jumps stream brown quick do,105.37629168781125,SYNTHETIC_ROBUSTNESS
1094,lazy lazy the over quick jumpsaa,105.49270455503083,SYNTHETIC_ROBUSTNESS
1095,jumps compress compress brown co,105.66381122411448,SYNTHETIC_ROBUSTNESS
1096,stream brown the stream data jum,105.79144188761508,SYNTHETIC_ROBUSTNESS
1097,compress brown stream jumps dog ,105.94327117747936,SYNTHETIC_ROBUSTNESS
1098,quick stream compress data lazy ,106.04487426101414,SYNTHETIC_ROBUSTNESS
1099,dog data lazy fox fox foxaaaaaaa,106.17448621966126,SYNTHETIC_ROBUSTNESS
1100,over dog quick fox quick overaaa,106.23174541481744,SYNTHETIC_ROBUSTNESS
1101,data stream jumps compress quick,106.35445843384032,SYNTHETIC_ROBUSTNESS
1102,dog compress jumps jumps fox laz,106.3868668399741,SYNTHETIC_ROBUSTNESS
1103,dog data quick data fox dataaaaa,106.48763641203234,SYNTHETIC_ROBUSTNESS
1104,quick over quick dog data stream,106.56181815805282,SYNTHETIC_ROBUSTNESS
1105,lazy jumps quick stream the stre,106.7906248742437,SYNTHETIC_ROBUSTNESS
1106,stream quick stream data over th,106.9024725561008,SYNTHETIC_ROBUSTNESS
1107,stream brown compress data dog f,106.99326031295627,SYNTHETIC_ROBUSTNESS
1108,stream fox brown fox data lazyaa,107.03081319878174,SYNTHETIC_ROBUSTNESS
1109,data quick compress stream quick,107.22944761107526,SYNTHETIC_ROBUSTNESS
1110,lazy jumps brown fox data overaa,107.23501555260808,SYNTHETIC_ROBUSTNESS
1111,brown the jumps stream lazy stre,107.46502540313182,SYNTHETIC_ROBUSTNESS
1112,brown dog stream over stream jum,107.57086199331275,SYNTHETIC_ROBUSTNESS
1113,dog compress brown dog data data,107.59187147365031,SYNTHETIC_ROBUSTNESS
1114,data compress the lazy brown com,107.82517126709999,SYNTHETIC_ROBUSTNESS
1115,fox brown over quick over theaaa,107.86467631706967,SYNTHETIC_ROBUSTNESS
1116,fox over over compress dog compr,107.88310137026687,SYNTHETIC_ROBUSTNESS
1117,jumps fox data quick over foxaaa,107.92154211795703,SYNTHETIC_ROBUSTNESS
1118,fox brown jumps over data overaa,108.24614711078962,SYNTHETIC_ROBUSTNESS
1119,quick dog the compress stream ov,108.38588607923222,SYNTHETIC_ROBUSTNESS
1120,stream stream jumps quick lazy s,108.63452861808648,SYNTHETIC_ROBUSTNESS
1121,fox dog quick fox over dataaaaaa,108.67003510362329,SYNTHETIC_ROBUSTNESS
1122,dog jumps fox fox data dogaaaaaa,108.67863875567252,SYNTHETIC_ROBUSTNESS
1123,the jumps dog dog quick dataaaaa,108.76136496760024,SYNTHETIC_ROBUSTNESS
1124,jumps over over the quick dogaaa,108.82733635762318,SYNTHETIC_ROBUSTNESS
1125,data data compress fox dog compr,108.95484915303123,SYNTHETIC_ROBUSTNESS
1126,data stream quick lazy jumps dat,109.03308529062735,SYNTHETIC_ROBUSTNESS
1127,data the stream stream fox dataa,109.08358070931705,SYNTHETIC_ROBUSTNESS
1128,quick brown lazy brown compress ,109.08405039602802,SYNTHETIC_ROBUSTNESS
1129,jumps over data the over dataaaa,109.1471139469386,SYNTHETIC_ROBUSTNESS
1130,brown jumps fox the lazy foxaaaa,109.159970358547,SYNTHETIC_ROBUSTNESS
1131,dog over quick the stream stream,109.41507641802406,SYNTHETIC_ROBUSTNESS
1132,the brown over over lazy lazyaaa,109.66980527091782,SYNTHETIC_ROBUSTNESS
1133,jumps stream brown jumps data qu,109.83259041517756,SYNTHETIC_ROBUSTNESS
1134,compress quick jumps dog dog ove,109.84977210770052,SYNTHETIC_ROBUSTNESS
1135,quick data compress over quick d,109.86572313766631,SYNTHETIC_ROBUSTNESS
1136,lazy brown jumps dog brown strea,109.94857636297205,SYNTHETIC_ROBUSTNESS
1137,lazy lazy compress dog fox jumps,110.07857400075538,SYNTHETIC_ROBUSTNESS
1138,quick data over over dog quickaa,110.31347803233025,SYNTHETIC_ROBUSTNESS
1139,quick quick data lazy dog lazyaa,110.53794208576426,SYNTHETIC_ROBUSTNESS
1140,lazy lazy over over dog streamaa,110.5548227253989,SYNTHETIC_ROBUSTNESS
1141,quick stream lazy fox fox dogaaa,111.0946132955379,SYNTHETIC_ROBUSTNESS
1142,brown dog lazy compress jumps ov,111.11166810698342,SYNTHETIC_ROBUSTNESS
1143,fox jumps jumps data dog overaaa,111.2950001872381,SYNTHETIC_ROBUSTNESS
1144,dog quick stream jumps data jump,111.38341777416748,SYNTHETIC_ROBUSTNESS
1145,dog brown brown quick lazy quick,111.49682715426601,SYNTHETIC_ROBUSTNESS
1146,quick jumps fox lazy jumps jumps,111.58945413431105,SYNTHETIC_ROBUSTNESS
1147,quick over compress brown jumps ,111.7932319330118,SYNTHETIC_ROBUSTNESS
1148,data stream data data brown brow,111.89459409085363,SYNTHETIC_ROBUSTNESS
1149,compress data lazy dog compress ,112.08341924775335,SYNTHETIC_ROBUSTNESS
1150,dog data the the jumps foxaaaaaa,112.1001863454581,SYNTHETIC_ROBUSTNESS
1151,data compress over quick the dog,112.30170670008735,SYNTHETIC_ROBUSTNESS
1152,fox lazy brown over over lazyaaa,112.79722657558166,SYNTHETIC_ROBUSTNESS
1153,over over the lazy data brownaaa,112.90555170164875,SYNTHETIC_ROBUSTNESS
1154,fox over jumps dog the overaaaaa,113.28003788171974,SYNTHETIC_ROBUSTNESS
1155,compress quick data the data bro,113.30486908781064,SYNTHETIC_ROBUSTNESS
1156,fox brown over over fox foxaaaaa,113.48164396472704,SYNTHETIC_ROBUSTNESS
1157,the stream compress dog fox jump,113.50016216713466,SYNTHETIC_ROBUSTNESS
1158,dog stream the data data compres,113.5727173793059,SYNTHETIC_ROBUSTNESS
1159,jumps over dog data dog foxaaaaa,113.6817922058775,SYNTHETIC_ROBUSTNESS
1160,compress data over dog fox foxaa,113.7897503346873,SYNTHETIC_ROBUSTNESS
1161,compress fox stream lazy stream ,113.90087782952465,SYNTHETIC_ROBUSTNESS
1162,stream lazy brown data stream st,113.93958015441667,SYNTHETIC_ROBUSTNESS
1163,jumps dog stream brown jumps dog,114.30347903734815,SYNTHETIC_ROBUSTNESS
1164,brown jumps compress dog jumps f,114.30413649326026,SYNTHETIC_ROBUSTNESS
1165,over dog compress fox fox theaaa,114.40115799133939,SYNTHETIC_ROBUSTNESS
1166,compress over quick lazy fox qui,114.60223145295004,SYNTHETIC_ROBUSTNESS
1167,over jumps the quick data overaa,114.82397610453212,SYNTHETIC_ROBUSTNESS
1168,over quick lazy dog jumps dogaaa,114.95134605667646,SYNTHETIC_ROBUSTNESS
1169,over dog fox compress quick stre,115.03686849027119,SYNTHETIC_ROBUSTNESS
1170,jumps lazy brown lazy over brown,115.09799480977902,SYNTHETIC_ROBUSTNESS
1171,stream dog data jumps jumps over,115.1576905476282,SYNTHETIC_ROBUSTNESS
1172,fox compress dog brown over stre,115.21304631318186,SYNTHETIC_ROBUSTNESS
1173,fox fox lazy data brown dataaaaa,115.3334078158003,SYNTHETIC_ROBUSTNESS
1174,dog fox lazy compress compress d,115.46478972259742,SYNTHETIC_ROBUSTNESS
1175,brown compress lazy fox brown da,115.53710137315811,SYNTHETIC_ROBUSTNESS
1176,the fox the data over theaaaaaaa,115.67212144372462,SYNTHETIC_ROBUSTNESS
1177,jumps quick lazy over compress q,115.74729555640623,SYNTHETIC_ROBUSTNESS
1178,the dog the stream fox theaaaaaa,115.75753778483751,SYNTHETIC_ROBUSTNESS
1179,over dog fox compress lazy lazya,115.94833233480043,SYNTHETIC_ROBUSTNESS
1180,the the brown dog lazy dogaaaaaa,116.15272468079844,SYNTHETIC_ROBUSTNESS
1181,brown lazy over brown quick data,116.18371216174269,SYNTHETIC_ROBUSTNESS
1182,lazy jumps lazy brown brown stre,116.3380928236912,SYNTHETIC_ROBUSTNESS
1183,fox over quick jumps brown quick,116.40966707782457,SYNTHETIC_ROBUSTNESS
1184,quick fox fox jumps data quickaa,116.42290909943111,SYNTHETIC_ROBUSTNESS
1185,dog dog over brown stream foxaaa,116.47365866614366,SYNTHETIC_ROBUSTNESS
1186,fox jumps the fox over foxaaaaaa,116.48162274047085,SYNTHETIC_ROBUSTNESS
1187,brown the dog stream jumps compr,116.63601912764538,SYNTHETIC_ROBUSTNESS
1188,data lazy dog stream lazy theaaa,116.65786377050082,SYNTHETIC_ROBUSTNESS
1189,brown fox fox jumps the streamaa,116.6758233262052,SYNTHETIC_ROBUSTNESS
1190,compress over fox compress fox o,116.69921062074387,SYNTHETIC_ROBUSTNESS
1191,lazy over fox jumps stream jumps,116.72484588942642,SYNTHETIC_ROBUSTNESS
1192,over compress fox jumps compress,116.83691701186997,SYNTHETIC_ROBUSTNESS
1193,jumps fox fox quick over streama,116.93869427370413,SYNTHETIC_ROBUSTNESS
1194,dog jumps lazy compress dog foxa,116.95254425939099,SYNTHETIC_ROBUSTNESS
1195,lazy over data the fox dataaaaaa,117.0814316951932,SYNTHETIC_ROBUSTNESS
1196,stream over stream quick quick j,117.12436503084399,SYNTHETIC_ROBUSTNESS
1197,fox stream fox dog fox quickaaaa,117.18551672372865,SYNTHETIC_ROBUSTNESS
1198,brown stream brown quick fox ove,117.19885385967964,SYNTHETIC_ROBUSTNESS
1199,brown stream jumps stream dog co,117.32216864029624,SYNTHETIC_ROBUSTNESS
1200,the dog the over lazy theaaaaaaa,117.36936473820957,SYNTHETIC_ROBUSTNESS
1201,compress brown the compress lazy,117.46936719677501,SYNTHETIC_ROBUSTNESS
1202,over lazy dog compress lazy data,117.52509271971519,SYNTHETIC_ROBUSTNESS
1203,the quick quick over compress ov,117.53010304637506,SYNTHETIC_ROBUSTNESS
1204,dog quick quick dog jumps stream,117.65167033338729,SYNTHETIC_ROBUSTNESS
1205,lazy quick over brown stream ove,117.73208003104945,SYNTHETIC_ROBUSTNESS
1206,over jumps over brown lazy lazya,117.78903943292907,SYNTHETIC_ROBUSTNESS
1207,compress stream dog compress qui,117.81154797532045,SYNTHETIC_ROBUSTNESS
1208,the quick dog fox brown quickaaa,117.90945591110281,SYNTHETIC_ROBUSTNESS
1209,lazy jumps over dog compress laz,117.94164151121008,SYNTHETIC_ROBUSTNESS
1210,lazy over jumps lazy over dogaaa,117.99770864795597,SYNTHETIC_ROBUSTNESS
1211,stream quick brown fox jumps str,118.0035229651503,SYNTHETIC_ROBUSTNESS
1212,jumps over data dog dog foxaaaaa,118.15346770654686,SYNTHETIC_ROBUSTNESS
1213,fox the compress quick jumps bro,118.16290284956803,SYNTHETIC_ROBUSTNESS
1214,data data over data lazy dataaaa,118.38439654859364,SYNTHETIC_ROBUSTNESS
1215,over brown compress quick lazy f,118.58657014407535,SYNTHETIC_ROBUSTNESS
1216,data stream fox dog quick dataaa,118.94092665631422,SYNTHETIC_ROBUSTNESS
1217,quick the quick compress over ju,119.1800040920799,SYNTHETIC_ROBUSTNESS
1218,the over compress stream brown d,119.53546571477165,SYNTHETIC_ROBUSTNESS
1219,the dog brown fox stream dogaaaa,119.75374722397086,SYNTHETIC_ROBUSTNESS
1220,jumps dog quick over lazy foxaaa,119.76568286932107,SYNTHETIC_ROBUSTNESS
1221,jumps quick jumps quick compress,119.82325162026451,SYNTHETIC_ROBUSTNESS
1222,brown data over fox jumps dogaaa,119.83117286470448,SYNTHETIC_ROBUSTNESS
1223,data data dog over compress jump,119.90998421212393,SYNTHETIC_ROBUSTNESS
1224,data compress data jumps over br,119.98543473106214,SYNTHETIC_ROBUSTNESS
1225,data the fox stream fox dataaaaa,120.24076830494896,SYNTHETIC_ROBUSTNESS
1226,the stream quick the fox compres,120.5904117202445,SYNTHETIC_ROBUSTNESS
1227,dog compress dog the quick quick,120.6204741393077,SYNTHETIC_ROBUSTNESS
1228,jumps compress lazy the jumps st,120.70777639641656,SYNTHETIC_ROBUSTNESS
1229,jumps dog the over dog foxaaaaaa,120.77022096563721,SYNTHETIC_ROBUSTNESS
1230,lazy brown jumps quick jumps fox,120.84934883774642,SYNTHETIC_ROBUSTNESS
1231,dog lazy brown data jumps dataaa,120.92521945358403,SYNTHETIC_ROBUSTNESS
1232,compress jumps the over data dog,121.17070501845672,SYNTHETIC_ROBUSTNESS
1233,fox fox the lazy jumps dataaaaaa,121.3971624673721,SYNTHETIC_ROBUSTNESS
1234,over stream dog brown data brown,121.41025727567502,SYNTHETIC_ROBUSTNESS
1235,jumps quick brown quick quick la,121.45258610255696,SYNTHETIC_ROBUSTNESS
1236,data the jumps fox compress thea,121.59233177490711,SYNTHETIC_ROBUSTNESS
1237,fox stream jumps fox the quickaa,121.70752900109636,SYNTHETIC_ROBUSTNESS
1238,dog quick brown stream jumps com,121.80727706130264,SYNTHETIC_ROBUSTNESS
1239,jumps fox brown stream over over,122.3157660645634,SYNTHETIC_ROBUSTNESS
1240,data quick data data fox overaaa,122.35685429864344,SYNTHETIC_ROBUSTNESS
1241,stream over fox compress the jum,122.42926623014303,SYNTHETIC_ROBUSTNESS
1242,dog lazy compress fox data compr,122.81630815340677,SYNTHETIC_ROBUSTNESS
1243,brown fox compress compress data,122.93523374273794,SYNTHETIC_ROBUSTNESS
1244,data lazy over the dog dataaaaaa,123.03983959920696,SYNTHETIC_ROBUSTNESS
1245,compress lazy fox over jumps qui,123.05665155642232,SYNTHETIC_ROBUSTNESS
1246,dog compress data fox lazy jumps,123.08497500796629,SYNTHETIC_ROBUSTNESS
1247,fox dog jumps jumps quick browna,123.13237186619753,SYNTHETIC_ROBUSTNESS
1248,lazy the dog quick brown lazyaaa,123.19489214411793,SYNTHETIC_ROBUSTNESS
1249,quick jumps lazy brown the brown,123.2636504609017,SYNTHETIC_ROBUSTNESS
1250,brown dog brown stream dog compr,123.49606932004852,SYNTHETIC_ROBUSTNESS
1251,jumps stream over over jumps jum,123.50740993127836,SYNTHETIC_ROBUSTNESS
1252,data brown jumps data compress l,123.53595872209097,SYNTHETIC_ROBUSTNESS
1253,the lazy stream lazy brown quick,123.55146444156372,SYNTHETIC_ROBUSTNESS
1254,fox brown lazy jumps compress ju,123.68438431066195,SYNTHETIC_ROBUSTNESS
1255,fox lazy jumps over lazy overaaa,124.03699169100545,SYNTHETIC_ROBUSTNESS
1256,over lazy compress lazy fox doga,124.26138633839149,SYNTHETIC_ROBUSTNESS
1257,fox quick fox quick quick compre,124.38986875545885,SYNTHETIC_ROBUSTNESS
1258,fox compress brown dog stream ju,124.3920445352237,SYNTHETIC_ROBUSTNESS
1259,quick compress over the dog foxa,124.43466707771758,SYNTHETIC_ROBUSTNESS
1260,quick brown over brown dog brown,124.63389666509036,SYNTHETIC_ROBUSTNESS
1261,data compress the jumps fox stre,124.73975996314194,SYNTHETIC_ROBUSTNESS
1262,compress quick stream brown fox ,124.7632817435591,SYNTHETIC_ROBUSTNESS
1263,fox jumps quick jumps data lazya,124.82610895291617,SYNTHETIC_ROBUSTNESS
1264,lazy the the the quick quickaaaa,124.83531150541654,SYNTHETIC_ROBUSTNESS
1265,lazy fox over fox the streamaaaa,124.90887554928885,SYNTHETIC_ROBUSTNESS
1266,jumps data fox the data compress,125.14016783133843,SYNTHETIC_ROBUSTNESS
1267,fox brown fox compress brown dat,125.14411666625394,SYNTHETIC_ROBUSTNESS
1268,data the brown lazy compress dat,125.23928035884256,SYNTHETIC_ROBUSTNESS
1269,over compress lazy brown quick f,125.26582059707015,SYNTHETIC_ROBUSTNESS
1270,fox over dog fox stream lazyaaaa,125.73026443775723,SYNTHETIC_ROBUSTNESS
1271,lazy jumps quick the jumps theaa,125.73699619253803,SYNTHETIC_ROBUSTNESS
1272,over fox stream fox quick lazyaa,125.83304432960722,SYNTHETIC_ROBUSTNESS
1273,jumps data jumps lazy dog theaaa,125.86266559006175,SYNTHETIC_ROBUSTNESS
1274,lazy data dog over over quickaaa,126.07676585341224,SYNTHETIC_ROBUSTNESS
1275,dog data brown stream jumps quic,126.0897687267471,SYNTHETIC_ROBUSTNESS
1276,the compress lazy jumps data qui,126.1458495838897,SYNTHETIC_ROBUSTNESS
1277,compress over fox the compress s,126.1663506716515,SYNTHETIC_ROBUSTNESS
1278,dog the quick dog quick brownaaa,126.32701671017848,SYNTHETIC_ROBUSTNESS
1279,jumps lazy brown compress quick ,126.3703173358933,SYNTHETIC_ROBUSTNESS
1280,fox brown lazy data compress ove,126.39098448211493,SYNTHETIC_ROBUSTNESS
1281,brown dog compress over data str,126.5204110993498,SYNTHETIC_ROBUSTNESS
1282,data brown over stream brown com,126.69035683544429,SYNTHETIC_ROBUSTNESS
1283,jumps stream dog fox stream jump,126.75242004502216,SYNTHETIC_ROBUSTNESS
1284,fox dog data over quick foxaaaaa,126.8000382168231,SYNTHETIC_ROBUSTNESS
1285,brown brown compress data over d,126.90004464129402,SYNTHETIC_ROBUSTNESS
1286,the quick brown data lazy dogaaa,127.0054266773856,SYNTHETIC_ROBUSTNESS
1287,the fox over fox dog theaaaaaaaa,127.11352711820302,SYNTHETIC_ROBUSTNESS
1288,fox over compress quick compress,127.14579003759813,SYNTHETIC_ROBUSTNESS
1289,compress data dog jumps jumps do,127.42932580519378,SYNTHETIC_ROBUSTNESS
1290,quick stream stream stream jumps,127.45333497244035,SYNTHETIC_ROBUSTNESS
1291,stream fox fox brown brown lazya,127.50020075011362,SYNTHETIC_ROBUSTNESS
1292,lazy the lazy jumps jumps foxaaa,127.53356552496521,SYNTHETIC_ROBUSTNESS
1293,over compress stream compress ju,127.80110956014204,SYNTHETIC_ROBUSTNESS
1294,stream lazy lazy data quick brow,127.97735107136023,SYNTHETIC_ROBUSTNESS
1295,over brown data the over foxaaaa,128.1440958835241,SYNTHETIC_ROBUSTNESS
1296,quick fox the brown quick foxaaa,128.1445680044506,SYNTHETIC_ROBUSTNESS
1297,compress brown fox dog data lazy,128.2603725509458,SYNTHETIC_ROBUSTNESS
1298,lazy compress dog jumps data the,128.28654457849981,SYNTHETIC_ROBUSTNESS
1299,fox dog over stream stream brown,128.62995049650658,SYNTHETIC_ROBUSTNESS
1300,compress stream quick fox jumps ,128.7056127569194,SYNTHETIC_ROBUSTNESS
1301,the fox stream lazy compress ove,128.78878542946566,SYNTHETIC_ROBUSTNESS
1302,data data lazy quick over jumpsa,128.83286608567076,SYNTHETIC_ROBUSTNESS
1303,jumps lazy lazy stream the strea,128.9098107441507,SYNTHETIC_ROBUSTNESS
1304,data over brown fox brown compre,129.0483351105299,SYNTHETIC_ROBUSTNESS
1305,the data over the the lazyaaaaaa,129.13087051939306,SYNTHETIC_ROBUSTNESS
1306,brown compress brown over the th,129.23338706364962,SYNTHETIC_ROBUSTNESS
1307,over the the jumps data foxaaaaa,129.29734165362336,SYNTHETIC_ROBUSTNESS
1308,over data over compress data dat,129.423360600054,SYNTHETIC_ROBUSTNESS
1309,compress fox fox jumps compress ,129.6531790959223,SYNTHETIC_ROBUSTNESS
1310,over jumps compress data dog laz,129.65841913924848,SYNTHETIC_ROBUSTNESS
1311,jumps quick fox quick brown doga,129.66976922069688,SYNTHETIC_ROBUSTNESS
1312,quick data the fox dog dataaaaaa,129.78548104159668,SYNTHETIC_ROBUSTNESS
1313,quick over compress over compres,129.83291504984828,SYNTHETIC_ROBUSTNESS
1314,data dog quick fox compress foxa,129.86599049261648,SYNTHETIC_ROBUSTNESS
1315,the compress fox data brown foxa,129.8856641826719,SYNTHETIC_ROBUSTNESS
1316,the stream over jumps brown jump,129.97067616442172,SYNTHETIC_ROBUSTNESS
1317,brown the over the stream overaa,130.013375543365,SYNTHETIC_ROBUSTNESS
1318,data stream jumps data stream co,130.08429523775845,SYNTHETIC_ROBUSTNESS
1319,quick lazy fox over quick jumpsa,130.4026490697419,SYNTHETIC_ROBUSTNESS
1320,jumps compress jumps quick dog f,130.54464148361106,SYNTHETIC_ROBUSTNESS
1321,compress dog over quick over the,130.70358093133498,SYNTHETIC_ROBUSTNESS
1322,stream brown data quick data qui,130.7168424443657,SYNTHETIC_ROBUSTNESS
1323,lazy over jumps jumps lazy strea,130.75614378748537,SYNTHETIC_ROBUSTNESS
1324,over brown fox data dog streamaa,130.76737508048805,SYNTHETIC_ROBUSTNESS
1325,compress over dog over the dataa,131.11321832082106,SYNTHETIC_ROBUSTNESS
1326,stream over fox the dog overaaaa,131.22784772632176,SYNTHETIC_ROBUSTNESS
1327,jumps quick the the lazy foxaaaa,131.22978984775153,SYNTHETIC_ROBUSTNESS
1328,data the lazy jumps fox foxaaaaa,131.294321752188,SYNTHETIC_ROBUSTNESS
1329,the over data fox jumps brownaaa,131.32490983741883,SYNTHETIC_ROBUSTNESS
1330,dog over dog jumps fox streamaaa,131.4025537713921,SYNTHETIC_ROBUSTNESS
1331,over compress data data quick th,131.42223530232988,SYNTHETIC_ROBUSTNESS
1332,quick lazy brown lazy over foxaa,131.4280888787095,SYNTHETIC_ROBUSTNESS
1333,stream over lazy quick data comp,131.46712350613478,SYNTHETIC_ROBUSTNESS
1334,lazy quick brown data jumps doga,131.50215121023064,SYNTHETIC_ROBUSTNESS
1335,brown dog jumps fox the brownaaa,131.62836918160625,SYNTHETIC_ROBUSTNESS
1336,jumps over the lazy lazy dataaaa,131.69271898854717,SYNTHETIC_ROBUSTNESS
1337,brown brown quick stream stream ,131.72715520908642,SYNTHETIC_ROBUSTNESS
1338,the fox compress over jumps comp,131.81165238683474,SYNTHETIC_ROBUSTNESS
1339,brown quick lazy dog lazy quicka,131.81905121119178,SYNTHETIC_ROBUSTNESS
1340,data jumps data the dog brownaaa,131.9276265270001,SYNTHETIC_ROBUSTNESS
1341,over jumps brown stream jumps co,131.94356002932372,SYNTHETIC_ROBUSTNESS
1342,data the lazy stream lazy overaa,131.9763686904746,SYNTHETIC_ROBUSTNESS
1343,quick fox compress quick brown b,132.0095143781378,SYNTHETIC_ROBUSTNESS
1344,data lazy fox fox brown foxaaaaa,132.07222259561772,SYNTHETIC_ROBUSTNESS
1345,dog brown data jumps compress fo,132.37831874732015,SYNTHETIC_ROBUSTNESS
1346,stream brown over compress fox b,132.41757253745172,SYNTHETIC_ROBUSTNESS
1347,brown brown over the over jumpsa,132.45060670573034,SYNTHETIC_ROBUSTNESS
1348,lazy the brown compress jumps da,132.46909542849738,SYNTHETIC_ROBUSTNESS
1349,quick brown lazy brown brown str,132.5188483532124,SYNTHETIC_ROBUSTNESS
1350,compress stream fox stream brown,132.53894267347795,SYNTHETIC_ROBUSTNESS
1351,the stream fox data stream overa,132.5537659187613,SYNTHETIC_ROBUSTNESS
1352,jumps compress data stream over ,132.74850807189347,SYNTHETIC_ROBUSTNESS
1353,fox over compress stream stream ,132.75391554933412,SYNTHETIC_ROBUSTNESS
1354,over compress brown dog stream s,132.8779879144248,SYNTHETIC_ROBUSTNESS
1355,stream compress lazy jumps lazy ,132.90062414966238,SYNTHETIC_ROBUSTNESS
1356,brown dog the the data streamaaa,132.90180256814807,SYNTHETIC_ROBUSTNESS
1357,brown stream jumps data data bro,133.06034783475317,SYNTHETIC_ROBUSTNESS
1358,over lazy stream jumps data over,133.18150987174968,SYNTHETIC_ROBUSTNESS
1359,stream dog the data over brownaa,133.22220132350532,SYNTHETIC_ROBUSTNESS
1360,stream stream fox brown fox data,133.23046696004042,SYNTHETIC_ROBUSTNESS
1361,dog brown quick data over jumpsa,133.27520065722302,SYNTHETIC_ROBUSTNESS
1362,lazy stream jumps the jumps lazy,133.29520778233194,SYNTHETIC_ROBUSTNESS
1363,over dog dog jumps over quickaaa,133.56477581483503,SYNTHETIC_ROBUSTNESS
1364,the data quick fox over lazyaaaa,133.64019791438903,SYNTHETIC_ROBUSTNESS
1365,compress brown stream over data ,133.97218814932643,SYNTHETIC_ROBUSTNESS
1366,lazy jumps data over dog jumpsaa,134.0154688181804,SYNTHETIC_ROBUSTNESS
1367,quick lazy fox brown quick quick,134.09676618264163,SYNTHETIC_ROBUSTNESS
1368,data dog brown stream data compr,134.1178535252177,SYNTHETIC_ROBUSTNESS
1369,stream stream fox stream stream ,134.28310325249475,SYNTHETIC_ROBUSTNESS
1370,brown data lazy jumps dog browna,134.2873001335528,SYNTHETIC_ROBUSTNESS
1371,brown data jumps data quick doga,134.40624646564822,SYNTHETIC_ROBUSTNESS
1372,data brown the compress data ove,134.4559486151093,SYNTHETIC_ROBUSTNESS
1373,compress the stream quick over d,134.54232218482184,SYNTHETIC_ROBUSTNESS
1374,stream the fox compress brown do,134.63203452891793,SYNTHETIC_ROBUSTNESS
1375,compress fox stream jumps brown ,134.75609651836015,SYNTHETIC_ROBUSTNESS
1376,compress fox quick the fox overa,134.7789450732048,SYNTHETIC_ROBUSTNESS
1377,quick the stream jumps jumps the,134.85474264410536,SYNTHETIC_ROBUSTNESS
1378,jumps over stream over jumps jum,134.9104166755816,SYNTHETIC_ROBUSTNESS
1379,dog quick over quick data dogaaa,134.94357047383204,SYNTHETIC_ROBUSTNESS
1380,stream lazy quick data brown com,135.01203438608,SYNTHETIC_ROBUSTNESS
1381,stream over lazy quick stream ju,135.31572116207386,SYNTHETIC_ROBUSTNESS
1382,data quick lazy dog compress com,135.6130887870137,SYNTHETIC_ROBUSTNESS
1383,quick the brown stream jumps jum,135.64577506735552,SYNTHETIC_ROBUSTNESS
1384,compress over brown data compres,135.8613703262387,SYNTHETIC_ROBUSTNESS
1385,jumps compress the quick lazy ov,136.07072827506042,SYNTHETIC_ROBUSTNESS
1386,the the stream brown fox compres,136.099441117315,SYNTHETIC_ROBUSTNESS
1387,the brown stream lazy the jumpsa,136.1908082205493,SYNTHETIC_ROBUSTNESS
1388,lazy fox compress fox quick over,136.39478089966792,SYNTHETIC_ROBUSTNESS
1389,dog data fox stream brown dataaa,136.46714046671562,SYNTHETIC_ROBUSTNESS
1390,brown quick dog lazy the dogaaaa,136.51330742681333,SYNTHETIC_ROBUSTNESS
1391,dog quick the lazy over streamaa,136.61851430007763,SYNTHETIC_ROBUSTNESS
1392,jumps over dog compress quick th,136.63743986188348,SYNTHETIC_ROBUSTNESS
1393,lazy over jumps lazy dog dataaaa,136.6550815301718,SYNTHETIC_ROBUSTNESS
1394,jumps lazy dog compress dog comp,136.8338460038725,SYNTHETIC_ROBUSTNESS
1395,data over data fox the compressa,136.83812369803454,SYNTHETIC_ROBUSTNESS
1396,over jumps lazy the quick jumpsa,137.0008991518774,SYNTHETIC_ROBUSTNESS
1397,brown jumps the the stream theaa,137.03521780673535,SYNTHETIC_ROBUSTNESS
1398,quick over brown jumps over brow,137.10121274263048,SYNTHETIC_ROBUSTNESS
1399,jumps the brown compress the str,137.179632698509,SYNTHETIC_ROBUSTNESS
1400,dog the fox compress fox overaaa,137.32533411657022,SYNTHETIC_ROBUSTNESS
1401,over jumps over fox stream jumps,137.54062827484293,SYNTHETIC_ROBUSTNESS
1402,dog compress the stream data str,137.7037067519393,SYNTHETIC_ROBUSTNESS
1403,dog data dog quick jumps dogaaaa,137.78865031388142,SYNTHETIC_ROBUSTNESS
1404,lazy over dog over brown dogaaaa,137.8314234822883,SYNTHETIC_ROBUSTNESS
1405,fox over dog compress lazy foxaa,137.90619603191013,SYNTHETIC_ROBUSTNESS
1406,jumps jumps stream fox compress ,137.9092441882122,SYNTHETIC_ROBUSTNESS
1407,data lazy jumps quick compress o,137.9373453074771,SYNTHETIC_ROBUSTNESS
1408,brown brown jumps stream fox the,137.98294044859523,SYNTHETIC_ROBUSTNESS
1409,lazy over data over the streamaa,138.0214706038012,SYNTHETIC_ROBUSTNESS
1410,compress dog compress brown comp,138.03146887519256,SYNTHETIC_ROBUSTNESS
1411,compress lazy jumps jumps fox qu,138.03667761314247,SYNTHETIC_ROBUSTNESS
1412,stream lazy stream brown brown f,138.09127364454454,SYNTHETIC_ROBUSTNESS
1413,the over brown fox compress jump,138.09904815274234,SYNTHETIC_ROBUSTNESS
1414,fox jumps dog brown stream strea,138.13276452850482,SYNTHETIC_ROBUSTNESS
1415,compress dog lazy data fox strea,138.19716702779994,SYNTHETIC_ROBUSTNESS
1416,data data brown the lazy streama,138.22073435891247,SYNTHETIC_ROBUSTNESS
1417,lazy jumps compress stream quick,138.22902198109514,SYNTHETIC_ROBUSTNESS
1418,stream data brown jumps brown la,138.28560883301614,SYNTHETIC_ROBUSTNESS
1419,fox stream the the lazy overaaaa,138.34511591575628,SYNTHETIC_ROBUSTNESS
1420,compress dog lazy over stream qu,138.5923516437072,SYNTHETIC_ROBUSTNESS
1421,dog fox fox the data theaaaaaaaa,138.60602961197702,SYNTHETIC_ROBUSTNESS
1422,dog dog the jumps over dataaaaaa,138.70147960585044,SYNTHETIC_ROBUSTNESS
1423,data stream lazy jumps stream st,138.7400021232545,SYNTHETIC_ROBUSTNESS
1424,compress over compress quick dog,138.75319514282234,SYNTHETIC_ROBUSTNESS
1425,compress compress dog lazy quick,138.80314202960534,SYNTHETIC_ROBUSTNESS
1426,compress lazy stream lazy stream,138.85899274731125,SYNTHETIC_ROBUSTNESS
1427,dog brown quick the compress qui,138.90417996971144,SYNTHETIC_ROBUSTNESS
1428,lazy fox compress brown stream q,139.04930923797212,SYNTHETIC_ROBUSTNESS
1429,stream quick brown stream brown ,139.23207265387998,SYNTHETIC_ROBUSTNESS
1430,over fox lazy jumps compress jum,139.24817545353062,SYNTHETIC_ROBUSTNESS
1431,over fox lazy compress data over,139.26655632833766,SYNTHETIC_ROBUSTNESS
1432,fox quick jumps lazy jumps jumps,139.3212391972596,SYNTHETIC_ROBUSTNESS
1433,stream lazy brown the the overaa,139.35983323759976,SYNTHETIC_ROBUSTNESS
1434,quick lazy jumps quick brown ove,139.53107647464813,SYNTHETIC_ROBUSTNESS
1435,dog quick dog lazy lazy quickaaa,140.10588763318418,SYNTHETIC_ROBUSTNESS
1436,brown data the dog fox overaaaaa,140.12586822997085,SYNTHETIC_ROBUSTNESS
1437,data stream quick the brown brow,140.269645587077,SYNTHETIC_ROBUSTNESS
1438,data lazy compress the fox dogaa,140.36310297662627,SYNTHETIC_ROBUSTNESS
1439,over fox data over lazy foxaaaaa,140.46650462228465,SYNTHETIC_ROBUSTNESS
1440,stream lazy lazy lazy fox compre,140.49721713850812,SYNTHETIC_ROBUSTNESS
1441,over compress brown lazy fox com,140.50744214345244,SYNTHETIC_ROBUSTNESS
1442,the jumps brown jumps compress s,140.5858053886485,SYNTHETIC_ROBUSTNESS
1443,stream data data stream fox stre,140.68086924305527,SYNTHETIC_ROBUSTNESS
1444,compress compress stream lazy br,141.0106853371956,SYNTHETIC_ROBUSTNESS
1445,quick over data fox the quickaaa,141.12314946878922,SYNTHETIC_ROBUSTNESS
1446,jumps fox quick fox stream brown,141.18179140283175,SYNTHETIC_ROBUSTNESS
1447,data fox data jumps fox dataaaaa,141.69340979872678,SYNTHETIC_ROBUSTNESS
1448,over stream over lazy the theaaa,141.74012879384247,SYNTHETIC_ROBUSTNESS
1449,stream over stream the jumps the,141.7578691809121,SYNTHETIC_ROBUSTNESS
1450,the jumps stream lazy over brown,141.85409742630188,SYNTHETIC_ROBUSTNESS
1451,lazy jumps data lazy data theaaa,141.88505620341257,SYNTHETIC_ROBUSTNESS
1452,over quick fox compress the over,142.1404238054816,SYNTHETIC_ROBUSTNESS
1453,quick fox jumps stream the strea,142.19626242368528,SYNTHETIC_ROBUSTNESS
1454,the over jumps dog jumps dataaaa,142.21246919150983,SYNTHETIC_ROBUSTNESS
1455,the brown lazy the the jumpsaaaa,142.22774126163583,SYNTHETIC_ROBUSTNESS
1456,over fox fox dog compress theaaa,142.33262050026767,SYNTHETIC_ROBUSTNESS
1457,stream data stream quick quick q,142.37817493655407,SYNTHETIC_ROBUSTNESS
1458,data data compress over the foxa,142.42338730728235,SYNTHETIC_ROBUSTNESS
1459,over quick the dog dog compressa,142.51814582972384,SYNTHETIC_ROBUSTNESS
1460,brown quick the the stream strea,142.5431859840634,SYNTHETIC_ROBUSTNESS
1461,dog fox quick the compress dogaa,142.55890146630597,SYNTHETIC_ROBUSTNESS
1462,over dog brown data compress com,142.66598051252961,SYNTHETIC_ROBUSTNESS
1463,quick quick jumps the the theaaa,142.66650559232696,SYNTHETIC_ROBUSTNESS
1464,stream jumps quick dog fox strea,142.90441439652662,SYNTHETIC_ROBUSTNESS
1465,brown dog stream fox dog brownaa,142.92462245573583,SYNTHETIC_ROBUSTNESS
1466,fox quick quick jumps data lazya,142.98401710634684,SYNTHETIC_ROBUSTNESS
1467,compress fox quick fox lazy quic,143.00777667140255,SYNTHETIC_ROBUSTNESS
1468,lazy brown fox over brown dataaa,143.0323948198228,SYNTHETIC_ROBUSTNESS
1469,stream jumps fox over brown quic,143.2125766288274,SYNTHETIC_ROBUSTNESS
1470,data stream lazy stream fox lazy,143.30053238049425,SYNTHETIC_ROBUSTNESS
1471,dog compress stream jumps lazy q,143.3378491646298,SYNTHETIC_ROBUSTNESS
1472,quick lazy quick jumps jumps fox,143.36676397661307,SYNTHETIC_ROBUSTNESS
1473,compress stream the brown quick ,143.39069920214797,SYNTHETIC_ROBUSTNESS
1474,compress over the quick stream d,143.47154341299,SYNTHETIC_ROBUSTNESS
1475,compress over lazy quick the dat,143.6027695483196,SYNTHETIC_ROBUSTNESS
1476,lazy fox lazy data jumps jumpsaa,143.6320091826854,SYNTHETIC_ROBUSTNESS
1477,dog brown quick quick lazy dogaa,143.67240090258255,SYNTHETIC_ROBUSTNESS
1478,stream dog fox jumps over foxaaa,143.7998281254939,SYNTHETIC_ROBUSTNESS
1479,stream the data over over overaa,143.93349401584393,SYNTHETIC_ROBUSTNESS
1480,over the jumps stream quick comp,143.9567279804239,SYNTHETIC_ROBUSTNESS
1481,brown quick quick fox brown foxa,144.00488740742674,SYNTHETIC_ROBUSTNESS
1482,lazy compress the stream jumps s,144.20887697638446,SYNTHETIC_ROBUSTNESS
1483,fox the compress the stream data,144.34365830955394,SYNTHETIC_ROBUSTNESS
1484,quick dog data over the jumpsaaa,144.36139115275878,SYNTHETIC_ROBUSTNESS
1485,fox data compress quick dog thea,144.41016115024405,SYNTHETIC_ROBUSTNESS
1486,lazy compress brown quick quick ,144.77244703560734,SYNTHETIC_ROBUSTNESS
1487,quick fox data data the foxaaaaa,144.8469706103349,SYNTHETIC_ROBUSTNESS
1488,jumps lazy dog lazy quick stream,144.97403393538323,SYNTHETIC_ROBUSTNESS
1489,stream quick the fox data browna,144.98368888210814,SYNTHETIC_ROBUSTNESS
1490,over jumps data dog brown browna,145.1623720225593,SYNTHETIC_ROBUSTNESS
1491,lazy quick jumps brown stream th,145.2552045386651,SYNTHETIC_ROBUSTNESS
1492,compress lazy data data dog jump,145.27451453407824,SYNTHETIC_ROBUSTNESS
1493,quick lazy fox stream data jumps,145.32235227662719,SYNTHETIC_ROBUSTNESS
1494,brown jumps quick dog dog stream,145.33102006664447,SYNTHETIC_ROBUSTNESS
1495,over the data lazy fox brownaaaa,145.4810831386533,SYNTHETIC_ROBUSTNESS
1496,over compress compress data quic,145.6176848723008,SYNTHETIC_ROBUSTNESS
1497,brown jumps the quick dog theaaa,145.6850646359685,SYNTHETIC_ROBUSTNESS
1498,stream the quick quick jumps str,145.7452156270613,SYNTHETIC_ROBUSTNESS
1499,brown fox fox the stream compres,145.8074704492997,SYNTHETIC_ROBUSTNESS
1500,fox the the compress brown overa,145.8112891190751,SYNTHETIC_ROBUSTNESS
1501,jumps jumps brown brown over bro,145.85721447568721,SYNTHETIC_ROBUSTNESS
1502,the fox lazy dog fox overaaaaaaa,145.87096887393182,SYNTHETIC_ROBUSTNESS
1503,stream brown compress fox fox qu,145.89140011672055,SYNTHETIC_ROBUSTNESS
1504,quick compress quick jumps over ,146.21872462937162,SYNTHETIC_ROBUSTNESS
1505,stream over over fox dog jumpsaa,146.24907667464518,SYNTHETIC_ROBUSTNESS
1506,data over fox data stream theaaa,146.31516887302854,SYNTHETIC_ROBUSTNESS
1507,over over the quick brown compre,146.53390939880774,SYNTHETIC_ROBUSTNESS
1508,jumps over quick over fox compre,146.5872661908426,SYNTHETIC_ROBUSTNESS
1509,dog the the lazy lazy dogaaaaaaa,146.66247486779588,SYNTHETIC_ROBUSTNESS
1510,over stream data compress stream,146.68096187526646,SYNTHETIC_ROBUSTNESS
1511,jumps fox jumps compress fox ove,146.71452025335867,SYNTHETIC_ROBUSTNESS
1512,lazy the brown brown fox quickaa,146.78506534149705,SYNTHETIC_ROBUSTNESS
1513,the stream lazy lazy compress th,146.83046285669764,SYNTHETIC_ROBUSTNESS
1514,compress brown quick fox quick t,146.8343635231718,SYNTHETIC_ROBUSTNESS
1515,data over brown jumps stream dog,146.8855843533243,SYNTHETIC_ROBUSTNESS
1516,lazy data quick jumps brown thea,147.05438148479357,SYNTHETIC_ROBUSTNESS
1517,brown over dog compress the doga,147.06671803097385,SYNTHETIC_ROBUSTNESS
1518,jumps the the data jumps compres,147.06860893586605,SYNTHETIC_ROBUSTNESS
1519,data dog fox compress brown foxa,147.0812449675597,SYNTHETIC_ROBUSTNESS
1520,over quick brown the quick quick,147.19735871364253,SYNTHETIC_ROBUSTNESS
1521,fox stream the over the theaaaaa,147.35566004676198,SYNTHETIC_ROBUSTNESS
1522,over the brown data quick lazyaa,147.36065541918381,SYNTHETIC_ROBUSTNESS
1523,stream stream the quick jumps qu,147.57918088274494,SYNTHETIC_ROBUSTNESS
1524,over the lazy quick over jumpsaa,147.67788583505083,SYNTHETIC_ROBUSTNESS
1525,data data brown the the streamaa,147.75089420597502,SYNTHETIC_ROBUSTNESS
1526,data stream lazy stream compress,147.78014248211093,SYNTHETIC_ROBUSTNESS
1527,over fox quick fox over brownaaa,147.82661628416147,SYNTHETIC_ROBUSTNESS
1528,brown compress over dog quick ov,148.12031220450905,SYNTHETIC_ROBUSTNESS
1529,jumps compress data lazy over st,148.3628399583717,SYNTHETIC_ROBUSTNESS
1530,brown the stream dog brown strea,148.46104684140252,SYNTHETIC_ROBUSTNESS
1531,stream brown quick compress brow,148.54753799971584,SYNTHETIC_ROBUSTNESS
1532,data lazy jumps dog the dogaaaaa,148.57117920167585,SYNTHETIC_ROBUSTNESS
1533,compress over lazy quick the com,148.87753436617268,SYNTHETIC_ROBUSTNESS
1534,jumps data over dog fox dogaaaaa,149.0183440838672,SYNTHETIC_ROBUSTNESS
1535,brown stream compress brown dog ,149.06651279717113,SYNTHETIC_ROBUSTNESS
1536,brown data the over the foxaaaaa,149.23570322438283,SYNTHETIC_ROBUSTNESS
1537,fox data brown brown fox quickaa,149.2595130387564,SYNTHETIC_ROBUSTNESS
1538,stream lazy over stream quick ju,149.2834947998884,SYNTHETIC_ROBUSTNESS
1539,jumps fox fox fox fox dogaaaaaaa,149.44001835625122,SYNTHETIC_ROBUSTNESS
1540,brown data stream over dog lazya,149.52195925793342,SYNTHETIC_ROBUSTNESS
1541,fox over lazy compress over quic,149.6031152392891,SYNTHETIC_ROBUSTNESS
1542,fox the brown over jumps jumpsaa,149.6883695918284,SYNTHETIC_ROBUSTNESS
1543,stream brown the dog the overaaa,149.70181498128727,SYNTHETIC_ROBUSTNESS
1544,quick quick fox compress jumps o,149.74482546118568,SYNTHETIC_ROBUSTNESS
1545,fox quick fox data brown dataaaa,149.82994124754447,SYNTHETIC_ROBUSTNESS
1546,stream lazy lazy compress data d,149.85838842751053,SYNTHETIC_ROBUSTNESS
1547,brown data dog brown compress do,149.9285073626456,SYNTHETIC_ROBUSTNESS
1548,brown over dog stream lazy dataa,150.00993386831485,SYNTHETIC_ROBUSTNESS
1549,stream lazy over stream lazy bro,150.29607827223407,SYNTHETIC_ROBUSTNESS
1550,data quick data quick jumps quic,150.3242848342044,SYNTHETIC_ROBUSTNESS
1551,compress quick stream brown stre,150.38215198017463,SYNTHETIC_ROBUSTNESS
1552,brown fox quick over data overaa,150.78121105076815,SYNTHETIC_ROBUSTNESS
1553,data lazy data stream data strea,150.8018876255673,SYNTHETIC_ROBUSTNESS
1554,jumps compress brown dog the str,150.9533092564649,SYNTHETIC_ROBUSTNESS
1555,compress jumps compress quick th,150.97280799421358,SYNTHETIC_ROBUSTNESS
1556,over brown jumps brown brown qui,151.1625510460414,SYNTHETIC_ROBUSTNESS
1557,dog dog compress stream over ove,151.22948902120405,SYNTHETIC_ROBUSTNESS
1558,dog over stream brown stream bro,151.58762249870773,SYNTHETIC_ROBUSTNESS
1559,fox dog fox over brown dataaaaaa,151.60626448915656,SYNTHETIC_ROBUSTNESS
1560,dog over stream jumps the overaa,151.7227160939269,SYNTHETIC_ROBUSTNESS
1561,over dog data stream brown brown,151.84155204361986,SYNTHETIC_ROBUSTNESS
1562,jumps the fox stream over browna,151.96844778612794,SYNTHETIC_ROBUSTNESS
1563,fox data stream lazy quick quick,151.97909153608566,SYNTHETIC_ROBUSTNESS
1564,compress lazy stream compress st,152.01313809437968,SYNTHETIC_ROBUSTNESS
1565,stream lazy dog lazy lazy jumpsa,152.05438960859664,SYNTHETIC_ROBUSTNESS
1566,over data data dog fox lazyaaaaa,152.0935883835107,SYNTHETIC_ROBUSTNESS
1567,brown fox jumps dog over brownaa,152.20598776845617,SYNTHETIC_ROBUSTNESS
1568,quick stream fox data the stream,152.21162678095553,SYNTHETIC_ROBUSTNESS
1569,dog jumps lazy quick compress la,152.34258923496625,SYNTHETIC_ROBUSTNESS
1570,the data fox dog lazy brownaaaaa,152.41736739252457,SYNTHETIC_ROBUSTNESS
1571,over compress dog jumps jumps fo,152.43636210861956,SYNTHETIC_ROBUSTNESS
1572,brown stream stream over lazy co,152.46199578494756,SYNTHETIC_ROBUSTNESS
1573,data dog the jumps stream theaaa,152.47226334344924,SYNTHETIC_ROBUSTNESS
1574,over over over dog compress stre,152.53370782249945,SYNTHETIC_ROBUSTNESS
1575,dog over over data jumps compres,152.6240752389673,SYNTHETIC_ROBUSTNESS
1576,jumps lazy stream lazy stream qu,152.71105700427393,SYNTHETIC_ROBUSTNESS
1577,dog stream dog the quick compres,153.03904671788754,SYNTHETIC_ROBUSTNESS
1578,over data stream stream brown br,153.07413958528699,SYNTHETIC_ROBUSTNESS
1579,compress brown compress dog data,153.21772160001947,SYNTHETIC_ROBUSTNESS
1580,dog compress lazy compress dog s,153.3461233750855,SYNTHETIC_ROBUSTNESS
1581,brown dog fox fox lazy brownaaaa,153.35245218334367,SYNTHETIC_ROBUSTNESS
1582,jumps the over fox jumps foxaaaa,153.61838543975966,SYNTHETIC_ROBUSTNESS
1583,dog stream jumps the data stream,153.8861917521856,SYNTHETIC_ROBUSTNESS
1584,jumps dog the lazy the brownaaaa,153.93666536942524,SYNTHETIC_ROBUSTNESS
1585,lazy over brown lazy data theaaa,153.99073851305542,SYNTHETIC_ROBUSTNESS
1586,lazy compress compress stream fo,154.16199467821028,SYNTHETIC_ROBUSTNESS
1587,compress over jumps lazy compres,154.23032043375568,SYNTHETIC_ROBUSTNESS
1588,data compress dog compress the d,154.39086537073916,SYNTHETIC_ROBUSTNESS
1589,data the over brown compress jum,154.39454475436634,SYNTHETIC_ROBUSTNESS
1590,fox brown lazy the quick foxaaaa,154.42334904977326,SYNTHETIC_ROBUSTNESS
1591,stream jumps data quick dog jump,154.43289721759493,SYNTHETIC_ROBUSTNESS
1592,data the compress brown stream d,154.49344712780155,SYNTHETIC_ROBUSTNESS
1593,quick over data over the streama,154.68597126181518,SYNTHETIC_ROBUSTNESS
1594,over stream fox jumps jumps doga,154.77031891903903,SYNTHETIC_ROBUSTNESS
1595,compress the data stream over fo,154.84378534790864,SYNTHETIC_ROBUSTNESS
1596,jumps brown over compress brown ,154.88937284202052,SYNTHETIC_ROBUSTNESS
1597,brown jumps the the over compres,154.8959451511177,SYNTHETIC_ROBUSTNESS
1598,data data compress quick the com,155.04136379377007,SYNTHETIC_ROBUSTNESS
1599,the the dog over stream quickaaa,155.12593911456378,SYNTHETIC_ROBUSTNESS
1600,dog over compress the compress j,155.3932540148169,SYNTHETIC_ROBUSTNESS
1601,lazy data jumps jumps over dogaa,155.44981127855206,SYNTHETIC_ROBUSTNESS
1602,jumps brown jumps dog the foxaaa,155.50114409321748,SYNTHETIC_ROBUSTNESS
1603,data lazy data quick data stream,155.867453531332,SYNTHETIC_ROBUSTNESS
1604,lazy the jumps quick dog overaaa,155.88267050339792,SYNTHETIC_ROBUSTNESS
1605,brown stream dog dog data jumpsa,155.91175407843807,SYNTHETIC_ROBUSTNESS
1606,quick lazy compress lazy jumps j,155.9787292223067,SYNTHETIC_ROBUSTNESS
1607,quick dog lazy quick data jumpsa,156.0528672756043,SYNTHETIC_ROBUSTNESS
1608,brown compress the stream fox co,156.1324332555738,SYNTHETIC_ROBUSTNESS
1609,jumps stream stream over over la,156.15627292594107,SYNTHETIC_ROBUSTNESS
1610,jumps quick the the fox overaaaa,156.41779457326305,SYNTHETIC_ROBUSTNESS
1611,quick compress the brown data co,156.53936608659072,SYNTHETIC_ROBUSTNESS
1612,stream jumps brown over stream d,156.56926598666547,SYNTHETIC_ROBUSTNESS
1613,fox quick brown the lazy jumpsaa,156.6041073314987,SYNTHETIC_ROBUSTNESS
1614,lazy compress over lazy over str,156.8164328532419,SYNTHETIC_ROBUSTNESS
1615,quick brown compress lazy stream,156.8642937735611,SYNTHETIC_ROBUSTNESS
1616,data data stream data fox overaa,156.94556871691347,SYNTHETIC_ROBUSTNESS
1617,stream stream compress stream co,156.95840056340373,SYNTHETIC_ROBUSTNESS
1618,stream brown data lazy stream ov,156.98740007774632,SYNTHETIC_ROBUSTNESS
1619,lazy lazy dog the stream overaaa,157.04128430456217,SYNTHETIC_ROBUSTNESS
1620,data the the compress fox compre,157.1480356101272,SYNTHETIC_ROBUSTNESS
1621,compress fox brown the over doga,157.18091666857217,SYNTHETIC_ROBUSTNESS
1622,jumps stream stream brown stream,157.48202463759253,SYNTHETIC_ROBUSTNESS
1623,stream quick jumps stream jumps ,157.50689861738593,SYNTHETIC_ROBUSTNESS
1624,brown stream data stream fox com,157.6578157527652,SYNTHETIC_ROBUSTNESS
1625,dog stream dog stream the lazyaa,157.70316562162668,SYNTHETIC_ROBUSTNESS
1626,over dog the quick fox quickaaaa,157.88238210288063,SYNTHETIC_ROBUSTNESS
1627,stream jumps compress compress q,158.13891447108725,SYNTHETIC_ROBUSTNESS
1628,over stream data fox brown jumps,158.1596188021332,SYNTHETIC_ROBUSTNESS
1629,jumps quick compress quick fox q,158.22724329374975,SYNTHETIC_ROBUSTNESS
1630,compress stream the data brown o,158.24401014255056,SYNTHETIC_ROBUSTNESS
1631,over data brown jumps lazy dataa,158.36636826606573,SYNTHETIC_ROBUSTNESS
1632,data the jumps over compress dat,158.54488921155084,SYNTHETIC_ROBUSTNESS
1633,fox dog data compress quick stre,158.59423165851325,SYNTHETIC_ROBUSTNESS
1634,fox brown fox stream compress la,158.6447741656435,SYNTHETIC_ROBUSTNESS
1635,over quick stream brown lazy str,158.6675696489355,SYNTHETIC_ROBUSTNESS
1636,quick over compress data lazy br,158.70417505043764,SYNTHETIC_ROBUSTNESS
1637,jumps the the quick brown quicka,158.74331545231374,SYNTHETIC_ROBUSTNESS
1638,quick fox compress lazy over dog,158.76022530232876,SYNTHETIC_ROBUSTNESS
1639,jumps dog compress stream dog qu,158.79732474752856,SYNTHETIC_ROBUSTNESS
1640,brown the jumps data lazy dogaaa,159.03511694617777,SYNTHETIC_ROBUSTNESS
1641,dog fox quick data the brownaaaa,159.07447838169898,SYNTHETIC_ROBUSTNESS
1642,lazy stream fox over dog foxaaaa,159.10655914460995,SYNTHETIC_ROBUSTNESS
1643,brown lazy compress data jumps d,159.15511429725538,SYNTHETIC_ROBUSTNESS
1644,the compress quick data quick ov,159.477686815073,SYNTHETIC_ROBUSTNESS
1645,jumps over dog fox data quickaaa,159.62232485892193,SYNTHETIC_ROBUSTNESS
1646,fox data over dog dog compressaa,159.64485674016342,SYNTHETIC_ROBUSTNESS
1647,jumps lazy the jumps compress co,159.78451205854023,SYNTHETIC_ROBUSTNESS
1648,compress over compress fox jumps,159.92985588519207,SYNTHETIC_ROBUSTNESS
1649,quick stream over lazy lazy stre,160.22970363838562,SYNTHETIC_ROBUSTNESS
1650,lazy the compress stream dog laz,160.4514316719876,SYNTHETIC_ROBUSTNESS
1651,dog stream jumps dog brown compr,160.46143525293445,SYNTHETIC_ROBUSTNESS
1652,dog jumps quick data quick strea,160.52205453270466,SYNTHETIC_ROBUSTNESS
1653,brown quick jumps fox jumps quic,160.6434546844857,SYNTHETIC_ROBUSTNESS
1654,fox brown over dog data dataaaaa,161.00602186957332,SYNTHETIC_ROBUSTNESS
1655,over quick dog over the streamaa,161.01492190146163,SYNTHETIC_ROBUSTNESS
1656,jumps the the lazy lazy overaaaa,161.0608453240892,SYNTHETIC_ROBUSTNESS
1657,compress quick jumps quick the d,161.1286167725834,SYNTHETIC_ROBUSTNESS
1658,data compress over quick fox com,161.18193142741438,SYNTHETIC_ROBUSTNESS
1659,data compress compress over data,161.24277131153386,SYNTHETIC_ROBUSTNESS
1660,over brown compress stream strea,161.28883244144933,SYNTHETIC_ROBUSTNESS
1661,over compress fox jumps quick co,161.64158545030898,SYNTHETIC_ROBUSTNESS
1662,lazy brown jumps dog data dataaa,161.80416493587163,SYNTHETIC_ROBUSTNESS
1663,data brown quick data fox lazyaa,161.9375958329703,SYNTHETIC_ROBUSTNESS
1664,compress quick brown over brown ,161.99047805214533,SYNTHETIC_ROBUSTNESS
1665,brown jumps stream data lazy laz,162.2037821854179,SYNTHETIC_ROBUSTNESS
1666,dog data quick fox data brownaaa,162.21358088293303,SYNTHETIC_ROBUSTNESS
1667,data data quick over compress br,162.22906146710295,SYNTHETIC_ROBUSTNESS
1668,quick quick compress fox brown d,162.53709870250896,SYNTHETIC_ROBUSTNESS
1669,jumps quick data the data foxaaa,162.6207977563553,SYNTHETIC_ROBUSTNESS
1670,fox quick data fox jumps jumpsaa,162.6381685653791,SYNTHETIC_ROBUSTNESS
1671,over fox jumps compress lazy laz,162.93604764038258,SYNTHETIC_ROBUSTNESS
1672,compress quick data brown jumps ,163.30431064170037,SYNTHETIC_ROBUSTNESS
1673,lazy jumps quick the lazy overaa,163.51758902408784,SYNTHETIC_ROBUSTNESS
1674,lazy fox lazy data dog theaaaaaa,163.54484313254366,SYNTHETIC_ROBUSTNESS
1675,fox compress brown dog quick qui,163.57748458907136,SYNTHETIC_ROBUSTNESS
1676,lazy compress jumps dog the data,163.62973609919007,SYNTHETIC_ROBUSTNESS
1677,stream the dog brown compress da,163.7163247923783,SYNTHETIC_ROBUSTNESS
1678,compress the lazy compress compr,164.20144989163109,SYNTHETIC_ROBUSTNESS
1679,compress over compress compress ,164.51411043320905,SYNTHETIC_ROBUSTNESS
1680,stream over brown over fox lazya,164.7681173546323,SYNTHETIC_ROBUSTNESS
1681,the dog fox stream lazy theaaaaa,164.77746892658294,SYNTHETIC_ROBUSTNESS
1682,fox compress dog stream compress,164.91900678841284,SYNTHETIC_ROBUSTNESS
1683,jumps data fox the quick brownaa,165.12843864324478,SYNTHETIC_ROBUSTNESS
1684,stream compress the dog dog brow,165.16897708381208,SYNTHETIC_ROBUSTNESS
1685,brown stream the data dog overaa,165.19376862364842,SYNTHETIC_ROBUSTNESS
1686,jumps data jumps compress brown ,165.33177659243,SYNTHETIC_ROBUSTNESS
1687,compress the lazy data brown the,165.34129976392134,SYNTHETIC_ROBUSTNESS
1688,brown quick the data brown quick,165.6240815004298,SYNTHETIC_ROBUSTNESS
1689,fox lazy lazy data the lazyaaaaa,165.64105097884806,SYNTHETIC_ROBUSTNESS
1690,lazy quick stream lazy over doga,165.7022146758068,SYNTHETIC_ROBUSTNESS
1691,the fox brown over jumps brownaa,166.10848676416902,SYNTHETIC_ROBUSTNESS
1692,over over the over lazy jumpsaaa,166.55262381243674,SYNTHETIC_ROBUSTNESS
1693,fox lazy fox fox lazy theaaaaaaa,166.70223039894682,SYNTHETIC_ROBUSTNESS
1694,fox compress fox jumps fox theaa,166.88498263025022,SYNTHETIC_ROBUSTNESS
1695,jumps stream stream jumps stream,167.2266261457339,SYNTHETIC_ROBUSTNESS
1696,jumps quick brown over compress ,167.48894583628825,SYNTHETIC_ROBUSTNESS
1697,over the stream stream stream st,167.58626068745428,SYNTHETIC_ROBUSTNESS
1698,lazy dog fox lazy lazy lazyaaaaa,167.7189188016073,SYNTHETIC_ROBUSTNESS
1699,compress the compress lazy data ,167.8090039927113,SYNTHETIC_ROBUSTNESS
1700,quick jumps stream lazy jumps la,167.87962627707154,SYNTHETIC_ROBUSTNESS
1701,brown data the dog stream jumpsa,168.09234587519558,SYNTHETIC_ROBUSTNESS
1702,stream quick quick compress brow,168.22629653796218,SYNTHETIC_ROBUSTNESS
1703,stream lazy lazy over lazy dataa,168.42277660285157,SYNTHETIC_ROBUSTNESS
1704,lazy dog data stream stream stre,168.43285934601474,SYNTHETIC_ROBUSTNESS
1705,dog brown jumps over fox compres,168.5187760202332,SYNTHETIC_ROBUSTNESS
1706,data brown quick lazy quick data,168.5587516877115,SYNTHETIC_ROBUSTNESS
1707,lazy fox quick stream dog overaa,168.63078173507853,SYNTHETIC_ROBUSTNESS
1708,brown compress lazy over quick d,168.7257058650379,SYNTHETIC_ROBUSTNESS
1709,brown dog jumps over brown dogaa,168.91262941927667,SYNTHETIC_ROBUSTNESS
1710,jumps data data dog lazy dogaaaa,168.9158691074845,SYNTHETIC_ROBUSTNESS
1711,stream stream the stream data fo,168.93377978518032,SYNTHETIC_ROBUSTNESS
1712,stream lazy brown data fox compr,169.18817635508802,SYNTHETIC_ROBUSTNESS
1713,quick brown stream dog brown jum,169.53012484318765,SYNTHETIC_ROBUSTNESS
1714,jumps stream over dog compress j,169.5358266167127,SYNTHETIC_ROBUSTNESS
1715,quick compress fox the dog foxaa,169.57614152736141,SYNTHETIC_ROBUSTNESS
1716,dog the over brown over foxaaaaa,169.57711928928876,SYNTHETIC_ROBUSTNESS
1717,data stream fox compress lazy st,169.71877321058895,SYNTHETIC_ROBUSTNESS
1718,compress dog jumps dog fox quick,169.83332479073326,SYNTHETIC_ROBUSTNESS
1719,dog compress brown quick the fox,169.9165209244975,SYNTHETIC_ROBUSTNESS
1720,jumps brown compress lazy brown ,170.0341765258803,SYNTHETIC_ROBUSTNESS
1721,quick stream fox over quick foxa,170.11135038279184,SYNTHETIC_ROBUSTNESS
1722,the dog brown stream compress la,170.1386417065927,SYNTHETIC_ROBUSTNESS
1723,quick the the jumps data theaaaa,170.2790198376215,SYNTHETIC_ROBUSTNESS
1724,lazy compress quick over stream ,170.43193371726122,SYNTHETIC_ROBUSTNESS
1725,the quick lazy compress dog brow,170.62448696161456,SYNTHETIC_ROBUSTNESS
1726,lazy lazy quick brown compress s,170.93256518125824,SYNTHETIC_ROBUSTNESS
1727,over over brown the brown stream,171.07021606554025,SYNTHETIC_ROBUSTNESS
1728,jumps brown lazy brown the theaa,171.07582547092628,SYNTHETIC_ROBUSTNESS
1729,fox lazy data compress dog overa,171.07793134681395,SYNTHETIC_ROBUSTNESS
1730,jumps stream fox dog fox foxaaaa,171.21258898194114,SYNTHETIC_ROBUSTNESS
1731,the the fox jumps stream dogaaaa,171.21835729219757,SYNTHETIC_ROBUSTNESS
1732,dog quick brown fox compress dog,171.25632892899725,SYNTHETIC_ROBUSTNESS
1733,over stream dog the over theaaaa,171.270965687228,SYNTHETIC_ROBUSTNESS
1734,jumps lazy fox compress the quic,171.6180201258196,SYNTHETIC_ROBUSTNESS
1735,lazy lazy over brown lazy jumpsa,171.6560575036186,SYNTHETIC_ROBUSTNESS
1736,stream over brown fox compress f,171.66173008581407,SYNTHETIC_ROBUSTNESS
1737,over the data quick lazy streama,171.96052146263375,SYNTHETIC_ROBUSTNESS
1738,lazy data over brown over overaa,172.05436087957747,SYNTHETIC_ROBUSTNESS
1739,jumps over dog jumps compress da,172.05803859284032,SYNTHETIC_ROBUSTNESS
1740,quick stream dog compress the do,172.2372311650769,SYNTHETIC_ROBUSTNESS
1741,lazy data compress brown stream ,172.25378099589855,SYNTHETIC_ROBUSTNESS
1742,compress jumps jumps over fox st,172.41595040381344,SYNTHETIC_ROBUSTNESS
1743,over over brown compress stream ,172.50826979074466,SYNTHETIC_ROBUSTNESS
1744,fox lazy stream fox quick quicka,172.52776369890347,SYNTHETIC_ROBUSTNESS
1745,over the fox data compress dogaa,172.6674377937245,SYNTHETIC_ROBUSTNESS
1746,jumps data stream fox the compre,172.72804395321754,SYNTHETIC_ROBUSTNESS
1747,dog fox brown data lazy dogaaaaa,172.82968294773198,SYNTHETIC_ROBUSTNESS
1748,compress lazy data fox brown jum,173.03333200819054,SYNTHETIC_ROBUSTNESS
1749,quick dog the quick fox overaaaa,173.06348281145466,SYNTHETIC_ROBUSTNESS
1750,stream dog jumps the data dogaaa,173.10904892361788,SYNTHETIC_ROBUSTNESS
1751,the fox over jumps jumps streama,173.69945970445835,SYNTHETIC_ROBUSTNESS
1752,the data over jumps brown theaaa,173.7704106297063,SYNTHETIC_ROBUSTNESS
1753,dog compress stream brown over s,173.85216896135432,SYNTHETIC_ROBUSTNESS
1754,lazy fox compress fox over overa,173.88577758804243,SYNTHETIC_ROBUSTNESS
1755,dog lazy fox dog data brownaaaaa,173.93956768430837,SYNTHETIC_ROBUSTNESS
1756,stream data compress jumps jumps,174.00919323438163,SYNTHETIC_ROBUSTNESS
1757,dog compress data over jumps dat,174.0390937921029,SYNTHETIC_ROBUSTNESS
1758,over over over fox lazy lazyaaaa,174.0662937622066,SYNTHETIC_ROBUSTNESS
1759,the data jumps fox fox dataaaaaa,174.15803960751217,SYNTHETIC_ROBUSTNESS
1760,jumps stream lazy stream data br,174.17833099387738,SYNTHETIC_ROBUSTNESS
1761,the data quick stream compress q,174.25895311630202,SYNTHETIC_ROBUSTNESS
1762,quick brown jumps the compress t,174.38144349112585,SYNTHETIC_ROBUSTNESS
1763,over quick dog dog stream foxaaa,174.40354028580802,SYNTHETIC_ROBUSTNESS
1764,the quick over over dog dataaaaa,174.54053439134148,SYNTHETIC_ROBUSTNESS
1765,compress compress dog compress t,174.5851137973254,SYNTHETIC_ROBUSTNESS
1766,dog over data lazy brown compres,175.07445954621696,SYNTHETIC_ROBUSTNESS
1767,the dog jumps stream jumps foxaa,175.4611492632733,SYNTHETIC_ROBUSTNESS
1768,brown over stream compress brown,175.62139282859,SYNTHETIC_ROBUSTNESS
1769,stream quick the the stream jump,175.66335746390115,SYNTHETIC_ROBUSTNESS
1770,over data stream data jumps brow,175.94015362801937,SYNTHETIC_ROBUSTNESS
1771,jumps over jumps lazy over theaa,176.61096256296207,SYNTHETIC_ROBUSTNESS
1772,dog data lazy jumps over brownaa,176.6730040261237,SYNTHETIC_ROBUSTNESS
1773,fox dog jumps over lazy jumpsaaa,176.76834862311586,SYNTHETIC_ROBUSTNESS
1774,brown dog fox quick stream dataa,176.76894912281006,SYNTHETIC_ROBUSTNESS
1775,brown fox over brown fox theaaaa,176.77340004394856,SYNTHETIC_ROBUSTNESS
1776,compress brown quick jumps brown,176.84283439573056,SYNTHETIC_ROBUSTNESS
1777,data stream over compress brown ,176.93681947452845,SYNTHETIC_ROBUSTNESS
1778,fox data fox lazy compress quick,176.97427325741918,SYNTHETIC_ROBUSTNESS
1779,over dog brown stream over dogaa,176.98471266907228,SYNTHETIC_ROBUSTNESS
1780,data stream dog dog brown theaaa,177.1371636075198,SYNTHETIC_ROBUSTNESS
1781,over dog dog jumps data dogaaaaa,177.1914227667816,SYNTHETIC_ROBUSTNESS
1782,compress jumps lazy lazy quick s,177.29607648864868,SYNTHETIC_ROBUSTNESS
1783,the brown compress quick dog ove,177.401116202019,SYNTHETIC_ROBUSTNESS
1784,brown fox fox quick jumps lazyaa,177.48026691290733,SYNTHETIC_ROBUSTNESS
1785,compress quick dog stream stream,177.49992797752384,SYNTHETIC_ROBUSTNESS
1786,lazy brown lazy lazy data dataaa,177.5956604355642,SYNTHETIC_ROBUSTNESS
1787,the jumps quick jumps dog quicka,177.63453362618273,SYNTHETIC_ROBUSTNESS
1788,data compress brown the brown da,177.80552864980612,SYNTHETIC_ROBUSTNESS
1789,quick data brown lazy the compre,177.82699620659056,SYNTHETIC_ROBUSTNESS
1790,stream compress the over fox qui,177.86140711688753,SYNTHETIC_ROBUSTNESS
1791,jumps the lazy compress the over,177.91944361818327,SYNTHETIC_ROBUSTNESS
1792,jumps data over compress brown s,178.0541560331855,SYNTHETIC_ROBUSTNESS
1793,the quick dog the brown streamaa,178.1817210239696,SYNTHETIC_ROBUSTNESS
1794,brown lazy data data dog dogaaaa,178.2228356384968,SYNTHETIC_ROBUSTNESS
1795,data fox the quick jumps theaaaa,178.29432422086924,SYNTHETIC_ROBUSTNESS
1796,jumps dog jumps fox lazy jumpsaa,178.32101216318048,SYNTHETIC_ROBUSTNESS
1797,data data brown over compress co,178.46813870273482,SYNTHETIC_ROBUSTNESS
1798,fox compress quick data the doga,178.49004263685106,SYNTHETIC_ROBUSTNESS
1799,brown fox over quick the dogaaaa,178.66116031043939,SYNTHETIC_ROBUSTNESS
1800,lazy the over lazy fox dogaaaaaa,178.93740688493878,SYNTHETIC_ROBUSTNESS
1801,data dog dog quick compress quic,179.41555075909307,SYNTHETIC_ROBUSTNESS
1802,brown quick lazy stream brown co,179.61001536407733,SYNTHETIC_ROBUSTNESS
1803,stream lazy fox stream dog quick,179.6350795567372,SYNTHETIC_ROBUSTNESS
1804,jumps stream jumps fox fox overa,179.68895297566348,SYNTHETIC_ROBUSTNESS
1805,brown dog lazy quick jumps brown,179.69825630610939,SYNTHETIC_ROBUSTNESS
1806,fox brown fox lazy brown dogaaaa,179.71623494659818,SYNTHETIC_ROBUSTNESS
1807,jumps compress compress over ove,179.72133239511646,SYNTHETIC_ROBUSTNESS
1808,lazy brown quick compress compre,179.82380017505952,SYNTHETIC_ROBUSTNESS
1809,the jumps lazy jumps over overaa,179.89998285685257,SYNTHETIC_ROBUSTNESS
1810,data quick stream fox data compr,180.14888976707505,SYNTHETIC_ROBUSTNESS
1811,fox lazy the data lazy dogaaaaaa,180.21106691510323,SYNTHETIC_ROBUSTNESS
1812,the jumps over data the compress,180.31387485299254,SYNTHETIC_ROBUSTNESS
1813,data quick quick stream fox data,180.36522401566734,SYNTHETIC_ROBUSTNESS
1814,compress the the data compress t,180.54210082020836,SYNTHETIC_ROBUSTNESS
1815,lazy jumps dog fox dog quickaaaa,180.80297883239098,SYNTHETIC_ROBUSTNESS
1816,lazy data compress brown quick d,180.8594950001267,SYNTHETIC_ROBUSTNESS
1817,the compress lazy brown quick st,180.86812721472597,SYNTHETIC_ROBUSTNESS
1818,data data the data jumps dogaaaa,180.8859843738992,SYNTHETIC_ROBUSTNESS
1819,quick compress brown lazy dog ov,181.01347553442477,SYNTHETIC_ROBUSTNESS
1820,brown stream dog data dog jumpsa,181.0528194245825,SYNTHETIC_ROBUSTNESS
1821,stream brown lazy quick compress,181.20671036715643,SYNTHETIC_ROBUSTNESS
1822,the the fox dog lazy overaaaaaaa,181.34524367768915,SYNTHETIC_ROBUSTNESS
1823,lazy quick compress jumps compre,181.4637593282983,SYNTHETIC_ROBUSTNESS
1824,over compress stream dog over fo,181.63207686140407,SYNTHETIC_ROBUSTNESS
1825,over the lazy data brown dataaaa,181.77336364235325,SYNTHETIC_ROBUSTNESS
1826,the the data fox data overaaaaaa,181.8734907593851,SYNTHETIC_ROBUSTNESS
1827,fox the the compress stream lazy,181.87391437623367,SYNTHETIC_ROBUSTNESS
1828,dog lazy jumps fox data dogaaaaa,181.94641474314713,SYNTHETIC_ROBUSTNESS
1829,dog over stream the brown quicka,182.03686402657036,SYNTHETIC_ROBUSTNESS
1830,the over stream jumps jumps doga,182.36037954046606,SYNTHETIC_ROBUSTNESS
1831,dog over stream data data browna,182.4654995797238,SYNTHETIC_ROBUSTNESS
1832,over brown compress quick jumps ,182.55117772472238,SYNTHETIC_ROBUSTNESS
1833,stream jumps data compress quick,182.62909047223098,SYNTHETIC_ROBUSTNESS
1834,quick quick the over data dogaaa,182.6399930829985,SYNTHETIC_ROBUSTNESS
1835,brown brown fox compress data qu,182.69578827882762,SYNTHETIC_ROBUSTNESS
1836,brown brown brown brown jumps ju,182.71021639734357,SYNTHETIC_ROBUSTNESS
1837,brown data brown lazy jumps comp,182.71563010449984,SYNTHETIC_ROBUSTNESS
1838,lazy quick brown quick fox jumps,182.75559866747287,SYNTHETIC_ROBUSTNESS
1839,brown fox brown brown lazy jumps,182.85928704861948,SYNTHETIC_ROBUSTNESS
1840,compress jumps quick over quick ,183.06087540001354,SYNTHETIC_ROBUSTNESS
1841,lazy dog quick quick lazy overaa,183.22714126804155,SYNTHETIC_ROBUSTNESS
1842,quick dog stream stream jumps th,183.26205303251479,SYNTHETIC_ROBUSTNESS
1843,jumps over the jumps lazy stream,183.26676183879886,SYNTHETIC_ROBUSTNESS
1844,brown fox data dog quick compres,183.31829176300414,SYNTHETIC_ROBUSTNESS
1845,the the fox jumps the streamaaaa,183.35609319192474,SYNTHETIC_ROBUSTNESS
1846,quick compress dog compress quic,183.4024976593939,SYNTHETIC_ROBUSTNESS
1847,dog jumps data brown compress qu,183.48439113783718,SYNTHETIC_ROBUSTNESS
1848,the stream brown stream compress,183.4874796989353,SYNTHETIC_ROBUSTNESS
1849,compress the fox lazy jumps lazy,183.53381122141235,SYNTHETIC_ROBUSTNESS
1850,stream over stream brown dog the,183.61559914653978,SYNTHETIC_ROBUSTNESS
1851,brown quick the jumps stream laz,183.67198151181836,SYNTHETIC_ROBUSTNESS
1852,compress dog brown fox dog lazya,183.78201156595418,SYNTHETIC_ROBUSTNESS
1853,quick dog dog stream stream over,183.80260724921635,SYNTHETIC_ROBUSTNESS
1854,jumps jumps data stream data fox,183.81931052516384,SYNTHETIC_ROBUSTNESS
1855,the data lazy over the theaaaaaa,183.85610931233762,SYNTHETIC_ROBUSTNESS
1856,fox fox compress data fox jumpsa,183.86683768670886,SYNTHETIC_ROBUSTNESS
1857,stream dog over the jumps lazyaa,183.89379071766052,SYNTHETIC_ROBUSTNESS
1858,over dog over brown compress fox,183.90288219337933,SYNTHETIC_ROBUSTNESS
1859,lazy the the jumps quick foxaaaa,183.95429492581786,SYNTHETIC_ROBUSTNESS
1860,stream stream over quick quick t,184.07858572009246,SYNTHETIC_ROBUSTNESS
1861,stream stream stream lazy fox la,184.11234834161203,SYNTHETIC_ROBUSTNESS
1862,fox data quick dog stream browna,184.11272213081207,SYNTHETIC_ROBUSTNESS
1863,data dog data stream data dogaaa,184.19415590531125,SYNTHETIC_ROBUSTNESS
1864,brown the compress stream over d,184.31190247853675,SYNTHETIC_ROBUSTNESS
1865,stream quick jumps fox jumps bro,184.36154811143348,SYNTHETIC_ROBUSTNESS
1866,over stream stream quick data co,184.3967879361139,SYNTHETIC_ROBUSTNESS
1867,compress fox fox the jumps jumps,184.4642475284256,SYNTHETIC_ROBUSTNESS
1868,fox compress dog lazy jumps jump,184.4749214154729,SYNTHETIC_ROBUSTNESS
1869,the data the fox dog lazyaaaaaaa,184.57818314771143,SYNTHETIC_ROBUSTNESS
1870,over quick dog lazy stream lazya,184.71034516342456,SYNTHETIC_ROBUSTNESS
1871,jumps jumps stream compress lazy,184.83229803981257,SYNTHETIC_ROBUSTNESS
1872,stream fox data quick data strea,184.8721470299955,SYNTHETIC_ROBUSTNESS
1873,over quick quick fox over browna,185.05711385680263,SYNTHETIC_ROBUSTNESS
1874,lazy the stream stream lazy data,185.35057526112305,SYNTHETIC_ROBUSTNESS
1875,data dog fox the jumps overaaaaa,185.3858256584337,SYNTHETIC_ROBUSTNESS
1876,compress fox the jumps brown dog,185.4163043022381,SYNTHETIC_ROBUSTNESS
1877,data stream compress over over s,185.53807962072662,SYNTHETIC_ROBUSTNESS
1878,fox fox dog over fox overaaaaaaa,185.6612763763036,SYNTHETIC_ROBUSTNESS
1879,brown brown data the dog brownaa,185.7326965895887,SYNTHETIC_ROBUSTNESS
1880,lazy quick fox lazy the jumpsaaa,185.98950803036118,SYNTHETIC_ROBUSTNESS
1881,lazy compress dog jumps brown da,186.00532733380481,SYNTHETIC_ROBUSTNESS
1882,the lazy fox dog quick streamaaa,186.07021492947638,SYNTHETIC_ROBUSTNESS
1883,brown the fox lazy fox streamaaa,186.073799087,SYNTHETIC_ROBUSTNESS
1884,over over the compress jumps laz,186.07920838081756,SYNTHETIC_ROBUSTNESS
1885,brown compress dog data data ove,186.08472631002664,SYNTHETIC_ROBUSTNESS
1886,over brown jumps lazy jumps lazy,186.15241200364684,SYNTHETIC_ROBUSTNESS
1887,the brown fox the brown dogaaaaa,186.24131958589655,SYNTHETIC_ROBUSTNESS
1888,dog the fox over data compressaa,186.24166894509705,SYNTHETIC_ROBUSTNESS
1889,dog quick lazy over dog foxaaaaa,186.3417847688713,SYNTHETIC_ROBUSTNESS
1890,the brown fox compress lazy foxa,186.40906056535428,SYNTHETIC_ROBUSTNESS
1891,jumps the compress compress lazy,186.43439531434586,SYNTHETIC_ROBUSTNESS
1892,over data compress lazy data qui,186.43591684332134,SYNTHETIC_ROBUSTNESS
1893,compress stream compress stream ,186.45288934997728,SYNTHETIC_ROBUSTNESS
1894,brown jumps lazy dog lazy dataaa,186.5446015165756,SYNTHETIC_ROBUSTNESS
1895,dog compress fox brown data quic,186.6521419466485,SYNTHETIC_ROBUSTNESS
1896,data fox quick compress stream t,186.75628800799643,SYNTHETIC_ROBUSTNESS
1897,stream stream brown dog brown st,186.77291263238735,SYNTHETIC_ROBUSTNESS
1898,jumps jumps fox quick data lazya,187.01506561595693,SYNTHETIC_ROBUSTNESS
1899,the dog data jumps quick brownaa,187.06799038890313,SYNTHETIC_ROBUSTNESS
1900,the the lazy quick stream overaa,187.21409537877585,SYNTHETIC_ROBUSTNESS
1901,fox dog the compress data jumpsa,187.23230524970307,SYNTHETIC_ROBUSTNESS
1902,data data lazy jumps compress ov,187.29590043879008,SYNTHETIC_ROBUSTNESS
1903,brown the fox stream dog brownaa,187.3696147714829,SYNTHETIC_ROBUSTNESS
1904,jumps over quick brown lazy stre,187.5167369447783,SYNTHETIC_ROBUSTNESS
1905,fox jumps compress stream data d,187.61389586815469,SYNTHETIC_ROBUSTNESS
1906,lazy dog over compress lazy jump,187.6648622462348,SYNTHETIC_ROBUSTNESS
1907,over quick data over quick compr,187.69806252107813,SYNTHETIC_ROBUSTNESS
1908,fox stream brown data jumps jump,188.05909430817948,SYNTHETIC_ROBUSTNESS
1909,over fox stream over over quicka,188.0925758682144,SYNTHETIC_ROBUSTNESS
1910,fox brown the jumps data streama,188.10644162430626,SYNTHETIC_ROBUSTNESS
1911,fox fox lazy over lazy dataaaaaa,188.14216866367,SYNTHETIC_ROBUSTNESS
1912,quick compress over stream compr,188.1817602087713,SYNTHETIC_ROBUSTNESS
1913,stream data the compress data th,188.19544068422744,SYNTHETIC_ROBUSTNESS
1914,the stream jumps compress compre,188.31859053684826,SYNTHETIC_ROBUSTNESS
1915,over jumps dog fox stream compre,188.4151294474366,SYNTHETIC_ROBUSTNESS
1916,brown compress lazy jumps compre,188.453199206169,SYNTHETIC_ROBUSTNESS
1917,compress jumps quick data jumps ,188.94938506245632,SYNTHETIC_ROBUSTNESS
1918,jumps fox fox lazy brown brownaa,189.05580935831617,SYNTHETIC_ROBUSTNESS
1919,over compress over fox brown dat,189.1772741115896,SYNTHETIC_ROBUSTNESS
1920,lazy data dog dog the theaaaaaaa,189.25873390125707,SYNTHETIC_ROBUSTNESS
1921,dog quick lazy dog the foxaaaaaa,189.3389352269618,SYNTHETIC_ROBUSTNESS
1922,over quick quick fox the dogaaaa,189.3409577698192,SYNTHETIC_ROBUSTNESS
1923,quick brown stream dog dog dataa,189.4883201786471,SYNTHETIC_ROBUSTNESS
1924,stream brown compress stream com,189.72994121113922,SYNTHETIC_ROBUSTNESS
1925,compress jumps quick lazy jumps ,189.74298214998774,SYNTHETIC_ROBUSTNESS
1926,brown stream fox brown quick bro,189.90176470451865,SYNTHETIC_ROBUSTNESS
1927,quick quick quick fox quick brow,189.97818757223152,SYNTHETIC_ROBUSTNESS
1928,jumps fox fox quick jumps foxaaa,190.01177809458414,SYNTHETIC_ROBUSTNESS
1929,dog jumps data brown quick dataa,190.26546219505386,SYNTHETIC_ROBUSTNESS
1930,the quick the dog brown compress,190.26721454970289,SYNTHETIC_ROBUSTNESS
1931,quick compress brown compress co,190.29924314232795,SYNTHETIC_ROBUSTNESS
1932,the fox the brown dog compressaa,190.51661821545522,SYNTHETIC_ROBUSTNESS
1933,over fox jumps the over dogaaaaa,190.58220614769778,SYNTHETIC_ROBUSTNESS
1934,jumps dog quick fox brown overaa,190.67356603464026,SYNTHETIC_ROBUSTNESS
1935,dog brown dog stream data stream,190.81210271160063,SYNTHETIC_ROBUSTNESS
1936,fox brown lazy over quick lazyaa,190.82811649017646,SYNTHETIC_ROBUSTNESS
1937,brown compress dog data jumps ov,190.85234595500765,SYNTHETIC_ROBUSTNESS
1938,dog quick jumps brown the browna,191.51155671069282,SYNTHETIC_ROBUSTNESS
1939,quick jumps compress dog dog bro,191.538665785477,SYNTHETIC_ROBUSTNESS
1940,the jumps dog quick lazy streama,191.6161454463518,SYNTHETIC_ROBUSTNESS
1941,the fox data data jumps lazyaaaa,191.65162843533545,SYNTHETIC_ROBUSTNESS
1942,compress over lazy jumps over ov,191.84229138319537,SYNTHETIC_ROBUSTNESS
1943,dog quick lazy fox brown compres,192.16866779474137,SYNTHETIC_ROBUSTNESS
1944,stream fox compress the lazy qui,192.18390047744768,SYNTHETIC_ROBUSTNESS
1945,brown data fox stream lazy theaa,192.27567301909755,SYNTHETIC_ROBUSTNESS
1946,compress the fox fox data jumpsa,192.44257935561473,SYNTHETIC_ROBUSTNESS
1947,quick data quick the quick lazya,192.61575565330142,SYNTHETIC_ROBUSTNESS
1948,lazy compress quick brown brown ,192.67381747869206,SYNTHETIC_ROBUSTNESS
1949,jumps jumps lazy dog brown brown,192.69935527568512,SYNTHETIC_ROBUSTNESS
1950,quick brown compress data lazy f,192.7483171390411,SYNTHETIC_ROBUSTNESS
1951,stream lazy compress fox the dat,192.88740872503212,SYNTHETIC_ROBUSTNESS
1952,over compress quick fox compress,193.39537338183246,SYNTHETIC_ROBUSTNESS
1953,fox lazy dog lazy the jumpsaaaaa,193.47618188037816,SYNTHETIC_ROBUSTNESS
1954,dog lazy lazy stream over compre,193.49788863621941,SYNTHETIC_ROBUSTNESS
1955,jumps fox compress dog dog jumps,193.50217257723824,SYNTHETIC_ROBUSTNESS
1956,lazy stream lazy dog compress fo,193.7898606068871,SYNTHETIC_ROBUSTNESS
1957,stream jumps stream the jumps qu,193.85583826964364,SYNTHETIC_ROBUSTNESS
1958,stream compress the the data laz,193.98192527787637,SYNTHETIC_ROBUSTNESS
1959,jumps lazy jumps brown dog compr,194.0898595038253,SYNTHETIC_ROBUSTNESS
1960,lazy quick lazy lazy over lazyaa,194.31138222523427,SYNTHETIC_ROBUSTNESS
1961,over stream brown stream compres,194.34231919061662,SYNTHETIC_ROBUSTNESS
1962,fox brown over dog brown theaaaa,194.40060867235977,SYNTHETIC_ROBUSTNESS
1963,compress stream dog dog lazy laz,194.6455095466773,SYNTHETIC_ROBUSTNESS
1964,fox the data brown stream browna,194.7335961604211,SYNTHETIC_ROBUSTNESS
1965,compress the compress brown jump,194.74099974950866,SYNTHETIC_ROBUSTNESS
1966,the fox dog the fox theaaaaaaaaa,194.76262699273778,SYNTHETIC_ROBUSTNESS
1967,quick jumps over stream lazy ove,194.7897049019546,SYNTHETIC_ROBUSTNESS
1968,compress lazy lazy over data bro,195.2977917945771,SYNTHETIC_ROBUSTNESS
1969,stream quick lazy jumps lazy fox,195.32316998315102,SYNTHETIC_ROBUSTNESS
1970,lazy jumps dog over quick foxaaa,195.52694933898985,SYNTHETIC_ROBUSTNESS
1971,quick stream over dog data jumps,195.53508071925162,SYNTHETIC_ROBUSTNESS
1972,lazy over stream compress over l,195.55513587426148,SYNTHETIC_ROBUSTNESS
1973,jumps quick jumps data data quic,195.76075151919036,SYNTHETIC_ROBUSTNESS
1974,quick dog stream compress over f,195.9899521208505,SYNTHETIC_ROBUSTNESS
1975,stream dog data over stream over,196.00933441557902,SYNTHETIC_ROBUSTNESS
1976,quick lazy dog over the brownaaa,196.03545169697747,SYNTHETIC_ROBUSTNESS
1977,lazy lazy stream compress data c,196.1110747371111,SYNTHETIC_ROBUSTNESS
1978,dog quick over brown over jumpsa,196.11648688210732,SYNTHETIC_ROBUSTNESS
1979,jumps lazy jumps stream data the,196.40704709892788,SYNTHETIC_ROBUSTNESS
1980,fox fox lazy lazy the quickaaaaa,196.4520008250912,SYNTHETIC_ROBUSTNESS
1981,data stream the stream stream ov,196.51919576323596,SYNTHETIC_ROBUSTNESS
1982,the compress over compress data ,196.53029432226018,SYNTHETIC_ROBUSTNESS
1983,over fox quick fox stream quicka,196.53360292116398,SYNTHETIC_ROBUSTNESS
1984,data brown over compress jumps l,196.59667968997192,SYNTHETIC_ROBUSTNESS
1985,quick fox lazy fox fox dataaaaaa,196.6096526807251,SYNTHETIC_ROBUSTNESS
1986,fox dog lazy compress dog compre,196.7091640771267,SYNTHETIC_ROBUSTNESS
1987,brown compress compress quick da,196.86738590391192,SYNTHETIC_ROBUSTNESS
1988,data quick fox the compress comp,196.87060425485677,SYNTHETIC_ROBUSTNESS
1989,over lazy jumps over lazy lazyaa,196.96533661123172,SYNTHETIC_ROBUSTNESS
1990,brown dog lazy quick lazy dataaa,197.13441591596893,SYNTHETIC_ROBUSTNESS
1991,quick brown brown jumps brown th,197.1922956711161,SYNTHETIC_ROBUSTNESS
1992,the the data stream brown jumpsa,197.51344762560015,SYNTHETIC_ROBUSTNESS
1993,data the the quick quick foxaaaa,197.52523535661305,SYNTHETIC_ROBUSTNESS
1994,jumps brown over lazy over strea,197.56424146233525,SYNTHETIC_ROBUSTNESS
1995,jumps quick fox lazy fox overaaa,197.59038768389047,SYNTHETIC_ROBUSTNESS
1996,dog compress jumps brown the dog,198.14743062663447,SYNTHETIC_ROBUSTNESS
1997,data stream the brown jumps doga,198.18226961325294,SYNTHETIC_ROBUSTNESS
1998,compress the the fox the dataaaa,198.23135994439951,SYNTHETIC_ROBUSTNESS
1999,fox jumps dog dog dog dogaaaaaaa,198.4194954285769,SYNTHETIC_ROBUSTNESS
