msg_id,text,timestamp
0,just working 29,1.8264053900888257
1,take care ,2.3037556886243444
2,what are you doing? 26,3.054033488494361
3,hi ,3.0692848050092714
4,bye,3.696720365299844
5,did you finish the homework? ,3.9048419101499046
6,see you later ,4.317705454091291
7,good morning ,4.4607881240085545
8,"sure, let's go! ",4.985278981559645
9,good night 60,5.30332493518246
10,have a nice day!,5.323322692051517
11,just working 64,5.518565394227448
12,nothing much ,5.7748940147796395
13,what time is it? ,5.8959191028169435
14,want to grab lunch? ,6.312099890817403
15,good evening ,6.4066694289203125
16,take care ,7.237412000970981
17,what time is it? ,7.9507393532197925
18,did you finish the homework? ,9.091719103043237
19,hi,9.48870418562062
20,nothing much ,10.323969762882916
21,bye 12,12.374757791575293
22,bye,13.489110384155637
23,talk to you tomorrow ,14.237672914725467
24,hello,14.8029215040074
25,how are you? ,15.340995646060689
26,want to grab lunch? ,15.438728531985147
27,bye ,15.794010175586623
28,good night ,17.583176393915064
29,talk to you tomorrow ,18.129341393875613
30,i'm good ,19.4062883690467
31,what time is it? ,20.146488868652835
32,good night ,20.47263081246987
33,what are you doing? ,20.54427013945113
34,hey there,20.715535433174512
35,talk to you tomorrow,20.848433759739187
36,it's 5 o'clock ,21.375057468437276
37,not yet ,21.650526604583003
38,what time is it? ,23.116868636629153
39,"sure, let's go! ",23.842560412562648
40,i'm good ,23.924021560185547
41,how is it going? ,23.98255494792338
42,how is it going?,24.15778082687149
43,how is it going? ,24.20225586264316
44,how are you? 71,24.23252803275174
45,talk to you tomorrow ,24.239095761957984
46,good evening ,24.671202084896453
47,it's 5 o'clock ,25.079846075769265
48,hey there,25.664162935257128
49,how are you? ,26.353714039306134
50,good evening ,27.645747259475495
51,take care,29.221914276234102
52,i'm good 68,29.461653274050565
53,not yet ,29.52300204013886
54,good night 46,29.886962264734276
55,how are you?,30.098769958107315
56,hello 82,30.35162144529619
57,did you finish the homework? ,30.628281702044447
58,how are you? ,30.72946004923619
59,good night ,31.412741723797062
60,nothing much ,32.12465833421573
61,i'm good ,33.300609057137976
62,take care,33.33202463757109
63,good evening,33.59365424725078
64,take care,33.76609717660724
65,good morning 28,34.56664084697872
66,have a nice day! ,35.35929618280341
67,good morning,35.51247058094356
68,are you busy? ,37.24614440799693
69,talk to you tomorrow ,37.61029308218167
70,bye,37.64147182854368
71,see you later ,38.86214488529311
72,good night,40.168863806534674
73,"sure, let's go! ",40.6151860744127
74,how are you?,40.62803027004272
75,are you busy? ,41.456803131089494
76,hi,42.15054346489529
77,hi ,43.885451082850665
78,nothing much ,44.26053160057025
79,are you busy? ,44.45893467560174
80,want to grab lunch? ,44.701267068148454
81,hello ,44.84696917066111
82,talk to you tomorrow,44.9889719161762
83,what time is it? ,45.101103083166194
84,good morning ,45.404075223067615
85,did you finish the homework? 68,46.30292699576362
86,"fine, thanks ",47.72249142564703
87,not yet ,47.72620436259352
88,it's 5 o'clock ,47.91386101075329
89,good evening ,48.38692810972112
90,did you finish the homework? ,48.48949548582924
91,good morning,48.583456488630844
92,not yet 94,48.76008146967382
93,good evening,49.055102420298155
94,take care ,49.13475192235019
95,talk to you tomorrow 22,49.65294309494599
96,good night ,49.980253961814554
97,see you later 93,50.05242899578032
98,hey there ,50.87296717175729
99,have a nice day! ,51.09171707935279
100,how is it going?,51.87776698368878
101,hi,52.25077631857223
102,did you finish the homework? ,52.98914534223808
103,just working ,53.01637551864268
104,talk to you tomorrow ,53.60404572289841
105,not yet ,54.69924105039428
106,what are you doing? ,54.970462147120955
107,what time is it? ,55.464184725005815
108,have a nice day!,55.77204691293616
109,bye,56.368265836250856
110,how are you?,56.509279062437926
111,hey there ,56.62276753937549
112,i'm good 80,57.43247966173465
113,how are you?,57.75604622066598
114,not yet ,59.17577665948052
115,how is it going? ,59.467897913394204
116,have a nice day!,59.83395738736564
117,bye ,60.62546084123284
118,hello 35,61.489184771106096
119,"sure, let's go! 9",61.55632643449105
120,good night,61.56186133042272
121,have a nice day! ,61.62128524882307
122,talk to you tomorrow ,62.350214624248025
123,what time is it? ,62.54679943917144
124,how is it going?,62.67282659433537
125,talk to you tomorrow ,63.25662793180711
126,want to grab lunch? ,63.44884340849177
127,"fine, thanks ",63.69968770541209
128,not yet ,64.09764508488904
129,have a nice day!,64.24327629432483
130,see you later ,64.66650594741192
131,good night ,66.1312697374216
132,just working ,66.64095029245102
133,talk to you tomorrow ,67.00659887255611
134,how is it going? ,67.93640468584336
135,hello ,68.04183623769498
136,good morning,68.97656427200583
137,bye ,69.8115134204592
138,good morning ,70.21855867572653
139,hello ,70.22648339348828
140,nothing much ,70.25334980205743
141,see you later ,70.36720614260088
142,hey there ,72.39638254084471
143,want to grab lunch? ,72.50889098003046
144,take care,72.60154742574274
145,did you finish the homework? ,74.86188425453734
146,just working ,75.00683353749024
147,did you finish the homework? ,75.08895795803376
148,what are you doing? ,76.938281596579
149,did you finish the homework? ,77.55173615530316
150,hello ,78.20526038221305
151,have a nice day!,78.64480441697607
152,want to grab lunch? ,78.65496960167164
153,bye,79.08896907171244
154,just working ,80.63857249159446
155,good night ,80.73719674889522
156,did you finish the homework? ,80.95762860206717
157,see you later,81.19324771588373
158,hi ,81.47505626342236
159,how are you? ,81.65802528387161
160,just working ,82.32534214179978
161,hey there ,83.00409809258784
162,are you busy? ,83.4864204113476
163,good night ,85.30702200123707
164,good evening,85.49326432601879
165,not yet ,85.58649836008038
166,hello,85.91467804773862
167,good morning,86.1350494318432
168,good night ,86.13864925178675
169,hi,86.26835472421816
170,are you busy? ,86.62747350121326
171,see you later ,87.59286449586277
172,hey there ,88.27490116299136
173,take care,89.05792681206451
174,how is it going?,89.15165101788108
175,just working ,92.9001056887753
176,how are you?,93.08152839233155
177,good evening,93.28113230788978
178,i'm good ,94.25463404550881
179,not yet ,94.79777976488894
180,good evening,95.31686107401336
181,want to grab lunch? ,97.14384099090434
182,just working ,97.36961273480485
183,just working ,97.42928065029626
184,see you later ,97.75652104828218
185,what are you doing? ,97.81577451742068
186,how is it going? ,97.83366470627298
187,what are you doing? ,99.50490571226912
188,talk to you tomorrow ,99.54674286866438
189,talk to you tomorrow ,100.76893043173324
190,"fine, thanks ",100.77356737367587
191,hello ,101.51643177657982
192,hello ,101.67288184321978
193,want to grab lunch? 94,101.99956929808833
194,are you busy? 27,102.13063652491812
195,bye ,103.65885141295405
196,hi ,104.02911710916047
197,talk to you tomorrow 39,104.1704066667336
198,good morning,104.86400093971092
199,"fine, thanks 45",105.06140141238478
200,talk to you tomorrow ,106.13822070993031
201,just working ,106.23138088084664
202,hey there ,106.43180457732548
203,take care,106.90043067125059
204,how are you? ,107.38070216795208
205,talk to you tomorrow ,108.22647475592392
206,it's 5 o'clock ,109.4500345027647
207,take care,110.05162005068854
208,what time is it? ,110.18900684741652
209,have a nice day! ,110.52115387444783
210,hello ,110.66662086390507
211,bye,110.8425446017618
212,talk to you tomorrow,111.47495436456424
213,not yet ,111.86766305567558
214,did you finish the homework? ,112.23306763055567
215,what time is it? ,112.67068908190767
216,good night ,113.44954845016767
217,take care ,113.71886350096706
218,hey there ,114.36835664134605
219,not yet ,114.59458247207894
220,are you busy? ,114.60023051641713
221,good evening ,114.94350668553585
222,good night,116.2432930852863
223,hey there ,117.00993809013003
224,are you busy? ,117.2884103077014
225,how are you? 1,117.93834504932066
226,bye 94,118.58195655304607
227,take care ,119.08052388763504
228,hello,119.34296323177536
229,hello,119.58342198171998
230,good evening ,119.66059015957299
231,good night,119.9861213906767
232,it's 5 o'clock ,120.01843609262563
233,nothing much ,121.0753635859618
234,see you later ,121.18077826737974
235,"fine, thanks ",121.27915725341204
236,hi ,121.56549852922532
237,have a nice day! ,121.83375486723924
238,talk to you tomorrow,122.1946150947572
239,have a nice day!,122.25577349737299
240,"fine, thanks ",123.87584109533381
241,"fine, thanks ",124.70941819654156
242,talk to you tomorrow,125.07518656988367
243,good evening ,125.19662767343804
244,hey there,125.42639652574141
245,how is it going?,126.00376852319158
246,hey there,127.15867507419249
247,nothing much ,127.43589181947083
248,how is it going? ,127.98488747192009
249,good evening ,128.4278607793907
250,want to grab lunch? ,129.54808558569303
251,i'm good ,131.7889122701534
252,take care ,132.3526052845225
253,hey there ,132.38168796721183
254,hey there ,133.154576147586
255,are you busy? ,133.15547981609893
256,not yet 20,134.22642779851142
257,hello,136.00073401862736
258,bye ,137.47581907179858
259,good evening,138.25974753541618
260,talk to you tomorrow ,140.84884741001352
261,how are you? ,141.31982428456337
262,want to grab lunch? ,141.5602523127926
263,are you busy? 60,141.70612396580947
264,good night ,141.94377288033752
265,talk to you tomorrow 80,142.55842865988848
266,good evening ,142.7835817468167
267,hi ,142.98407637540637
268,"fine, thanks ",143.40243017747804
269,how is it going?,143.53008026825916
270,how is it going? 89,144.90103857118652
271,what are you doing? ,145.97095650429642
272,good evening ,146.51906955633748
273,nothing much ,146.76866276224487
274,good night,146.77581833077198
275,good evening,146.86093881824246
276,how are you?,147.21583207085007
277,"fine, thanks 74",147.41549079615405
278,"sure, let's go! ",148.23939404875225
279,good morning ,149.40186902995748
280,what time is it? ,150.00099614153842
281,nothing much ,150.29026940250677
282,nothing much ,150.36295462426094
283,just working ,150.57497327106492
284,talk to you tomorrow,151.23624773616015
285,how are you?,151.56520282835785
286,it's 5 o'clock ,151.86013181639154
287,i'm good ,153.04815920108175
288,hey there ,153.3570571659341
289,"sure, let's go! ",153.40952980043457
290,see you later,153.58770882559452
291,not yet ,154.5405546460619
292,good morning ,154.67096863506046
293,"sure, let's go! ",154.788436903933
294,good evening 43,156.23837098897692
295,what are you doing? ,157.00316524209586
296,it's 5 o'clock ,157.0968481726858
297,hey there,158.07364442718392
298,good morning,158.76255082083983
299,what time is it? ,158.7777482189773
300,have a nice day!,158.8480419352945
301,"sure, let's go! ",159.29487983773214
302,hi ,159.8538363362307
303,good evening ,159.90499285557425
304,good morning ,160.02236252631766
305,good night 15,160.12989464967458
306,want to grab lunch? ,160.42679180121593
307,good night ,160.4269338271405
308,hello ,161.28408350313316
309,good night 32,161.5895567623753
310,it's 5 o'clock ,162.2054230096314
311,good evening,163.43401450348094
312,talk to you tomorrow ,163.70900384481146
313,it's 5 o'clock ,164.25118190768148
314,it's 5 o'clock ,164.8681257630556
315,bye ,165.23303953054076
316,have a nice day! ,165.66609241719553
317,good morning ,166.00863672829945
318,see you later,166.32398669638363
319,how are you? ,166.83666610261108
320,hi ,167.20607491110295
321,what time is it? ,168.70389786727392
322,see you later ,169.16976676535438
323,good night,169.35047546712917
324,hey there,169.37895486700305
325,"sure, let's go! ",169.68281043227256
326,hey there ,169.89065958606753
327,have a nice day! ,170.4693177827184
328,hey there,172.62602365691188
329,see you later ,172.74872259188447
330,hey there ,174.12060131158978
331,hi ,174.65836551123274
332,good evening ,177.62939376223278
333,just working 63,178.05935899378093
334,how is it going?,178.75251388785463
335,"sure, let's go! ",179.48222697800014
336,bye,179.5688107582922
337,hey there ,179.78442728075137
338,hello ,180.00403187534374
339,how are you?,181.0369263715821
340,"fine, thanks ",182.5319946091951
341,what time is it? ,184.85527024062867
342,hi,185.1142068939758
343,hello ,185.95781934260853
344,want to grab lunch? ,185.9961360022354
345,what are you doing? ,186.2850622057289
346,good evening ,186.86812637747678
347,it's 5 o'clock ,187.2416110242688
348,hi ,188.641086366572
349,good evening ,189.05362197054276
350,what are you doing? ,189.9971865026784
351,nothing much 36,190.9834377196853
352,good evening,191.1310196381627
353,hi ,191.2910921173959
354,did you finish the homework? ,192.2243506998733
355,how are you? ,192.39160092922467
356,talk to you tomorrow,192.4012771175109
357,talk to you tomorrow ,193.20801921588787
358,hello 2,193.22405531531155
359,are you busy? ,193.27395434486678
360,not yet 91,193.60874011829088
361,how is it going?,194.80302840284654
362,hi ,194.91487130753774
363,hello ,195.5533298504346
364,hey there ,196.65824214446005
365,what time is it? ,196.97089265861746
366,see you later,197.2833120764773
367,see you later ,199.26735484897958
368,have a nice day! ,199.5468984515528
369,just working ,200.13651051815603
370,are you busy? ,200.34449277343262
371,want to grab lunch? ,200.67880816597742
372,how are you? ,202.83719629635772
373,good evening,202.871517435894
374,talk to you tomorrow ,202.91273474512494
375,what time is it? ,204.02178352826704
376,not yet ,204.15912718053087
377,talk to you tomorrow,204.18057756212
378,have a nice day!,204.45135232455763
379,take care ,204.67605914471298
380,not yet ,204.82463124499188
381,"sure, let's go! ",204.98776943112733
382,bye,205.01963509832296
383,good night ,205.14942970047198
384,nothing much ,205.43647605149488
385,good evening,206.09091500280874
386,have a nice day!,206.47148828741928
387,have a nice day! 99,206.75225536170637
388,good evening ,206.80346893213078
389,i'm good 53,206.86297168283033
390,just working ,207.2626903810623
391,what time is it? ,210.10506537819222
392,hello ,210.98255352801627
393,want to grab lunch? ,212.70476309442128
394,good morning ,213.09076637211936
395,did you finish the homework? ,213.1121452491242
396,nothing much ,213.70474354143363
397,bye ,213.98381303656197
398,see you later ,214.0249200485777
399,see you later 34,214.4887070214712
400,nothing much ,214.64328782693067
401,nothing much ,215.03706396088765
402,how is it going?,215.88893534591233
403,how is it going? 37,216.1115518177203
404,hello ,216.29381764227716
405,have a nice day! ,216.9819201079478
406,it's 5 o'clock ,217.0787336161199
407,good night,217.5577961288329
408,good night ,218.05751693650714
409,nothing much ,218.0737661327179
410,good morning,218.18912584927216
411,take care ,218.8499412837957
412,how is it going?,219.10723464314782
413,have a nice day! ,220.3542866353626
414,want to grab lunch? ,220.6416611819371
415,good night,220.99177028482933
416,"fine, thanks ",221.40402775815684
417,hello ,221.9945162325191
418,good morning,222.13239889124574
419,what are you doing? 77,222.91925270887592
420,"sure, let's go! ",223.25449102580487
421,how are you? ,223.25821350009275
422,nothing much ,223.31869863831332
423,what time is it? ,224.02305952346777
424,did you finish the homework? ,225.4636592738521
425,how are you? ,225.69712043521523
426,good morning 1,226.08684264879855
427,i'm good ,226.83786526623322
428,talk to you tomorrow ,227.05608167941375
429,good night,227.23538448520105
430,take care ,227.73306047488148
431,what time is it? ,227.85055390583878
432,just working ,228.1385904676949
433,hello 1,228.33077432784333
434,want to grab lunch? ,229.23420594419122
435,bye,229.86705064764007
436,i'm good ,231.10318440158753
437,hello ,231.2595965503718
438,what are you doing? 80,231.3153518542229
439,good night,231.69441223471676
440,talk to you tomorrow,231.85674216302655
441,good morning,232.05855611175193
442,how are you? 9,232.35856239315285
443,are you busy? ,232.5036258479053
444,are you busy? ,232.61420410326113
445,take care,232.62044731756475
446,just working ,233.06582035704088
447,good morning,233.28860044053675
448,take care,233.5755828580727
449,what are you doing? ,233.70618476674028
450,just working ,233.88985743347715
451,how is it going?,234.23317877739018
452,have a nice day!,236.07191870097432
453,bye ,236.27538169415212
454,bye ,236.5238639551221
455,hey there ,238.63393200823444
456,talk to you tomorrow,240.80254090717503
457,have a nice day! 8,240.9551811104296
458,hi,241.03687461707082
459,good morning,241.4811146215665
460,take care,242.04132919117393
461,good evening 63,242.257744086253
462,hi ,243.7257023168202
463,good evening ,244.12494706814482
464,have a nice day! ,245.45607383076148
465,it's 5 o'clock ,245.55019026301102
466,see you later,245.55169510853815
467,hi,245.8065767508722
468,hello ,246.36230991673708
469,talk to you tomorrow ,247.6191812690257
470,it's 5 o'clock ,247.6650266525305
471,hello ,247.92126422193337
472,not yet ,248.89763762479816
473,hi ,249.83613557379167
474,talk to you tomorrow ,250.65514710232804
475,how are you? ,251.1060755983432
476,it's 5 o'clock 32,251.25732467173364
477,are you busy? ,251.96095307532062
478,take care ,253.00329637970555
479,just working ,253.41721966786207
480,are you busy? ,253.92436203015316
481,how is it going?,254.60986324657335
482,"fine, thanks ",255.12819661786313
483,have a nice day! ,255.3140156829101
484,"fine, thanks ",257.1114231902064
485,how are you? ,257.5626112874317
486,hey there,257.9082359581126
487,see you later ,258.44839209413726
488,hello ,259.3012644002556
489,take care ,261.5714660662571
490,hey there ,261.5728155304076
491,see you later ,261.78944305622883
492,hey there ,261.93203427000356
493,bye ,262.1448047843376
494,hi,263.27998807192444
495,did you finish the homework? ,263.88030065551055
496,how is it going?,263.9066887104514
497,not yet ,263.9069603617448
498,i'm good ,264.78585056221726
499,talk to you tomorrow ,264.804945390078
500,good morning ,265.3110690864347
501,want to grab lunch? 79,265.33287774822986
502,hey there ,266.1148486849237
503,did you finish the homework? 17,268.3275583124864
504,how are you? ,268.9316843940358
505,how is it going?,269.4011246481408
506,talk to you tomorrow ,269.5377913448489
507,good morning 30,269.8329114301633
508,hello,270.259570833177
509,good night ,270.7245525475163
510,not yet ,271.4238933292939
511,see you later,272.4476098122057
512,good morning ,272.87016984827045
513,have a nice day!,272.9804433342963
514,"fine, thanks 28",273.078405473662
515,hey there ,273.47662233538995
516,want to grab lunch? ,274.1486595808425
517,how is it going? ,274.6639629303704
518,talk to you tomorrow,274.9064443300584
519,how is it going? ,277.54588051863965
520,just working ,277.7422430042562
521,good night 48,279.70850836404827
522,just working ,280.20437969103097
523,not yet ,281.0491706719526
524,how are you? ,281.78599541390037
525,good night,282.63196485705294
526,it's 5 o'clock ,283.20167001815304
527,are you busy? ,283.2965903064075
528,want to grab lunch? ,284.3196721216722
529,hey there ,285.71980262111236
530,it's 5 o'clock ,286.0531141057849
531,how is it going?,286.2482703387372
532,talk to you tomorrow ,286.8296889449926
533,nothing much ,287.11752100297633
534,what time is it? ,288.64356800994653
535,did you finish the homework? ,288.88615682084156
536,hello ,288.97233424690927
537,it's 5 o'clock ,289.13177892334716
538,see you later,289.4176588060276
539,take care,290.34554871978173
540,not yet ,290.61107928560523
541,i'm good ,292.19455587877513
542,good morning,292.46165499920784
543,are you busy? ,293.530012133235
544,hey there ,294.13760962941
545,have a nice day!,294.98951228958657
546,bye ,294.9909322883994
547,hey there ,295.05456164150274
548,bye ,295.81485075254693
549,just working 81,295.97262258907097
550,what are you doing? ,296.0104793201413
551,it's 5 o'clock ,296.3337326116012
552,want to grab lunch? ,296.8415009618832
553,how is it going?,296.8837923836264
554,see you later ,296.9649322897433
555,are you busy? ,297.09163694340066
556,hey there,297.1070511479261
557,nothing much ,297.55344554203066
558,hello,299.04708626018294
559,"sure, let's go! ",299.3132089881792
560,hi 54,300.49838689065336
561,good evening,301.3466694802626
562,good night ,301.5366123263946
563,have a nice day! ,302.8112088561771
564,hey there ,303.256512014721
565,not yet ,303.8725325171661
566,good morning ,304.1543971084185
567,good night ,305.14540491004766
568,"sure, let's go! ",305.8411319267075
569,take care ,306.724544320773
570,good morning ,309.4228846442201
571,are you busy? ,309.99881973949897
572,nothing much ,310.0822323430084
573,are you busy? 14,310.15023304960806
574,"sure, let's go! ",310.3029600657971
575,nothing much ,311.0658178869362
576,how is it going? ,311.5469845396266
577,hello,311.8946605760243
578,how is it going? ,312.2395680694524
579,what time is it? ,312.5444889005433
580,"fine, thanks ",312.90240158933517
581,have a nice day! ,313.7641758979591
582,are you busy? ,314.2495054357369
583,what are you doing? ,314.5880542227359
584,hey there ,315.10901494729603
585,hello,315.52524034566744
586,take care ,317.3416440899456
587,did you finish the homework? ,318.3285486060006
588,how are you? ,318.5756486873603
589,good morning ,319.04149263305
590,have a nice day! ,320.7582682966069
591,want to grab lunch? ,321.89363273513726
592,good evening,322.19445290287797
593,hi ,322.79314045007226
594,it's 5 o'clock ,323.91352477039334
595,take care ,323.91462084462717
596,see you later ,324.04713105766336
597,hey there,324.96224243244916
598,not yet ,324.99561388335997
599,how is it going? ,325.0863130689671
600,talk to you tomorrow ,325.47856296909504
601,hello ,325.9271055888834
602,see you later ,326.186452909371
603,"fine, thanks ",326.7403000834978
604,talk to you tomorrow,327.0374246948723
605,what are you doing? ,327.45914400515494
606,take care,327.60084585593233
607,did you finish the homework? ,327.652932007525
608,good evening ,327.91964601200607
609,have a nice day! ,328.8870872584886
610,want to grab lunch? ,329.29700769473516
611,"fine, thanks ",331.2858585162116
612,how is it going? ,331.44984929273596
613,what are you doing? ,331.662424508317
614,hello ,333.0636849422832
615,how are you?,333.4664617023532
616,hi ,333.74839638879047
617,good night ,333.8888121689435
618,talk to you tomorrow ,334.23578018831944
619,what are you doing? ,335.57101408544463
620,how are you?,335.74848513061687
621,good night,336.3005290826087
622,"sure, let's go! ",336.64868531630106
623,good night ,336.93364479595203
624,hi ,337.0404818305651
625,"sure, let's go! ",337.1730649272915
626,hi ,337.37716880100356
627,how are you?,337.45527063681317
628,hi ,338.04205540328945
629,did you finish the homework? ,338.4572116031402
630,have a nice day!,340.15072565932684
631,see you later,340.3894837168874
632,how are you?,340.86202311062925
633,want to grab lunch? ,341.37509814037094
634,what are you doing? ,341.6315458563678
635,did you finish the homework? ,342.59224680769324
636,"fine, thanks ",342.6691802216562
637,"sure, let's go! 8",342.8592773575829
638,how are you?,343.055485671181
639,how are you? ,343.40168028592706
640,not yet ,343.9890604596317
641,have a nice day! ,344.2177021156633
642,how are you? 71,344.8462679779995
643,hello ,345.36524524459645
644,nothing much ,347.12390209729847
645,hi,347.36233326692394
646,"sure, let's go! ",347.4033835509241
647,just working 62,347.53855351701424
648,just working ,348.46650314971305
649,see you later ,348.9269194250266
650,i'm good ,349.3937923006755
651,bye 2,349.925277510908
652,what are you doing? ,350.08275022473083
653,just working ,351.2751258459883
654,good evening,351.9301993947192
655,good night ,352.62672736713307
656,what time is it? 83,353.13243785971633
657,what are you doing? ,354.3016211723785
658,hi,355.0874099436111
659,talk to you tomorrow,355.3652021396034
660,hi 62,355.40888285357596
661,are you busy? ,355.5591020815433
662,want to grab lunch? ,355.70767832565116
663,how are you? ,356.49933460843505
664,talk to you tomorrow ,356.7450514744043
665,hey there ,356.74520886377104
666,how is it going? ,357.0437274922881
667,just working ,358.23582303392317
668,have a nice day! ,358.3869363152916
669,hi,358.7015459189004
670,how is it going? ,358.7121246351149
671,hi ,360.6599618056906
672,"sure, let's go! ",361.3606477569855
673,how is it going? ,362.5755278287005
674,talk to you tomorrow ,363.5290710631524
675,"fine, thanks ",364.4186259242037
676,good morning,364.882944280819
677,see you later ,365.09715441621915
678,hey there,365.4144938509997
679,good night ,365.74281069737066
680,i'm good ,365.8702386767826
681,what are you doing? ,366.0402171641057
682,"sure, let's go! ",366.16082169189485
683,nothing much ,366.18879905758666
684,how are you?,366.34263498050336
685,bye ,366.81914803639484
686,hey there,367.16371400945707
687,i'm good ,367.9512840753075
688,good evening 78,368.0789813255306
689,hey there ,368.2182217866815
690,good evening ,370.1765781118083
691,not yet ,370.26638454015495
692,bye 1,370.6607508942539
693,what time is it? ,370.90292769701335
694,take care ,371.19852400305257
695,"fine, thanks ",371.4978153753542
696,just working ,372.28562465469236
697,good morning ,372.37573526564836
698,did you finish the homework? ,372.5663930923139
699,how is it going? ,372.7845243165051
700,see you later,373.4295509418645
701,talk to you tomorrow,373.43750034622065
702,what are you doing? ,373.49321419831966
703,see you later,374.2303787901204
704,good evening ,374.43861193156164
705,just working ,374.6862678145709
706,good morning ,375.6574543212083
707,see you later ,376.0237921249927
708,talk to you tomorrow,376.7318024271843
709,it's 5 o'clock ,376.8246001824101
710,bye ,376.90936510728756
711,how is it going? ,377.32499686335086
712,hi,377.7455209258481
713,bye ,380.25706387675774
714,did you finish the homework? ,380.7610756637925
715,see you later 67,381.4565922021431
716,how are you? ,381.7052110507686
717,how are you? ,381.9393633629096
718,take care ,382.06063500775906
719,nothing much ,382.3766420716073
720,hi,382.6017146319332
721,"fine, thanks ",382.9036925227738
722,how are you?,382.967805972665
723,take care,383.2066068406245
724,see you later,383.4272182087976
725,did you finish the homework? ,383.4798008031793
726,hi,384.89196929224545
727,it's 5 o'clock ,384.94253646176907
728,what time is it? ,385.50941835149143
729,want to grab lunch? ,385.6942005878325
730,hi,385.84999827618054
731,take care ,385.8536124889238
732,how are you? ,386.0428386812214
733,bye ,386.48640077456895
734,have a nice day!,386.834766726284
735,what are you doing? ,388.1009186223597
736,are you busy? ,388.6604459973471
737,hey there ,388.73445900797594
738,what time is it? ,388.8837698668706
739,just working ,388.99368868276673
740,it's 5 o'clock ,389.4536366566565
741,hello ,389.53762757556143
742,hey there ,392.3060740706665
743,good evening,393.1245770518807
744,how is it going?,393.29236021713166
745,see you later ,393.5136934345247
746,"sure, let's go! ",394.3163307637891
747,what time is it? ,395.07766944612223
748,have a nice day! ,395.4260243482142
749,good morning ,395.5845196141103
750,have a nice day! ,396.139449886615
751,hello ,396.58624436539395
752,did you finish the homework? ,396.79641358644113
753,have a nice day! ,397.12941555487185
754,good night ,397.5604300082243
755,nothing much ,397.6371983699071
756,nothing much ,397.93013326984186
757,what are you doing? ,398.4130648561623
758,it's 5 o'clock ,398.45919041399503
759,want to grab lunch? ,398.76021970778373
760,i'm good ,398.9093683318512
761,did you finish the homework? ,399.0425191819929
762,what are you doing? 93,399.0685648791998
763,good night,399.52464067331226
764,good night,399.78865302996775
765,take care ,399.93663132551
766,nothing much ,399.9649955927393
767,good evening ,401.4267923823678
768,"fine, thanks ",401.4584642009306
769,how is it going?,401.56599185293885
770,hi,401.9756219937073
771,what time is it? ,402.965795460435
772,not yet 28,403.08417276255614
773,good morning ,403.22275624277364
774,hey there ,403.22453780234747
775,are you busy? ,403.586280740366
776,bye ,404.81778613902964
777,hello ,405.20581822075536
778,not yet ,407.94832908994715
779,take care,408.1074422728898
780,talk to you tomorrow ,408.2613677459874
781,how are you?,408.33348527663134
782,not yet ,408.481448644871
783,hey there,408.5309951691973
784,hey there ,408.59968020515055
785,want to grab lunch? ,408.72092308106596
786,bye ,409.5551996203217
787,good night ,410.3107327460419
788,see you later,412.4546327955991
789,take care ,413.6768313646669
790,bye ,413.8681626900844
791,want to grab lunch? ,415.3304931525103
792,what are you doing? ,415.58222759448495
793,hello,415.9523543930336
794,how is it going? ,416.38992609896235
795,take care ,416.71350472134753
796,how are you? ,416.77802231031836
797,what time is it? ,417.1788952233753
798,bye ,418.94679536739716
799,hi ,419.23612695598723
800,i'm good ,419.89977502156637
801,see you later,420.2523972135081
802,how is it going?,420.6609686096991
803,what are you doing? ,420.910908085055
804,what are you doing? ,420.99373585270536
805,it's 5 o'clock ,421.18185832703494
806,see you later,421.32457980502545
807,hey there ,421.5087037818355
808,have a nice day! ,421.80115345160124
809,are you busy? ,422.1037779972388
810,have a nice day! ,422.18671750540153
811,how is it going? ,422.5039668016201
812,good evening ,423.82235755542047
813,good morning ,424.30219197442557
814,hey there ,424.6768038278902
815,how is it going? ,424.7804653049197
816,hey there ,425.3936833121252
817,how are you? ,427.40885139449443
818,hey there ,427.7395127061352
819,talk to you tomorrow,427.85412975828257
820,how is it going? ,429.35501817598185
821,did you finish the homework? ,429.4509904940527
822,good evening ,430.3820793997993
823,hey there ,431.19261803057367
824,not yet ,431.47722599651485
825,hello ,431.6053312133029
826,nothing much ,431.8490227343241
827,good night ,432.59240356962755
828,talk to you tomorrow ,432.6843906044583
829,hey there 65,433.011287722731
830,hi ,433.1050180404335
831,how is it going?,433.19484459070884
832,just working ,433.3114691727649
833,hi ,433.35475111694865
834,good morning ,433.6325026742286
835,see you later,433.7948065085918
836,how is it going? ,434.08404502110017
837,nothing much 60,434.18207125789286
838,take care,434.8913544653627
839,not yet ,435.21143196081874
840,did you finish the homework? ,435.83388542286315
841,what are you doing? ,435.8669620323282
842,see you later ,436.37074210514845
843,hey there ,436.48988189196393
844,just working ,439.10047677899814
845,hey there ,439.14063587123707
846,are you busy? ,439.1798667686083
847,hey there ,439.2736316611812
848,talk to you tomorrow ,440.5204765279409
849,"sure, let's go! ",440.6417072930375
850,what time is it? ,441.2994982160875
851,see you later,441.5106205192715
852,good night,441.7627655077677
853,hello ,441.83965453773294
854,i'm good ,441.931960339776
855,good evening ,442.5029777382753
856,hi,443.602130379831
857,good evening ,443.79463931865916
858,want to grab lunch? ,444.0559570422174
859,not yet ,444.2057657013987
860,what time is it? ,444.7490419070299
861,hey there ,445.853253798732
862,take care ,446.04094516472446
863,nothing much 18,449.0615333376462
864,take care ,449.2234456392553
865,have a nice day! ,449.722969676224
866,good morning ,450.1274373011282
867,it's 5 o'clock 52,450.5855128195089
868,"sure, let's go! ",451.5600893414698
869,i'm good ,452.2401395903937
870,see you later,452.2859072995019
871,just working ,452.2886827251462
872,take care ,453.8659760607203
873,"fine, thanks ",454.2422048200493
874,good evening ,454.8821992828596
875,just working ,455.0728345550018
876,how is it going? ,455.3141668246425
877,have a nice day! ,457.79590896832855
878,what are you doing? ,459.7814870234725
879,did you finish the homework? ,460.57507383803727
880,what time is it? ,460.6345772337226
881,what time is it? ,461.46200201832585
882,"fine, thanks ",461.5862614706126
883,good evening ,461.6352024698675
884,have a nice day! ,462.0120656242655
885,hey there ,462.32823282995776
886,bye,462.8888646493209
887,see you later ,463.1482366416384
888,want to grab lunch? ,463.7153543197301
889,how are you?,463.7164050309799
890,hi ,464.06462700762927
891,not yet 97,464.32160685855507
892,have a nice day! ,465.80805947646604
893,have a nice day! ,466.33299797831705
894,how is it going?,467.04946759787555
895,hey there,467.08531183599524
896,good evening,467.8757080179241
897,talk to you tomorrow,468.0415275371698
898,have a nice day! ,469.1082574233995
899,how is it going?,469.18111714216695
900,"sure, let's go! ",470.20670681496466
901,see you later,470.92619362114937
902,have a nice day!,471.3057252658876
903,see you later ,471.6664717721387
904,hi,471.7422211787194
905,have a nice day! ,472.5086350773255
906,hey there ,473.9036769160787
907,good morning,474.04908341890103
908,nothing much ,474.22851189544195
909,take care ,474.5926435904818
910,want to grab lunch? ,474.78937645265876
911,hey there ,476.45446078025606
912,good evening ,476.86868726948273
913,have a nice day! ,479.17965306845866
914,are you busy? ,481.049589901121
915,see you later ,481.3494150768658
916,hey there,485.4062681102826
917,"sure, let's go! ",485.58752893031993
918,just working ,485.94505456358644
919,have a nice day! ,486.45230134838664
920,how is it going?,486.7073059831888
921,have a nice day! ,486.8971304298673
922,are you busy? 14,487.30526154847297
923,bye,487.54865687056997
924,good morning ,487.7873404810952
925,hey there ,488.7043479416407
926,take care,488.90389530338973
927,good morning,489.0494688521766
928,have a nice day! ,489.2642650786194
929,how is it going? ,489.4276510119787
930,bye,490.38449175820057
931,see you later,491.57351730865327
932,just working ,491.6174792754551
933,take care,491.7019420030986
934,just working 77,492.5093004903304
935,hello,492.5932333974061
936,are you busy? ,495.12371310720386
937,hi,495.48764576818166
938,see you later,496.3557708293986
939,good evening ,496.6431905850586
940,hello 88,497.3388722971765
941,hi ,497.6910282390432
942,how is it going? ,497.7559516591323
943,what are you doing? ,497.8354499632129
944,did you finish the homework? ,498.3818716970977
945,good night ,499.1747974816665
946,"sure, let's go! ",500.17268069230136
947,good morning ,500.2926033829586
948,hi ,500.8463705310698
949,are you busy? ,501.25313773327395
950,"sure, let's go! ",501.34211903991394
951,hello,502.9955833258268
952,talk to you tomorrow,503.2573221947817
953,have a nice day! ,504.2582768891157
954,how is it going?,504.39824412876015
955,hello ,504.6100281387944
956,not yet ,505.1990381323425
957,how are you? ,505.260729965942
958,good evening,508.2177923625675
959,have a nice day!,508.2859488747971
960,"fine, thanks ",509.82955759753247
961,just working ,510.9744549944201
962,are you busy? ,511.2827527058148
963,talk to you tomorrow ,511.6778874791821
964,good night ,511.70874832840855
965,what are you doing? ,511.90543067253833
966,good evening,512.8127937488938
967,how is it going?,512.9159468933606
968,good night,513.083697634204
969,bye,513.2192421626596
970,not yet ,513.4350181241689
971,i'm good ,513.8928225653815
972,i'm good 18,514.3039144319549
973,take care ,514.6531443890938
974,"sure, let's go! ",515.6795463402213
975,hey there ,516.4421971381333
976,did you finish the homework? ,516.8617876382434
977,not yet ,517.0159293935942
978,nothing much ,517.1623107502871
979,want to grab lunch? ,517.3748545148502
980,bye ,517.3951834914876
981,good night ,518.7511243046986
982,see you later ,518.7765817417929
983,hi,518.9000544795468
984,want to grab lunch? ,519.6280795564435
985,take care,519.9575237829259
986,hi ,520.0355724644867
987,it's 5 o'clock ,520.3024720023284
988,what are you doing? ,520.5872050825652
989,have a nice day!,522.1224643810548
990,hi ,522.2045339045072
991,did you finish the homework? ,522.7184847546607
992,have a nice day!,523.0922192261897
993,good evening 64,523.351278871925
994,how are you?,523.7561006721108
995,see you later,524.8322590644442
996,hey there,525.514424466888
997,what time is it? ,525.867187815495
998,hello ,525.9166241295054
999,have a nice day! ,526.3613147768325
1000,bye ,526.413186824258
1001,how are you? 84,527.1000105931017
1002,hello ,527.4437991755716
1003,hi ,527.4880584923674
1004,want to grab lunch? ,527.9142811191233
1005,it's 5 o'clock ,529.3550053365717
1006,hi ,530.0042686914609
1007,hey there ,530.3617420467441
1008,i'm good ,531.4226098133926
1009,just working ,531.5960451618619
1010,what are you doing? ,532.4573820674873
1011,hello ,533.483799373361
1012,take care ,533.9210530459812
1013,what time is it? ,534.0875188136771
1014,how is it going? ,534.2917572430891
1015,good evening ,536.0542395332963
1016,what time is it? ,536.7442093296195
1017,how are you?,536.8143398911886
1018,have a nice day! 15,536.9326128773264
1019,hello,537.4045156693113
1020,good morning ,537.4123422554195
1021,"fine, thanks ",538.2263563978659
1022,how is it going? ,539.0145288086773
1023,how are you? ,541.3530397072716
1024,how are you? ,541.9207655909571
1025,are you busy? ,543.3771271588448
1026,how is it going? ,543.4957635492715
1027,just working ,543.7588636447088
1028,what time is it? ,543.8671639225283
1029,did you finish the homework? ,544.2405227375449
1030,take care ,544.3315987732277
1031,have a nice day! ,545.7084801750536
1032,good evening,545.9234587228858
1033,good morning,545.9509332406382
1034,bye 45,547.1286695496991
1035,good night,547.2478753190724
1036,i'm good ,547.3966727527713
1037,talk to you tomorrow,549.4499131930813
1038,what time is it? ,549.5084444734138
1039,did you finish the homework? ,550.5924100980109
1040,good morning ,550.9770406241686
1041,good morning,550.9894803343891
1042,did you finish the homework? ,551.6071967451614
1043,take care ,551.7233556110216
1044,bye,554.2381904755341
1045,hey there ,554.2892232688075
1046,are you busy? ,554.4695783285828
1047,"sure, let's go! ",554.6800480486422
1048,did you finish the homework? ,555.7803799915395
1049,not yet ,555.810017110686
1050,talk to you tomorrow,556.7283326215239
1051,talk to you tomorrow,557.2289305214043
1052,bye ,557.2769147526769
1053,what are you doing? ,558.1092358731399
1054,see you later,558.2163760457386
1055,bye ,558.6088342701249
1056,hey there ,559.8883451523905
1057,how is it going? ,560.6155125399536
1058,just working ,560.8052873433046
1059,good morning ,560.8914684075592
1060,see you later ,561.1118833512817
1061,hey there,561.3437197719952
1062,what time is it? 1,561.5500874208683
1063,are you busy? ,562.9212905494221
1064,talk to you tomorrow ,563.5709794632742
1065,good morning ,564.3368712128009
1066,good morning ,565.35808243945
1067,hello ,565.4577374873185
1068,it's 5 o'clock 4,565.9964715571164
1069,"fine, thanks ",566.9632537649074
1070,did you finish the homework? ,567.1320481472185
1071,how is it going?,567.3156296809299
1072,did you finish the homework? 96,567.4061413572973
1073,it's 5 o'clock ,567.642636416381
1074,hi,567.7204380269534
1075,good evening,567.9458489379746
1076,did you finish the homework? ,568.2297958209443
1077,see you later ,569.0788387961202
1078,hello ,569.8626743957221
1079,good morning ,570.2337400097434
1080,it's 5 o'clock ,570.4565096196806
1081,good morning ,572.3012492176433
1082,good morning ,573.456932299327
1083,good evening,573.5433162562047
1084,have a nice day!,573.9417908250828
1085,take care ,574.0169764137944
1086,how is it going?,574.7271344145553
1087,it's 5 o'clock ,574.9769718045318
1088,good evening,575.217090877186
1089,good morning ,575.9601614238502
1090,hi,576.4782004428679
1091,hey there,576.6605393524695
1092,hey there ,576.9023924150007
1093,just working ,578.3753536860427
1094,good evening ,578.4336424870664
1095,nothing much ,578.6098808402388
1096,want to grab lunch? ,578.8119032032561
1097,hello,579.7360915212038
1098,hello ,579.8859508799059
1099,how are you? ,579.911874166325
1100,it's 5 o'clock ,580.0183458645536
1101,good morning,580.1551691202005
1102,how are you?,580.198884396467
1103,hi,580.4908221065969
1104,"fine, thanks ",581.2085773339974
1105,have a nice day!,581.535507428418
1106,what time is it? ,582.6030669266328
1107,take care ,583.1733431217455
1108,good morning ,583.3676351398772
1109,have a nice day! ,583.8347955049757
1110,what time is it? ,585.4446899841938
1111,how is it going? ,585.845126159459
1112,see you later ,586.335570941946
1113,take care,586.8522533436133
1114,hello ,587.3064801710838
1115,hello 56,587.3594135660093
1116,"fine, thanks ",587.4448601070976
1117,hey there ,587.6015193774373
1118,how is it going?,587.7608686932601
1119,what time is it? ,588.0732210294598
1120,hi ,588.2060076023089
1121,good night ,589.0908851206852
1122,what are you doing? ,589.2940696138993
1123,take care 19,589.4555192771459
1124,take care,589.4710299239413
1125,what time is it? ,590.6779514210679
1126,are you busy? ,590.912076042763
1127,"fine, thanks ",591.3347603224582
1128,nothing much ,591.7145451125077
1129,hi ,593.6102186074093
1130,want to grab lunch? ,593.7571452484249
1131,hi ,595.2451386523637
1132,what time is it? ,596.3962749643292
1133,see you later,596.5564007168314
1134,good evening 57,596.9739851690348
1135,did you finish the homework? ,598.1449008448286
1136,nothing much ,599.3782312970843
1137,good evening ,599.4568156097154
1138,hi,601.1357606113551
1139,"fine, thanks ",602.5094924189124
1140,bye ,603.7155470531799
1141,hello,603.8840086603104
1142,it's 5 o'clock ,605.0042874797404
1143,how are you? ,605.2366232984539
1144,want to grab lunch? ,605.2987568466996
1145,"fine, thanks ",605.526095903052
1146,hi,606.2508537276589
1147,have a nice day! ,606.9399121645976
1148,talk to you tomorrow ,606.9913055584933
1149,hey there,607.6109165714088
1150,take care ,607.6167391125771
1151,hello ,608.2339550246669
1152,how is it going? ,608.7208563627327
1153,good morning ,608.9971743877167
1154,see you later 38,609.6470856683437
1155,did you finish the homework? ,610.154307152486
1156,hi ,610.5048714534058
1157,how is it going? ,612.0284579641279
1158,how are you? ,613.0246230779672
1159,good morning ,613.816052057934
1160,not yet ,614.5510191615004
1161,take care ,614.7684294931655
1162,hello ,614.7901067487771
1163,it's 5 o'clock ,615.3228968777684
1164,hey there ,615.4013409921274
1165,see you later,615.5906582459628
1166,good morning ,617.214434506227
1167,hi ,618.1731604184118
1168,"sure, let's go! 29",618.6606708497443
1169,are you busy? ,618.8807128134923
1170,good morning,619.0412219997497
1171,good night,620.0107700155202
1172,hello ,620.1382565616414
1173,nothing much ,620.7522675536694
1174,hey there,622.9917537672948
1175,i'm good ,623.4994137666903
1176,how is it going?,624.3681713409372
1177,bye ,624.5381135348488
1178,how is it going? ,624.7078881562929
1179,hello,624.785180673336
1180,good night ,626.4774005296197
1181,what time is it? ,627.0441614006231
1182,nothing much ,627.4582626153215
1183,"fine, thanks ",627.5156998671144
1184,good night,627.7820489718453
1185,what are you doing? ,627.8876327074554
1186,hello,628.1060708929502
1187,hello,628.1213524837345
1188,hi,628.1931896258957
1189,good night ,629.1435966330606
1190,good night,629.7792561747469
1191,have a nice day!,629.8469262752438
1192,"fine, thanks ",629.8682948904939
1193,hi,630.1517823243923
1194,hey there ,630.9688080386277
1195,hi,632.2073796715005
1196,how is it going? ,633.4624382540408
1197,hello ,634.4227315967319
1198,just working 46,635.0823068269787
1199,i'm good ,635.0828583093936
1200,talk to you tomorrow 95,635.4888913525573
1201,have a nice day!,636.684954294686
1202,"sure, let's go! ",637.7964234200375
1203,are you busy? ,637.8974637895676
1204,good night,638.563731582564
1205,just working ,638.8551672232119
1206,take care ,638.9073225837612
1207,how are you?,639.3622333695964
1208,talk to you tomorrow,639.4247363967265
1209,did you finish the homework? ,639.4365884752262
1210,nothing much ,641.2557052951873
1211,talk to you tomorrow,642.6236886165151
1212,what time is it? ,642.8358847539847
1213,how are you?,643.0246993427079
1214,want to grab lunch? ,643.5848428070585
1215,see you later,643.8699104229781
1216,how are you? ,644.0059908034546
1217,i'm good 13,644.2174157809973
1218,how are you? ,646.5782018709041
1219,are you busy? ,646.5790627477328
1220,have a nice day! ,648.1943071198364
1221,see you later,648.275613303584
1222,see you later ,648.6594961552986
1223,good night,648.7575064269405
1224,good evening ,648.9494828730203
1225,want to grab lunch? ,649.7046306877825
1226,good evening ,650.2747796895238
1227,bye,650.2909753801448
1228,hello,650.3806777150924
1229,how is it going?,650.9200886007586
1230,good morning,651.263551472701
1231,how is it going?,651.3146544355744
1232,what are you doing? ,651.6627197656392
1233,did you finish the homework? ,652.4743637173831
1234,it's 5 o'clock 34,652.815607079101
1235,good morning 52,653.255871644222
1236,good morning ,653.5282755285768
1237,good night,653.531641983625
1238,want to grab lunch? ,653.6396586190743
1239,hi,653.9442326841377
1240,how are you? ,654.3183924786235
1241,hey there ,655.1452796559151
1242,did you finish the homework? 43,655.4955979279383
1243,it's 5 o'clock ,655.9454861019001
1244,hey there ,656.0229216211281
1245,bye,656.7881544510559
1246,hi ,656.8421243955981
1247,good night,657.0975617849098
1248,i'm good 42,657.2545536968095
1249,see you later 94,657.5197079107403
1250,how are you? ,659.601516405027
1251,hello ,660.4798218358217
1252,what are you doing? ,660.6969101867259
1253,how are you?,660.744895143927
1254,hi ,660.8383497336879
1255,are you busy? 96,661.2495587814578
1256,hello 19,661.2877774789343
1257,hi ,661.8329424028727
1258,just working ,662.0356003737893
1259,how is it going?,663.1223145855877
1260,good night,663.4404914637572
1261,just working 78,664.0093292194604
1262,hi ,664.2543932076352
1263,hi,664.4756310742265
1264,talk to you tomorrow ,664.679777735155
1265,hey there,666.2669391114571
1266,hey there ,666.5024580025499
1267,not yet ,667.8473315663858
1268,talk to you tomorrow ,668.2172520622001
1269,hello ,668.4271132862194
1270,see you later ,668.6657959753115
1271,"sure, let's go! ",668.9371438607515
1272,it's 5 o'clock ,669.5185998828897
1273,see you later,671.1023241048458
1274,see you later ,671.1939567303136
1275,"fine, thanks 21",671.4711426828806
1276,nothing much ,671.8853690549356
1277,i'm good ,673.0671351953379
1278,bye ,673.1497959182393
1279,hello ,673.1818317652338
1280,how are you? ,673.2482102579532
1281,i'm good ,673.2998517189076
1282,good evening,675.2353959081306
1283,take care 3,675.7974963629365
1284,did you finish the homework? ,676.5021102124541
1285,nothing much ,676.609225229539
1286,good morning ,677.8809099104169
1287,i'm good ,677.8946459494614
1288,hi ,678.8063094959875
1289,what time is it? ,678.8517744281872
1290,good night,679.0682718435033
1291,good night ,679.693156959582
1292,just working ,680.0563222491687
1293,what are you doing? ,680.2901867942547
1294,talk to you tomorrow ,680.4519650425998
1295,want to grab lunch? ,680.7161839645444
1296,nothing much ,680.929472178468
1297,"fine, thanks ",681.2243140825562
1298,i'm good ,681.4824425521062
1299,talk to you tomorrow ,683.1481463136946
1300,good morning ,684.2559894252882
1301,are you busy? ,686.0476749527089
1302,did you finish the homework? ,686.3531948472628
1303,good night,686.601819789453
1304,how is it going?,686.8432349664503
1305,how is it going? ,686.8443617987211
1306,good night ,688.258580402744
1307,take care ,688.3037004598116
1308,take care ,688.4240534778892
1309,not yet ,688.4533783326724
1310,"fine, thanks ",689.0495261988916
1311,hello ,689.2216046483779
1312,take care,689.3063595321171
1313,have a nice day! ,689.4992846909478
1314,take care 70,690.1449941461502
1315,how are you? ,690.6334184128497
1316,hey there ,690.9428870241244
1317,talk to you tomorrow ,691.2069118956643
1318,hey there,691.7562160453164
1319,take care,692.1280591016712
1320,it's 5 o'clock ,692.1712791541357
1321,good night,693.3938065041297
1322,"fine, thanks ",693.6314741844188
1323,good morning ,694.1736901761872
1324,hi ,694.5038850444339
1325,have a nice day!,695.4067518330343
1326,take care ,697.0259009714349
1327,have a nice day!,697.6174587615473
1328,what time is it? 3,698.5427231326769
1329,talk to you tomorrow ,698.9236146978184
1330,take care,699.9425374300752
1331,not yet ,700.3058404259824
1332,hi ,700.3206961868965
1333,just working ,700.5026207815143
1334,what time is it? ,700.707871738284
1335,how is it going?,701.3322223427912
1336,how are you? ,701.4332926746396
1337,have a nice day! ,702.0723165613632
1338,good morning,703.0738565991895
1339,good morning ,703.3262416905195
1340,want to grab lunch? 34,703.4128363299459
1341,hello,703.4467971682086
1342,good night,703.6226686162843
1343,it's 5 o'clock ,704.7891711689313
1344,it's 5 o'clock ,704.8314862885619
1345,how is it going?,705.677322400326
1346,how is it going? ,705.6966078608059
1347,how are you? ,706.1464571803365
1348,hi ,706.2757783235372
1349,see you later,706.8069945034654
1350,not yet ,707.2528561855014
1351,how is it going?,707.4861187286682
1352,not yet ,707.9085285580555
1353,see you later,708.3074751088867
1354,hi,708.717043330685
1355,bye,708.9742041826103
1356,nothing much ,709.1259704736515
1357,talk to you tomorrow ,709.284434623311
1358,hello ,710.0304800117744
1359,what are you doing? 62,710.8451550611945
1360,take care ,711.048622778412
1361,take care ,711.731458191932
1362,have a nice day! ,712.8195059965232
1363,how are you?,712.8815517540986
1364,good morning,713.5788542526502
1365,hi,715.0652922908058
1366,hey there,715.5426466155985
1367,"fine, thanks ",715.6357797252969
1368,good morning,715.7734462278927
1369,hello ,715.8892697325757
1370,want to grab lunch? ,716.1766283903797
1371,how are you?,717.1701246199538
1372,not yet ,719.130586313499
1373,talk to you tomorrow ,719.1348896633443
1374,hello,719.7235488316688
1375,hi ,720.5968869806562
1376,good evening 74,721.4104261480626
1377,what time is it? ,722.146286097344
1378,how is it going? ,722.3660619199748
1379,hi,725.2415891964781
1380,want to grab lunch? ,726.8845331179921
1381,good evening,727.1002910848964
1382,did you finish the homework? 25,727.2091692774065
1383,take care ,727.9682545891213
1384,take care,728.4869894534795
1385,hi ,728.6913318524498
1386,nothing much ,728.809136832505
1387,have a nice day!,729.1944817160834
1388,want to grab lunch? ,729.8838574280169
1389,how is it going?,730.230230728187
1390,good morning,730.3831873942513
1391,i'm good ,731.2828323444354
1392,"sure, let's go! ",731.549939683611
1393,how is it going?,732.42795940131
1394,"fine, thanks ",732.6565623560529
1395,hey there,733.426903324829
1396,"fine, thanks 37",733.9765208350733
1397,it's 5 o'clock ,734.1463074629216
1398,are you busy? ,734.2362438690218
1399,take care ,734.399614722984
1400,good morning,734.6517944386374
1401,take care ,734.819683640299
1402,bye ,736.139183578889
1403,what time is it? ,736.2814840762449
1404,hey there ,736.43389938774
1405,hey there ,736.7073022617077
1406,hey there,737.223216842498
1407,just working ,737.7982008879147
1408,have a nice day! ,738.0353845856247
1409,what are you doing? ,738.5115278505966
1410,good evening ,739.4479788800418
1411,did you finish the homework? ,739.4743774103392
1412,have a nice day! ,739.4942241649278
1413,"fine, thanks ",739.5794460247724
1414,good morning ,739.7290138139517
1415,good evening ,740.7638044448977
1416,good evening,740.774960530314
1417,want to grab lunch? ,741.2172717322857
1418,good evening ,741.9864754442233
1419,good morning 21,742.5930041854409
1420,"sure, let's go! ",742.8388804726042
1421,not yet ,743.5823439733482
1422,hey there,743.8378177489412
1423,talk to you tomorrow ,745.1622954833854
1424,i'm good ,746.2692757011962
1425,hello,746.912526954203
1426,take care,747.7981850470264
1427,did you finish the homework? ,748.2267114155763
1428,take care,748.300505903892
1429,want to grab lunch? ,748.8579003681137
1430,good night,749.9224836702199
1431,how is it going?,750.591808132006
1432,not yet ,751.9320754635863
1433,hey there ,752.1817014027462
1434,how is it going? ,752.2219122484393
1435,good morning ,752.8079665009897
1436,talk to you tomorrow,753.3825597309675
1437,good night,753.5878457100528
1438,good night ,753.5990119817982
1439,good night,755.014686448693
1440,i'm good ,756.1201630835686
1441,hi,756.5515653833959
1442,how is it going?,757.2370327064123
1443,see you later ,757.5390983578654
1444,take care,758.2979604173019
1445,hello,758.7455801349263
1446,hello,760.4041324091243
1447,good night,761.0162075444041
1448,are you busy? ,761.1594426374154
1449,nothing much ,761.9253634888784
1450,hello ,762.6634747289581
1451,are you busy? ,763.0614209776303
1452,hello ,764.1980080311838
1453,have a nice day! ,765.2916464332961
1454,take care ,766.1030570087788
1455,nothing much ,766.5363844525066
1456,take care,767.0669335925348
1457,good morning,767.118917593137
1458,hello,767.478435119242
1459,how is it going?,768.1056849532541
1460,not yet ,769.4221008961061
1461,not yet ,770.3761008467872
1462,talk to you tomorrow,770.6116759948675
1463,just working ,770.6821749086838
1464,hey there ,770.752543908871
1465,good evening,774.1783122187844
1466,how are you? ,774.3083748003945
1467,hey there,774.7002645923651
1468,"sure, let's go! ",775.0207100088637
1469,hi,775.1786876744296
1470,bye ,775.2079683727296
1471,have a nice day! ,776.2657585838135
1472,good night ,776.3451833385917
1473,did you finish the homework? 45,777.0038502230955
1474,are you busy? ,777.0669113736675
1475,good evening ,777.7369035293281
1476,how is it going? ,777.7875507713246
1477,just working ,778.1397308958705
1478,are you busy? ,778.3530509870088
1479,how is it going?,778.7258074507401
1480,hey there,780.8893466280393
1481,"sure, let's go! ",780.9564280682912
1482,nothing much ,780.985407302775
1483,what time is it? ,781.8809121264748
1484,have a nice day! ,782.747211698401
1485,take care,782.9016679641495
1486,see you later ,783.9912154695958
1487,just working ,784.2049659516633
1488,"fine, thanks ",784.2531481814118
1489,did you finish the homework? ,784.5557309117245
1490,good evening 7,784.7757305498887
1491,see you later ,784.8882736975625
1492,how are you? ,785.8544762168681
1493,are you busy? ,786.1515069182459
1494,hey there ,786.243120828333
1495,good evening ,786.6970076456188
1496,did you finish the homework? 90,787.2814666756113
1497,nothing much ,787.5509300372618
1498,hey there 33,788.3356592822214
1499,are you busy? ,789.0243729188326
1500,bye,789.4974587176766
1501,take care,789.5135955590365
1502,how is it going?,791.1969806019704
1503,hi ,791.3753474838884
1504,have a nice day! ,792.2378501821403
1505,hey there 2,792.3166810929882
1506,how are you? ,792.8439074197795
1507,how is it going?,792.9664740858508
1508,nothing much 64,793.3553255243394
1509,good evening 100,793.4275188798173
1510,"sure, let's go! ",794.2480653769627
1511,how is it going?,794.3098321626255
1512,what are you doing? ,794.658328455553
1513,hey there,794.6936842130413
1514,take care ,795.7690892854779
1515,see you later ,796.1768815151908
1516,talk to you tomorrow ,796.8032060915592
1517,take care,797.18715625319
1518,how is it going?,797.4522197355363
1519,"fine, thanks ",797.8286381454329
1520,not yet ,798.2497213866512
1521,did you finish the homework? ,798.4419160072166
1522,how are you? ,798.768465322562
1523,did you finish the homework? ,798.8830755894935
1524,good night ,799.4969558016263
1525,how are you? ,800.1835198980493
1526,want to grab lunch? ,800.1947831442703
1527,see you later ,800.2308333982194
1528,good morning,800.6387931553772
1529,hello ,800.81294199137
1530,are you busy? ,801.4980276938361
1531,good morning,801.5151194678555
1532,nothing much ,801.9253743392417
1533,just working ,802.4723838945599
1534,good night ,802.6453745556528
1535,bye ,803.0470047221868
1536,see you later,803.850057594605
1537,what time is it? ,804.6571284298722
1538,are you busy? ,804.9726302179926
1539,have a nice day!,805.5547021090769
1540,bye ,807.2142056733807
1541,take care ,807.309190301987
1542,good night,807.6138980875136
1543,hi ,807.6555780614785
1544,talk to you tomorrow,807.6808671927179
1545,hey there,809.7027138430346
1546,good morning ,809.8667155396462
1547,see you later ,810.245912649558
1548,see you later,810.8580713666188
1549,want to grab lunch? ,811.2357308608044
1550,how is it going? ,811.5784030765257
1551,good night ,812.3785931378758
1552,bye ,812.8016161370793
1553,hello ,816.3114002193051
1554,good morning,816.7501257991097
1555,good morning ,816.9013396229053
1556,are you busy? ,817.0179403139331
1557,"sure, let's go! ",818.7053073104447
1558,how are you? ,819.0875493330485
1559,good morning,819.2857155932331
1560,take care 99,820.017926930545
1561,it's 5 o'clock ,820.6457302381115
1562,"sure, let's go! ",820.8026827598432
1563,how are you? 65,822.4128152522696
1564,hi,822.504784292385
1565,what time is it? ,823.8557547228645
1566,bye,824.4858640954216
1567,how are you? ,824.8887478325207
1568,have a nice day! ,825.6040310948318
1569,good morning ,825.9179457969749
1570,how is it going?,826.0070566189446
1571,nothing much ,826.2100961208479
1572,take care ,826.5847839002347
1573,"sure, let's go! ",826.8337574550113
1574,take care ,826.9438138553056
1575,hello,827.0839052387157
1576,"sure, let's go! ",828.2093152120118
1577,bye,828.3426153613962
1578,how is it going?,828.8937782552421
1579,just working ,829.0602813626438
1580,it's 5 o'clock 56,829.6896301690371
1581,bye,830.0949868955975
1582,talk to you tomorrow ,830.1516632967315
1583,good morning ,830.3160321712826
1584,want to grab lunch? ,830.9914120089676
1585,it's 5 o'clock ,831.7143397786397
1586,not yet ,831.8226393418972
1587,what are you doing? ,831.9825846083343
1588,talk to you tomorrow,832.5719053240856
1589,not yet ,833.4646956483301
1590,how are you? ,834.7543883187952
1591,hi,834.9048363092162
1592,want to grab lunch? ,835.1297973805869
1593,hello ,835.3222917373579
1594,just working ,835.4998044198192
1595,hello ,835.6195509856358
1596,i'm good 68,836.0353191836075
1597,hi,836.3039080322787
1598,want to grab lunch? ,836.5261937125268
1599,have a nice day!,837.589020200003
1600,hello ,837.6510661393822
1601,hey there,838.0408529137577
1602,not yet ,840.0626707241713
1603,good morning,840.3016687802759
1604,good evening,840.5109741440383
1605,hey there,840.6503295430256
1606,take care ,842.6398447261248
1607,talk to you tomorrow 12,842.6663227674745
1608,how is it going? ,843.4698113053856
1609,good morning ,843.8373317759916
1610,take care ,843.9332250209899
1611,have a nice day! ,844.2542958144714
1612,talk to you tomorrow ,845.3215979195961
1613,what are you doing? ,845.8749313840868
1614,hello,845.9305783517932
1615,"sure, let's go! 37",846.7264335284137
1616,take care ,848.2446534249102
1617,bye ,848.8870205591882
1618,good evening 83,849.1226526978235
1619,hi,849.4409524871655
1620,hello,849.8376405531732
1621,what time is it? 38,850.0959882087641
1622,good evening ,851.1631583183619
1623,good night 55,851.2372888111515
1624,have a nice day! ,851.4172359624014
1625,nothing much ,851.7748599544495
1626,good morning ,852.3358684800232
1627,how are you?,853.2428636958191
1628,i'm good ,853.9045712580689
1629,just working ,854.0838969000237
1630,just working ,854.51533522468
1631,see you later,854.9961839396044
1632,hi ,855.1926122479905
1633,talk to you tomorrow ,856.9486316928444
1634,i'm good ,858.995328827559
1635,bye ,859.9786167801211
1636,good morning ,860.8678768569173
1637,good evening ,861.892222271366
1638,"sure, let's go! ",861.9741425662868
1639,hello,862.4021694427048
1640,hey there ,863.2522930344231
1641,did you finish the homework? ,863.2888800231834
1642,hi ,863.5698544577924
1643,"sure, let's go! ",863.7171046119478
1644,good morning ,864.3229142730228
1645,"sure, let's go! ",864.9373140230889
1646,take care ,865.1356753476911
1647,hello 31,865.8749691563589
1648,good evening,866.0047481109291
1649,want to grab lunch? ,866.4454422288637
1650,are you busy? ,867.4670766719505
1651,hey there ,867.9512650403168
1652,not yet ,868.0791051636509
1653,bye,868.671032779783
1654,hi,869.4899789109679
1655,"fine, thanks ",869.8571483352921
1656,nothing much ,869.9771425837131
1657,talk to you tomorrow ,870.186955218695
1658,good morning ,870.468917856434
1659,good morning ,870.4998775753113
1660,see you later ,870.5864379167822
1661,see you later ,872.0312219113863
1662,hey there ,873.0185261049094
1663,hey there 90,873.159540627877
1664,hey there,873.4856598044224
1665,hey there,874.2841759176092
1666,it's 5 o'clock ,874.3446378395337
1667,hey there,875.2899911075908
1668,good night ,875.2965829846205
1669,"sure, let's go! ",876.544660599843
1670,good evening 25,876.8264779935429
1671,bye,877.628465923128
1672,good evening,877.7241075898494
1673,hey there ,877.8311072048449
1674,want to grab lunch? ,877.8757832614922
1675,not yet ,878.0654928623361
1676,how is it going? ,878.8021286442737
1677,how is it going? ,878.8914937760533
1678,bye ,879.0255807194095
1679,good morning ,880.0187199227415
1680,bye,880.7967089642771
1681,see you later ,881.0852820044958
1682,hello ,881.1904643370615
1683,hey there,881.2566307980719
1684,it's 5 o'clock ,881.5026862111803
1685,have a nice day! ,881.8861525366784
1686,what time is it? ,882.3341569418592
1687,good night ,883.7721720305525
1688,it's 5 o'clock ,884.1415809930751
1689,what are you doing? ,884.4551243125908
1690,nothing much ,884.9500922493277
1691,nothing much ,885.2565581561395
1692,not yet 3,886.265220230126
1693,have a nice day! ,886.9641279748124
1694,talk to you tomorrow ,887.2367739401705
1695,nothing much ,887.5231325488986
1696,hello 89,889.429118766846
1697,"sure, let's go! ",889.6797532339946
1698,are you busy? ,889.7412377272335
1699,how are you? 77,890.0582498865085
1700,have a nice day! ,890.3294857629979
1701,hello,890.5394968395351
1702,how are you? ,890.5541523843387
1703,good evening ,891.1047617309782
1704,bye,891.5280450366978
1705,not yet ,892.0447978809337
1706,i'm good ,892.2110661924339
1707,how is it going?,892.553212221029
1708,good evening ,892.9823788615905
1709,how is it going?,893.5064073139943
1710,hey there,893.6722321174659
1711,see you later ,893.694616766898
1712,hello,894.4831611484838
1713,talk to you tomorrow,894.9128008175996
1714,good morning,895.2125710986759
1715,i'm good ,896.1233007153729
1716,i'm good ,897.2969244682743
1717,just working ,897.5144181258852
1718,have a nice day! ,897.7084067328057
1719,it's 5 o'clock ,898.0191163057136
1720,good night,898.480278536685
1721,good evening,898.5438885000527
1722,hi,899.2490167547551
1723,how is it going? ,899.3528206053409
1724,how is it going? 66,899.5421061783796
1725,not yet ,899.6505645914671
1726,take care,900.0100613217635
1727,have a nice day!,900.2831846823523
1728,what time is it? 14,900.3848753905464
1729,what are you doing? ,900.4430951426314
1730,good evening ,902.0602921122714
1731,talk to you tomorrow,903.1327951998533
1732,just working ,903.4226065047773
1733,hi 4,904.104107786827
1734,not yet ,904.3599131400096
1735,talk to you tomorrow ,904.9632131246323
1736,i'm good ,905.1790667341328
1737,how are you? ,905.3248016418743
1738,hello,905.3419222765598
1739,good evening,906.2809656167395
1740,just working ,907.0465039289957
1741,bye,908.7901293710562
1742,hi ,909.3751855003804
1743,good night,909.7763258119319
1744,good morning ,910.3805231605912
1745,just working ,910.6814543040446
1746,take care,910.7373972100169
1747,not yet ,911.3445900993653
1748,hello ,911.8544963115372
1749,how are you?,912.1076313938144
1750,are you busy? ,912.17337088588
1751,what are you doing? ,912.2657703420479
1752,good morning ,912.585502934024
1753,how is it going?,913.5717671791657
1754,how are you?,913.7056838644967
1755,are you busy? ,913.8702309957288
1756,hi,915.0257100354428
1757,"fine, thanks ",916.6354067910454
1758,see you later ,916.7058088120733
1759,how are you? ,916.7743710792716
1760,want to grab lunch? ,916.9654030944463
1761,take care,917.0376651250111
1762,just working ,917.0491906684407
1763,are you busy? ,917.067577355247
1764,good morning,917.2937928409949
1765,take care,917.6698315072293
1766,talk to you tomorrow ,918.2323854482069
1767,good night ,918.4819891316563
1768,see you later ,918.5786504793605
1769,good night,919.0110452055743
1770,good morning,919.0673047205341
1771,hi ,920.25032620674
1772,how is it going?,920.3142624795615
1773,just working ,920.6096607154388
1774,"fine, thanks 29",920.6508154854387
1775,hello ,920.8958972327144
1776,how is it going?,921.1513928521277
1777,nothing much ,921.3130523123747
1778,want to grab lunch? ,921.3526002721339
1779,take care,921.3561377768984
1780,how is it going?,921.4032283211219
1781,did you finish the homework? ,921.743397433631
1782,hi ,923.0940266285756
1783,take care ,923.355086715881
1784,have a nice day! ,923.4488257322679
1785,"sure, let's go! ",923.6466933200331
1786,hey there ,924.2213244266464
1787,hi ,926.6908306358532
1788,good evening ,927.4833139747284
1789,take care ,927.4882384709956
1790,see you later,927.86605560871
1791,take care,928.0688564355158
1792,have a nice day! ,928.2375767376699
1793,talk to you tomorrow ,929.0095771241295
1794,talk to you tomorrow,929.1039749757325
1795,how are you?,929.7743465893583
1796,talk to you tomorrow ,929.7788581962627
1797,good morning ,930.1903678250617
1798,want to grab lunch? 93,930.505420585778
1799,see you later ,930.6690927591584
1800,not yet ,930.8214849195739
1801,good evening 62,930.8563024375916
1802,what time is it? ,930.9082041032947
1803,hey there ,931.2238933247128
1804,bye,931.5023514231142
1805,hey there ,932.1358714095774
1806,have a nice day! ,932.9369007665784
1807,did you finish the homework? ,933.1984892328696
1808,just working ,934.6675279004867
1809,take care ,934.6987637235062
1810,are you busy? ,934.826291710384
1811,how are you?,934.9540693386928
1812,take care ,934.9552236441983
1813,are you busy? ,935.1357186333393
1814,good night ,936.294368409258
1815,"sure, let's go! ",936.5175304093649
1816,good morning,937.7389039183164
1817,hello ,937.8964050063724
1818,what time is it? ,938.3952390369635
1819,have a nice day!,938.4974091597397
1820,not yet ,938.764472293326
1821,good morning ,938.9205261264107
1822,good morning ,941.5311817065351
1823,see you later ,942.1095089434206
1824,how are you?,942.1431973625743
1825,i'm good 86,942.6722365856118
1826,did you finish the homework? ,942.9228075290858
1827,good morning,944.3909513491302
1828,good evening,944.489102042875
1829,it's 5 o'clock ,944.4978698816706
1830,"sure, let's go! ",944.915358091576
1831,what time is it? ,945.090760386201
1832,how is it going?,945.581666713284
1833,good morning 42,945.6763089696615
1834,bye ,946.2132571475123
1835,good evening ,947.2461741779299
1836,how are you? ,947.5000117954427
1837,i'm good ,947.5019926995562
1838,see you later ,947.7229775773613
1839,it's 5 o'clock 29,947.9103000667211
1840,bye ,948.6022035771593
1841,did you finish the homework? ,949.5885355870074
1842,have a nice day! ,950.1041932206845
1843,have a nice day!,950.7234402126795
1844,how is it going?,950.8848604552754
1845,just working ,951.3513442448299
1846,i'm good ,952.0372722779333
1847,hi,952.3759123513106
1848,bye ,952.8666084954313
1849,nothing much 69,953.9131892072825
1850,bye ,954.3225592849348
1851,bye ,954.6071923397817
1852,have a nice day! ,955.963613686235
1853,good night 43,956.2096757391967
1854,talk to you tomorrow ,957.1239664245192
1855,what time is it? ,957.1259454439954
1856,"sure, let's go! ",957.1570399845277
1857,good night ,957.5205205753805
1858,good night ,958.4697372775382
1859,hey there ,959.2160046254779
1860,did you finish the homework? ,959.7139578840807
1861,"fine, thanks ",961.0117320420868
1862,not yet ,961.0266990430597
1863,how is it going? ,961.2580101416125
1864,"sure, let's go! 74",961.7200630607797
1865,take care,963.2614500722758
1866,how are you? ,963.5061564367793
1867,"fine, thanks ",964.6521808509063
1868,talk to you tomorrow ,967.9886370634114
1869,hello,968.3329957098441
1870,how are you? ,968.4564764567426
1871,how is it going?,968.8114602897725
1872,talk to you tomorrow ,970.3121758879679
1873,how are you?,970.4221544068922
1874,take care,970.657350485569
1875,did you finish the homework? ,970.8706720967226
1876,hi,971.8884015995934
1877,good morning ,972.199127900147
1878,i'm good ,972.6076497995957
1879,bye ,972.6873007311265
1880,take care,973.6075555825055
1881,good morning 19,974.0706569586866
1882,bye,974.4492700325728
1883,"fine, thanks ",974.5131679276514
1884,how is it going?,974.6565923259541
1885,see you later ,974.8759949980116
1886,how are you? 50,975.1253354819296
1887,did you finish the homework? ,975.6405367867545
1888,see you later 15,977.093275685148
1889,nothing much ,977.8343938557007
1890,hey there ,978.5032886272321
1891,see you later,978.667228323658
1892,talk to you tomorrow ,978.8244632502398
1893,want to grab lunch? ,979.1725504657151
1894,hey there ,979.6214989980134
1895,i'm good ,979.6656997395163
1896,not yet ,980.3617948246379
1897,what time is it? ,981.2344131382891
1898,good night ,981.4159849472786
1899,not yet 91,982.869726976822
1900,have a nice day! ,982.9153230898164
1901,bye,983.1689066832766
1902,have a nice day! 79,984.764899028062
1903,nothing much ,985.498534592519
1904,just working ,986.1408144536547
1905,how is it going?,987.1012699731197
1906,good night ,989.4680661216805
1907,talk to you tomorrow ,989.5379994079826
1908,what time is it? 8,990.4014049903623
1909,have a nice day! ,990.5183177021418
1910,are you busy? ,990.6034911384228
1911,want to grab lunch? ,990.6373225001148
1912,not yet ,991.012585635414
1913,what time is it? ,991.4284075167928
1914,just working ,992.5195121129606
1915,have a nice day!,992.8157975220126
1916,what are you doing? 36,994.3525126555644
1917,talk to you tomorrow,994.4495095731587
1918,hi ,994.6337811955486
1919,"fine, thanks ",994.7449507729297
1920,bye,994.7806485242683
1921,hi ,995.2177951765957
1922,just working ,995.4617815899122
1923,hello ,995.7541435034873
1924,are you busy? ,996.3580839273619
1925,good night ,996.4709635142749
1926,hi ,997.434790844654
1927,not yet ,997.6268293149549
1928,not yet ,998.0505540016916
1929,what time is it? ,999.1816600264204
1930,good morning ,999.2454231261154
1931,just working ,999.8952923119633
1932,hello,1000.1767664203318
1933,i'm good ,1000.5077985103479
1934,not yet ,1000.7253731098075
1935,good evening ,1000.8907118364046
1936,how are you?,1001.1315405107503
1937,hello,1001.6218275665697
1938,bye ,1002.2030452356391
1939,good evening,1002.2927786550018
1940,what time is it? ,1002.4912701680071
1941,good night ,1002.7765767035364
1942,see you later 58,1002.8256743499858
1943,hello,1003.8458072031003
1944,"sure, let's go! ",1004.0432621241496
1945,not yet ,1004.1197002329055
1946,how are you? ,1005.0797848078759
1947,bye 40,1005.348312196703
1948,hey there,1005.6436115035268
1949,good night ,1006.1049757851636
1950,have a nice day! ,1006.5515441785424
1951,good night,1007.2668731676991
1952,hi ,1007.3592976215995
1953,"sure, let's go! ",1007.8080416415138
1954,hello ,1008.0135569243844
1955,bye,1008.4365374603101
1956,how is it going? ,1008.5895576042386
1957,what time is it? ,1010.6043295737798
1958,it's 5 o'clock ,1010.6181143354758
1959,what time is it? ,1011.5519251433886
1960,bye,1012.0114638051155
1961,did you finish the homework? ,1012.0551392623017
1962,what time is it? ,1012.1474145280685
1963,how is it going? ,1012.4752967032477
1964,talk to you tomorrow ,1012.4841125795729
1965,good morning,1012.5430716586318
1966,hi,1012.9427589718184
1967,how are you? ,1013.4441141273501
1968,hi,1014.0008397497274
1969,not yet ,1014.2853120723184
1970,hey there,1014.3686048033488
1971,hello ,1014.6703472599378
1972,how are you? 92,1015.8725563161121
1973,how are you?,1016.3670140433958
1974,just working ,1018.1768890985405
1975,have a nice day!,1018.2713449361013
1976,have a nice day!,1018.9790240389725
1977,bye,1019.4925144647738
1978,hey there ,1021.3800215854684
1979,what time is it? ,1022.4135642287839
1980,"fine, thanks ",1023.9132418682531
1981,just working 46,1024.8133767135182
1982,how is it going? ,1024.8196350054354
1983,good night,1025.4248612021956
1984,i'm good ,1025.7830823146844
1985,not yet ,1025.810838132383
1986,good evening ,1026.2373592092483
1987,"fine, thanks ",1026.4323967068374
1988,take care,1027.140861041252
1989,it's 5 o'clock ,1027.2375948884867
1990,take care ,1028.4733625228534
1991,"sure, let's go! ",1028.8394300225132
1992,are you busy? ,1029.1098659849747
1993,hi ,1029.2152206870994
1994,hey there ,1030.9005363798187
1995,how is it going?,1031.1299455606886
1996,what time is it? ,1031.587614392663
1997,good night,1031.745532393715
1998,did you finish the homework? ,1032.3066158854635
1999,have a nice day!,1032.7223289033054
2000,have a nice day! ,1032.7864452529832
2001,see you later ,1033.0264167889786
2002,good night,1033.805463161939
2003,what time is it? 19,1033.9698352991509
2004,good night ,1034.0077698894738
2005,good night,1035.2919245169385
2006,good evening ,1036.0062556691103
2007,"fine, thanks ",1036.3110083334252
2008,take care,1036.6859213491086
2009,hey there,1036.7712255556617
2010,how are you? ,1038.0312550551075
2011,"sure, let's go! ",1038.8326777449618
2012,just working ,1039.2399499992373
2013,talk to you tomorrow,1039.5208870183817
2014,what time is it? ,1040.4507842781875
2015,hello ,1040.7361041563745
2016,are you busy? ,1041.6975110094272
2017,good evening,1042.4433976291205
2018,good evening,1042.71164563081
2019,hello 85,1043.7959291040256
2020,did you finish the homework? ,1044.0420265383123
2021,good evening ,1044.2356062237145
2022,good evening,1044.2903281954195
2023,"sure, let's go! ",1044.9072255165213
2024,hi ,1044.9384384109399
2025,hi ,1045.3680745918941
2026,"sure, let's go! ",1045.6436375003045
2027,how are you? ,1047.2653618171191
2028,see you later ,1047.5174529330034
2029,how are you?,1047.7629372208598
2030,bye,1047.8710358830633
2031,good night ,1047.9276304245002
2032,it's 5 o'clock ,1047.97527223859
2033,have a nice day! ,1048.0054805338327
2034,have a nice day!,1049.0627756488366
2035,good night ,1050.2087178979864
2036,nothing much ,1050.6679752235277
2037,hey there,1052.2510633578981
2038,hi 76,1052.754009007002
2039,"fine, thanks ",1054.075067219062
2040,bye ,1054.302287894975
2041,nothing much ,1054.7111481477496
2042,bye ,1055.5695710869825
2043,talk to you tomorrow 6,1056.2009293929905
2044,hi,1056.737419631241
2045,how are you?,1057.0087658663062
2046,are you busy? ,1057.0180946725136
2047,take care ,1058.2595842503226
2048,how is it going?,1058.6932254359017
2049,hey there,1059.2496488619306
2050,hi ,1059.2888083698076
2051,it's 5 o'clock ,1059.4501977212892
2052,how are you? ,1059.7663655025153
2053,did you finish the homework? ,1059.76781559531
2054,"sure, let's go! ",1061.6892764358236
2055,see you later,1062.202488543269
2056,not yet ,1062.6096175027756
2057,talk to you tomorrow ,1062.7138369586146
2058,have a nice day! ,1063.2134286293306
2059,good night,1063.5674029519523
2060,"fine, thanks ",1063.5680797418909
2061,are you busy? ,1063.617866080889
2062,take care,1064.6602940999883
2063,hey there ,1064.6693238246846
2064,what are you doing? ,1064.9780268485608
2065,hey there,1065.2345670103496
2066,good evening,1066.4914000466074
2067,how are you?,1067.3639471502959
2068,how is it going?,1067.4010865800533
2069,hey there,1067.6095059174434
2070,bye ,1067.706177877462
2071,take care ,1067.8771283735132
2072,nothing much ,1067.9856589439
2073,"sure, let's go! ",1068.946933020981
2074,take care ,1069.4539760311893
2075,talk to you tomorrow ,1069.9012463313302
2076,how are you?,1069.9058130750848
2077,hi,1070.0693692652626
2078,bye,1070.1492779188586
2079,good morning,1070.3007921712458
2080,hey there ,1070.627660134997
2081,take care ,1071.8509676311048
2082,hey there ,1072.1580050572813
2083,how is it going?,1073.2201479953671
2084,good morning,1074.3334891731242
2085,have a nice day! ,1074.8135178590505
2086,talk to you tomorrow,1074.8394821814773
2087,are you busy? ,1075.075859882415
2088,hello ,1075.2352970414386
2089,it's 5 o'clock 4,1075.5857058703768
2090,"sure, let's go! ",1077.0920284758893
2091,see you later ,1077.6141302170581
2092,what are you doing? 70,1078.7731447856313
2093,are you busy? ,1079.951005057219
2094,talk to you tomorrow,1080.1483691732624
2095,hi,1080.2265005521429
2096,good morning 97,1081.4279758021546
2097,how is it going? 35,1081.8015720319997
2098,take care ,1082.1313855429528
2099,good evening ,1082.2822538853086
2100,see you later ,1082.4907469266377
2101,have a nice day! ,1082.9334829954032
2102,see you later ,1083.4491524615223
2103,are you busy? ,1083.5266872692039
2104,bye ,1083.5681938595267
2105,bye,1083.8667386798995
2106,talk to you tomorrow ,1084.659285915023
2107,want to grab lunch? ,1084.7625201088124
2108,did you finish the homework? ,1084.9199904890452
2109,hello ,1085.0625118281694
2110,talk to you tomorrow,1085.0690148011934
2111,hey there,1085.240502292274
2112,it's 5 o'clock ,1085.2975685728763
2113,are you busy? ,1085.5378550215385
2114,how are you? ,1085.6559263518977
2115,talk to you tomorrow,1085.8029054577667
2116,just working ,1086.3779111191902
2117,take care ,1086.6827368920885
2118,good night,1088.0080750849572
2119,i'm good ,1088.6271129046484
2120,i'm good ,1090.0031026658598
2121,take care 62,1091.033884037454
2122,"fine, thanks ",1091.2657955689533
2123,have a nice day!,1091.7648818573591
2124,hey there ,1093.1793543197678
2125,hey there ,1093.4547031838026
2126,hi ,1093.745147623188
2127,hey there,1094.4575460653155
2128,not yet ,1095.0632214495208
2129,have a nice day! ,1095.547509452292
2130,want to grab lunch? ,1096.0840298136532
2131,good night ,1096.5158881705345
2132,what are you doing? ,1097.1777313145612
2133,bye ,1099.084725416291
2134,hey there,1101.0607325762267
2135,see you later,1102.3265747661023
2136,hi ,1102.4880178958595
2137,nothing much ,1102.9189345066268
2138,what are you doing? ,1103.4434726638522
2139,hi,1103.4687869510146
2140,take care,1103.5694838175652
2141,are you busy? ,1104.3171245290323
2142,how is it going? ,1104.335547462584
2143,how are you? 57,1105.1821420352446
2144,have a nice day! ,1105.6423527649254
2145,are you busy? ,1105.6822838477979
2146,are you busy? ,1106.4818318651537
2147,good night ,1106.7266779371132
2148,are you busy? ,1106.8433368710398
2149,what time is it? ,1107.995607596143
2150,good night,1108.165620009853
2151,talk to you tomorrow ,1108.8427563207003
2152,good morning,1108.9587141630109
2153,"sure, let's go! ",1109.7700002870586
2154,how is it going?,1109.97073979528
2155,good evening,1109.9764676556945
2156,hi ,1112.2391113257215
2157,have a nice day! ,1112.4126102996997
2158,want to grab lunch? ,1112.7528308230712
2159,bye ,1113.1538079950421
2160,are you busy? ,1113.4446841595882
2161,hello ,1113.8876925988668
2162,hey there ,1115.3855226975413
2163,"sure, let's go! 43",1115.492153503652
2164,did you finish the homework? ,1115.6693787157658
2165,are you busy? ,1116.035150487202
2166,bye,1116.29640200417
2167,how is it going? ,1116.4121125252395
2168,good night,1119.1300197198898
2169,good night,1119.488930203797
2170,good night,1120.3379548855996
2171,have a nice day! 47,1120.5960161525609
2172,how are you? ,1121.087868861003
2173,see you later ,1121.770480986102
2174,have a nice day! ,1122.0606545101543
2175,good evening 40,1122.375541685195
2176,i'm good ,1122.4562449270707
2177,good night,1122.871791520692
2178,have a nice day! ,1123.798424637354
2179,what time is it? ,1124.2445332750308
2180,"sure, let's go! ",1125.165935034793
2181,good night ,1125.223531984186
2182,i'm good ,1125.2851967419142
2183,have a nice day! ,1126.0351043466167
2184,see you later,1126.1473477670597
2185,want to grab lunch? ,1126.7238268039534
2186,"fine, thanks ",1126.7941816880218
2187,how are you?,1127.1366233143037
2188,not yet ,1127.370121539348
2189,bye ,1128.0067658678993
2190,did you finish the homework? ,1128.4993547543754
2191,not yet 47,1129.347894477175
2192,how are you?,1129.513516664523
2193,just working ,1130.033745406233
2194,take care ,1131.6228840119984
2195,hello,1132.6220053761635
2196,hey there ,1133.4938987540513
2197,are you busy? ,1133.6255889936363
2198,hi ,1133.659728872091
2199,hey there ,1133.8092383152123
2200,hello ,1133.825724474718
2201,just working ,1134.1008507594622
2202,what time is it? ,1134.271740829971
2203,are you busy? ,1135.9012223894645
2204,good night ,1136.3743715498138
2205,"fine, thanks ",1138.1694918196035
2206,just working ,1138.9405451601467
2207,hi,1139.211121042953
2208,"sure, let's go! ",1139.4654911823473
2209,good evening ,1139.8809704704372
2210,"sure, let's go! ",1140.2131340091285
2211,hey there ,1140.4640826716707
2212,have a nice day! ,1140.9063751434946
2213,it's 5 o'clock ,1140.954513870457
2214,i'm good ,1141.2777118367562
2215,hey there ,1141.3397477229926
2216,good night 7,1142.0826683979658
2217,how is it going?,1142.0964254030089
2218,"fine, thanks ",1142.678769620156
2219,it's 5 o'clock 35,1142.707293175115
2220,want to grab lunch? ,1143.145209452402
2221,"sure, let's go! ",1143.3483817583704
2222,have a nice day!,1143.5450293929914
2223,how are you?,1144.2558582039194
2224,good night ,1145.4898283438745
2225,how is it going? ,1145.538316225037
2226,did you finish the homework? ,1145.5687717471685
2227,"fine, thanks ",1146.495095515813
2228,"fine, thanks ",1146.529458905961
2229,it's 5 o'clock ,1146.627741525745
2230,take care,1147.3154891095462
2231,take care ,1148.0523851124308
2232,bye 71,1148.2658724685714
2233,talk to you tomorrow ,1149.5113550810504
2234,"sure, let's go! ",1149.5189879748548
2235,what time is it? ,1150.207552461741
2236,take care,1151.305832754391
2237,just working ,1151.3235593558945
2238,see you later,1151.5392363376807
2239,see you later,1151.8361447166712
2240,i'm good ,1152.100892585582
2241,hello 35,1152.15629780351
2242,hey there,1152.7349859557696
2243,want to grab lunch? ,1152.9863191556465
2244,it's 5 o'clock ,1152.9923765806038
2245,good evening,1153.1909316698286
2246,how are you? ,1153.2716529681643
2247,how is it going? ,1153.8943015208154
2248,how are you? ,1154.1899493421984
2249,it's 5 o'clock ,1155.512531571535
2250,how is it going? ,1155.91335282218
2251,good night ,1156.110706069575
2252,how are you?,1156.2139704000674
2253,how is it going? ,1156.426062571201
2254,hi,1156.5964855640648
2255,not yet ,1156.7401964774547
2256,did you finish the homework? ,1157.5250428782738
2257,"sure, let's go! ",1157.6783451734984
2258,it's 5 o'clock ,1157.9575989876546
2259,see you later,1159.4028635874713
2260,hey there 14,1159.4389517548045
2261,hey there,1160.9245199565307
2262,"sure, let's go! ",1161.0309615081856
2263,how are you?,1161.5681192786126
2264,bye ,1161.9777688453237
2265,how is it going? ,1162.065126298986
2266,good morning ,1163.2958316335084
2267,just working ,1163.3481205233616
2268,just working ,1163.394536139941
2269,just working ,1163.845965668374
2270,want to grab lunch? ,1165.1602930165002
2271,"sure, let's go! ",1166.6845076251934
2272,hi ,1166.857102527115
2273,bye,1166.9531875829434
2274,bye ,1167.79760579925
2275,not yet ,1168.0220672202706
2276,talk to you tomorrow ,1169.386024472043
2277,how are you? ,1169.4782252825432
2278,it's 5 o'clock ,1169.609565699614
2279,not yet ,1169.9199958982606
2280,good morning,1170.3416363624365
2281,hi ,1173.5487811111634
2282,want to grab lunch? ,1174.1627318969663
2283,good night,1174.64607278662
2284,did you finish the homework? 17,1175.3713743520382
2285,are you busy? ,1175.3812168113075
2286,bye,1177.3753007047549
2287,"fine, thanks ",1178.7272692073595
2288,good morning ,1178.8923953532185
2289,hey there ,1179.8571777309658
2290,hi,1182.4906175900514
2291,what are you doing? ,1182.7169924962748
2292,not yet ,1184.2281996021222
2293,how are you? ,1184.5573914596878
2294,"fine, thanks ",1184.830056011569
2295,good morning ,1185.0109735417961
2296,bye,1185.5946702031497
2297,did you finish the homework? ,1186.3548924482718
2298,it's 5 o'clock ,1186.8786342273809
2299,have a nice day!,1187.2773083758648
2300,have a nice day! 34,1187.3907778590587
2301,are you busy? ,1187.583745224024
2302,have a nice day! ,1187.6947604870504
2303,good morning ,1187.743390098493
2304,"sure, let's go! ",1187.952110451884
2305,nothing much ,1188.4370165730022
2306,take care,1188.4558729607613
2307,good night ,1188.4577623483635
2308,talk to you tomorrow ,1188.6956244001024
2309,bye ,1188.700512848776
2310,how is it going?,1188.9972480278027
2311,talk to you tomorrow ,1189.1319623120269
2312,hello ,1189.2390112401647
2313,nothing much ,1189.621178110008
2314,hi ,1190.0855486614312
2315,nothing much 68,1190.298326282296
2316,hey there ,1190.8740415003113
2317,good night,1191.1637615064337
2318,see you later 92,1191.3807424945428
2319,i'm good ,1191.414790261903
2320,what time is it? ,1191.6278893708538
2321,talk to you tomorrow 67,1191.7646764715573
2322,"sure, let's go! ",1192.0357819857313
2323,just working ,1192.2333572321575
2324,just working ,1194.701226710883
2325,hi ,1195.1833459378968
2326,good evening ,1195.772614832729
2327,hello ,1196.0227093773444
2328,want to grab lunch? ,1196.416040890859
2329,take care ,1196.4460849820557
2330,not yet ,1196.562609817724
2331,see you later 19,1196.6550910577064
2332,talk to you tomorrow ,1196.7650316190982
2333,nothing much ,1198.0861044923906
2334,bye ,1198.2088374154334
2335,did you finish the homework? ,1198.3077956950435
2336,good evening,1198.920093560186
2337,are you busy? ,1199.1485243197296
2338,just working ,1199.342009521494
2339,what are you doing? ,1199.4299089070307
2340,hi,1199.95778675035
2341,good evening ,1199.9952517522063
2342,what are you doing? ,1200.6302437977151
2343,are you busy? ,1202.1504622984448
2344,see you later ,1202.9599260545795
2345,are you busy? 20,1203.1189663419514
2346,have a nice day! ,1203.2795473438966
2347,how is it going? ,1203.8925050318896
2348,have a nice day!,1204.0039908078177
2349,good evening,1204.0586945474697
2350,bye ,1205.732559569788
2351,are you busy? ,1205.831929280316
2352,good evening,1207.0855721133123
2353,hello ,1207.1402602199732
2354,good night,1207.512248456599
2355,good morning,1207.634916249231
2356,hi ,1207.645217138755
2357,how are you? ,1207.7988448237982
2358,what are you doing? ,1210.6184749161728
2359,talk to you tomorrow ,1210.8155272201504
2360,good night,1211.063748961835
2361,did you finish the homework? ,1212.9472281979715
2362,take care ,1214.398818560378
2363,good evening,1215.6702500754325
2364,nothing much ,1216.0127802641853
2365,hello,1216.594486090202
2366,it's 5 o'clock ,1217.0334196236972
2367,have a nice day! ,1217.4506267370625
2368,good morning,1217.6010830518933
2369,how is it going? ,1217.7654121013113
2370,"fine, thanks ",1219.1151423801607
2371,did you finish the homework? ,1221.2909703835523
2372,good night ,1221.4720331351452
2373,hi ,1221.6155613804192
2374,hello ,1221.7219038100861
2375,are you busy? ,1221.8192377798807
2376,did you finish the homework? ,1222.641247954091
2377,good morning ,1222.8563058978004
2378,good morning,1223.9095391647984
2379,did you finish the homework? ,1224.0201401401357
2380,bye,1224.2512819455594
2381,hello,1224.3267609803866
2382,talk to you tomorrow,1225.7242438722624
2383,see you later ,1226.1118092166237
2384,just working ,1226.5988522356188
2385,i'm good ,1226.7659401597934
2386,bye ,1226.8284959771565
2387,talk to you tomorrow ,1227.1358611342432
2388,"sure, let's go! ",1228.109901299672
2389,it's 5 o'clock ,1228.543369037204
2390,how is it going?,1228.8481126800966
2391,good night,1229.3346115198856
2392,hello,1230.1704758702735
2393,have a nice day! 83,1230.629617867661
2394,hello ,1230.7692825836216
2395,good evening,1230.9235815322374
2396,did you finish the homework? 56,1231.2990046938396
2397,see you later,1231.3929499998856
2398,see you later,1231.9264824745449
2399,what are you doing? ,1232.5492734517413
2400,good night ,1232.5511604911758
2401,i'm good 68,1235.3350607266952
2402,bye ,1235.7563184897695
2403,are you busy? ,1236.2614831567325
2404,see you later ,1236.46044792308
2405,talk to you tomorrow,1236.7804110865932
2406,good morning ,1237.2559089436575
2407,are you busy? ,1240.089437633315
2408,hey there,1240.418061825075
2409,good night ,1241.0703774842427
2410,want to grab lunch? ,1241.3109331261558
2411,how are you? ,1241.361823571319
2412,take care,1241.5489236861881
2413,good night,1241.6483967293073
2414,how are you?,1241.7488062924922
2415,hello ,1242.3869477237067
2416,just working ,1242.8290634298344
2417,what time is it? ,1243.01330731049
2418,see you later ,1243.2953218824791
2419,hey there ,1243.3343981656387
2420,talk to you tomorrow ,1243.7789364656314
2421,bye ,1243.841990325549
2422,are you busy? 73,1243.8650527798109
2423,good evening ,1244.3248120992064
2424,good morning ,1244.4106686415141
2425,good morning,1244.4996611266727
2426,just working ,1245.1099285569246
2427,hello ,1245.457233339533
2428,hi ,1245.7254522869737
2429,"fine, thanks ",1246.081035136396
2430,nothing much ,1246.5803504254304
2431,take care,1246.6332292554891
2432,did you finish the homework? ,1247.4448459145653
2433,how is it going? ,1248.1574590898558
2434,see you later ,1248.2182519488993
2435,hey there ,1248.3576803434614
2436,bye,1248.4302506891568
2437,not yet ,1249.452656867065
2438,what time is it? 16,1249.5595650456696
2439,talk to you tomorrow ,1249.7302401903464
2440,good morning ,1249.9352865440228
2441,hello,1250.0785901144488
2442,hey there ,1250.4390074634541
2443,what time is it? ,1250.626335259754
2444,take care,1250.9094046227453
2445,not yet ,1251.224511236514
2446,how are you?,1251.3578318971668
2447,take care,1252.0735628011382
2448,it's 5 o'clock 53,1252.4367279999594
2449,what are you doing? ,1253.3803804603042
2450,i'm good ,1253.8661223164997
2451,"fine, thanks ",1254.3543357345952
2452,not yet ,1254.518503522102
2453,did you finish the homework? ,1254.6685279064718
2454,it's 5 o'clock 77,1255.1027752476284
2455,hi ,1255.612788036444
2456,it's 5 o'clock ,1255.7696187615882
2457,hey there ,1255.8894144937944
2458,hello,1257.3247631651611
2459,"sure, let's go! ",1257.4239449641075
2460,hello ,1257.4280111550938
2461,hi ,1259.0559679508708
2462,talk to you tomorrow,1259.8160853208353
2463,how are you? ,1261.2061996573136
2464,good evening,1261.2824164169685
2465,good night,1261.645323745299
2466,want to grab lunch? ,1262.2806892229082
2467,good night ,1263.0340402128916
2468,see you later ,1263.7390878872866
2469,take care,1264.3466460045192
2470,bye,1264.5838210797847
2471,good night ,1264.7564508197113
2472,bye,1264.9548483783287
2473,take care,1265.2728778509777
2474,take care ,1265.3305349847324
2475,it's 5 o'clock ,1266.0354207255784
2476,are you busy? ,1267.030507935232
2477,hey there,1268.0207185651532
2478,talk to you tomorrow,1268.1504565226016
2479,i'm good ,1268.3554950771784
2480,nothing much ,1270.4153795202378
2481,what are you doing? ,1270.5101950331166
2482,"fine, thanks ",1271.6720621393679
2483,bye ,1271.8177711370802
2484,take care,1271.9057743256121
2485,bye,1272.9403956313306
2486,hello,1273.7103972108403
2487,see you later ,1274.4773689949636
2488,hey there,1274.5101424483419
2489,hello ,1274.7793166986373
2490,want to grab lunch? ,1274.8380876665167
2491,hello ,1274.9060414468074
2492,bye,1275.5911862680757
2493,talk to you tomorrow,1275.8620175472408
2494,are you busy? ,1276.3487161177707
2495,take care,1277.0487603079034
2496,talk to you tomorrow ,1279.3176172746744
2497,just working ,1279.7246851154641
2498,just working ,1280.0268534124757
2499,"fine, thanks ",1280.308376507502
2500,how is it going? ,1281.2487999967227
2501,good night,1282.3639027056583
2502,what are you doing? ,1282.8063045878596
2503,hello,1282.9776172092804
2504,good night,1284.0519761830624
2505,good morning ,1284.5044206738614
2506,have a nice day! ,1284.7724117770026
2507,talk to you tomorrow ,1284.8860783445002
2508,what are you doing? ,1284.9305997301562
2509,talk to you tomorrow ,1285.1061579760387
2510,hey there,1285.2563775781189
2511,nothing much ,1285.8421765866592
2512,just working ,1286.937603411582
2513,"fine, thanks ",1290.6293250829776
2514,good evening,1290.8702512517868
2515,talk to you tomorrow,1291.6348983454775
2516,take care ,1291.8991967262834
2517,"fine, thanks ",1292.156816919871
2518,good evening ,1292.3180153585542
2519,have a nice day! ,1292.3402011880166
2520,good evening,1294.669226446831
2521,good evening ,1294.821963673341
2522,"fine, thanks ",1295.797903175301
2523,i'm good ,1296.024524855827
2524,just working ,1296.0287866118535
2525,how is it going?,1296.6823351104135
2526,what are you doing? ,1296.8360349781576
2527,how are you? ,1297.1343305845405
2528,bye ,1297.1966609509286
2529,not yet 27,1297.6093607669916
2530,bye ,1298.2673269824236
2531,good night,1298.8768697481703
2532,good night,1299.1778295352265
2533,not yet ,1299.4468207601733
2534,see you later,1300.0579682143266
2535,how are you? ,1301.1924722601202
2536,hey there ,1302.00330745998
2537,"sure, let's go! ",1302.5595135155804
2538,"fine, thanks ",1302.8907259391456
2539,what are you doing? ,1302.936205931948
2540,good morning 27,1303.3330279058273
2541,good evening ,1303.8477779755458
2542,nothing much 15,1303.9843260890316
2543,are you busy? ,1304.0995674072383
2544,"fine, thanks ",1304.7579919177076
2545,how is it going? 42,1305.3555797970496
2546,take care,1306.1512558360089
2547,how are you? ,1307.4082415796513
2548,just working ,1308.0083022843705
2549,hey there ,1309.1139848371108
2550,nothing much ,1309.3570682196687
2551,how is it going? 93,1309.5722169919236
2552,good evening ,1310.0369527831585
2553,hello ,1311.5825506694762
2554,are you busy? ,1311.7985281897468
2555,"sure, let's go! ",1312.3533165493964
2556,not yet ,1312.4913066906454
2557,good evening,1313.0302449844821
2558,not yet ,1313.0760024368217
2559,hi ,1314.7142323115197
2560,"fine, thanks ",1314.997771130016
2561,"sure, let's go! ",1315.7150321505
2562,good evening,1316.1734427162246
2563,have a nice day! ,1316.4240224608893
2564,nothing much ,1318.7093196439537
2565,nothing much ,1318.8287843783935
2566,take care,1318.9914084203538
2567,good morning ,1319.1652676362448
2568,have a nice day! ,1319.7629164271423
2569,good night ,1320.3575170783088
2570,what time is it? ,1320.4184584109144
2571,how are you? 66,1321.0008666242618
2572,how is it going? ,1321.2058528493756
2573,what are you doing? ,1322.3606225831425
2574,talk to you tomorrow,1322.3892765304558
2575,hey there ,1323.2734227246344
2576,hey there ,1323.6298117699948
2577,i'm good ,1324.5360302949039
2578,what are you doing? ,1324.9845440330912
2579,are you busy? ,1326.0904080392518
2580,bye,1326.203409077569
2581,how are you? 13,1326.6880686036077
2582,"fine, thanks ",1326.8377005264192
2583,good night ,1327.128248899025
2584,how are you? ,1327.3040728245962
2585,hi,1327.566781908979
2586,hello ,1327.714384315632
2587,take care ,1328.6110593801277
2588,did you finish the homework? ,1329.7990592381345
2589,hi ,1330.2332501437397
2590,talk to you tomorrow,1330.8217720094367
2591,nothing much ,1332.193548884682
2592,how is it going?,1332.4966158567076
2593,how is it going?,1333.044932399984
2594,talk to you tomorrow,1333.7253689371998
2595,talk to you tomorrow ,1334.3956504651917
2596,take care,1334.7876743069678
2597,good morning ,1335.7284792453859
2598,hey there,1338.740874477319
2599,good evening ,1339.246865862434
2600,see you later,1339.3442705190853
2601,good morning,1339.3547838982324
2602,see you later 78,1339.7878176020238
2603,what are you doing? 5,1339.9051037766776
2604,"sure, let's go! ",1340.1018783276531
2605,what time is it? ,1340.8333019429208
2606,hey there,1340.8819714099373
2607,what time is it? ,1341.63950221931
2608,"fine, thanks ",1341.9397447844108
2609,hey there,1342.2374866271437
2610,hello,1342.662853253819
2611,just working ,1342.7439029027137
2612,good evening,1343.0247737144384
2613,did you finish the homework? ,1343.0702338666138
2614,see you later ,1344.7003182892593
2615,see you later ,1345.095464362296
2616,good night ,1345.4722254395335
2617,take care ,1345.4749229629654
2618,have a nice day! ,1345.7432522236873
2619,hi,1347.6992354815845
2620,i'm good ,1347.8239175813353
2621,how are you?,1348.5016424070534
2622,just working ,1349.5189246052207
2623,talk to you tomorrow ,1350.5898723098348
2624,what are you doing? ,1353.064351135357
2625,"sure, let's go! ",1353.1544220315702
2626,good morning,1353.5652287463909
2627,what are you doing? ,1353.6957361903685
2628,talk to you tomorrow 6,1353.8943869931134
2629,it's 5 o'clock ,1353.9119931173368
2630,good morning ,1354.2457100980182
2631,how is it going? ,1355.564971512957
2632,"fine, thanks ",1355.8628358201013
2633,good night ,1355.8804967976207
2634,good morning,1355.949065693425
2635,hi ,1356.8356138115798
2636,did you finish the homework? ,1356.8678652713656
2637,hello,1357.0093799916237
2638,how is it going?,1358.3089233671142
2639,good morning ,1358.40777357115
2640,i'm good ,1359.1445951492465
2641,hello,1359.3926402746572
2642,good morning,1360.6334628987802
2643,good morning 97,1361.2598098936749
2644,good evening ,1361.4441313841976
2645,how are you?,1361.570880181253
2646,good night ,1362.0351421908326
2647,bye ,1363.107157480965
2648,what are you doing? ,1363.2863475323097
2649,good evening ,1363.4222870116348
2650,have a nice day! ,1363.4670330977303
2651,not yet 24,1365.7037135517703
2652,bye ,1367.015493976154
2653,good evening ,1367.196696963714
2654,what time is it? ,1367.3727388493442
2655,how are you?,1368.030461384595
2656,hi ,1368.5135845079003
2657,hello,1369.2755588925347
2658,good evening 1,1369.343694618211
2659,good morning,1370.1734744694795
2660,are you busy? ,1370.4596705221227
2661,did you finish the homework? ,1371.1186150613846
2662,see you later ,1372.6831035759224
2663,hey there ,1374.101421919556
2664,what are you doing? ,1374.4470180649123
2665,just working ,1374.5769337328304
2666,not yet ,1374.79536914246
2667,"sure, let's go! ",1375.0048854607744
2668,hello ,1375.1062377808876
2669,see you later ,1375.302027757012
2670,hello ,1375.3171020043942
2671,bye ,1377.466859553517
2672,"sure, let's go! ",1377.9063301207896
2673,hello ,1378.7721516075137
2674,good night ,1378.8300883626812
2675,good morning,1378.8625098076047
2676,talk to you tomorrow ,1379.6686311871815
2677,hello ,1380.191745252195
2678,have a nice day! ,1380.3333599915434
2679,good evening ,1380.5323693737791
2680,it's 5 o'clock 48,1380.62955164867
2681,good evening ,1380.718518064027
2682,are you busy? ,1381.9613204671023
2683,good night ,1382.4120793092352
2684,see you later ,1382.9624951118942
2685,see you later,1384.5904411856777
2686,just working ,1384.9169296784744
2687,take care ,1385.024070336951
2688,hey there,1385.76062351554
2689,it's 5 o'clock ,1386.087347540234
2690,not yet ,1386.7881856627203
2691,"fine, thanks ",1387.0293843218835
2692,hello ,1387.113083263668
2693,see you later ,1387.7841871561423
2694,bye ,1387.883445053242
2695,want to grab lunch? ,1388.3034828542677
2696,hi ,1389.1210607799728
2697,have a nice day!,1389.3753572520172
2698,talk to you tomorrow ,1389.58803319341
2699,hi ,1390.4622252172885
2700,hi ,1390.5321146540994
2701,good evening ,1390.9995908867938
2702,have a nice day!,1391.0153919125662
2703,nothing much ,1391.0436631571688
2704,take care,1391.6172543366317
2705,see you later ,1391.651892403243
2706,just working ,1391.7226397542427
2707,not yet ,1391.9745363621773
2708,it's 5 o'clock ,1392.0586652193417
2709,are you busy? ,1392.0996935499845
2710,want to grab lunch? ,1392.3022781549196
2711,nothing much ,1392.9614177319172
2712,bye ,1393.2145973755223
2713,did you finish the homework? ,1393.21849907187
2714,nothing much ,1395.2527887283698
2715,not yet ,1396.3257820875142
2716,good night ,1396.7163895619242
2717,take care ,1396.949555734607
2718,how is it going? ,1397.5342006044364
2719,see you later ,1397.8399261651018
2720,good evening ,1397.9061218194283
2721,hey there,1398.2338209567097
2722,good evening ,1398.5030906335185
2723,good night,1398.7044271853715
2724,see you later ,1399.2293203258128
2725,good night ,1399.6170763743905
2726,nothing much ,1399.9511751433197
2727,hello,1401.477848400319
2728,see you later ,1401.5033566212628
2729,hello ,1401.584713776727
2730,how are you?,1402.1996188223372
2731,"sure, let's go! ",1404.3412070353486
2732,good night ,1404.509657002637
2733,bye ,1405.789410972314
2734,hello,1405.9279283828164
2735,did you finish the homework? ,1407.8570968547958
2736,how are you? ,1409.7309955200833
2737,"fine, thanks ",1410.1416287720679
2738,not yet 62,1410.6395026741752
2739,have a nice day!,1410.9631476179986
2740,hello ,1410.977925075115
2741,good night ,1411.0083937480772
2742,hello ,1411.9783960675484
2743,good evening,1412.32373333542
2744,hi,1412.4028110666666
2745,how is it going? ,1412.8585042084167
2746,talk to you tomorrow,1413.3189095288951
2747,bye 48,1414.9858040938382
2748,hello,1414.993376741737
2749,have a nice day!,1415.650676339662
2750,not yet ,1415.714963494169
2751,what are you doing? ,1416.062506025306
2752,good evening,1416.0895577521571
2753,how are you? ,1416.3613593804657
2754,bye ,1416.6543382265122
2755,hey there ,1416.80739657335
2756,hello ,1416.8319529978082
2757,hello,1416.965597780282
2758,have a nice day!,1417.3072284475365
2759,just working ,1417.8084592967525
2760,"sure, let's go! ",1417.8560059369258
2761,it's 5 o'clock ,1418.3693422422023
2762,"fine, thanks ",1418.6391019827054
2763,hello ,1418.7505870378122
2764,what are you doing? ,1418.7739923410618
2765,see you later,1419.3778505036237
2766,how are you?,1419.5958411950996
2767,just working ,1420.6749769310818
2768,take care,1421.1067528031217
2769,are you busy? ,1421.2159536248203
2770,bye ,1421.7648343086794
2771,take care 57,1421.8207395240304
2772,hello,1421.8399907419487
2773,how are you?,1421.880949291953
2774,have a nice day! ,1421.8898496150582
2775,what time is it? ,1422.1513402417845
2776,want to grab lunch? ,1422.6163743077645
2777,how is it going? ,1424.1498131557216
2778,take care ,1425.6388439345833
2779,bye,1425.7313938530144
2780,good night ,1426.071223370652
2781,how is it going? 66,1426.866654275367
2782,good evening ,1427.2548518004228
2783,hi,1427.462090476108
2784,good evening ,1427.720557701022
2785,what time is it? ,1428.2479969740073
2786,what are you doing? 25,1428.2527495483632
2787,"fine, thanks ",1428.326797814086
2788,just working ,1429.3952033141352
2789,talk to you tomorrow,1429.5446355492697
2790,"sure, let's go! ",1429.7193740079556
2791,take care ,1430.0801412238636
2792,"sure, let's go! 6",1430.48172322996
2793,take care,1430.7217605922913
2794,talk to you tomorrow,1431.510880021946
2795,it's 5 o'clock ,1431.9371699965027
2796,are you busy? ,1432.1134505188284
2797,good night ,1432.8991417621883
2798,"fine, thanks ",1433.897824193558
2799,hi,1435.6181878182763
2800,how are you? ,1435.7940807938953
2801,talk to you tomorrow,1436.348553646726
2802,how are you?,1436.3782756111154
2803,want to grab lunch? ,1436.7245727203715
2804,"sure, let's go! ",1436.7391846813446
2805,have a nice day! ,1437.0484472514288
2806,see you later,1437.378905000128
2807,good evening,1437.5599246611691
2808,hello,1437.6191553202655
2809,bye ,1440.6115887917895
2810,good night ,1441.1813781641422
2811,how is it going? ,1441.319172262562
2812,not yet ,1441.750953897911
2813,have a nice day! 53,1442.2641212519395
2814,hi,1444.1913163049592
2815,not yet ,1444.2280931071252
2816,how are you?,1444.383211724997
2817,want to grab lunch? ,1445.606863553747
2818,see you later,1447.1949617006026
2819,hi ,1447.8758034181856
2820,are you busy? ,1448.0181431696055
2821,talk to you tomorrow,1448.606011789766
2822,take care ,1449.0478136375639
2823,hey there,1449.6987336144405
2824,hello ,1451.5981014563258
2825,are you busy? ,1452.0517085016086
2826,good morning ,1452.0658221185545
2827,it's 5 o'clock ,1452.2014586424598
2828,take care,1452.4111178885298
2829,how is it going? ,1452.4883018914195
2830,nothing much 16,1452.6428750046973
2831,take care,1453.7311058644846
2832,good evening,1454.5190790379459
2833,"fine, thanks ",1454.777300243709
2834,have a nice day! ,1454.9873434679712
2835,talk to you tomorrow ,1455.1587804582075
2836,how are you?,1455.1795781941519
2837,talk to you tomorrow ,1455.1874096591807
2838,not yet ,1455.764152491748
2839,see you later ,1456.20427683895
2840,talk to you tomorrow,1456.6567435978611
2841,bye,1456.674473669456
2842,are you busy? ,1457.0250102991151
2843,bye ,1457.7441526276627
2844,not yet ,1457.962198323998
2845,did you finish the homework? ,1457.9974711190464
2846,bye ,1458.006779708116
2847,have a nice day!,1458.33591156746
2848,bye ,1458.4640054188012
2849,"fine, thanks ",1458.7020916567753
2850,want to grab lunch? ,1459.2599772969588
2851,"sure, let's go! ",1459.2980076664942
2852,take care,1461.8381902058645
2853,see you later ,1463.83042362603
2854,hi 100,1464.4833631971233
2855,did you finish the homework? ,1464.8785891198277
2856,how are you?,1464.9867957059114
2857,hey there,1466.7307873025386
2858,how are you? ,1466.7879555180964
2859,did you finish the homework? ,1467.5212856626072
2860,what are you doing? ,1467.597300490106
2861,hey there ,1467.7521259407713
2862,see you later,1468.0872926341256
2863,what time is it? ,1468.1031208350294
2864,how is it going?,1468.3317879025824
2865,nothing much ,1468.4021180973405
2866,how are you?,1468.4893576907405
2867,good morning,1468.8169665811552
2868,take care ,1469.7400630322347
2869,not yet ,1470.1210117750875
2870,just working ,1470.9539853204562
2871,what time is it? ,1470.9738715945161
2872,bye,1471.5585346500352
2873,what time is it? ,1471.775352924111
2874,see you later,1472.3105513700832
2875,not yet ,1473.0282631058433
2876,hello,1473.111023631197
2877,"sure, let's go! ",1473.9311347131586
2878,i'm good ,1474.4038704923412
2879,bye,1474.665440153306
2880,have a nice day!,1474.7287687426533
2881,what are you doing? ,1474.8230909328468
2882,talk to you tomorrow ,1475.28482229789
2883,"sure, let's go! ",1475.714102452106
2884,what time is it? ,1477.5147172260442
2885,bye ,1478.502101064589
2886,good morning ,1479.0071683871336
2887,are you busy? ,1479.0696489369834
2888,have a nice day!,1480.0846301854217
2889,good night ,1480.1167203738526
2890,good evening,1480.803388445255
2891,talk to you tomorrow,1481.0195605903593
2892,take care ,1481.1374916936506
2893,hey there ,1481.2372201296143
2894,did you finish the homework? ,1481.6931461853253
2895,have a nice day!,1482.4434412705557
2896,hi ,1482.7605182629331
2897,want to grab lunch? ,1483.1349923234222
2898,hi ,1483.9555413322319
2899,are you busy? 100,1485.4456593400043
2900,"fine, thanks ",1485.729287713686
2901,i'm good ,1486.9666223493152
2902,see you later,1487.0073907319181
2903,take care,1488.405647642481
2904,have a nice day! ,1488.5254898782775
2905,talk to you tomorrow,1488.9531947345054
2906,how are you? ,1489.010536984383
2907,hello 30,1489.1941798295024
2908,hello ,1489.384385372186
2909,take care ,1489.5285675856521
2910,bye ,1489.7548016383496
2911,hi,1489.7645095297778
2912,good night ,1490.0078690136509
2913,have a nice day! ,1490.1248323734853
2914,have a nice day!,1490.8676633104299
2915,hey there ,1491.6221326847938
2916,are you busy? ,1491.9668904804969
2917,have a nice day! ,1492.7529856168183
2918,hi,1493.6531966805612
2919,want to grab lunch? ,1493.6795071945355
2920,nothing much ,1493.7354616642228
2921,hey there,1494.0104099777302
2922,good night,1494.1036043968352
2923,hi,1494.6077964828728
2924,take care ,1494.889857347292
2925,i'm good 9,1495.273575353588
2926,what are you doing? ,1495.3569576518187
2927,it's 5 o'clock ,1495.5551623815725
2928,how are you? ,1495.8605388531137
2929,bye,1496.2696397306963
2930,talk to you tomorrow 21,1496.3562899191074
2931,good night ,1497.0058668079396
2932,just working ,1497.369472765506
2933,are you busy? ,1497.4526201738965
2934,talk to you tomorrow,1498.9343035710162
2935,talk to you tomorrow,1499.1746879446234
2936,hey there ,1499.769967497906
2937,how are you? ,1499.819410800767
2938,nothing much ,1499.8944353149095
2939,take care,1500.112435388036
2940,what are you doing? ,1500.6074625306765
2941,hey there ,1501.0662131197503
2942,how is it going?,1501.5328569188994
2943,did you finish the homework? ,1502.3801460137788
2944,what time is it? ,1503.079212980014
2945,good evening ,1503.1459693665224
2946,good evening ,1503.7004932934037
2947,talk to you tomorrow,1504.1011747429654
2948,see you later ,1504.118031418974
2949,good night 68,1504.8276664425055
2950,hi ,1504.8623708437042
2951,talk to you tomorrow,1505.311020801059
2952,hi,1505.8431109946446
2953,are you busy? ,1505.9371085864975
2954,bye ,1506.0271451657322
2955,what time is it? ,1506.45860528119
2956,have a nice day! ,1506.790657139474
2957,good night,1507.6938195685825
2958,hi,1509.4776007871299
2959,are you busy? ,1509.5692678762555
2960,hey there,1509.925253557992
2961,hey there ,1510.0861278064806
2962,bye ,1510.4714609833393
2963,good night,1510.7098801954348
2964,just working 20,1511.5515074265295
2965,hello ,1511.9324931327403
2966,bye ,1513.3336507377833
2967,are you busy? ,1514.508666333944
2968,hello,1514.9353234099158
2969,"fine, thanks 78",1515.0260789023002
2970,"sure, let's go! ",1515.7095299168234
2971,how is it going? ,1516.0391866376385
2972,bye ,1516.175759010727
2973,want to grab lunch? ,1516.2210813704698
2974,nothing much ,1517.179503859544
2975,did you finish the homework? ,1517.755562237263
2976,see you later ,1517.8855066909446
2977,it's 5 o'clock ,1518.1354258137974
2978,how are you?,1519.1918580501467
2979,hello,1519.201815667562
2980,how is it going? ,1520.02438825428
2981,hey there ,1520.072784545353
2982,good evening,1520.9245222180612
2983,good night,1521.6681019569803
2984,what are you doing? ,1521.820844703198
2985,are you busy? ,1521.8577676233813
2986,good night,1521.8882174345338
2987,what are you doing? ,1522.1150198681319
2988,talk to you tomorrow,1522.1194284383957
2989,have a nice day!,1522.2917206364027
2990,good morning ,1523.5444533361374
2991,good morning,1523.76733312448
2992,how are you? ,1523.9996238674066
2993,how is it going? ,1524.4862254770824
2994,how are you? ,1525.3604822208522
2995,"sure, let's go! ",1525.3824321852753
2996,talk to you tomorrow ,1526.068326627857
2997,i'm good ,1526.334375819485
2998,talk to you tomorrow ,1528.0751873101717
2999,did you finish the homework? ,1528.7810982894666
3000,hi,1529.0401543078383
3001,"sure, let's go! ",1529.1415878767548
3002,hello,1529.731269417374
3003,hey there,1530.0499498352588
3004,hey there ,1530.922255105581
3005,good morning,1531.0817773319063
3006,hi 90,1531.260795726301
3007,take care ,1531.7315137724227
3008,how are you?,1533.3229921271688
3009,bye ,1534.157025369489
3010,have a nice day!,1534.2489271341562
3011,want to grab lunch? ,1534.7363907726144
3012,did you finish the homework? ,1534.814147106531
3013,good morning ,1535.2805548763524
3014,good night ,1535.4442877760396
3015,have a nice day! ,1537.8072670020308
3016,how are you? ,1538.1582600265642
3017,have a nice day! ,1538.995024296692
3018,good morning ,1539.0935797742914
3019,hello,1539.1087547789039
3020,take care ,1539.3344445353546
3021,good evening ,1539.828936470956
3022,how is it going? ,1540.4114616050615
3023,what are you doing? ,1540.810748373041
3024,how are you? ,1541.1540631459898
3025,good night ,1541.7083392643992
3026,hey there 14,1542.0889696539316
3027,talk to you tomorrow ,1542.2008719802418
3028,how is it going? ,1543.1006688010145
3029,are you busy? ,1543.6454303123633
3030,how are you? ,1543.8571385938947
3031,bye ,1544.370420641372
3032,see you later,1544.4708111208413
3033,want to grab lunch? ,1544.6971181984106
3034,"sure, let's go! ",1544.8675283358846
3035,hello ,1545.092429960687
3036,see you later ,1545.144420804791
3037,what time is it? ,1546.2666183928113
3038,good evening,1546.497554640645
3039,good evening,1546.746214892564
3040,good morning,1547.5864666660416
3041,just working ,1548.4072171392734
3042,see you later ,1548.8658839154664
3043,good night,1550.0571546120075
3044,see you later ,1550.4411438637642
3045,not yet 67,1550.7537092583468
3046,just working ,1550.8427552549426
3047,it's 5 o'clock ,1551.8720159702127
3048,how are you? ,1552.082792075782
3049,hi ,1552.7641943057786
3050,what are you doing? ,1553.0496458570015
3051,take care,1553.3431205351058
3052,hello,1553.9533915537768
3053,did you finish the homework? ,1555.7215584756375
3054,i'm good ,1555.7823899724597
3055,hi,1556.7015185964526
3056,nothing much ,1557.2564822600543
3057,nothing much ,1557.962044432559
3058,good morning ,1558.2647617650575
3059,nothing much ,1558.8127804833593
3060,have a nice day! ,1559.885756079027
3061,hey there,1560.0359878484308
3062,hey there,1560.182054038967
3063,what time is it? ,1560.3492634108638
3064,"sure, let's go! ",1560.5702684853097
3065,it's 5 o'clock ,1560.9000122253042
3066,how is it going?,1562.1631799587212
3067,"sure, let's go! ",1562.5077451008697
3068,good night,1563.2580615912398
3069,good morning,1563.7804851843607
3070,"sure, let's go! 85",1564.4641832811938
3071,"fine, thanks ",1564.494817652242
3072,hello ,1564.6721595803742
3073,it's 5 o'clock ,1564.7830913385394
3074,what time is it? ,1564.9919732238168
3075,bye,1565.862649391802
3076,are you busy? ,1566.0049435236788
3077,hello,1566.6778832866578
3078,good evening,1566.6956965747804
3079,it's 5 o'clock ,1566.8486010410038
3080,it's 5 o'clock ,1567.0640688680223
3081,good night,1567.0944785042932
3082,"fine, thanks ",1567.1549006038579
3083,good evening ,1567.2258504645508
3084,talk to you tomorrow,1567.9946558751178
3085,"sure, let's go! ",1568.0975760168974
3086,not yet ,1568.394900374732
3087,good morning ,1568.7003073876413
3088,talk to you tomorrow,1569.353758403844
3089,how are you? ,1570.0038769635148
3090,take care ,1570.3869694589373
3091,good morning ,1570.7133877199653
3092,"sure, let's go! ",1571.0000913302454
3093,how are you? ,1571.0414938186368
3094,good morning ,1571.187246851187
3095,i'm good ,1571.6655222953261
3096,what time is it? ,1571.85660958197
3097,how are you? ,1572.0127516111686
3098,hello ,1572.0254601668348
3099,hey there ,1572.5051140894816
3100,see you later,1573.6907622841693
3101,good evening ,1574.4951448706586
3102,good evening ,1574.5742205572844
3103,"fine, thanks ",1577.2400066741766
3104,hello ,1578.476341230004
3105,want to grab lunch? ,1579.0921232273165
3106,see you later ,1579.1490480401112
3107,"fine, thanks ",1580.1461293289942
3108,what are you doing? ,1580.4270504949695
3109,talk to you tomorrow,1580.437998378431
3110,talk to you tomorrow,1580.491780479505
3111,want to grab lunch? ,1580.9677414103605
3112,hello ,1581.4359805052704
3113,nothing much ,1581.4414137565657
3114,not yet ,1581.484698190378
3115,i'm good ,1581.665621200482
3116,nothing much ,1581.800040143481
3117,what time is it? ,1582.664770798395
3118,how is it going? ,1583.7163780968701
3119,good night,1584.2465015154603
3120,what are you doing? ,1584.6855858697265
3121,did you finish the homework? ,1584.7524231374966
3122,hi,1584.9649124796226
3123,good evening ,1585.0592035929258
3124,talk to you tomorrow ,1585.1679329893993
3125,i'm good ,1585.878630000469
3126,want to grab lunch? ,1586.1742013565365
3127,not yet ,1586.2738388421963
3128,how are you? ,1587.1823962095534
3129,want to grab lunch? ,1587.3268738302634
3130,bye,1587.7820989625843
3131,i'm good ,1588.7001452613797
3132,it's 5 o'clock ,1589.479014049689
3133,"sure, let's go! ",1589.5944386670312
3134,good evening,1591.8224822362913
3135,take care ,1592.6305661802046
3136,what are you doing? ,1593.3383174571236
3137,did you finish the homework? ,1594.4638943590282
3138,good morning ,1594.5598893477995
3139,just working ,1594.80978301896
3140,nothing much ,1594.9248188875454
3141,"sure, let's go! 47",1595.0707257223767
3142,how are you?,1595.5239366942587
3143,hey there,1596.0589456192583
3144,have a nice day! ,1596.149322088892
3145,"sure, let's go! ",1596.2940536765882
3146,good evening,1596.5262749958995
3147,bye ,1597.1935596416488
3148,good morning,1597.2889822794266
3149,are you busy? ,1597.4969039544665
3150,good morning ,1597.7163868366688
3151,talk to you tomorrow,1598.70690147537
3152,bye ,1599.0581441424602
3153,see you later ,1599.2923299437414
3154,"sure, let's go! ",1599.3585483362046
3155,not yet ,1599.519846805592
3156,talk to you tomorrow,1599.7003271433991
3157,just working ,1599.8432800247379
3158,i'm good ,1600.0553757246985
3159,i'm good ,1600.4468259029536
3160,hello,1600.4849649898533
3161,how is it going?,1601.4963448372928
3162,how are you? ,1601.677007258169
3163,nothing much ,1602.2379023244696
3164,"sure, let's go! ",1603.0599162998378
3165,good morning ,1603.2818524950603
3166,how is it going? 79,1604.4224778040127
3167,how is it going? 31,1604.5124958303968
3168,nothing much ,1605.0247012696298
3169,want to grab lunch? ,1605.5299570734683
3170,hi,1605.6004352218556
3171,good morning ,1606.2057527769384
3172,see you later ,1606.55204702871
3173,hey there,1606.7803675261514
3174,just working 12,1608.1370808431097
3175,it's 5 o'clock ,1608.342879974197
3176,"fine, thanks ",1608.9164524124683
3177,i'm good ,1609.1089691005363
3178,did you finish the homework? ,1609.2632876752018
3179,talk to you tomorrow,1609.476526226397
3180,just working 52,1610.0609830517735
3181,it's 5 o'clock ,1610.2229238425996
3182,what time is it? ,1611.2017096002278
3183,take care ,1612.2570839217688
3184,what are you doing? ,1612.392591766761
3185,hello ,1612.6417856250232
3186,what time is it? ,1612.6501904402057
3187,how are you? ,1614.0478667247583
3188,how are you?,1614.0967625191613
3189,hello ,1614.2160989384058
3190,"fine, thanks ",1614.319734434257
3191,what time is it? ,1614.7820406070723
3192,take care ,1614.9231977531308
3193,hello ,1615.1158946902717
3194,talk to you tomorrow 12,1615.3688376365164
3195,hello 2,1615.570790115266
3196,bye,1615.6425885957433
3197,nothing much ,1615.678355618494
3198,have a nice day! ,1615.8551197985455
3199,just working ,1616.2605936708494
3200,are you busy? ,1616.4273450011906
3201,just working ,1616.7038521959976
3202,just working ,1617.398682448466
3203,have a nice day!,1617.6279322617195
3204,have a nice day! ,1617.863131041923
3205,good morning ,1618.0693316332186
3206,did you finish the homework? ,1618.225942850308
3207,just working ,1618.28266362655
3208,good evening ,1619.7928153668026
3209,are you busy? ,1619.8005468485578
3210,how is it going? ,1619.9520730857425
3211,hello ,1620.0446402996477
3212,what time is it? ,1621.3791567803025
3213,how is it going? ,1623.8312545182162
3214,hi ,1624.4043245511298
3215,nothing much ,1624.8873656180735
3216,what time is it? ,1626.3430803995657
3217,how are you?,1626.8655860002932
3218,i'm good ,1627.1624130479672
3219,hello,1627.328314886544
3220,what time is it? ,1628.592164218561
3221,nothing much ,1628.9976214529581
3222,hey there ,1629.1836487690416
3223,see you later ,1629.7104513643887
3224,take care ,1630.41523130896
3225,bye,1630.7299326715654
3226,how is it going? ,1631.623379932816
3227,good morning ,1632.3488129852005
3228,hey there ,1632.8152971620598
3229,nothing much ,1632.9644664202763
3230,want to grab lunch? ,1633.2524118526119
3231,i'm good ,1633.4010939787688
3232,good night ,1633.839595794646
3233,good morning ,1635.7304458020842
3234,hi ,1636.0088978144556
3235,bye ,1636.2061250688146
3236,see you later,1637.1509815363002
3237,did you finish the homework? ,1637.4012677705057
3238,what are you doing? ,1637.9264640346514
3239,it's 5 o'clock ,1638.0606691665714
3240,i'm good 57,1638.3046578431708
3241,just working ,1638.753989486358
3242,"sure, let's go! ",1639.7846973974852
3243,how is it going?,1640.168809683007
3244,hey there ,1641.2236719338491
3245,take care ,1641.9336704527473
3246,hey there,1642.1898007731834
3247,how is it going?,1642.5320343258238
3248,hello ,1643.0306966140683
3249,nothing much ,1643.3109901657194
3250,take care 25,1644.4987674021875
3251,did you finish the homework? ,1644.9608947008217
3252,bye ,1645.2369996855195
3253,just working ,1645.8535696306424
3254,what are you doing? ,1646.1119372066632
3255,how is it going? ,1649.0491346094884
3256,good night,1649.847474045775
3257,i'm good 55,1649.980830597834
3258,what time is it? ,1650.2547635124417
3259,"fine, thanks ",1650.3325972662856
3260,talk to you tomorrow,1651.3645890943399
3261,good night ,1651.39340567509
3262,it's 5 o'clock ,1651.405994543859
3263,good night 75,1651.5850510225064
3264,talk to you tomorrow ,1651.7005290338543
3265,talk to you tomorrow,1652.1927550268942
3266,how are you? ,1652.6773643335946
3267,did you finish the homework? ,1652.8851793223143
3268,are you busy? ,1652.9274782176574
3269,good evening,1653.3408682862155
3270,what time is it? ,1654.1380146450667
3271,hey there,1654.235497429729
3272,hey there ,1654.7626850001402
3273,did you finish the homework? 26,1655.4112446484444
3274,hello,1655.954575356915
3275,nothing much ,1656.391604956432
3276,not yet ,1657.6506078073799
3277,good night ,1657.9854052483654
3278,hi ,1658.4325350814343
3279,good morning,1659.177806090831
3280,how are you? ,1659.1921008083773
3281,take care ,1659.406186720905
3282,good night ,1660.0969035736073
3283,good night ,1660.1443739545268
3284,i'm good ,1662.0478655936329
3285,hey there 56,1662.4416599990598
3286,hi,1662.5330411958644
3287,just working 83,1663.1375901098668
3288,good evening ,1663.5548846525107
3289,see you later,1664.1643524251815
3290,hi ,1664.1684864657238
3291,"sure, let's go! ",1664.505542855726
3292,just working ,1664.6186060500256
3293,what time is it? ,1664.722995861706
3294,good morning ,1665.1544767360667
3295,did you finish the homework? ,1666.2869334382735
3296,not yet 75,1666.3476481164582
3297,just working ,1667.0486126079265
3298,what time is it? ,1667.868662086562
3299,hey there,1667.898533720896
3300,hi ,1667.9921494095158
3301,hello ,1668.2769310093986
3302,just working ,1668.8236325869395
3303,good evening,1669.775198426581
3304,hello ,1670.4048930026922
3305,i'm good ,1671.9716586762008
3306,good morning,1672.7373090429794
3307,i'm good ,1673.3971625165234
3308,what time is it? ,1673.9148763468038
3309,just working ,1673.9223432643184
3310,talk to you tomorrow,1674.5649319778524
3311,i'm good ,1674.7667502144038
3312,take care ,1675.2505172082228
3313,good morning ,1675.2934260022741
3314,"sure, let's go! ",1675.4146183551597
3315,good morning,1676.6340963130765
3316,good evening,1679.359978485237
3317,how is it going? ,1679.36765089623
3318,hey there ,1679.7509698484714
3319,see you later 32,1679.9401858099616
3320,have a nice day!,1680.2689774437918
3321,not yet ,1680.888435954178
3322,nothing much ,1681.74801216096
3323,are you busy? ,1681.8710594231945
3324,good evening,1681.973015953331
3325,take care ,1682.0628571358188
3326,have a nice day! ,1682.1200742116641
3327,good night ,1682.441593209902
3328,talk to you tomorrow ,1683.6756923170785
3329,bye,1684.389940366172
3330,it's 5 o'clock ,1684.4782787130487
3331,have a nice day!,1685.2017030981056
3332,have a nice day!,1685.3466658968723
3333,did you finish the homework? ,1685.80563214048
3334,how are you?,1686.1296603992466
3335,"sure, let's go! ",1686.5431178805
3336,good evening ,1687.0007553498863
3337,good evening ,1687.248293334767
3338,not yet ,1687.253811447537
3339,are you busy? 31,1687.6719379015171
3340,hi ,1688.0937671441725
3341,bye ,1690.2369421601165
3342,"sure, let's go! ",1690.8189381442116
3343,"sure, let's go! ",1691.492814936356
3344,want to grab lunch? ,1691.8830820769888
3345,did you finish the homework? ,1692.239377052316
3346,"sure, let's go! ",1692.2954217783931
3347,bye,1692.373324918322
3348,talk to you tomorrow ,1693.1180000781833
3349,talk to you tomorrow,1693.5519535819008
3350,good morning ,1693.958741383335
3351,"fine, thanks ",1693.9681095104072
3352,bye,1694.1313248703025
3353,take care ,1694.2178409022035
3354,good evening,1694.6087906089867
3355,how are you?,1695.6273421492124
3356,not yet ,1695.698604039759
3357,it's 5 o'clock ,1696.0689179317703
3358,"fine, thanks 2",1696.1633539805712
3359,bye,1696.1879668964355
3360,hello,1696.683244603676
3361,have a nice day! 75,1697.1776316141154
3362,just working ,1697.5472614541804
3363,how is it going? ,1697.8629115523265
3364,i'm good ,1698.0097182810528
3365,hey there ,1698.4820187896373
3366,what are you doing? ,1698.8009708378306
3367,are you busy? ,1699.2665201888726
3368,good morning ,1700.1392576412136
3369,hi,1700.2851962265129
3370,not yet ,1700.6832917249847
3371,hello ,1701.2779019223146
3372,good morning ,1701.4469942204073
3373,"fine, thanks ",1701.7628616460077
3374,just working ,1701.892191262118
3375,how is it going?,1702.4681562126596
3376,good morning ,1702.7488195768176
3377,good night ,1703.6461021835528
3378,hello ,1703.8760163466823
3379,not yet ,1704.4872749616504
3380,"sure, let's go! ",1704.5725625453872
3381,have a nice day!,1704.8779443944716
3382,did you finish the homework? ,1705.0571155214354
3383,how are you? ,1705.2581797138412
3384,talk to you tomorrow ,1705.3720273519114
3385,"fine, thanks ",1705.465743957317
3386,hey there ,1706.1942597937355
3387,bye,1706.3172167088596
3388,good evening ,1707.0686376269946
3389,hey there,1708.326072617181
3390,hello ,1709.4688494839525
3391,good night ,1709.6254711611514
3392,hello ,1710.6286186742498
3393,it's 5 o'clock ,1710.74129734983
3394,talk to you tomorrow,1711.0678281798164
3395,i'm good ,1711.515040534051
3396,hey there ,1713.4823927725445
3397,i'm good ,1713.6629403948807
3398,how is it going? ,1713.6711144720862
3399,how are you? 59,1713.9444361374424
3400,hello ,1714.0084364343957
3401,take care ,1714.5573841194519
3402,hi ,1714.9263005066666
3403,how are you? ,1714.9632172734093
3404,good night,1715.4570264527292
3405,talk to you tomorrow,1717.017215431229
3406,hi ,1717.2607994271673
3407,good morning ,1717.8336513232173
3408,want to grab lunch? ,1718.316048743675
3409,talk to you tomorrow,1719.6668201712725
3410,want to grab lunch? ,1719.723880796218
3411,hello ,1719.9886129999759
3412,good night ,1720.5119321789593
3413,talk to you tomorrow ,1720.6108594752138
3414,take care,1720.751544728328
3415,what time is it? 24,1721.0341127952615
3416,take care 98,1721.1315555660517
3417,good morning,1722.4524497380241
3418,good night ,1723.9950701167736
3419,good evening,1724.0669587895618
3420,have a nice day! ,1724.558580282681
3421,good evening,1725.0048977129532
3422,hey there,1726.924753482466
3423,how are you? ,1726.9704809341958
3424,what are you doing? ,1727.1107702112083
3425,what are you doing? ,1727.3230742151309
3426,have a nice day! ,1727.6888622328543
3427,nothing much ,1728.6693320031836
3428,not yet ,1728.7492667467482
3429,good evening ,1728.8270840804887
3430,good night 33,1729.3572388771006
3431,nothing much ,1729.7612411284163
3432,see you later,1730.0286528279248
3433,want to grab lunch? ,1730.5192232077895
3434,hey there,1730.9698670925077
3435,good night,1731.7628296307487
3436,just working ,1732.2874410154734
3437,hello,1732.3032331977056
3438,talk to you tomorrow,1732.3574112298477
3439,good night ,1733.7332954160534
3440,"sure, let's go! ",1734.3305273904218
3441,take care ,1734.3526532357255
3442,good evening 76,1734.6646235871274
3443,how are you? ,1734.835132308714
3444,it's 5 o'clock ,1734.8575479561746
3445,what time is it? 47,1735.5767141257418
3446,take care ,1735.8253371394655
3447,hey there,1735.922166505399
3448,hey there,1736.5473297315566
3449,hello ,1736.6916786631343
3450,see you later ,1737.6320427955957
3451,i'm good ,1737.7840600530549
3452,not yet ,1737.9979224296844
3453,see you later,1739.0658594457905
3454,see you later 30,1739.3398580596993
3455,good morning,1739.3764553991666
3456,hello ,1739.433875836756
3457,i'm good ,1739.8488427484428
3458,hi,1740.0202207066607
3459,hi 64,1740.6365175088863
3460,good evening 77,1740.7205811995377
3461,bye,1740.8161260979923
3462,good evening ,1741.1075609233726
3463,good evening ,1741.1319878034583
3464,hey there,1741.4709133245838
3465,bye ,1741.502176261615
3466,"sure, let's go! ",1741.6801927147774
3467,hi,1741.7272512625586
3468,hi ,1742.1276758774877
3469,hello ,1742.193715471858
3470,it's 5 o'clock ,1742.5041094144885
3471,see you later ,1742.657835137443
3472,what time is it? ,1743.0412817071874
3473,good night,1743.7786202420164
3474,bye ,1744.499584005495
3475,good night ,1744.7015189883507
3476,have a nice day!,1745.0005567282888
3477,good night,1746.8011229078154
3478,how is it going?,1747.4301931703453
3479,take care 55,1747.4762050078186
3480,see you later,1747.8274548473871
3481,hey there,1748.1766295288348
3482,good morning,1748.649965750427
3483,just working ,1748.7089216566421
3484,"fine, thanks 35",1749.6390934869394
3485,hi ,1750.9706065799953
3486,how are you?,1751.3216827162987
3487,talk to you tomorrow ,1751.4934302267534
3488,hello,1751.788432352196
3489,how are you? ,1751.8080501989912
3490,"sure, let's go! ",1752.3248233077045
3491,how are you? ,1752.4500220979287
3492,are you busy? ,1752.5867872729543
3493,hi,1752.6726391897944
3494,it's 5 o'clock ,1752.8201734535064
3495,have a nice day!,1753.287810137288
3496,i'm good ,1753.561343997605
3497,how is it going?,1755.2900608773516
3498,how are you? ,1755.4860777218364
3499,not yet ,1755.7602240108372
3500,how is it going? ,1755.819855556365
3501,it's 5 o'clock ,1756.0017177713967
3502,take care ,1756.3127719080646
3503,have a nice day! ,1757.2913925936832
3504,talk to you tomorrow,1757.6226266246317
3505,talk to you tomorrow ,1759.5547958508284
3506,just working ,1759.996154887693
3507,bye,1760.0785962520124
3508,"fine, thanks ",1760.6072808637189
3509,see you later,1760.9066091783207
3510,bye ,1761.149892275233
3511,take care ,1761.3353441986674
3512,hi ,1762.3805970216054
3513,just working ,1764.3428800991446
3514,hello,1764.6504511540709
3515,what are you doing? ,1764.83436822219
3516,good morning,1765.3973604292767
3517,take care ,1765.7867776663504
3518,not yet ,1766.1125197208876
3519,not yet ,1766.1584128095278
3520,bye,1766.4622839275105
3521,good morning ,1766.5659257869768
3522,what are you doing? ,1766.6484726779422
3523,hey there ,1768.2658366255373
3524,hello ,1768.3184489605646
3525,have a nice day! ,1768.6982031160935
3526,have a nice day! ,1769.4694088985016
3527,it's 5 o'clock ,1770.3414102298939
3528,it's 5 o'clock ,1770.8893055576639
3529,bye,1771.497554030873
3530,how is it going?,1771.7497875664512
3531,hi,1772.2425550336086
3532,want to grab lunch? ,1772.321910031085
3533,bye ,1772.8179253792182
3534,how are you? ,1773.0530741925024
3535,good evening,1773.6079376810644
3536,hello,1774.0151969396202
3537,good night ,1776.320410736879
3538,"fine, thanks ",1776.5938630852388
3539,"sure, let's go! ",1776.7012193237613
3540,have a nice day! ,1777.4629122316408
3541,how are you?,1777.5175848575361
3542,hello ,1778.8967355374905
3543,have a nice day! 39,1778.9087865986132
3544,how is it going? ,1779.153609884673
3545,talk to you tomorrow,1779.1679539589036
3546,want to grab lunch? 87,1779.755482274677
3547,hey there ,1779.8996282823723
3548,how is it going? ,1780.0405750707957
3549,bye 37,1780.211769420887
3550,i'm good ,1780.8937148698683
3551,did you finish the homework? ,1782.408097247245
3552,are you busy? ,1783.8155316904558
3553,see you later ,1784.3294035520878
3554,want to grab lunch? ,1784.3403347516783
3555,talk to you tomorrow,1785.3287607276513
3556,how are you?,1786.3903169321482
3557,not yet ,1786.5889809016255
3558,good morning 93,1786.6130154204423
3559,how are you? ,1787.3421609423722
3560,bye ,1788.240753905742
3561,have a nice day! ,1788.6556182264694
3562,"sure, let's go! ",1788.9078371949324
3563,hey there,1790.0877525406358
3564,how are you? ,1791.318389738943
3565,hi ,1791.3845478468888
3566,good night,1791.8860513639206
3567,good morning,1793.2641798325403
3568,want to grab lunch? ,1793.422600119174
3569,hi ,1794.0546276378047
3570,not yet ,1794.2014143354809
3571,hi ,1794.7667719083904
3572,have a nice day!,1796.9007926237607
3573,see you later,1798.006474895568
3574,good evening ,1801.737797279752
3575,i'm good ,1802.1962734586277
3576,good morning ,1802.9608098970393
3577,see you later ,1802.9742474934926
3578,bye,1803.1851539163572
3579,hi ,1803.7068807336034
3580,not yet ,1803.891184918656
3581,"sure, let's go! ",1804.3373889536228
3582,hello ,1805.0868647955804
3583,"fine, thanks ",1805.570778719555
3584,talk to you tomorrow ,1805.576491386227
3585,i'm good 85,1805.6457063440334
3586,hey there ,1806.1672129519754
3587,what time is it? ,1806.342940140042
3588,"sure, let's go! ",1806.3683739918895
3589,it's 5 o'clock ,1806.6067307221122
3590,it's 5 o'clock ,1806.6448295673301
3591,how are you?,1807.5034753317059
3592,what are you doing? ,1808.0162078282765
3593,see you later ,1809.273246146918
3594,"sure, let's go! ",1809.601654191977
3595,good night,1810.8320970973953
3596,how are you? ,1811.5248521591247
3597,good night,1811.5351906819042
3598,how are you?,1811.781077798999
3599,good morning,1812.0698810539755
3600,take care ,1812.3023223871694
3601,take care ,1812.4172989586332
3602,hi,1812.7060276316408
3603,not yet ,1813.133139048599
3604,it's 5 o'clock ,1813.8190050764015
3605,how is it going? ,1815.0010825589543
3606,not yet ,1815.6593516698895
3607,bye,1815.9149987513922
3608,take care,1817.0421050913114
3609,hi,1821.317913093465
3610,how is it going?,1821.4500956009133
3611,just working ,1821.7655755537166
3612,hey there ,1822.4238446495528
3613,good night ,1822.5544216473463
3614,hello ,1822.8078396191322
3615,good morning ,1823.0129694366203
3616,nothing much ,1823.6282104081076
3617,good morning ,1823.7676362905115
3618,take care ,1823.9888326283997
3619,what are you doing? ,1824.1522430639905
3620,take care ,1824.926081033484
3621,see you later ,1825.2999745575883
3622,hello ,1826.1971648145723
3623,good evening 61,1826.2394058624159
3624,hello ,1826.2996242775914
3625,want to grab lunch? ,1826.3134798780218
3626,"sure, let's go! ",1827.1244947638475
3627,how are you?,1827.424868826617
3628,it's 5 o'clock ,1827.8865739987655
3629,how are you? ,1828.745883532243
3630,hello ,1829.2400395270633
3631,just working ,1829.8228054906128
3632,good night ,1830.3990733206715
3633,good evening ,1831.1571278329375
3634,how are you? ,1831.1968541926565
3635,take care,1831.3134282667759
3636,hello ,1831.8802135532396
3637,hello,1832.0156094890906
3638,want to grab lunch? ,1832.0898864317387
3639,how are you? ,1833.410768971446
3640,bye ,1833.8494373695341
3641,talk to you tomorrow,1834.2150043353588
3642,see you later,1834.4942582740807
3643,"fine, thanks ",1834.8023271700079
3644,hi ,1834.8359414325946
3645,good morning,1835.1942086856131
3646,hi,1835.4155557991032
3647,hi,1837.0251906867056
3648,see you later ,1837.0711843979552
3649,i'm good 5,1837.1621985254276
3650,what time is it? ,1838.3365831377498
3651,good night ,1838.6701985854586
3652,good night 5,1838.7861692715726
3653,how are you? 83,1838.8159452048656
3654,just working ,1839.1548657571932
3655,have a nice day!,1839.7705043766491
3656,what are you doing? ,1840.30164108928
3657,bye,1840.719949984284
3658,see you later,1840.8686151859454
3659,see you later ,1840.9284696565628
3660,bye,1841.147393398603
3661,bye,1842.1965514095812
3662,hello,1842.2984215464871
3663,how is it going? ,1843.7784368346788
3664,i'm good ,1844.7496686876166
3665,did you finish the homework? ,1844.9900181267676
3666,how are you?,1845.6417761503312
3667,what time is it? ,1846.229594851813
3668,good night ,1847.3778921665873
3669,hey there 56,1848.0995879005247
3670,have a nice day! ,1849.0267525910713
3671,take care ,1852.1088325175917
3672,not yet ,1853.3055357238095
3673,want to grab lunch? ,1854.2334233433903
3674,did you finish the homework? ,1854.3839941605574
3675,hey there,1855.3772936134985
3676,good morning,1855.7941800213923
3677,see you later 79,1857.1895577348464
3678,bye 98,1858.6604244443415
3679,hey there,1859.2382855301637
3680,hi,1859.681033526047
3681,not yet 15,1860.6514354785152
3682,hey there,1860.9992106761858
3683,good evening ,1861.811830331288
3684,not yet ,1862.0804739153918
3685,good morning ,1862.1112591546162
3686,"sure, let's go! ",1863.6190618243056
3687,good evening ,1864.0569048387626
3688,good evening ,1865.5112238219826
3689,hey there ,1865.5666251871462
3690,talk to you tomorrow ,1868.3003080399353
3691,want to grab lunch? ,1868.563596319923
3692,it's 5 o'clock ,1869.3008488659761
3693,how are you? ,1869.6488915766474
3694,how are you? ,1869.676092824198
3695,good night,1870.6515980003373
3696,see you later 34,1871.1284911166115
3697,hey there,1871.1412139560834
3698,just working ,1871.571138668149
3699,how is it going? ,1872.4008833950002
3700,have a nice day! ,1872.426526460383
3701,did you finish the homework? ,1874.277133262712
3702,bye,1874.3849680268431
3703,bye ,1875.0868734045794
3704,hello ,1875.4276994429267
3705,see you later 42,1875.9011210211308
3706,bye ,1876.0421254123437
3707,hey there,1877.187992378239
3708,take care ,1877.417657306136
3709,see you later ,1877.7040375626018
3710,good morning ,1878.5647687169344
3711,good morning ,1878.9140207869916
3712,good night,1880.175477041746
3713,want to grab lunch? ,1880.2696401126323
3714,what are you doing? ,1881.030112195936
3715,how is it going? ,1881.069813247894
3716,just working ,1881.1178207705282
3717,have a nice day! 37,1881.7640294784912
3718,"fine, thanks ",1882.0037761872547
3719,see you later ,1882.124266706301
3720,i'm good ,1884.083264467043
3721,see you later ,1885.3044540516569
3722,"fine, thanks ",1885.7853684479328
3723,how is it going?,1885.8554348729394
3724,good morning 34,1887.2424772777276
3725,bye,1887.3593095197484
3726,take care,1887.9376607310246
3727,hey there,1888.6038465954878
3728,want to grab lunch? ,1889.593224017666
3729,"fine, thanks ",1889.6815018888396
3730,talk to you tomorrow,1890.4770814591875
3731,good evening,1890.4892946905982
3732,"fine, thanks ",1890.523100075618
3733,good night,1890.7694069288946
3734,how is it going? ,1892.1165401625033
3735,how is it going? ,1893.325418611288
3736,bye,1893.9056415595862
3737,how are you? ,1894.8770132943107
3738,want to grab lunch? ,1895.4537193697827
3739,talk to you tomorrow 88,1895.6422677943733
3740,bye,1897.0280815514352
3741,take care,1897.0530577169766
3742,hello ,1897.5309520877365
3743,hey there ,1898.2112100866375
3744,i'm good ,1898.2984064851696
3745,"fine, thanks ",1898.374162567754
3746,just working ,1899.5231891599346
3747,hi ,1899.6162557898717
3748,i'm good ,1899.7682324300795
3749,not yet ,1899.8908084634027
3750,just working 1,1900.0986912365388
3751,just working ,1900.1761958969519
3752,bye ,1900.2864883064262
3753,what time is it? ,1901.1880356586469
3754,hey there,1901.7717385573685
3755,are you busy? ,1901.930339677465
3756,bye ,1902.1908940653395
3757,what are you doing? ,1902.5571521079446
3758,hi ,1903.0336828236875
3759,bye 26,1905.4933734181736
3760,how is it going?,1905.5047535516212
3761,how is it going?,1906.361451284855
3762,have a nice day! ,1906.4455148740296
3763,"fine, thanks ",1906.6657885676311
3764,what are you doing? ,1906.8103352171072
3765,good morning,1907.5358990748032
3766,i'm good ,1907.7662316527526
3767,just working ,1907.9178021143825
3768,hello,1908.250485735993
3769,did you finish the homework? ,1908.417103676714
3770,hi,1908.8048558005457
3771,bye ,1909.6717863980173
3772,bye ,1909.8577855305105
3773,"sure, let's go! ",1909.8780673109918
3774,good evening ,1910.2531196889265
3775,see you later ,1910.4046782389582
3776,hello ,1910.6397735252922
3777,good night,1910.6522894580905
3778,bye,1910.66358528441
3779,good evening ,1911.0023585127956
3780,good evening,1911.6897913244024
3781,it's 5 o'clock ,1911.956205382371
3782,"fine, thanks ",1913.247187138787
3783,see you later,1913.404152503483
3784,good night ,1913.9379829233615
3785,have a nice day! ,1915.0173778022277
3786,nothing much 58,1915.4086942312174
3787,did you finish the homework? ,1915.753319825077
3788,bye ,1915.8538451362565
3789,good evening ,1915.9227470787089
3790,"fine, thanks ",1915.958518399735
3791,talk to you tomorrow ,1916.636097150292
3792,not yet ,1916.715243685166
3793,not yet ,1917.2063162058528
3794,hello ,1917.6500244881056
3795,see you later 77,1917.851661322386
3796,are you busy? ,1918.5782385592524
3797,"fine, thanks ",1918.9401445756491
3798,not yet ,1918.9615279558468
3799,hi,1919.3777061032995
3800,see you later,1919.394456171187
3801,hi ,1919.9244035999056
3802,hi,1920.5144116342428
3803,are you busy? ,1921.14028316863
3804,"sure, let's go! ",1921.206202710894
3805,have a nice day!,1921.351128537375
3806,bye ,1921.5425689736373
3807,how is it going?,1921.638285459659
3808,it's 5 o'clock ,1922.0528853077435
3809,see you later 44,1922.7971454663684
3810,not yet ,1922.9994770833725
3811,have a nice day!,1923.0318237259758
3812,hello ,1923.1848758769895
3813,see you later,1924.059157095698
3814,hey there,1924.6312745952562
3815,are you busy? ,1924.6857275606833
3816,hello,1925.4279739762644
3817,bye ,1925.7949457123636
3818,hey there ,1925.9058226348466
3819,want to grab lunch? ,1928.1199415219014
3820,how is it going?,1928.2487695811428
3821,hi ,1929.9155664715377
3822,bye ,1930.009991417868
3823,not yet ,1931.496572133918
3824,talk to you tomorrow,1932.2283098574787
3825,are you busy? ,1932.8989804325972
3826,good morning ,1933.287830077791
3827,how are you?,1933.513034363222
3828,hi ,1933.545718929356
3829,hello ,1934.1834223268295
3830,see you later ,1934.4083640810027
3831,are you busy? ,1934.6156789735483
3832,good night ,1935.5494517923423
3833,good morning ,1935.5863040668046
3834,it's 5 o'clock ,1936.1485435417883
3835,good evening ,1937.4873964580718
3836,how is it going? ,1938.0030394087887
3837,it's 5 o'clock ,1938.1869095001887
3838,what time is it? ,1938.2755313780972
3839,good evening,1938.556705152847
3840,hi,1938.676896559103
3841,did you finish the homework? ,1940.0487005958782
3842,just working ,1940.3545052948039
3843,see you later,1941.8813606811736
3844,good night ,1942.0961565148602
3845,talk to you tomorrow,1942.1715475468268
3846,"sure, let's go! ",1942.9854168607408
3847,"sure, let's go! ",1943.3472497134328
3848,"fine, thanks ",1944.6330234413049
3849,bye ,1945.1432014978047
3850,hello,1946.0541560998581
3851,bye 38,1947.6688130423977
3852,hello 55,1948.9288468404127
3853,good morning ,1949.29971901386
3854,see you later,1949.7252860652827
3855,see you later ,1949.9351717983884
3856,bye,1949.9998494366416
3857,how is it going?,1950.777851715025
3858,i'm good ,1951.4905025687801
3859,what time is it? ,1953.5011952647503
3860,bye ,1954.272843807958
3861,hey there,1954.9803599485183
3862,good night,1955.633044842398
3863,good evening,1955.9763053243776
3864,hello ,1957.1859376567102
3865,what time is it? ,1957.5418614368089
3866,talk to you tomorrow,1958.2827764020494
3867,talk to you tomorrow ,1958.4660466184846
3868,want to grab lunch? ,1959.098623603876
3869,good night ,1960.2354373259382
3870,see you later ,1961.1999725761907
3871,talk to you tomorrow ,1961.5879807901097
3872,hey there ,1961.9157954289487
3873,good evening ,1962.9774737514215
3874,hey there ,1963.0463279803753
3875,have a nice day! ,1963.1358448961653
3876,i'm good ,1963.4956155867217
3877,hello,1963.587292445994
3878,have a nice day! 11,1963.8201819574178
3879,see you later ,1963.8371158714608
3880,how are you? ,1963.8765224392155
3881,take care ,1964.2744457668812
3882,how are you? ,1964.339122323036
3883,see you later,1964.509965367633
3884,hi ,1964.5783439160107
3885,hi ,1964.7117126640167
3886,have a nice day! ,1964.846228473145
3887,good night ,1964.8609502275744
3888,"sure, let's go! ",1964.99788308299
3889,how are you?,1965.0506748324174
3890,nothing much ,1965.6893526224958
3891,how are you?,1965.710615993483
3892,take care ,1965.721360651776
3893,"fine, thanks ",1966.2518723525077
3894,good morning,1966.459695374347
3895,how is it going? ,1966.5536649701482
3896,i'm good ,1966.7174189481682
3897,hi ,1967.335384598581
3898,hi 56,1967.6449290668215
3899,it's 5 o'clock 47,1968.1358471415574
3900,are you busy? ,1969.0766256703553
3901,see you later ,1969.1860974374479
3902,it's 5 o'clock ,1969.4244680657837
3903,good morning ,1969.6296961647522
3904,hello ,1970.1414369032789
3905,hello,1971.2950989886463
3906,talk to you tomorrow ,1971.4594032114535
3907,what are you doing? ,1972.6370845508873
3908,did you finish the homework? ,1973.3703593930206
3909,how are you? ,1974.1147969112872
3910,"fine, thanks ",1975.670899198432
3911,how are you? ,1975.798762069631
3912,good night ,1975.834791870042
3913,how are you?,1976.1067886706721
3914,are you busy? ,1976.1792387322957
3915,did you finish the homework? ,1976.331469621562
3916,how is it going?,1976.5291636484587
3917,take care 30,1976.7743714916596
3918,"sure, let's go! ",1976.990570034231
3919,how are you? ,1977.5519284871775
3920,bye ,1978.1383117482947
3921,bye,1978.5760359667595
3922,"sure, let's go! ",1978.6802928843726
3923,hi ,1979.0111286775975
3924,bye ,1979.0416544296233
3925,how are you?,1979.0900288168239
3926,good morning ,1979.1038632828763
3927,hi ,1979.8210948917908
3928,see you later,1979.8952861765038
3929,how are you?,1979.9189796856206
3930,take care ,1980.6294318938067
3931,what time is it? ,1981.0403645011856
3932,hello ,1981.279284829511
3933,"sure, let's go! ",1981.4688941955728
3934,hi ,1981.5974884844225
3935,talk to you tomorrow ,1982.6465175405556
3936,good evening,1982.9819524689715
3937,"sure, let's go! ",1984.7006994481558
3938,talk to you tomorrow,1985.2029093058643
3939,talk to you tomorrow ,1985.509499382876
3940,hey there ,1985.812202074463
3941,see you later ,1986.6014599622804
3942,hello ,1987.8059893966522
3943,how are you?,1988.1816768046851
3944,good morning,1988.552671148319
3945,hi ,1988.9062953891362
3946,"fine, thanks ",1989.8062079262245
3947,bye ,1990.698781161292
3948,i'm good ,1990.9451386683797
3949,what time is it? ,1991.1321345755487
3950,not yet ,1991.6816825568478
3951,have a nice day!,1994.1923313499324
3952,what time is it? ,1994.2015960108297
3953,how are you?,1994.2388136235777
3954,what time is it? 63,1994.5795334352542
3955,how are you?,1995.5429673308086
3956,how is it going? ,1996.0702528556594
3957,hey there ,1997.0097430218866
3958,hello,1997.473997068467
3959,"sure, let's go! ",1997.6888772361613
3960,bye,1999.3234523070296
3961,hi,2000.9050696741597
3962,take care ,2000.955213965931
3963,have a nice day! ,2001.127877672651
3964,not yet ,2001.4506663517445
3965,see you later ,2001.9697839941898
3966,good evening,2002.1666702036728
3967,nothing much ,2002.7668038618192
3968,what time is it? ,2003.2562842940777
3969,are you busy? 8,2003.641871514406
3970,good night 36,2003.656161971536
3971,see you later 11,2004.010168827122
3972,nothing much ,2004.9123500493613
3973,have a nice day! ,2005.0035960685734
3974,how is it going?,2005.6967226123786
3975,what are you doing? ,2006.1428465364586
3976,hey there,2006.4539018371033
3977,what are you doing? ,2006.66678261683
3978,good night,2007.4125849209136
3979,"fine, thanks ",2007.8846346004837
3980,see you later,2007.8907591882323
3981,bye ,2008.1382019060868
3982,not yet ,2008.2127220642594
3983,hey there ,2008.5278222002698
3984,how are you?,2009.7654295472091
3985,hey there,2010.624882733001
3986,"sure, let's go! ",2010.6435169320769
3987,not yet ,2010.844198355189
3988,talk to you tomorrow ,2011.5479220670022
3989,how are you? ,2012.066514649877
3990,want to grab lunch? ,2012.1189054471492
3991,hey there ,2012.774995426502
3992,bye ,2014.831974504809
3993,what time is it? ,2014.957448758987
3994,i'm good ,2015.764799274449
3995,hello,2016.090444013107
3996,good evening ,2016.3421901914592
3997,talk to you tomorrow,2017.3354299936432
3998,what are you doing? ,2017.8025830766267
3999,take care ,2018.192429286501
4000,how is it going?,2019.0724742692041
4001,good evening ,2019.3106028255584
4002,good morning ,2019.5080216267504
4003,talk to you tomorrow,2020.1299142184448
4004,how is it going? ,2020.397565428501
4005,want to grab lunch? ,2021.18194100026
4006,hey there ,2021.1830351369995
4007,just working ,2021.7565311823637
4008,what are you doing? ,2022.204309537538
4009,have a nice day!,2022.217852494622
4010,good morning,2022.4278119525636
4011,good morning ,2023.3192989361696
4012,how are you? ,2023.4710990273104
4013,good morning ,2024.0799124558628
4014,how are you? 69,2024.9283109787825
4015,have a nice day! ,2025.0941308727615
4016,bye,2025.5601768279232
4017,have a nice day!,2026.1814935293335
4018,good morning ,2026.5275058643833
4019,hey there,2026.570389843818
4020,what are you doing? 59,2026.5904984281437
4021,"fine, thanks ",2026.5919615214966
4022,not yet 50,2028.4479392348028
4023,take care ,2029.1431339068888
4024,take care,2029.6105218518496
4025,what time is it? ,2031.2673894082445
4026,good morning,2031.2867071089306
4027,good night ,2031.6239329423267
4028,how is it going?,2031.7642476796536
4029,how are you? ,2032.9969458860135
4030,good evening ,2033.2790850796832
4031,hi ,2033.4806361494832
4032,take care,2033.8966373399342
4033,hello,2034.6640175962527
4034,just working ,2034.7861595163508
4035,good evening,2034.8043969514724
4036,just working 69,2035.1220371596814
4037,take care ,2035.4568841889568
4038,how are you? ,2036.265334221634
4039,good evening,2036.6485165300842
4040,hi,2036.6873710989307
4041,what are you doing? ,2037.0577298911248
4042,good evening 19,2037.0762726423263
4043,take care,2037.1859774968025
4044,hey there ,2037.7295384979602
4045,what are you doing? ,2038.6229526476734
4046,how is it going?,2039.8524585615946
4047,hey there ,2039.8529957719334
4048,hey there,2040.4088252469035
4049,hello,2040.5038308146643
4050,see you later ,2040.5619337352177
4051,bye,2041.1389660079162
4052,hi,2041.9177867453552
4053,just working ,2042.110558731216
4054,bye,2042.1752818645716
4055,did you finish the homework? ,2042.272723971875
4056,want to grab lunch? ,2043.3566912601634
4057,good morning ,2043.7464386364281
4058,see you later,2044.0608906183866
4059,how is it going? ,2044.6129464588785
4060,good night ,2045.897390977551
4061,"fine, thanks ",2046.0452052511794
4062,i'm good ,2046.365479723016
4063,are you busy? ,2047.067705905495
4064,what time is it? ,2047.4052699169195
4065,hey there ,2047.4682685412695
4066,good evening 43,2049.6125923806676
4067,take care,2049.6933864453354
4068,have a nice day!,2050.5502406937317
4069,what time is it? ,2051.170453817532
4070,hi 11,2051.4276498499066
4071,hello ,2052.7335100551154
4072,how is it going?,2052.7621738760968
4073,bye,2053.1583751072426
4074,good evening ,2053.2920542397314
4075,have a nice day! ,2053.406448661104
4076,it's 5 o'clock ,2053.6650625797015
4077,"sure, let's go! 97",2054.087029001794
4078,have a nice day! ,2054.394571010085
4079,"sure, let's go! ",2054.44901657098
4080,how are you? ,2054.5173668295515
4081,good evening 80,2054.8003263869327
4082,hey there,2055.109264585754
4083,have a nice day! ,2055.1878703141897
4084,good evening ,2055.329554510393
4085,have a nice day! ,2055.616619900591
4086,bye ,2055.8036345201576
4087,hey there ,2056.149008069268
4088,bye 67,2056.9260293823436
4089,talk to you tomorrow,2057.1203406905315
4090,what time is it? ,2057.9621934318684
4091,talk to you tomorrow 33,2058.0591027462724
4092,not yet ,2059.1480037425526
4093,it's 5 o'clock ,2060.8604292653044
4094,good night ,2060.906079926759
4095,see you later,2061.3905461567156
4096,not yet ,2061.4511856227728
4097,see you later ,2061.8257788131937
4098,good night ,2061.9898094726623
4099,hello ,2062.4159696823112
4100,good night,2062.6134911612276
4101,good morning,2062.6764779697296
4102,what are you doing? ,2062.914641736177
4103,hey there ,2064.1339365341605
4104,have a nice day! ,2064.3585640055244
4105,i'm good ,2064.7232296304805
4106,hi,2066.761837917051
4107,bye,2067.0016484851785
4108,see you later ,2067.016155985219
4109,are you busy? 68,2067.146563978944
4110,not yet ,2067.9706440605937
4111,bye,2068.000006863312
4112,how are you? ,2069.868546589797
4113,see you later ,2069.92526672215
4114,hello ,2070.074557776494
4115,hello,2070.3619142738603
4116,did you finish the homework? 92,2070.42931630541
4117,hey there ,2070.478559998785
4118,what time is it? ,2070.623950998157
4119,hello,2070.822570253942
4120,hello ,2071.345099419083
4121,hello ,2072.040340461407
4122,nothing much ,2072.0613968748116
4123,i'm good 29,2072.089818732061
4124,not yet ,2072.9796678697903
4125,have a nice day! ,2073.074323462504
4126,take care,2074.2494840410563
4127,how are you?,2074.316400936072
4128,good morning ,2074.9380375068386
4129,take care,2075.013454593443
4130,have a nice day! ,2075.5744169206796
4131,not yet ,2076.106140138811
4132,how is it going? ,2077.041103539475
4133,did you finish the homework? 56,2077.042430315143
4134,what time is it? ,2077.5324823533433
4135,not yet ,2077.694861254893
4136,"sure, let's go! 24",2078.0434481862694
4137,i'm good ,2078.517759335661
4138,have a nice day!,2078.8862197683707
4139,see you later ,2080.351224825486
4140,bye ,2081.307346036343
4141,good night ,2081.4814021300826
4142,not yet ,2082.00462978554
4143,what are you doing? ,2083.226045291502
4144,good night ,2083.4493811027705
4145,how is it going?,2084.1634640459865
4146,what are you doing? 89,2085.5930216780257
4147,just working ,2086.1440510463553
4148,talk to you tomorrow,2086.3399300011315
4149,have a nice day!,2086.342431770265
4150,did you finish the homework? ,2086.599255427016
4151,see you later ,2086.6808845369637
4152,see you later ,2086.6912768777615
4153,hey there ,2086.9050889583477
4154,want to grab lunch? ,2087.2508097150003
4155,did you finish the homework? ,2088.442951622569
4156,how is it going? ,2088.6285854160305
4157,how is it going? ,2088.691219278224
4158,good morning ,2088.9098834988717
4159,hey there 78,2089.70951995584
4160,are you busy? ,2090.2449650044528
4161,have a nice day!,2090.2809401433724
4162,what time is it? ,2091.059891331957
4163,how are you? 17,2091.5869456111327
4164,good evening,2092.0925739920162
4165,what are you doing? 45,2092.5370160196258
4166,"fine, thanks ",2093.571139378902
4167,good night ,2093.9294333965126
4168,good morning,2094.4613268750445
4169,hi ,2095.0284909800866
4170,good night ,2095.2379379103027
4171,hello ,2095.8140272161536
4172,good evening ,2096.198079429816
4173,"fine, thanks 17",2096.3034025506518
4174,talk to you tomorrow 9,2097.234707234229
4175,see you later,2097.6100400336636
4176,hey there ,2098.756411582441
4177,"fine, thanks ",2098.9332097683073
4178,see you later ,2098.9564683688322
4179,what time is it? ,2099.199802104468
4180,how are you? ,2099.200503372707
4181,hi,2099.5063850491133
4182,good morning ,2100.31295481195
4183,good morning,2100.4804801481087
4184,not yet ,2100.644519715858
4185,talk to you tomorrow ,2101.322662519727
4186,how are you? ,2101.4337466860825
4187,hi,2101.609897119637
4188,good morning,2101.9434056069895
4189,what time is it? 28,2102.0298039669005
4190,not yet ,2102.4484171276345
4191,hello,2102.4658546936216
4192,what are you doing? ,2102.7296078372597
4193,just working ,2104.2584250495793
4194,hi,2105.0470887348897
4195,hey there ,2105.547348871481
4196,have a nice day!,2105.7581387394016
4197,good evening ,2105.770558169448
4198,good morning ,2105.842653948268
4199,good morning,2106.109947697229
4200,good evening,2106.852783974958
4201,how are you?,2108.4406469218693
4202,good morning 98,2108.749194087173
4203,how is it going? ,2110.552611125889
4204,are you busy? ,2111.0203237305195
4205,"fine, thanks ",2111.331167531814
4206,hey there ,2111.367552981628
4207,have a nice day! ,2111.5790777846128
4208,take care,2111.923722047485
4209,how is it going?,2113.1697838964633
4210,good night ,2113.180237496977
4211,"fine, thanks ",2114.625530398978
4212,want to grab lunch? ,2115.5672038482335
4213,good morning ,2115.8189806180353
4214,how is it going? ,2116.1061039574015
4215,not yet 32,2116.852013614119
4216,it's 5 o'clock ,2118.276878438016
4217,nothing much 81,2118.513688306687
4218,what time is it? ,2118.88988315938
4219,are you busy? ,2119.0398381681807
4220,good evening ,2119.7343686823974
4221,talk to you tomorrow,2119.995557057131
4222,did you finish the homework? 36,2120.0587041896943
4223,talk to you tomorrow ,2120.36053250341
4224,"fine, thanks ",2120.396047725806
4225,what are you doing? ,2121.505045471539
4226,what are you doing? 14,2123.4104806270734
4227,hey there,2123.510378465979
4228,just working ,2123.5330730443425
4229,hey there ,2123.765115703087
4230,good night ,2125.2014279734935
4231,see you later ,2125.765614703753
4232,good morning ,2126.149656487789
4233,see you later,2126.746172146196
4234,see you later,2126.8443446429137
4235,nothing much ,2126.932685538787
4236,"sure, let's go! ",2126.9916969724045
4237,how are you? ,2127.581703916497
4238,hi ,2128.8267799628966
4239,how is it going? ,2130.6100583056464
4240,what time is it? ,2130.983822274812
4241,see you later ,2131.141785499297
4242,talk to you tomorrow,2131.2409130466053
4243,how are you? ,2131.4394286919483
4244,are you busy? ,2132.6198541457034
4245,want to grab lunch? ,2132.929741424983
4246,want to grab lunch? 82,2133.4802286471886
4247,see you later,2134.3153015508624
4248,take care,2135.4678305156303
4249,take care,2136.0157963299275
4250,are you busy? ,2136.9359670135223
4251,"fine, thanks ",2137.4385024745743
4252,not yet ,2138.210458481138
4253,good evening ,2138.2449496633208
4254,bye ,2139.7595040446076
4255,hi 3,2140.0334560814276
4256,hello 87,2141.3009054035897
4257,i'm good ,2141.399073253905
4258,see you later ,2141.5569614847636
4259,have a nice day! ,2142.5867096850475
4260,good evening,2142.840794957734
4261,want to grab lunch? ,2143.4557043866484
4262,hello 58,2143.5748958862905
4263,how is it going? ,2143.6388398677054
4264,how is it going? ,2143.683835923671
4265,"sure, let's go! ",2143.8812802571374
4266,not yet ,2144.0423438484904
4267,"sure, let's go! ",2144.8436819754575
4268,how is it going?,2145.1702484424227
4269,have a nice day!,2145.205690120758
4270,good evening,2145.6388456290088
4271,i'm good ,2146.058772863837
4272,how is it going? ,2146.199336717593
4273,want to grab lunch? ,2146.5260319363742
4274,see you later 82,2147.162208518778
4275,hey there ,2147.4493816340514
4276,nothing much ,2147.657746097901
4277,see you later ,2148.225489638774
4278,"fine, thanks ",2148.313841734712
4279,hello ,2148.3790353187487
4280,talk to you tomorrow ,2149.262518837569
4281,hey there ,2151.1939848464704
4282,just working ,2151.44262149982
4283,did you finish the homework? ,2151.8429110906045
4284,want to grab lunch? ,2153.112476793408
4285,hey there ,2153.717789894314
4286,see you later,2153.8705227147952
4287,i'm good ,2154.107401279793
4288,talk to you tomorrow 70,2154.6194419878575
4289,hello,2155.917245539297
4290,good morning 97,2155.974082345715
4291,talk to you tomorrow ,2156.058249800674
4292,how is it going? ,2156.660414785579
4293,good evening,2157.1903535508245
4294,want to grab lunch? 83,2158.158918773578
4295,what time is it? ,2159.5183501916426
4296,good night ,2160.4513469888334
4297,how are you?,2161.246357981916
4298,how are you? ,2161.3575098755564
4299,how are you? ,2161.5029349641154
4300,take care ,2162.222665774399
4301,are you busy? ,2163.377059369796
4302,how are you? ,2163.405093153933
4303,hi ,2163.844238278026
4304,good evening ,2164.159175348646
4305,take care 68,2164.413581313454
4306,good evening,2165.57654513475
4307,good morning ,2166.081094567912
4308,see you later ,2166.3764470119795
4309,hello,2166.662324255769
4310,nothing much ,2167.122452538806
4311,bye ,2167.4721013665235
4312,did you finish the homework? ,2167.6172555799626
4313,good night ,2167.7790502676144
4314,good night,2168.041773576437
4315,want to grab lunch? ,2168.1680659323506
4316,see you later ,2168.486139673774
4317,did you finish the homework? ,2168.8080663226824
4318,are you busy? 26,2169.145829424778
4319,"fine, thanks 75",2169.2428737622013
4320,how is it going? ,2170.653509637501
4321,did you finish the homework? 21,2171.147529486726
4322,i'm good ,2171.4244125486266
4323,how are you? ,2171.488069576545
4324,it's 5 o'clock ,2171.6084482551432
4325,just working ,2171.8352358160864
4326,have a nice day! ,2172.449054597365
4327,good night ,2172.5224429163163
4328,i'm good ,2172.806263671008
4329,talk to you tomorrow ,2173.5582541698714
4330,how are you? ,2174.6716045922244
4331,nothing much ,2174.887894235753
4332,what are you doing? ,2174.918151008878
4333,good night ,2175.093375343894
4334,"fine, thanks ",2175.334019482525
4335,what time is it? ,2175.66801021364
4336,want to grab lunch? ,2175.985478203433
4337,"fine, thanks ",2176.144947956193
4338,hey there ,2176.4012759428188
4339,good morning ,2176.7331245172436
4340,good morning ,2176.9264381976477
4341,see you later ,2177.1312679508837
4342,"fine, thanks ",2177.569447036344
4343,what are you doing? ,2177.607889600218
4344,not yet ,2178.283500367929
4345,have a nice day! 86,2178.6591064314002
4346,talk to you tomorrow,2179.8316506508572
4347,how are you? ,2180.0722242095308
4348,hi ,2181.4367252543943
4349,have a nice day!,2181.468658537746
4350,"fine, thanks ",2182.016660205482
4351,good night,2183.0429980713766
4352,nothing much ,2183.1019313446204
4353,it's 5 o'clock ,2184.566523020778
4354,good evening ,2184.653246473123
4355,"sure, let's go! ",2185.31567054464
4356,have a nice day! ,2186.787998539833
4357,good night ,2186.899126537076
4358,hey there ,2187.453207036236
4359,how are you?,2187.7175419127084
4360,talk to you tomorrow ,2187.8628315253104
4361,hi ,2188.8608027017585
4362,bye,2189.0024427504413
4363,good morning ,2189.5249892536785
4364,"fine, thanks ",2189.6528074242615
4365,i'm good ,2189.6779033694797
4366,"fine, thanks 94",2189.777442504082
4367,have a nice day! 89,2190.4551163262813
4368,see you later ,2190.7102219373264
4369,see you later ,2191.6972465565973
4370,talk to you tomorrow,2192.5030013997057
4371,how is it going?,2192.747489759424
4372,are you busy? ,2192.877745811669
4373,have a nice day! ,2193.2062830578825
4374,not yet ,2193.5173331023875
4375,hi ,2193.6472870483053
4376,it's 5 o'clock ,2195.3934968843278
4377,want to grab lunch? ,2196.141387922519
4378,hello ,2196.4428227409508
4379,how is it going? ,2196.870833825991
4380,how are you?,2197.55300953986
4381,nothing much ,2199.3372314120556
4382,good night ,2202.1619205803304
4383,good morning ,2202.6920358633797
4384,i'm good ,2202.9771851271817
4385,hi,2203.0691044993246
4386,hi ,2203.367595997577
4387,talk to you tomorrow ,2203.417640826623
4388,have a nice day! ,2203.607220843037
4389,i'm good ,2203.9548020448415
4390,"sure, let's go! ",2204.1635877597832
4391,what time is it? ,2204.341836051642
4392,just working ,2204.7927886396624
4393,talk to you tomorrow,2204.849123249695
4394,nothing much ,2205.213947205796
4395,are you busy? ,2206.594747938186
4396,bye,2206.594974509539
4397,how are you?,2206.619305894968
4398,how is it going? 39,2207.0793831731708
4399,"sure, let's go! ",2207.405047442962
4400,good morning,2208.410885795534
4401,hey there,2208.8148322066486
4402,hi,2209.686719407126
4403,what are you doing? ,2210.6260085070267
4404,i'm good ,2211.0808002886265
4405,good morning,2211.5073866656426
4406,hi ,2211.629019417104
4407,good night ,2212.175613734085
4408,nothing much ,2212.428336943244
4409,what time is it? 30,2212.4405580512807
4410,have a nice day! ,2212.9566782799734
4411,hey there ,2212.98788464475
4412,how are you? ,2213.4696262107764
4413,see you later ,2214.3858875075402
4414,are you busy? ,2216.7760794199658
4415,take care ,2216.844471667332
4416,how are you? ,2218.039626746311
4417,good night,2218.127731397098
4418,"sure, let's go! ",2219.536529940094
4419,how are you?,2220.062819816494
4420,hey there ,2220.715851583912
4421,hey there ,2221.1319169357857
4422,see you later ,2221.508959029283
4423,"fine, thanks ",2221.7552813482403
4424,how are you? ,2222.5570952642342
4425,hey there 62,2224.9895169516603
4426,not yet ,2225.0044705147475
4427,hello ,2225.248658894718
4428,hello,2227.369232574591
4429,hi,2227.4374279853955
4430,good evening ,2228.1464528200822
4431,did you finish the homework? 100,2228.34665097771
4432,hey there ,2229.2106433192926
4433,what are you doing? ,2229.564577740628
4434,hello,2230.1287409625043
4435,bye,2230.6568892046243
4436,good evening ,2230.747004258486
4437,take care,2231.243280775755
4438,want to grab lunch? ,2232.3544031848223
4439,see you later ,2232.6974170663375
4440,good night ,2232.8756016608227
4441,take care,2232.983529961239
4442,i'm good 98,2233.6045129459203
4443,take care ,2233.7096278265763
4444,hey there ,2234.10698619171
4445,did you finish the homework? ,2234.159636900014
4446,take care ,2234.2615990740874
4447,what are you doing? ,2234.5291539070863
4448,i'm good ,2234.7842136191953
4449,i'm good ,2237.6863472238106
4450,it's 5 o'clock ,2237.8451320786694
4451,want to grab lunch? ,2237.8997018099612
4452,how are you?,2238.5403765501956
4453,good night,2238.7174320701124
4454,hello,2238.8931470249586
4455,see you later ,2238.8969272117997
4456,hello ,2239.264406544744
4457,i'm good 26,2241.0750132231533
4458,have a nice day!,2241.7044564267385
4459,how are you? ,2241.839719707374
4460,see you later ,2242.90717529559
4461,want to grab lunch? ,2244.136390793261
4462,see you later,2244.639881613633
4463,what time is it? ,2244.8539960768717
4464,talk to you tomorrow,2245.1046640576196
4465,hey there ,2246.205133008081
4466,it's 5 o'clock ,2246.4402623859146
4467,good night,2246.9119621604636
4468,good night,2246.921197766306
4469,want to grab lunch? ,2246.9424816525066
4470,hello ,2247.613431872796
4471,have a nice day! ,2248.4400563890204
4472,good evening,2248.6166774057565
4473,hey there,2248.621895933246
4474,what are you doing? ,2248.664343943796
4475,how are you?,2248.7866737213094
4476,see you later ,2249.8125666194933
4477,how are you? ,2250.239914824913
4478,hey there ,2250.9564340163674
4479,are you busy? ,2251.0706385919298
4480,bye,2251.583434831147
4481,"sure, let's go! ",2252.0874659188544
4482,hello ,2252.9116636190656
4483,what are you doing? 43,2252.9523731079053
4484,it's 5 o'clock ,2253.0798919986987
4485,bye ,2253.202177997989
4486,bye,2253.7770780325222
4487,hi,2254.643680002101
4488,hi ,2255.069047843634
4489,how is it going?,2255.1488854424365
4490,good evening ,2255.5098476699277
4491,hello ,2255.6269792068265
4492,good night,2255.660001538859
4493,how are you? ,2256.1125954511745
4494,how are you?,2256.8339735159875
4495,bye ,2257.4730479264817
4496,not yet ,2257.6761255556376
4497,want to grab lunch? ,2258.387381566754
4498,are you busy? 96,2258.909430397679
4499,good evening,2259.671484208447
4500,hey there ,2259.897543330992
4501,"sure, let's go! ",2260.1051785182826
4502,good morning ,2260.4319725000955
4503,have a nice day! ,2260.833236731442
4504,good morning ,2260.8699196336793
4505,good morning ,2260.996424837656
4506,what are you doing? ,2261.0826367509385
4507,how are you? ,2261.5205625651633
4508,hey there,2261.6848917817806
4509,how are you? ,2262.0776734169335
4510,see you later ,2262.466714810416
4511,how are you? 24,2262.642126424435
4512,i'm good ,2263.89989179731
4513,have a nice day!,2264.036963344672
4514,talk to you tomorrow,2264.222347043944
4515,it's 5 o'clock ,2264.523531224973
4516,bye ,2264.974236089809
4517,have a nice day!,2265.0126925786553
4518,hey there ,2265.757184578918
4519,hi ,2266.2061240096514
4520,what are you doing? ,2266.2117549965983
4521,hey there,2266.422495651335
4522,take care,2266.826130262896
4523,not yet ,2267.088905750156
4524,hey there,2267.2506969426354
4525,how are you?,2267.2836291685826
4526,good morning ,2267.7236680495557
4527,how is it going? ,2268.4167936327603
4528,hi ,2268.9544840157646
4529,have a nice day!,2269.080048132674
4530,it's 5 o'clock ,2270.021174283126
4531,"fine, thanks ",2270.958313417533
4532,take care ,2271.222368709061
4533,see you later,2272.356555682192
4534,are you busy? ,2272.4190010198986
4535,"sure, let's go! ",2272.4310468058165
4536,good night 38,2272.6367250361886
4537,what are you doing? ,2273.7264795985
4538,just working ,2274.1605612818175
4539,how is it going?,2274.1650410043426
4540,what are you doing? ,2274.233122696921
4541,"sure, let's go! ",2274.5769671728367
4542,take care,2274.8348979953817
4543,have a nice day!,2275.3384470013752
4544,good morning ,2276.49596712556
4545,just working 38,2277.283765236684
4546,"sure, let's go! ",2277.638886852405
4547,not yet ,2277.6677175954414
4548,"fine, thanks ",2278.3656978045515
4549,take care ,2278.6582962065263
4550,talk to you tomorrow ,2278.796518762976
4551,talk to you tomorrow,2278.911515357475
4552,hello ,2279.139447665377
4553,have a nice day!,2279.327060583469
4554,how are you? 67,2280.866440138682
4555,see you later,2281.3832270491935
4556,take care ,2282.616423535952
4557,i'm good ,2283.028874113397
4558,not yet ,2283.9857062665697
4559,see you later ,2284.0598688446003
4560,good night,2284.8676341195323
4561,did you finish the homework? ,2285.616347057312
4562,take care 29,2285.708403644359
4563,have a nice day!,2287.7192312385655
4564,i'm good ,2288.075670643031
4565,not yet ,2288.6698593926576
4566,take care,2289.2717701894835
4567,bye ,2290.312850681551
4568,how are you? ,2290.5418923291877
4569,what are you doing? 56,2291.479282981452
4570,"sure, let's go! ",2291.8687516976656
4571,just working 27,2292.162806821003
4572,see you later ,2292.338006702907
4573,just working ,2292.4141146614647
4574,i'm good 68,2292.740345778661
4575,good night,2293.95345414987
4576,hello ,2293.9851194429903
4577,see you later,2294.4016926204613
4578,hello ,2295.1073926402055
4579,see you later,2295.873325249937
4580,good evening ,2296.0230490999065
4581,how is it going? ,2296.142696388395
4582,good morning,2296.272098045919
4583,are you busy? ,2296.398744348928
4584,it's 5 o'clock ,2296.559643256537
4585,it's 5 o'clock ,2298.591368214681
4586,what time is it? ,2298.9721137218776
4587,bye,2299.2590946827995
4588,hello,2300.515764823715
4589,not yet ,2300.8765509544105
4590,good night,2300.9595218988525
4591,not yet 17,2301.121402188352
4592,good morning,2301.321190754637
4593,talk to you tomorrow,2301.746623462808
4594,good evening ,2302.20733401813
4595,good morning ,2302.3903849695516
4596,not yet ,2303.500412835714
4597,i'm good 37,2304.041299467669
4598,want to grab lunch? ,2304.10187984449
4599,want to grab lunch? ,2304.9920384510838
4600,just working ,2305.20945371259
4601,talk to you tomorrow ,2305.789728746452
4602,good night ,2306.2533326139333
4603,how is it going? ,2306.6005561245756
4604,good evening 36,2307.060323624653
4605,"fine, thanks ",2307.76528373242
4606,good night ,2308.4645257614093
4607,what are you doing? 75,2309.174290814641
4608,it's 5 o'clock ,2309.432784797896
4609,it's 5 o'clock ,2309.481518147745
4610,bye ,2309.6195455925945
4611,hi ,2310.0191481389797
4612,have a nice day!,2310.162690035296
4613,"sure, let's go! ",2311.9909111771835
4614,hey there ,2313.2059765427603
4615,good evening,2315.7788947725144
4616,bye,2316.507201061041
4617,take care ,2317.091428226126
4618,good evening ,2317.367351832295
4619,how are you?,2318.616117596948
4620,see you later,2318.712290650221
4621,good morning,2318.933981342985
4622,good morning,2319.8051650532575
4623,bye,2320.2217051396947
4624,"fine, thanks ",2320.9970295104545
4625,just working ,2321.0951629219267
4626,how are you? 17,2322.0097604699513
4627,take care ,2322.3403757254428
4628,take care ,2322.4913946961556
4629,"fine, thanks ",2322.6832093571784
4630,take care ,2322.6862341740475
4631,"fine, thanks ",2323.0100831803165
4632,not yet ,2323.1557080895054
4633,are you busy? ,2323.3131550981875
4634,hey there,2323.7304726293014
4635,talk to you tomorrow ,2324.209526887673
4636,how are you? 35,2325.202769976835
4637,how is it going? ,2325.214500871867
4638,"fine, thanks ",2326.8139323135633
4639,want to grab lunch? ,2327.478236227742
4640,how are you? ,2328.5845128845085
4641,take care ,2329.319282174518
4642,take care,2329.4045347741885
4643,hello ,2330.136125656352
4644,it's 5 o'clock ,2331.125530977804
4645,have a nice day! ,2332.4946252397876
4646,nothing much ,2332.7880230286146
4647,hello,2332.9553328234083
4648,it's 5 o'clock ,2334.400276712332
4649,how are you? ,2334.5076008152914
4650,how are you? ,2334.974385605556
4651,good morning ,2335.4140979183703
4652,what are you doing? ,2336.3268618990687
4653,good morning ,2337.5654282525775
4654,see you later,2337.725227665737
4655,nothing much 83,2338.862095285126
4656,not yet 19,2341.6206250165756
4657,how are you? ,2342.3738588795327
4658,how are you?,2342.375049323192
4659,it's 5 o'clock ,2342.5041517169216
4660,"fine, thanks ",2343.3143552837937
4661,did you finish the homework? ,2343.5973369734356
4662,hello ,2343.740248797829
4663,hello ,2343.856576040178
4664,good night ,2344.533713045025
4665,how is it going? ,2344.768732980126
4666,have a nice day! 85,2344.8992162350874
4667,good night ,2345.3213187201077
4668,it's 5 o'clock ,2345.561752726729
4669,it's 5 o'clock ,2346.0880352562217
4670,hey there ,2347.85753247187
4671,good morning ,2348.1597097898116
4672,are you busy? ,2348.547013782801
4673,nothing much ,2348.7265668659393
4674,"sure, let's go! ",2349.1972423924535
4675,hello ,2349.496901452342
4676,are you busy? ,2349.650415843053
4677,"fine, thanks ",2350.191280871882
4678,good night,2350.3179839966915
4679,bye,2350.481788010223
4680,how are you? ,2352.144076615572
4681,good night,2352.8355792741354
4682,how are you? 92,2353.0420250789343
4683,how are you? ,2353.0459526706372
4684,bye,2353.395236604004
4685,did you finish the homework? ,2353.4259883969867
4686,good evening ,2353.7128385063684
4687,have a nice day! ,2354.4434945600983
4688,talk to you tomorrow,2355.3302145354714
4689,good night,2355.377364933697
4690,hey there ,2355.889829074548
4691,how is it going? ,2357.0407660505803
4692,talk to you tomorrow ,2357.0970990223987
4693,talk to you tomorrow ,2357.4850466541457
4694,how are you?,2357.6536756787254
4695,hey there ,2357.905841199371
4696,what are you doing? ,2358.7734462666554
4697,good morning ,2359.0982037499366
4698,hey there ,2359.1077381695645
4699,talk to you tomorrow ,2359.212281579783
4700,how is it going? ,2359.258032339799
4701,talk to you tomorrow ,2360.7393007855458
4702,have a nice day!,2361.5490818859557
4703,take care ,2361.57190494257
4704,what are you doing? ,2361.7574249957033
4705,talk to you tomorrow,2361.7766676723213
4706,how is it going?,2361.893817737165
4707,how is it going?,2361.95226115632
4708,hello,2361.952824125773
4709,hello,2362.0791334619507
4710,bye ,2363.033251321671
4711,good evening,2363.8380573580735
4712,bye,2364.1645025787593
4713,have a nice day!,2364.59309195667
4714,what time is it? ,2364.867186409107
4715,how is it going? ,2365.0554685065736
4716,hey there,2365.761180024795
4717,nothing much 34,2367.243065308887
4718,how are you? ,2367.810213888147
4719,hi ,2368.7182214636546
4720,see you later,2368.88880106527
4721,good night,2369.7485237761553
4722,how is it going?,2370.5661535192357
4723,hey there ,2370.5966336057413
4724,hello,2370.8777237401755
4725,want to grab lunch? ,2371.0100911947206
4726,what are you doing? 86,2371.1971275399105
4727,"sure, let's go! 89",2371.25466740098
4728,see you later,2371.351353903773
4729,have a nice day! ,2373.1627721347268
4730,nothing much ,2373.256628990305
4731,good night,2374.018878515772
4732,see you later,2374.789370306702
4733,take care ,2376.6583247314393
4734,hey there ,2376.9219601133846
4735,good night ,2378.7124910702264
4736,just working ,2379.2637905594534
4737,hi ,2379.3539899839984
4738,did you finish the homework? ,2379.6180958053596
4739,what time is it? ,2380.471561626242
4740,see you later,2380.539444484393
4741,have a nice day! 69,2380.713520163349
4742,hey there,2381.4000589364346
4743,want to grab lunch? ,2381.5641524106836
4744,good night,2381.6096093709143
4745,talk to you tomorrow ,2382.1640134731433
4746,talk to you tomorrow ,2382.475157418368
4747,hello ,2383.8284460934497
4748,not yet ,2384.162733812877
4749,it's 5 o'clock ,2385.3420589979924
4750,good night,2385.959322738715
4751,how are you?,2386.0151433117185
4752,did you finish the homework? ,2386.1235130787736
4753,are you busy? ,2386.420094690084
4754,good evening ,2387.645734274083
4755,talk to you tomorrow ,2387.941647427194
4756,what are you doing? ,2388.279372544334
4757,what are you doing? ,2390.0827518543306
4758,how are you? ,2390.808251140308
4759,are you busy? ,2390.8335389878193
4760,talk to you tomorrow,2390.8602627346595
4761,"fine, thanks ",2390.9026627735657
4762,what are you doing? ,2391.15975944748
4763,hello ,2392.021663022447
4764,see you later,2392.285162442233
4765,hi,2392.7281334092568
4766,bye ,2393.2294393163515
4767,just working 63,2393.381748690901
4768,good morning,2394.023422796227
4769,have a nice day!,2394.6165549548077
4770,talk to you tomorrow ,2394.855908238204
4771,i'm good ,2395.128653581931
4772,see you later,2395.351066248492
4773,hey there,2395.503368553406
4774,how is it going? 95,2395.605832719083
4775,good morning ,2395.9846447599434
4776,how are you?,2396.597219357747
4777,it's 5 o'clock ,2397.3273831603997
4778,are you busy? ,2397.535119326189
4779,good night,2398.08455838128
4780,did you finish the homework? ,2398.5242328482905
4781,want to grab lunch? ,2398.7492193054295
4782,see you later,2400.3796456786513
4783,how is it going? ,2401.3091265745898
4784,how are you? ,2401.3737947625214
4785,nothing much ,2402.1002956314883
4786,have a nice day! ,2402.4101491589513
4787,did you finish the homework? ,2403.116813917593
4788,good night,2403.3892210871168
4789,take care ,2403.405894247524
4790,see you later,2403.7287076435646
4791,"sure, let's go! ",2404.185905793794
4792,see you later ,2404.7171309666555
4793,not yet ,2405.0719102804273
4794,bye,2405.0810849697773
4795,good morning 74,2405.3424762077275
4796,bye ,2406.3013966553335
4797,take care ,2408.41702340297
4798,hi,2409.9066842401435
4799,hi,2410.7045818814127
4800,good morning ,2411.4097138950115
4801,hey there,2411.686677244068
4802,what time is it? ,2413.1647144747526
4803,i'm good ,2413.446782692618
4804,"sure, let's go! ",2414.2996616543646
4805,did you finish the homework? ,2414.8285006391093
4806,how is it going?,2415.1737145797188
4807,good evening,2415.2344105015973
4808,what are you doing? ,2415.2846612806725
4809,how are you? ,2415.9993104851574
4810,it's 5 o'clock ,2416.2574586415963
4811,bye 91,2416.5254998976097
4812,good night ,2417.0797596881275
4813,take care ,2417.447358081838
4814,just working ,2417.5482806011237
4815,"sure, let's go! ",2417.6594535543345
4816,hi ,2417.803171116175
4817,have a nice day! ,2417.8401749550685
4818,i'm good ,2417.8962823071893
4819,hello ,2418.4724635900434
4820,not yet ,2419.2948576655863
4821,want to grab lunch? ,2420.020876322482
4822,good morning ,2420.4392060486985
4823,hello,2420.4920496968334
4824,nothing much ,2422.808909421919
4825,it's 5 o'clock ,2422.9415981571606
4826,how is it going?,2423.906901808586
4827,talk to you tomorrow ,2424.6156746539104
4828,what time is it? ,2425.1710468410743
4829,what are you doing? ,2425.4171874748763
4830,good night,2425.878477456788
4831,"sure, let's go! ",2426.8156950718735
4832,hey there ,2426.99943209623
4833,it's 5 o'clock ,2427.524551333235
4834,good evening ,2428.911778960394
4835,talk to you tomorrow,2429.5721745007077
4836,good morning 4,2429.9512253982525
4837,good morning ,2430.363410487117
4838,how is it going?,2431.1338961665347
4839,have a nice day! ,2431.695560256303
4840,bye,2431.8764323926684
4841,"fine, thanks ",2432.466108073786
4842,how is it going? ,2432.6633449328074
4843,"sure, let's go! 28",2432.957813334571
4844,bye,2434.6719095135236
4845,it's 5 o'clock ,2435.589927787225
4846,did you finish the homework? ,2436.1023335832615
4847,what are you doing? 71,2437.327709171298
4848,have a nice day! ,2437.5940484681028
4849,"fine, thanks ",2437.6517984098705
4850,what are you doing? ,2437.7786404073686
4851,see you later ,2437.8731275304917
4852,talk to you tomorrow ,2439.3696284889274
4853,did you finish the homework? ,2440.509689312403
4854,hey there ,2441.051503812867
4855,hey there ,2441.6587204575208
4856,how is it going?,2441.709479145264
4857,how are you?,2442.0138484103904
4858,"sure, let's go! ",2442.1975780463135
4859,how are you? ,2442.203064135776
4860,good evening ,2444.2522010002212
4861,it's 5 o'clock ,2444.3593230218826
4862,did you finish the homework? ,2444.4848529474784
4863,how is it going?,2445.1076689471665
4864,it's 5 o'clock ,2445.2495388142725
4865,hey there,2446.5445645560485
4866,how is it going?,2447.507492725136
4867,see you later,2447.899987920246
4868,talk to you tomorrow ,2447.951072840177
4869,good morning,2448.1835457811662
4870,did you finish the homework? ,2448.3642271260296
4871,take care,2448.682462793947
4872,have a nice day! ,2448.778928718037
4873,are you busy? ,2448.830548083833
4874,how are you? ,2449.705897242105
4875,have a nice day! ,2450.3852176618793
4876,talk to you tomorrow ,2450.4504027123794
4877,nothing much ,2450.708579228023
4878,bye ,2451.183125556209
4879,good morning ,2451.4412503505882
4880,good night ,2451.7287634201516
4881,hi ,2452.072316645813
4882,want to grab lunch? ,2452.460021485923
4883,not yet ,2452.5897729507965
4884,"fine, thanks ",2452.7971053032534
4885,hey there,2452.91408418411
4886,see you later ,2453.199664994671
4887,bye ,2453.4896230933773
4888,bye ,2454.0915547356717
4889,"sure, let's go! ",2454.3049429759017
4890,how is it going?,2455.132845070105
4891,bye ,2455.150176829785
4892,talk to you tomorrow ,2456.329842038668
4893,hey there,2456.6755732830006
4894,just working ,2457.4972727532327
4895,talk to you tomorrow ,2457.700525272145
4896,hi ,2458.260316506221
4897,bye 5,2458.720663916523
4898,"fine, thanks ",2459.060343175727
4899,i'm good ,2459.4551422028835
4900,hello ,2461.2743276650426
4901,good morning ,2462.0473218836833
4902,hey there ,2462.558372893542
4903,i'm good ,2463.107931754594
4904,"fine, thanks ",2464.307908328925
4905,it's 5 o'clock 50,2464.900750996714
4906,nothing much ,2465.852381276499
4907,want to grab lunch? 14,2466.1331802760983
4908,hey there ,2466.2039518332313
4909,how is it going?,2467.0098040972034
4910,see you later 29,2467.019850195127
4911,it's 5 o'clock ,2467.3694145789977
4912,not yet ,2467.4897867927953
4913,how are you?,2468.1136494973016
4914,bye ,2468.3980755158527
4915,see you later,2468.88974177678
4916,hey there ,2469.0211155998986
4917,hi,2469.4013834885154
4918,see you later,2469.5731235432495
4919,how is it going? ,2469.750339243873
4920,it's 5 o'clock ,2470.5476720456
4921,hello,2470.8843427389916
4922,hi,2471.3171260675763
4923,talk to you tomorrow,2471.752681074093
4924,how is it going?,2471.7673025369168
4925,just working ,2471.791135106226
4926,take care ,2471.8698639955915
4927,good morning,2471.984778790746
4928,hello,2472.482336525003
4929,i'm good ,2472.5784879259536
4930,hello ,2472.6173926861998
4931,hey there ,2473.514653394615
4932,hey there ,2473.524066092398
4933,take care,2473.545288431672
4934,take care 3,2474.1519392562595
4935,hello ,2474.273850753719
4936,bye ,2474.8547360611037
4937,i'm good ,2475.584610250685
4938,good night ,2476.070973728532
4939,not yet ,2476.0799673625515
4940,i'm good ,2476.1457894618206
4941,what are you doing? ,2476.22968662821
4942,did you finish the homework? ,2477.1487729439295
4943,good night ,2477.8301169823567
4944,what are you doing? ,2477.9981122881904
4945,want to grab lunch? ,2478.7494745548565
4946,i'm good 59,2479.562869885521
4947,how is it going? ,2481.0766992186227
4948,bye,2481.5072695124295
4949,it's 5 o'clock ,2481.612834268983
4950,how are you?,2482.504010181793
4951,hello ,2482.622758480684
4952,nothing much ,2483.0364234476465
4953,see you later,2484.243585290238
4954,how are you? ,2484.5539826087856
4955,what are you doing? ,2484.6259692176486
4956,hello ,2484.7520388186513
4957,bye 13,2485.0173527742527
4958,take care ,2485.4688034829383
4959,how is it going?,2485.5263724646647
4960,want to grab lunch? 31,2485.8120198457764
4961,"fine, thanks 51",2486.3447299623645
4962,hey there,2487.362346435421
4963,how are you?,2487.4080007103157
4964,good evening ,2487.522917779569
4965,just working ,2487.666513080673
4966,how are you? 79,2487.7394598436385
4967,how is it going? ,2488.329114855254
4968,good night,2488.6460084947034
4969,did you finish the homework? ,2489.021349323412
4970,what time is it? ,2489.1558252608124
4971,bye ,2489.2838906138804
4972,how are you?,2489.5437025781093
4973,good morning 65,2489.622953901065
4974,see you later,2489.9136526941
4975,take care 11,2490.020512203496
4976,nothing much ,2490.129360814756
4977,how is it going? ,2490.411003323509
4978,talk to you tomorrow ,2490.4834981755967
4979,talk to you tomorrow,2491.3363381267686
4980,nothing much ,2492.611851494721
4981,bye ,2493.2377584502965
4982,take care ,2494.2798900326497
4983,good morning ,2494.528860650758
4984,bye ,2494.868238413041
4985,take care ,2494.9144636909564
4986,have a nice day! 56,2495.00775306355
4987,bye ,2495.2529913375315
4988,what time is it? ,2495.7453604677
4989,how is it going? ,2495.9631041370108
4990,good morning,2496.483921259215
4991,it's 5 o'clock ,2497.4203173209175
4992,bye ,2497.527360935735
4993,what time is it? ,2498.05278015447
4994,nothing much ,2498.551760444901
4995,it's 5 o'clock ,2499.1373159400396
4996,good evening ,2500.7402379024447
4997,good morning ,2501.1546866186463
4998,not yet ,2501.6552788682966
4999,take care ,2501.665498861421
