msg_id,text,timestamp
0,"Go until jurong point, crazy.. Available only in bugis n great world la e buffet... Cine there got amore wat...",0.4976227060752334
1,Ok lar... Joking wif u oni...,1.7788863566760114
2,U dun say so early hor... U c already then say...,7.064230503392331
3,"Nah I don't think he goes to usf, he lives around here though",8.77911369734845
4,Even my brother is not like to speak with me. They treat me like aids patent.,8.934445561913645
5,As per your request 'Melle Melle (Oru Minnaminunginte Nurungu Vettam)' has been set as your callertune for all Callers. Press *9 to copy your friends Callertune,9.075117208535637
6,"I'm gonna be home soon and i don't want to talk about this stuff anymore tonight, k? I've cried enough today.",9.164551251314187
7,I've been searching for the right words to thank you for this breather. I promise i wont take your help for granted and will fulfil my promise. You have been wonderful and a blessing at all times.,10.096139472106291
8,I HAVE A DATE ON SUNDAY WITH WILL!!,10.781087802223038
9,Oh k...i'm watching here:),11.96370660398113
10,Eh u remember how 2 spell his name... Yes i did. He v naughty make until i v wet.,16.08193456174551
11,Fine if thats the way u feel. Thats the way its gota b,17.1510032377523
12,Is that seriously how you spell his name?,19.524920595146614
13,I‘m going to try for 2 months ha ha only joking,23.79490153912156
14,So ü pay first lar... Then when is da stock comin...,25.8005559821007
15,Aft i finish my lunch then i go str down lor. Ard 3 smth lor. U finish ur lunch already?,26.651112577840966
16,Ffffffffff. Alright no way I can meet up with you sooner?,26.883207506890372
17,Just forced myself to eat a slice. I'm really not hungry tho. This sucks. Mark is getting worried. He knows I'm sick when I turn down pizza. Lol,28.99290848515257
18,Lol your always so convincing.,29.164908609663204
19,Did you catch the bus ? Are you frying an egg ? Did you make a tea? Are you eating your mom's left over dinner ? Do you feel my Love ?,29.610746242196672
20,"I'm back &amp; we're packing the car now, I'll let you know if there's room",34.214355377799194
21,Ahhh. Work. I vaguely remember that! What does it feel like? Lol,35.663681972389945
22,"Wait that's still not all that clear, were you not sure about me being sarcastic or that that's why x doesn't want to live with us",35.77460973351774
23,Yeah he got in at 2 and was v apologetic. n had fallen out and she was actin like spoilt child and he got caught up in that. Till 2! But we won't go there! Not doing too badly cheers. You?,39.62754974918458
24,K tell me anything about you.,39.745715676143966
25,For fear of fainting with the of all that housework you just did? Quick have a cuppa,40.66991927700409
26,Yup... Ok i go home look at the timings then i msg ü again... Xuhui going to learn on 2nd may too but her lesson is at 8am,40.86649101377694
27,"Oops, I'll let you know when my roommate's done",41.034239179610225
28,I see the letter B on my car,43.025216643695735
29,Anything lor... U decide...,44.97836786242058
30,Hello! How's you and how did saturday go? I was just texting to see if you'd decided to do anything tomo. Not that i'm trying to invite myself or anything!,45.213400510905004
31,Pls go ahead with watts. I just wanted to be sure. Do have a great weekend. Abiola,49.83191995880445
32,"Did I forget to tell you ? I want you , I need you, I crave you ... But most of all ... I love you my sweet Arabian steed ... Mmmmmm ... Yummy",51.65836325656796
33,WHO ARE YOU SEEING?,52.22504394126598
34,Great! I hope you like your man well endowed. I am  &lt;#&gt;  inches...,52.906691583731885
35,No calls..messages..missed calls,54.909995749283496
36,Didn't you get hep b immunisation in nigeria.,55.38230524186379
37,"Fair enough, anything going on?",56.563753064417064
38,"Yeah hopefully, if tyler can't do it I could maybe ask around a bit",62.59640608870872
39,U don't know how stubborn I am. I didn't even want to go to the hospital. I kept telling Mark I'm not a weak sucker. Hospitals are for weak suckers.,63.24292824046108
40,What you thinked about me. First time you saw me in class.,63.94905019403129
41,"A gram usually runs like  &lt;#&gt; , a half eighth is smarter though and gets you almost a whole second gram for  &lt;#&gt;",64.67769730820191
42,K fyi x has a ride early tomorrow morning but he's crashing at our place tonight,67.28503656926428
43,"Wow. I never realized that you were so embarassed by your accomodations. I thought you liked it, since i was doing the best i could and you always seemed so happy about ""the cave"". I'm sorry I didn't and don't have more to give. I'm sorry i offered. I'm sorry your room was so embarassing.",68.56811924723208
44,Do you know what Mallika Sherawat did yesterday? Find out now @  &lt;URL&gt;,70.70561380129934
45,"Sorry, I'll call later in meeting.",71.48427828758477
46,Tell where you reached,72.82808251623413
47,Yes..gauti and sehwag out of odi series.,75.82125002378767
48,Your gonna have to pick up a $1 burger for yourself on your way home. I can't even move. Pain is killing me.,76.00414021947262
49,Ha ha ha good joke. Girls are situation seekers.,79.8635104548449
50,Its a part of checking IQ,82.74133556162624
51,"Sorry my roommates took forever, it ok if I come by now?",85.42979842241124
52,Ok lar i double check wif da hair dresser already he said wun cut v short. He said will cut until i look nice.,88.04765467462985
53,"Today is ""song dedicated day.."" Which song will u dedicate for me? Send this to all ur valuable frnds but first rply me...",88.57336384308705
54,I plane to give on this month end.,88.7277974761443
55,Wah lucky man... Then can save money... Hee...,91.71274709865914
56,Finished class where are you.,92.78380302625857
57,HI BABE IM AT HOME NOW WANNA DO SOMETHING? XX,93.00010451417583
58,K..k:)where are you?how did you performed?,93.58315871356388
59,U can call me now...,93.96418852066245
60,I am waiting machan. Call me once you free.,94.76128844519386
61,Thats cool. i am a gentleman and will treat you with dignity and respect.,95.80706375141476
62,I like you peoples very much:) but am very shy pa.,95.99269031722876
63,Does not operate after  &lt;#&gt;  or what,97.68312495665664
64,Its not the same here. Still looking for a job. How much do Ta's earn there.,102.90492936620558
65,"Sorry, I'll call later",103.20642073009276
66,K. Did you call me just now ah?,106.94446750716524
67,Ok i am on the way to home hi hi,107.83137901091155
68,You will be in the place of that man,110.83413029094113
69,Yup next stop.,110.8511091217908
70,"I call you later, don't have network. If urgnt, sms me.",111.00229060928571
71,For real when u getting on yo? I only need 2 more tickets and one more jacket and I'm done. I already used all my multis.,113.23580905731721
72,Yes I started to send requests to make it but pain came back so I'm back in bed. Double coins at the factory too. I gotta cash in all my nitros.,114.69986215206436
73,I'm really not up to it still tonight babe,115.18853311784616
74,"Ela kano.,il download, come wen ur free..",118.49120084849496
75,Yeah do! Don‘t stand to close tho- you‘ll catch something!,122.34195639139223
76,Sorry to be a pain. Is it ok if we meet another night? I spent late afternoon in casualty and that means i haven't done any of y stuff42moro and that includes all my time sheets and that. Sorry.,122.49869247649443
77,Smile in Pleasure Smile in Pain Smile when trouble pours like Rain Smile when sum1 Hurts U Smile becoz SOMEONE still Loves to see u Smiling!!,125.04724853918273
78,Havent planning to buy later. I check already lido only got 530 show in e afternoon. U finish work already?,125.59869572387818
79,Watching telugu movie..wat abt u?,128.59087818258314
80,i see. When we finish we have loads of loans to pay,129.2001764789746
81,"Hi. Wk been ok - on hols now! Yes on for a bit of a run. Forgot that i have hairdressers appointment at four so need to get home n shower beforehand. Does that cause prob for u?""",129.6541588340897
82,I see a cup of coffee animation,131.71830819355026
83,Please don't text me anymore. I have nothing else to say.,133.25814159802127
84,Okay name ur price as long as its legal! Wen can I pick them up? Y u ave x ams xx,138.43785774112925
85,I'm still looking for a car to buy. And have not gone 4the driving test yet.,138.90053560361173
86,As per your request 'Melle Melle (Oru Minnaminunginte Nurungu Vettam)' has been set as your callertune for all Callers. Press *9 to copy your friends Callertune,139.51175663149036
87,"wow. You're right! I didn't mean to do that. I guess once i gave up on boston men and changed my search location to nyc, something changed. Cuz on my signin page it still says boston.",140.29113728343108
88,Umma my life and vava umma love you lot dear,140.41381858681058
89,Thanks a lot for your wishes on my birthday. Thanks you for making my birthday truly memorable.,141.41635239160743
90,"Aight, I'll hit you up when I get some cash",142.03226066566123
91,How would my ip address test that considering my computer isn't a minecraft server,142.3403914261067
92,I know! Grumpy old people. My mom was like you better not be lying. Then again I am always the one to play jokes...,142.72832669119444
93,Dont worry. I guess he's busy.,143.04729538756803
94,What is the plural of the noun research?,143.72861213475093
95,Going for dinner.msg you after.,143.8445481314335
96,I'm ok wif it cos i like 2 try new things. But i scared u dun like mah. Cos u said not too loud.,144.20786464454477
97,"Wa, ur openin sentence very formal... Anyway, i'm fine too, juz tt i'm eatin too much n puttin on weight...Haha... So anythin special happened?",145.33187307087204
98,"As I entered my cabin my PA said, '' Happy B'day Boss !!''. I felt special. She askd me 4 lunch. After lunch she invited me to her apartment. We went there.",146.76129025915643
99,Goodo! Yes we must speak friday - egg-potato ratio for tortilla needed!,147.36096020439905
100,Hmm...my uncle just informed me that he's paying the school directly. So pls buy food.,151.34873634142943
101,here is my new address -apples&pairs&all that malarky,152.44704276622684
102,I am going to sao mu today. Will be done only at 12,153.7956265434014
103,Ü predict wat time ü'll finish buying?,155.38986139542763
104,"Good stuff, will do.",155.80232137806337
105,"Just so that you know,yetunde hasn't sent money yet. I just sent her a text not to bother sending. So its over, you dont have to involve yourself in anything. I shouldn't have imposed anything on you in the first place so for that, i apologise.",156.65774644768956
106,Are you there in room.,157.76854230653439
107,HEY GIRL. HOW R U? HOPE U R WELL ME AN DEL R BAK! AGAIN LONG TIME NO C! GIVE ME A CALL SUM TIME FROM LUCYxx,159.45497158910268
108,K..k:)how much does it cost?,159.64883017344854
109,I'm home.,160.051968153417
110,"Dear, will call Tmorrow.pls accomodate.",162.34717842697555
111,First answer my question.,162.4176885991232
112,I only haf msn. It's yijue@hotmail.com,162.42704746880736
113,He is there. You call and meet him,163.64907395465013
114,No no. I will check all rooms befor activities,165.64317110235453
115,Got c... I lazy to type... I forgot ü in lect... I saw a pouch but like not v nice...,166.901325321756
116,"K, text me when you're on the way",167.73248161751133
117,"Sir, Waiting for your mail.",168.03158391159093
118,"A swt thought: ""Nver get tired of doing little things 4 lovable persons.."" Coz..somtimes those little things occupy d biggest part in their Hearts.. Gud ni8",168.76301406241095
119,I know you are. Can you pls open the back?,169.19503089435895
120,Yes see ya not on the dot,171.33113155159936
121,Whats the staff name who is taking class for us?,172.52036057787677
122,Ummma.will call after check in.our life will begin from qatar so pls pray very hard.,172.5458374682291
123,K..i deleted my contact that why?,173.04231284015864
124,Sindu got job in birla soft ..,174.54676321923384
125,The wine is flowing and i'm i have nevering..,175.47429283648825
126,Yup i thk cine is better cos no need 2 go down 2 plaza mah.,175.62970269143824
127,Ok... Ur typical reply...,176.8108332571252
128,As per your request 'Melle Melle (Oru Minnaminunginte Nurungu Vettam)' has been set as your callertune for all Callers. Press *9 to copy your friends Callertune,177.40532527560072
129,"You are everywhere dirt, on the floor, the windows, even on my shirt. And sometimes when i open my mouth, you are all that comes flowing out. I dream of my world without you, then half my chores are out too. A time of joy for me, lots of tv shows i.ll see. But i guess like all things you just must exist, like rain, hail and mist, and when my time here is done, you and i become one.",178.7292784359161
130,Aaooooright are you at work?,178.86334023588213
131,I'm leaving my house now...,178.92398806623927
132,"Hello, my love. What are you doing? Did you get to that interview today? Are you you happy? Are you being a good boy? Do you think of me?Are you missing me ?",181.1226314673643
133,Keep yourself safe for me because I need you and I miss you already and I envy everyone that see's you in real life,182.05777657811703
134,New car and house for my parents.:)i have only new job in hand:),182.1116824025388
135,I'm so in love with you. I'm excited each day i spend with you. You make me so happy.,182.61515289623983
136,I place all ur points on e cultures module already.,183.4583631348494
137,"Hi frnd, which is best way to avoid missunderstding wit our beloved one's?",185.49302744305214
138,Great escape. I fancy the bridge but needs her lager. See you tomo,186.57816039148983
139,Yes :)it completely in out of form:)clark also utter waste.,186.86304732235334
140,"Sir, I need AXIS BANK account no and bank address.",187.94770434474262
141,"Hmmm.. Thk sure got time to hop ard... Ya, can go 4 free abt... Muz call u to discuss liao...",193.7577030214435
142,What time you coming down later?,194.0584731963016
143,"Bloody hell, cant believe you forgot my surname Mr . Ill give u a clue, its spanish and begins with m...",194.72881638096564
144,"Well, i'm gonna finish my bath now. Have a good...fine night.",196.3230584538771
145,Let me know when you've got the money so carlos can make the call,197.68917765647464
146,U still going to the mall?,197.93161818317887
147,"Turns out my friends are staying for the whole show and won't be back til ~ &lt;#&gt; , so feel free to go ahead and smoke that $ &lt;#&gt;  worth",198.86285757018118
148,Text her. If she doesnt reply let me know so i can have her log in,201.10771940226982
149,Hi! You just spoke to MANEESHA V. We'd like to know if you were satisfied with the experience. Reply Toll Free with Yes or No.,201.9323392391013
150,You lifted my hopes with the offer of money. I am in need. Especially when the end of the month approaches and it hurts my studying. Anyways have a gr8 weekend,203.13058316095945
151,Lol no. U can trust me.,205.42356699305088
152,ok. I am a gentleman and will treat you with dignity and respect.,205.85680462820815
153,"He will, you guys close?",206.83883250776702
154,Going on nothing great.bye,209.56420243071838
155,Hello handsome ! Are you finding that job ? Not being lazy ? Working towards getting back that net for mummy ? Where's my boytoy now ? Does he miss me ?,212.7214059554731
156,"Haha awesome, be there in a minute",213.53560058803217
157,Have you got Xmas radio times. If not i will get it now,215.73419696449642
158,I jus reached home. I go bathe first. But my sis using net tell u when she finishes k...,218.5545113666109
159,I'm sorry. I've joined the league of people that dont keep in touch. You mean a great deal to me. You have been a friend at all times even at great personal cost. Do have a great week.|,218.92159582139791
160,Hi :)finally i completed the course:),223.07954255061418
161,It will stop on itself. I however suggest she stays with someone that will be able to give ors for every stool.,224.52933402132726
162,How are you doing? Hope you've settled in for the new school year. Just wishin you a gr8 day,225.52175065830897
163,Gud mrng dear hav a nice day,229.62336393761254
164,Did u got that persons story,229.86507878480265
165,is your hamster dead? Hey so tmr i meet you at 1pm orchard mrt?,231.0533501323233
166,Hi its Kate how is your evening? I hope i can see you tomorrow for a bit but i have to bloody babyjontet! Txt back if u can. :) xxx,231.5737370554354
167,"Found it, ENC  &lt;#&gt; , where you at?",233.29079258006345
168,I sent you  &lt;#&gt;  bucks,233.7521679959186
169,Hello darlin ive finished college now so txt me when u finish if u can love Kate xxx,233.8027719549852
170,Your account has been refilled successfully by INR  &lt;DECIMAL&gt; . Your KeralaCircle prepaid account balance is Rs  &lt;DECIMAL&gt; . Your Transaction ID is KR &lt;#&gt; .,234.35736091874696
171,Goodmorning sleeping ga.,234.771325949124
172,U call me alter at 11 ok.,235.64647903120084
173,Ü say until like dat i dun buy ericsson oso cannot oredi lar...,236.30273897497753
174,"As I entered my cabin my PA said, '' Happy B'day Boss !!''. I felt special. She askd me 4 lunch. After lunch she invited me to her apartment. We went there.",238.30828245427963
175,"Aight yo, dats straight dogg",238.532993217597
176,You please give us connection today itself before  &lt;DECIMAL&gt;  or refund the bill,250.64304349551608
177,Both :) i shoot big loads so get ready!,250.94833531643621
178,"What's up bruv, hope you had a great break. Do have a rewarding semester.",252.6451188467987
179,Home so we can always chat,254.81249388077657
180,K:)k:)good:)study well.,256.1065142139907
181,Yup... How ü noe leh...,258.16798069797005
182,Sounds great! Are you home now?,259.71062164659634
183,Finally the match heading towards draw as your prediction.,260.1395689353581
184,Tired. I haven't slept well the past few nights.,264.87588267970096
185,Easy ah?sen got selected means its good..,265.5244790021413
186,I have to take exam with march 3,265.9460054834008
187,Yeah you should. I think you can use your gt atm now to register. Not sure but if there's anyway i can help let me know. But when you do be sure you are ready.,265.9766312619871
188,Ok no prob. Take ur time.,269.3460580510221
189,There is os called ubandu which will run without installing in hard disk...you can use that os to copy the important files in system and give it to repair shop..,270.29176345492505
190,"Sorry, I'll call later",271.13304098718
191,U say leh... Of course nothing happen lar. Not say v romantic jus a bit only lor. I thk e nite scenery not so nice leh.,273.38100339682586
192,Would really appreciate if you call me. Just need someone to talk to.,274.3269234435079
193,Hey company elama po mudyadhu.,274.3569575562934
194,"Life is more strict than teacher... Bcoz Teacher teaches lesson &amp; then conducts exam, But Life first conducts Exam &amp; then teaches Lessons. Happy morning. . .",274.5253528822014
195,Dear good morning now only i am up,277.21245878344564
196,Get down in gandhipuram and walk to cross cut road. Right side &lt;#&gt; street road and turn at first right.,283.4285031740708
197,Dear we are going to our rubber place,283.52573900688384
198,"Sorry battery died, yeah I'm here",284.0568987838147
199,Yes:)here tv is always available in work place..,287.5529237240154
200,I have printed it oh. So  &lt;#&gt;  come upstairs,290.0573485516004
201,Or ill be a little closer like at the bus stop on the same street,291.13773142118384
202,Where are you?when wil you reach here?,291.59363575605755
203,"New Theory: Argument wins d SITUATION, but loses the PERSON. So dont argue with ur friends just.. . . . kick them &amp; say, I'm always correct.!",294.05346296944356
204,Tomarrow final hearing on my laptop case so i cant.,295.39512535487165
205,PLEASSSSSSSEEEEEE TEL ME V AVENT DONE SPORTSx,301.9660849100146
206,"Okay. No no, just shining on. That was meant to be signing, but that sounds better.",306.10573351342106
207,"Although i told u dat i'm into baig face watches now but i really like e watch u gave cos it's fr u. Thanx 4 everything dat u've done today, i'm touched...",308.346803740364
208,U don't remember that old commercial?,309.00238774580987
209,Too late. I said i have the website. I didn't i have or dont have the slippers,309.3214069439332
210,I asked you to call him now ok,310.9289712763681
211,Kallis wont bat in 2nd innings.,311.8923657918489
212,It didnt work again oh. Ok goodnight then. I.ll fix and have it ready by the time you wake up. You are very dearly missed have a good night sleep.,312.4328929123089
213,Ranjith cal drpd Deeraj and deepak 5min hold,313.92581387486865
214,"Wen ur lovable bcums angry wid u, dnt take it seriously.. Coz being angry is d most childish n true way of showing deep affection, care n luv!.. kettoda manda... Have nice day da.",314.13137615992974
215,What you doing?how are you?,315.3203913377679
216,"Ups which is 3days also, and the shipping company that takes 2wks. The other way is usps which takes a week but when it gets to lag you may have to bribe nipost to get your stuff.",316.4404052212013
217,"I'm back, lemme know when you're ready",318.44097338046225
218,Don't necessarily expect it to be done before you get back though because I'm just now headin out,320.1240784732695
219,Mmm so yummy babe ... Nice jolt to the suzy,323.37491403243723
220,Where are you lover ? I need you ...,325.50453133191996
221,I‘m parked next to a MINI!!!! When are you coming in today do you think?,326.43497123406104
222,Yup,327.2028722164507
223,Anyway i'm going shopping on my own now. Cos my sis not done yet. Dun disturb u liao.,328.9042706636186
224,MY NO. IN LUTON 0125698789 RING ME IF UR AROUND! H*,329.1916492213023
225,Why you Dint come with us.,329.26238063801907
226,Same. Wana plan a trip sometme then,330.37908715026214
227,"Not sure yet, still trying to get a hold of him",330.42013242364516
228,The evo. I just had to download flash. Jealous?,330.60505943880287
229,"Come to mu, we're sorting out our narcotics situation",333.05180602889953
230,"Night has ended for another day, morning has come in a special way. May you smile like the sunny rays and leaves your worries at the blue blue bay.",333.867625821677
231,"Usf I guess, might as well take 1 car",335.07950206402774
232,No objection. My bf not coming.,335.2607076837228
233,Thanx...,335.7483536611192
234,Tell rob to mack his gf in the theater,336.3941631736838
235,"Awesome, I'll see you in a bit",339.25308084770097
236,Just sent it. So what type of food do you like?,342.25264858431524
237,All done? All handed in? Celebrations in full swing yet?,345.0694986632965
238,You got called a tool?,346.4289967069736
239,"""Wen u miss someone, the person is definitely special for u..... But if the person is so special, why to miss them, just Keep-in-touch"" gdeve..",352.88705746047253
240,Ok. I asked for money how far,356.6643433263816
241,Okie...,364.1594230256795
242,"Yeah I think my usual guy's still passed out from last night, if you get ahold of anybody let me know and I'll throw down",364.8741167019351
243,"K, I might come by tonight then if my class lets out early",367.68025883383297
244,Ok..,370.23748239323163
245,hi baby im cruisin with my girl friend what r u up 2? give me a call in and hour at home if thats alright or fone me on this fone now love jenny xxx,370.3640854004368
246,"My life Means a lot to me, Not because I love my life, But because I love the people in my life, The world calls them friends, I call them my World:-).. Ge:-)..",371.20558838790737
247,"Dear,shall mail tonite.busy in the street,shall update you tonite.things are looking ok.varunnathu edukkukayee raksha ollu.but a good one in real sense.",372.41117456904095
248,Hey you told your name to gautham ah?,372.59499935991187
249,Haf u found him? I feel so stupid da v cam was working.,373.91704286014703
250,Oops. 4 got that bit.,374.43282181032873
251,Are you this much buzy,374.4448571019296
252,I accidentally deleted the message. Resend please.,374.89914041704066
253,Unless it's a situation where YOU GO GURL would be more appropriate,377.26421700092595
254,Hurt me... Tease me... Make me cry... But in the end of my life when i die plz keep one rose on my grave and say STUPID I MISS U.. HAVE A NICE DAY BSLVYL,380.2906707163099
255,I cant pick the phone right now. Pls send a message,382.67210403431784
256,Need a coffee run tomo?Can't believe it's that time of week already,383.96983461697096
257,"Awesome, I remember the last time we got somebody high for the first time with diesel :V",384.9824951843762
258,"Shit that is really shocking and scary, cant imagine for a second. Def up for night out. Do u think there is somewhere i could crash for night, save on taxi?",385.82387482128576
259,Oh and by the way you do have more food in your fridge! Want to go out for a meal tonight?,387.62718539440056
260,He is a womdarfull actor,389.4326705967209
261,Yup... From what i remb... I think should be can book...,389.81706156643025
262,Jos ask if u wana meet up?,391.0143262763951
263,Lol yes. Our friendship is hanging on a thread cause u won't buy stuff.,391.26461357413785
264,Where are the garage keys? They aren't on the bookshelf,394.9064554828222
265,Today is ACCEPT DAY..U Accept me as? Brother Sister Lover Dear1 Best1 Clos1 Lvblefrnd Jstfrnd Cutefrnd Lifpartnr Belovd Swtheart Bstfrnd No rply means enemy,395.7183905716849
266,He says he'll give me a call when his friend's got the money but that he's definitely buying before the end of the week,399.8981383866019
267,"Hi the way I was with u 2day, is the normal way&this is the real me. UR unique&I hope I know u 4 the rest of mylife. Hope u find wot was lost.",401.78456793398476
268,You made my day. Do have a great day too.,403.0574757686422
269,K.k:)advance happy pongal.,404.3399255023569
270,"Hmmm... Guess we can go 4 kb n power yoga... Haha, dunno we can tahan power yoga anot... Thk got lo oso, forgot liao...",405.8259766342253
271,"Not really dude, have no friends i'm afraid :(",407.35268537588735
272,"Coffee cake, i guess...",410.2464350852748
273,"Merry Christmas to you too babe, i love ya *kisses*",412.8951142837924
274,Hey... Why dont we just go watch x men and have lunch... Haha,417.3476616529707
275,cud u tell ppl im gona b a bit l8 cos 2 buses hav gon past cos they were full & im still waitin 4 1. Pete x,425.3292544805952
276,That would be great. We'll be at the Guild. Could meet on Bristol road or somewhere - will get in touch over weekend. Our plans take flight! Have a good week,426.06343393711205
277,No problem. How are you doing?,428.09010499656483
278,No calls..messages..missed calls,428.5158054989411
279,Hi da:)how is the todays class?,429.3040037183488
280,"I'd say that's a good sign but, well, you know my track record at reading women",430.39509966182544
281,"Cool, text me when you're parked",430.5815798924401
282,I'm reading the text i just sent you. Its meant to be a joke. So read it in that light,434.98995538720783
283,K.k:)apo k.good movie.,436.5229529872345
284,Maybe i could get book out tomo then return it immediately ..? Or something.,436.6481285713319
285,Any chance you might have had with me evaporated as soon as you violated my privacy by stealing my phone number from your employer's paperwork. Not cool at all. Please do not contact me again or I will report you to your supervisor.,436.66865549681677
286,"Ta-Daaaaa! I am home babe, are you still up ?",437.98466903789034
287,Cool. So how come you havent been wined and dined before?,442.7100644352461
288,Just sleeping..and surfing,443.73732708816794
289,"Sorry, I'll call later",444.88612101411195
290,U calling me right? Call my hand phone...,445.6692067116653
291,Ok that's great thanx a lot.,446.1815871589118
292,I take it the post has come then! You must have 1000s of texts now! Happy reading. My one from wiv hello caroline at the end is my favourite. Bless him,447.8822352776239
293,Where u been hiding stranger?,450.88143019589256
294,Am not interested to do like that.,451.12474786619987
295,My sister cleared two round in birla soft yesterday.,451.68363249989454
296,Gudnite....tc...practice going on,452.2360690759583
297,Dis is yijue. I jus saw ur mail. In case huiming havent sent u my num. Dis is my num.,453.14122797151765
298,One small prestige problem now.,453.387962425824
299,Just checking in on you. Really do miss seeing Jeremiah. Do have a great month,454.2002030589575
300,"Nah can't help you there, I've never had an iphone",454.52812305639424
301,If you're not in my car in an hour and a half I'm going apeshit,455.3785492831442
302,"TODAY is Sorry day.! If ever i was angry with you, if ever i misbehaved or hurt you? plz plz JUST SLAP URSELF Bcoz, Its ur fault, I'm basically GOOD",455.65298414986455
303,Yo you guys ever figure out how much we need for alcohol? Jay and I are trying to figure out how much we can safely spend on weed,457.79064579842725
304,&lt;#&gt; ISH MINUTES WAS 5 MINUTES AGO. WTF.,458.5876678782916
305,"Thank You for calling.Forgot to say Happy Onam to you Sirji.I am fine here and remembered you when i met an insurance person.Meet You in Qatar Insha Allah.Rakhesh, ex Tata AIG who joined TISSCO,Tayseer.",461.3862675757678
306,"I'm an actor. When i work, i work in the evening and sleep late. Since i'm unemployed at the moment, i ALWAYS sleep late. When you're unemployed, every day is saturday.",463.21523422839954
307,"Hello! Just got here, st andrews-boy its a long way! Its cold. I will keep you posted",465.4290280680107
308,Ha ha cool cool chikku chikku:-):-DB-),467.3045041691198
309,Oh ok no prob..,468.16281366044905
310,Check audrey's status right now,468.7501960778696
311,Busy here. Trying to finish for new year. I am looking forward to finally meeting you...,469.36337592605287
312,"Good afternoon sunshine! How dawns that day ? Are we refreshed and happy to be alive? Do we breathe in the air and smile ? I think of you, my love ... As always",469.59325301060954
313,Well i know Z will take care of me. So no worries.,470.0857876510446
314,Wat uniform? In where get?,470.32972797924356
315,"Cool, text me when you're ready",472.1346924536033
316,"Hello my boytoy ... Geeee I miss you already and I just woke up. I wish you were here in bed with me, cuddling me. I love you ...",472.3464425917359
317,I will spoil you in bed as well :),473.01318879730087
318,I'm going for bath will msg you next  &lt;#&gt;  min..,474.3212708588849
319,I cant keep talking to people if am not sure i can pay them if they agree to price. So pls tell me what you want to really buy and how much you are willing to pay,475.88392261838305
320,Can you say what happen,480.45421438979474
321,You could have seen me..i did't recognise you Face.:),482.65887463519385
322,Well there's not a lot of things happening in Lindsay on New years *sighs* Some bars in Ptbo and the blue heron has something going,482.8465583319304
323,Keep my payasam there if rinu brings,483.17724794045733
324,I taught that Ranjith sir called me. So only i sms like that. Becaus hes verifying about project. Prabu told today so only pa dont mistake me..,483.2867000885059
325,"I guess that's why you re worried. You must know that there's a way the body repairs itself. And i'm quite sure you shouldn't worry. We'll take it slow. First the tests, they will guide when your ovulation is then just relax. Nothing you've said is a reason to worry but i.ll keep on followin you up.",484.88356037395084
326,"Yeah sure, give me a couple minutes to track down my wallet",484.9979048828764
327,Hey leave it. not a big deal:-) take care.,485.233888681358
328,Hey i will be late ah... Meet you at 945+,486.64880602964365
329,It took Mr owl 3 licks,486.6725989996438
330,Customer place i will call you.,489.9545823597696
331,Mm that time you dont like fun,490.5116698496618
332,Yup having my lunch buffet now.. U eat already?,491.5545655154203
333,Huh so late... Fr dinner?,492.6136741202782
334,Hey so this sat are we going for the intro pilates only? Or the kickboxing too?,492.7830251676316
335,Morning only i can ok.,493.99393616927733
336,Yes i think so. I am in office but my lap is in room i think thats on for the last few days. I didnt shut that down,495.4450297938085
337,Pick you up bout 7.30ish? What time are  and that going?,501.75880268762654
338,From here after The performance award is calculated every two month.not for current one month period..,502.6201971490813
339,Was actually sleeping and still might when u call back. So a text is gr8. You rock sis. Will send u a text wen i wake.,506.7316061820909
340,"You are always putting your business out there. You put pictures of your ass on facebook. You are one of the most open people i've ever met. Why would i think a picture of your room would hurt you, make you feel violated.",509.0479478367163
341,"Good evening Sir, Al Salam Wahleykkum.sharing a happy news.By the grace of God, i got an offer from Tayseer,TISSCO and i joined.Hope you are fine.Inshah Allah,meet you sometime.Rakhesh,visitor from India.",511.00721825778163
342,Hmmm...k...but i want to change the field quickly da:-)i wanna get system administrator or network administrator..,516.8555626660971
343,Dear how is chechi. Did you talk to her,517.7497358134128
344,The hair cream has not been shipped.,519.0825027827002
345,None of that's happening til you get here though,520.6529505352087
346,"Yep, the great loxahatchee xmas tree burning of  &lt;#&gt;  starts in an hour",524.4024654851864
347,"Haha get used to driving to usf man, I know a lot of stoners",525.0894777777314
348,All was well until slightly disastrous class this pm with my fav darlings! Hope day off ok. Coffee wld be good as can't stay late tomorrow. Same time + place as always?,525.274756325985
349,Hello! Good week? Fancy a drink or something later?,528.4713432900601
350,Headin towards busetop,531.4568778549294
351,Message:some text missing* Sender:Name Missing* *Number Missing *Sent:Date missing *Missing U a lot thats y everything is missing sent via fullonsms.com,532.4299215796524
352,Come by our room at some point so we can iron out the plan for this weekend,533.2503818232607
353,Cos i want it to be your thing,534.5015166977398
354,"Okies... I'll go yan jiu too... We can skip ard oso, go cine den go mrt one, blah blah blah...",534.7740586943158
355,Bring home some Wendy =D,535.7461563345755
356,Whatsup there. Dont u want to sleep,536.7139135965763
357,Alright i have a new goal now,539.046039517765
358,"Alright, I'll head out in a few minutes, text me where to meet you",539.4649744885962
359,Yes:)from last week itself i'm taking live call.,543.3092208472519
360,Siva is in hostel aha:-.,545.2302457580388
361,Send this to ur friends and receive something about ur voice..... How is my speaking expression? 1.childish 2.naughty 3.Sentiment 4.rowdy 5.ful of attitude 6.romantic 7.shy 8.Attractive 9.funny  &lt;#&gt; .irritating  &lt;#&gt; .lovable. reply me..,545.8874380686024
362,Ok. She'll be ok. I guess,549.6233311751926
363,aathi..where are you dear..,553.0444325535353
364,Any pain on urination any thing else?,558.7685175650022
365,7 at esplanade.. Do ü mind giving me a lift cos i got no car today..,563.2008120788862
366,I wnt to buy a BMW car urgently..its vry urgent.but hv a shortage of  &lt;#&gt; Lacs.there is no source to arng dis amt. &lt;#&gt; lacs..thats my prob,565.2760526978011
367,At home watching tv lor.,566.2558596554827
368,Does she usually take fifteen fucking minutes to respond to a yes or no question,566.7327596242591
369,Booked ticket for pongal?,568.8475652078166
370,You available now? I'm like right around hillsborough &amp;  &lt;#&gt; th,569.4817276584289
371,The message sent is askin for  &lt;#&gt; dollars. Shoul i pay  &lt;#&gt;  or  &lt;#&gt; ?,569.5083113435045
372,"Ask g or iouri, I've told the story like ten times already",570.3160736738464
373,How long does applebees fucking take,571.9902020721445
374,"Hi hope u get this txt~journey hasnt been gd,now about 50 mins late I think.",577.2635820490904
375,But i have to. I like to have love and arrange.,577.2677115913772
376,Yes..he is really great..bhaji told kallis best cricketer after sachin in world:).very tough to get out.,577.2744580879934
377,You were supposed to wake ME up &gt;:(,577.8420132065993
378,Oic... I saw him too but i tot he din c me... I found a group liao...,579.1158716122367
379,"Sorry, I'll call later",579.2614428569527
380,"""HEY HEY WERETHE MONKEESPEOPLE SAY WE MONKEYAROUND! HOWDY GORGEOUS, HOWU DOIN? FOUNDURSELF A JOBYET SAUSAGE?LOVE JEN XXX""",579.8933454127572
381,"Sorry, my battery died, I can come by but I'm only getting a gram for now, where's your place?",581.7540746488072
382,"Well done, blimey, exercise, yeah, i kinda remember wot that is, hmm.",582.1818670769217
383,I wont get concentration dear you know you are my mind and everything :-),582.3288182693171
384,LOL ... Have you made plans for new years?,583.0149711717025
385,10 min later k...,584.407543646648
386,hanks lotsly!,584.9190792954561
387,Thanks for this hope you had a good day today,584.9725197812012
388,K:)k:)what are detail you want to transfer?acc no enough?,585.3796187035823
389,Ok i will tell her to stay out. Yeah its been tough but we are optimistic things will improve this month.,587.2349616960977
390,Si si. I think ill go make those oreo truffles.,588.5932611463732
391,"LOOK AT AMY URE A BEAUTIFUL, INTELLIGENT WOMAN AND I LIKE U A LOT. I KNOW U DONT LIKE ME LIKE THAT SO DONT WORRY.",589.9535387572417
392,I hope you that's the result of being consistently intelligent and kind. Start asking him about practicum links and keep your ears open and all the best. ttyl,594.0390446877037
393,"1.20 that call cost. Which i guess isnt bad. Miss ya, need ya, want ya, love ya",594.2801522469341
394,Going thru a very different feeling.wavering decisions and coping up with the same is the same individual.time will heal everything i believe.,595.3116017298654
395,Where did u go? My phone is gonna die you have to stay in here,595.935628906359
396,Great. Never been better. Each day gives even more reasons to thank God,598.0363487695121
397,"Sorry, I'll call later ok bye",598.1298446744972
398,Ok i am on the way to railway,598.404123500216
399,great princess! I love giving and receiving oral. Doggy style is my fave position. How about you? I enjoy making love  &lt;#&gt;  times per night :),599.6313796871505
400,They don't put that stuff on the roads to keep it from getting slippery over there?,601.7453178967827
401,When are you going to ride your bike?,605.1184991369516
402,"Yup, no need. I'll jus wait 4 e rain 2 stop.",607.176122623523
403,There are many company. Tell me the language.,607.7942971321961
404,"How long has it been since you screamed, princess?",609.2783718108858
405,"Nothing. I meant that once the money enters your account here, the bank will remove its flat rate. Someone transfered  &lt;#&gt;  to my account and  &lt;#&gt; dollars got removed. So the banks differ and charges also differ.be sure you trust the 9ja person you are sending account details to cos...",611.2907871665733
406,Nice line said by a broken heart- Plz don't cum 1 more times infront of me... Other wise once again I ll trust U... Good 9t:),613.1623445102394
407,Ok I'm gonna head up to usf in like fifteen minutes,614.3764085950094
408,Love you aathi..love u lot..,615.9550097744005
409,Tension ah?what machi?any problem?,620.5199212165454
410,"K, can I pick up another 8th when you're done?",621.0293259741725
411,When're you guys getting back? G said you were thinking about not staying for mcr,622.3756049076773
412,"Almost there, see u in a sec",623.6952057668469
413,"Yo carlos, a few friends are already asking me about you, you working at all this weekend?",625.1405235050336
414,Watching tv lor...,626.0857673865116
415,Thank you baby! I cant wait to taste the real thing...,629.1369312048288
416,You should change your fb to jaykwon thuglyfe falconerf,631.5173277780855
417,If we win its really no 1 side for long time.,632.4159814667395
418,Dear reached railway. What happen to you,633.1591638588308
419,"Depends on quality. If you want the type i sent boye, faded glory, then about 6. If you want ralphs maybe 2",633.1981034233254
420,I think i've fixed it can you send a test message?,635.4039316353949
421,"Sorry man my account's dry or I would, if you want we could trade back half or I could buy some shit with my credit card",636.2084350300056
422,"Sorry,in meeting I'll call later",636.2204224255989
423,What class of  &lt;#&gt;  reunion?,641.1114017659047
424,Are you free now?can i call now?,643.6059420439074
425,Got meh... When?,644.0296381935058
426,Nope... Think i will go for it on monday... Sorry i replied so late,645.6130150684479
427,Some of them told accenture is not confirm. Is it true.,645.7002461976887
428,"Kate jackson rec center before 7ish, right?",646.344824504844
429,Dear i have reache room,647.6595499937462
430,"Fighting with the world is easy, u either win or lose bt fightng with some1 who is close to u is dificult if u lose - u lose if u win - u still lose.",648.76115301981
431,When can ü come out?,649.3438112749055
432,Check with nuerologist.,650.1242019982653
433,Lolnice. I went from a fish to ..water.?,651.5579732374348
434,No it's waiting in e car dat's bored wat. Cos wait outside got nothing 2 do. At home can do my stuff or watch tv wat.,654.181447021357
435,"Maybe westshore or hyde park village, the place near my house?",655.7802050690719
436,You should know now. So how's anthony. Are you bringing money. I've school fees to pay and rent and stuff like that. Thats why i need your help. A friend in need....|,657.6101742953817
437,What's the significance?,660.194464554829
438,Your opinion about me? 1. Over 2. Jada 3. Kusruthi 4. Lovable 5. Silent 6. Spl character 7. Not matured 8. Stylish 9. Simple Pls reply..,661.7459395397661
439,"8 at the latest, g's still there if you can scrounge up some ammo and want to give the new ak a try",664.4011912864121
440,Prabha..i'm soryda..realy..frm heart i'm sory,665.7798419466047
441,Lol ok your forgiven :),666.2987328298846
442,No..jst change tat only..,667.8263128323863
443,S:)no competition for him.,668.5008189849111
444,"That way transport is less problematic than on sat night. By the way, if u want to ask  n  to join my bday, feel free. But need to know definite nos as booking on fri.",675.462159552629
445,Usually the person is unconscious that's in children but in adults they may just behave abnormally. I.ll call you now,675.9293464893866
446,But that's on ebay it might be less elsewhere.,676.9268957701963
447,Shall i come to get pickle,679.3373632971485
448,Were gonna go get some tacos,680.0301052391895
449,"That's very rude, you on campus?",681.7046967660681
450,Hi i won't b ard 4 christmas. But do enjoy n merry x'mas.,683.4665675531659
451,Yes! How is a pretty lady like you single?,685.9638204352116
452,Jay says that you're a double-faggot,686.5940828727566
453,What Today-sunday..sunday is holiday..so no work..,687.2762126729921
454,Gudnite....tc...practice going on,695.5625936147077
455,I'll be late...,698.8136450901229
456,"I've not called you in a while. This is hoping it was l8r malaria and that you know that we miss you guys. I miss Bani big, so pls give her my love especially. Have a great day.",699.717533729318
457,"Good afternoon, my love! How goes that day ? I hope maybe you got some leads on a job. I think of you, boytoy and send you a passionate kiss from across the sea",700.3187202310925
458,"Probably gonna be here for a while, see you later tonight &lt;)",701.4632329936948
459,Or maybe my fat fingers just press all these buttons and it doesn't know what to do.,704.6719352862261
460,Ummmmmaah Many many happy returns of d day my dear sweet heart.. HAPPY BIRTHDAY dear,706.3107182971772
461,"I am in tirupur da, once you started from office call me.",706.9032130135244
462,"A famous quote : when you develop the ability to listen to 'anything' unconditionally without losing your temper or self confidence, it means you are ......... 'MARRIED'",707.5467101367975
463,But am going to college pa. What to do. are else ill come there it self. Pa.,708.3199563087989
464,4 oclock at mine. Just to bash out a flat plan.,708.7150756767762
465,This girl does not stay in bed. This girl doesn't need recovery time. Id rather pass out while having fun then be cooped up in bed,712.1134615296947
466,Then any special there?,712.7113461427119
467,I know but you need to get hotel now. I just got my invitation but i had to apologise. Cali is to sweet for me to come to some english bloke's weddin,714.3126759861515
468,"Sorry that took so long, omw now",715.966245248328
469,Wait  &lt;#&gt;  min..,720.1844740050241
470,Ok give me 5 minutes I think I see her. BTW you're my alibi. You were cutting my hair the whole time.,720.6546884913131
471,"Imagine you finally get to sink into that bath after I have put you through your paces, maybe even having you eat me for a while before I left ... But also imagine the feel of that cage on your cock surrounded by the bath water, reminding you always who owns you ... Enjoy, my cuck",721.9080783581716
472,"Hurry up, I've been weed-deficient for like three days",722.735143193079
473,"Sure, if I get an acknowledgement from you that it's astoundingly tactless and generally faggy to demand a blood oath fo",722.8626319690875
474,Ok. Every night take a warm bath drink a cup of milk and you'll see a work of magic. You still need to loose weight. Just so that you know,723.2419228906666
475,I‘ll have a look at the frying pan in case it‘s cheap or a book perhaps. No that‘s silly a frying pan isn‘t likely to be a book,723.6959204372906
476,O. Well uv causes mutations. Sunscreen is like essential thesedays,724.8334437094451
477,Having lunch:)you are not in online?why?,726.6348763726311
478,I know that my friend already told that.,729.6873129434629
479,Hi Princess! Thank you for the pics. You are very pretty. How are you?,731.543143914062
480,"Aiyo... U always c our ex one... I dunno abt mei, she haven reply... First time u reply so fast... Y so lucky not workin huh, got bao by ur sugardad ah...gee..",732.3333155292918
481,Hi msg me:)i'm in office..,732.6541660285742
482,Thanx 4 e brownie it's v nice...,733.1337021689282
483,Geeeee ... I love you so much I can barely stand it,736.7489125517945
484,"Fuck babe ... I miss you already, you know ? Can't you let me send you some money towards your net ? I need you ... I want you ... I crave you ...",737.0686074298244
485,"Ill call u 2mrw at ninish, with my address that icky American freek wont stop callin me 2 bad Jen k eh?",737.8872005895792
486,Oooh bed ridden ey? What are YOU thinking of?,739.0195678991981
487,"So anyways, you can just go to your gym or whatever, my love *smiles* I hope your ok and having a good day babe ... I miss you so much already",741.1693134878458
488,Love it! Daddy will make you scream with pleasure! I am going to slap your ass with my dick!,741.9862104187343
489,WOT U WANNA DO THEN MISSY?,742.7876325866706
490,Yar lor wait 4 my mum 2 finish sch then have lunch lor... I whole morning stay at home clean my room now my room quite clean... Hee...,744.3954780674808
491,Do you know where my lab goggles went,745.0508462927928
492,Can you open the door?,746.5482360315696
493,Waiting for your call.,746.549483337173
494,Nope i waiting in sch 4 daddy...,750.1321262795161
495,"I'm tired of arguing with you about this week after week. Do what you want and from now on, i'll do the same.",750.3129803895653
496,Ü wait 4 me in sch i finish ard 5..,750.4047628029514
497,"Arngd marriage is while u r walkin unfortuntly a snake bites u. bt love marriage is dancing in frnt of d snake &amp; sayin Bite me, bite me.",751.4088133801191
498,Huh so early.. Then ü having dinner outside izzit?,751.8656595202381
499,Ok anyway no need to change with what you said,752.1546265538352
500,my ex-wife was not able to have kids. Do you want kids one day?,752.1768689971784
501,So how's scotland. Hope you are not over showing your JJC tendencies. Take care. Live the dream,753.3967247936467
502,Tell them u have a headache and just want to use 1 hour of sick time.,753.661752494062
503,"I dun thk i'll quit yet... Hmmm, can go jazz ? Yogasana oso can... We can go meet em after our lessons den...",753.929127981698
504,"""Pete can you please ring meive hardly gotany credit""",756.6886745701458
505,Ya srsly better than yi tho,757.2049256950647
506,"I'm in a meeting, call me later at",758.1597420757458
507,You still at grand prix?,759.6096160016302
508,"I met you as a stranger and choose you as my friend. As long as the world stands, our friendship never ends. Lets be Friends forever!!! Gud nitz...",760.242699547535
509,I am great! How are you?,760.3163136799323
510,Gud mrng dear have a nice day,763.1255496952754
511,Will do. Was exhausted on train this morning. Too much wine and pie. You sleep well too,765.6623547609746
512,I'm going out to buy mum's present ar.,766.6875564783994
513,Mind blastin.. No more Tsunamis will occur from now on.. Rajnikant stopped swimming in Indian Ocean..:-D,770.2891525461309
514,If u sending her home first it's ok lor. I'm not ready yet.,771.6177217033414
515,Speaking of does he have any cash yet?,778.9144119814486
516,Be happy there. I will come after noon,781.721345165335
517,Meet after lunch la...,785.0799896516022
518,TaKe CaRE n gET WeLL sOOn,785.6084685522751
519,what I meant to say is cant wait to see u again getting bored of this bridgwater banter,787.2457556407893
520,Neva mind it's ok..,787.2931652635864
521,"It's fine, imma get a drink or somethin. Want me to come find you?",787.5742295203014
522,Its a valentine game. . . Send dis msg to all ur friends. .. If 5 answers r d same then someone really loves u. Ques- which colour suits me the best?rply me,789.7498857493887
523,I have many dependents,790.7012864416156
524,THANX4 TODAY CER IT WAS NICE 2 CATCH UP BUT WE AVE 2 FIND MORE TIME MORE OFTEN OH WELL TAKE CARE C U SOON.C,795.4605284241487
525,I called and said all to him:)then he have to choose this future.,797.0829886383951
526,"""Happy valentines day"" I know its early but i have hundreds of handsomes and beauties to wish. So i thought to finish off aunties and uncles 1st...",799.0693273624188
527,He like not v shock leh. Cos telling shuhui is like telling leona also. Like dat almost all know liao. He got ask me abt ur reaction lor.,800.544915517079
528,For my family happiness..,803.0034304686646
529,I come n pick ü up... Come out immediately aft ur lesson...,804.160748911658
530,Let there be snow. Let there be snow. This kind of weather brings ppl together so friendships can grow.,807.900171056914
531,Dear we got  &lt;#&gt;  dollars hi hi,809.6910757232472
532,Good words.... But words may leave u in dismay many times.,812.2970689827381
533,MAKE SURE ALEX KNOWS HIS BIRTHDAY IS OVER IN FIFTEEN MINUTES AS FAR AS YOU'RE CONCERNED,819.2424535680198
534,"sorry, no, have got few things to do. may be in pub later.",819.933059626208
535,"Nah it's straight, if you can just bring bud or drinks or something that's actually a little more useful than straight cash",820.6330814442719
536,"Haha good to hear, I'm officially paid and on the market for an 8th",822.7098099219116
537,How many licks does it take to get to the center of a tootsie pop?,824.3340399817289
538,Yup i thk they r e teacher said that will make my face look longer. Darren ask me not 2 cut too short.,826.6174764066837
539,Please dont say like that. Hi hi hi,827.5677551671758
540,Thank u!,828.1351061349208
541,Oh that was a forwarded message. I thought you send that to me,829.2525942738474
542,Got it. Seventeen pounds for seven hundred ml – hope ok.,831.3384837818486
543,Me n him so funny...,831.4359093544825
544,"Sweetheart, hope you are not having that kind of day! Have one with loads of reasons to smile. Biola",832.5953344587394
545,When ü login dat time... Dad fetching ü home now?,834.5620824386885
546,"What will we do in the shower, baby?",835.9028740874636
547,I had askd u a question some hours before. Its answer,836.1232115060975
548,"Well imma definitely need to restock before thanksgiving, I'll let you know when I'm out",837.2055638658207
549,"said kiss, kiss, i can't do the sound effects! He is a gorgeous man isn't he! Kind of person who needs a smile to brighten his day!",838.9355118006881
550,Probably gonna swing by in a wee bit,846.7324903374642
551,Ya very nice. . .be ready on thursday,847.0382784131929
552,Allo! We have braved the buses and taken on the trains and triumphed. I mean we‘re in b‘ham. Have a jolly good rest of week,847.0584561687004
553,"Watching cartoon, listening music &amp; at eve had to go temple &amp; church.. What about u?",848.8080582487745
554,Do you mind if I ask what happened? You dont have to say if it is uncomfortable.,849.266490737162
555,No prob. I will send to your email.,849.5980696614741
556,Thats cool! Sometimes slow and gentle. Sonetimes rough and hard :),850.5772972832777
557,I'm gonna say no. Sorry. I would but as normal am starting to panic about time. Sorry again! Are you seeing on Tuesday?,850.7856515716486
558,"Wait, do you know if wesleys in town? I bet she does hella drugs!",850.8884612470059
559,Fine i miss you very much.,851.5101630246975
560,Did u got that persons story,854.6739568285113
561,Tell them the drug dealer's getting impatient,857.8976058360458
562,"Sun cant come to earth but send luv as rays. cloud cant come to river but send luv as rain. I cant come to meet U, but can send my care as msg to U. Gud evng",859.7941155530829
563,You will be in the place of that man,860.1482860872378
564,"It doesnt make sense to take it there unless its free. If you need to know more, wikipedia.com",860.8891440611173
565,"Under the sea, there lays a rock. In the rock, there is an envelope. In the envelope, there is a paper. On the paper, there are 3 words... '",864.9646768256065
566,Then mum's repent how?,868.2219754287898
567,Sorry me going home first... Daddy come fetch ü later...,868.3406130052196
568,Leave it de:-). Start Prepare for next:-)..,868.3665717488174
569,Yes baby! We can study all the positions of the kama sutra ;),874.8184831498345
570,En chikku nange bakra msg kalstiya..then had tea/coffee?,878.3592191474755
571,Carlos'll be here in a minute if you still need to buy,880.8690999552031
572,This pay is  &lt;DECIMAL&gt;  lakhs:),883.0352035462951
573,Have a good evening! Ttyl,887.7824376503038
574,Did u receive my msg?,888.6909526296848
575,Ho ho - big belly laugh! See ya tomo,890.1686544182357
576,"Ditto. And you won't have to worry about me saying ANYTHING to you anymore. Like i said last night, you do whatever you want and i'll do the same. Peace.",890.4035185802521
577,"I've got  &lt;#&gt; , any way I could pick up?",891.3064221872925
578,"I dont knw pa, i just drink milk..",895.6356726233503
579,Maybe?! Say hi to  and find out if  got his card. Great escape or wetherspoons?,898.7903216925445
580,"Piggy, r u awake? I bet u're still sleeping. I'm going 4 lunch now...",900.1090851028388
581,Cause I'm not freaky lol,900.3017139910933
582,Missed your call cause I was yelling at scrappy. Miss u. Can't wait for u to come home. I'm so lonely today.,903.883196336838
583,What is this 'hex' place you talk of? Explain!,905.019827162448
584,Ü log off 4 wat. It's sdryb8i,905.8384829187411
585,Is xy going 4 e lunch?,906.0074681801595
586,I wanted to ask ü to wait 4 me to finish lect. Cos my lect finishes in an hour anyway.,907.6402341173257
587,Have you finished work yet? :),909.5075335595172
588,"Every King Was Once A Crying Baby And Every Great Building Was Once A Map.. Not Imprtant Where U r TODAY, BUT Where U Wil Reach TOMORW. Gud ni8",913.2421448008985
589,"Dear,Me at cherthala.in case u r coming cochin pls call bfore u start.i shall also reach accordingly.or tell me which day u r coming.tmorow i am engaged ans its holiday.",915.0480486785272
590,Thanks love. But am i doing torch or bold.,917.3394248300233
591,Was the farm open?,918.4307949200924
592,"Sorry to trouble u again. Can buy 4d for my dad again? 1405, 1680, 1843. All 2 big 1 small, sat n sun. Thanx.",919.1044652207312
593,"My sister in law, hope you are having a great month. Just saying hey. Abiola",919.7165598532416
594,Will purchase d stuff today and mail to you. Do you have a po box number?,920.8614922150152
595,Ah poop. Looks like ill prob have to send in my laptop to get fixed cuz it has a gpu problem,923.0652695721545
596,Good. Good job. I like entrepreneurs,923.679744415133
597,"Aight, you close by or still down around alex's place?",927.1335080800909
598,meet you in corporation st outside gap … you can see how my mind is working!,927.5224273986352
599,Mum ask ü to buy food home...,927.9989556098159
600,K..u also dont msg or reply to his msg..,930.663327396763
601,How much r ü willing to pay?,934.4034577365777
602,"Sorry, I'll call later",934.6611020574222
603,What is important is that you prevent dehydration by giving her enough fluids,937.0177982719595
604,"Thats a bit weird, even ?- where is the do supposed to be happening? But good idea, sure they will be in pub!",938.414308607696
605,True dear..i sat to pray evening and felt so.so i sms'd you in some time...,940.1393140642899
606,"I don't think I can get away for a trek that long with family in town, sorry",941.344636539136
607,So when do you wanna gym harri,942.796524387929
608,Quite late lar... Ard 12 anyway i wun b drivin...,948.640505100096
609,"Height of Confidence: All the Aeronautics professors wer calld &amp; they wer askd 2 sit in an aeroplane. Aftr they sat they wer told dat the plane ws made by their students. Dey all hurried out of d plane.. Bt only 1 didnt move... He said:""if it is made by my students,this wont even start........ Datz confidence..",949.3404447071835
610,It just seems like weird timing that the night that all you and g want is for me to come smoke is the same day as when a shitstorm is attributed to me always coming over and making everyone smoke,955.5168170235528
611,"Save yourself the stress. If the person has a dorm account, just send your account details and the money will be sent to you.",957.1950864557633
612,He also knows about lunch menu only da. . I know,958.3945617738199
613,When i have stuff to sell i.ll tell you,959.1884617304792
614,Book which lesson? then you msg me... I will call up after work or sth... I'm going to get specs. My membership is PX3748,960.7146199356037
615,Macha dont feel upset.i can assume your mindset.believe me one evening with me and i have some wonderful plans for both of us.LET LIFE BEGIN AGAIN.call me anytime,961.7686522550421
616,Oh is it? Send me the address,963.6506543668016
617,S'fine. Anytime. All the best with it.,965.7815738558177
618,That is wondar full flim.,972.3096973512382
619,Ya even those cookies have jelly on them,972.4136478916575
620,"The world is running and i am still.maybe all are feeling the same,so be it.or i have to admit,i am mad.then where is the correction?or let me call this is life.and keep running with the world,may be u r also running.lets run.",974.4797577783727
621,Got it! It looks scrumptious... daddy wants to eat you all night long!,975.25993434279
622,Of cos can lar i'm not so ba dao ok... 1 pm lor... Y u never ask where we go ah... I said u would ask on fri but he said u will ask today...,978.3045217479751
623,"Alright omw, gotta change my order to a half8th",978.5757793774574
624,Exactly. Anyways how far. Is jide her to study or just visiting,979.9725166277193
625,Dunno y u ask me.,980.7373649909895
626,No he didn't. Spring is coming early yay!,980.9830169429002
627,Lol you won't feel bad when I use her money to take you out to a steak dinner =D,981.8143167767203
628,Even u dont get in trouble while convincing..just tel him once or twice and just tel neglect his msgs dont c and read it..just dont reply,981.8997459647973
629,Leaving to qatar tonite in search of an opportunity.all went fast.pls add me in ur prayers dear.Rakhesh,981.9009200460766
630,Then why no one talking to me,984.0384085678699
631,Thanks for looking out for me. I really appreciate.,986.8521030705733
632,Wish i were with you now!,987.0429035027645
633,Haha mayb u're rite... U know me well. Da feeling of being liked by someone is gd lor. U faster go find one then all gals in our group attached liao.,988.2638386416273
634,Yes i will be there. Glad you made it.,988.9341763654927
635,Do well :)all will for little time. Thing of good times ahead:,989.2142262158503
636,Just got up. have to be out of the room very soon. …. i hadn't put the clocks back til at 8 i shouted at everyone to get up and then realised it was 7. wahay. another hour in bed.,989.668153155476
637,Ok. There may be a free gym about.,993.8587598929043
638,Men like shorter ladies. Gaze up into his eyes.,994.8629383753872
639,Dunno he jus say go lido. Same time 930.,997.8765266728502
640,"I promise to take good care of you, princess. I have to run now. Please send pics when you get a chance. Ttyl!",999.8616752448553
641,Is there a reason we've not spoken this year? Anyways have a great week and all the best in your exam,1000.1409610973814
642,By monday next week. Give me the full gist,1000.6280841624931
643,Dont gimme that lip caveboy,1002.4981133267328
644,When did you get to the library,1002.5908445724682
645,Realy sorry-i don't recognise this number and am now confused :) who r u please?!,1003.2921983071603
646,So why didnt you holla?,1008.8976550026969
647,Cant think of anyone with * spare room off * top of my head,1009.8807775473605
648,"Faith makes things possible,Hope makes things work,Love makes things beautiful,May you have all three this Christmas!Merry Christmas!",1010.1024653610225
649,U should have made an appointment,1010.1975953469275
650,"Call me when you/carlos is/are here, my phone's vibrate is acting up and I might not hear texts",1010.3562282364173
651,"We are at grandmas. Oh dear, u still ill? I felt Shit this morning but i think i am just hungover! Another night then. We leave on sat.",1011.5749289745794
652,Nothing but we jus tot u would ask cos u ba gua... But we went mt faber yest... Yest jus went out already mah so today not going out... Jus call lor...,1014.1644587288807
653,"Wishing you and your family Merry ""X"" mas and HAPPY NEW Year in advance..",1014.8927777539707
654,"I'm nt goin, got somethin on, unless they meetin 4 dinner lor... Haha, i wonder who will go tis time...",1018.1058784871839
655,"Sorry, I'll call later",1019.2352554598267
656,I cant pick the phone right now. Pls send a message,1023.9151263108246
657,Lol I know! They're so dramatic. Schools already closed for tomorrow. Apparently we can't drive in the inch of snow were supposed to get.,1024.319145107628
658,Not getting anywhere with this damn job hunting over here!,1026.5041467282354
659,Lol! U drunkard! Just doing my hair at d moment. Yeah still up 4 tonight. Wats the plan?,1027.4400382829335
660,"idc get over here, you are not weaseling your way out of this shit twice in a row",1031.9264842610037
661,I wil be there with in  &lt;#&gt;  minutes. Got any space,1032.1881408016113
662,Just sleeping..and surfing,1033.5520680586749
663,Thanks for picking up the trash.,1033.904565609029
664,Why don't you go tell your friend you're not sure you want to live with him because he smokes too much then spend hours begging him to come smoke,1035.3487288501833
665,"""Hi its Kate it was lovely to see you tonight and ill phone you tomorrow. I got to sing and a guy gave me his card! xxx""",1035.4609392934908
666,Happy New year my dear brother. I really do miss you. Just got your number and decided to send you this text wishing you only happiness. Abiola,1036.0057131570622
667,That means get the door,1038.3822689612355
668,Your opinion about me? 1. Over 2. Jada 3. Kusruthi 4. Lovable 5. Silent 6. Spl character 7. Not matured 8. Stylish 9. Simple Pls reply..,1038.4604850069293
669,"Hmmm ... I thought we said 2 hours slave, not 3 ... You are late ... How should I punish you ?",1040.4458331912406
670,Beerage?,1040.5099426482714
671,Dont think so. It turns off like randomlly within 5min of opening,1043.0284409587755
672,"She was supposed to be but couldn't make it, she's still in town though",1043.3706283724985
673,It does it on its own. Most of the time it fixes my spelling. But sometimes it gets a completely diff word. Go figure,1044.244248810111
674,Gud mrng dear hav a nice day,1044.9701062292945
675,This is hoping you enjoyed your game yesterday. Sorry i've not been in touch but pls know that you are fondly bein thot off. Have a great week. Abiola,1046.4319772362562
676,All e best 4 ur driving tmr :-),1053.9639203614463
677,Y?WHERE U AT DOGBREATH? ITS JUST SOUNDING LIKE JAN C THATS AL!!!!!!!!!,1056.3972855028403
678,Omg I want to scream. I weighed myself and I lost more weight! Woohoo!,1059.9743811897079
679,There generally isn't one. It's an uncountable noun - u in the dictionary. pieces of research?,1060.008176035107
680,it's really getting me down just hanging around.,1060.187333893888
681,"""Petey boy whereare you me and all your friendsare in theKingshead come down if you canlove Nic""",1061.2105216619325
682,Ok i msg u b4 i leave my house.,1061.4372470134401
683,"""Gimme a few"" was  &lt;#&gt;  minutes ago",1062.2108010574077
684,Appt is at &lt;TIME&gt; am. Not my fault u don't listen. I told u twice,1062.8637163835926
685,K I'll be there before 4.,1062.9229762923378
686,I dled 3d its very imp,1063.2713387557853
687,"sure, but make sure he knows we ain't smokin yet",1065.496568734279
688,Boooo you always work. Just quit.,1066.0249722037888
689,I am taking half day leave bec i am not well,1067.2874557093583
690,Ugh I don't wanna get out of bed. It's so warm.,1068.393554815514
691,S:)s.nervous  &lt;#&gt; :),1068.439488146803
692,So there's a ring that comes with the guys costumes. It's there so they can gift their future yowifes. Hint hint,1070.3895637497012
693,I borrow ur bag ok.,1070.7821816888945
694,Where's my boytoy? I miss you ... What happened?,1071.7046325653134
695,"He has lots of used ones babe, but the model doesn't help. Youi have to bring it over and he'll match it up",1073.7770805193309
696,Also are you bringing galileo or dobby,1075.8826735453436
697,Then why you not responding,1076.1693169175935
698,"""BOO BABE! U ENJOYIN YOURJOB? U SEEMED 2 B GETTIN ON WELL HUNNY!HOPE URE OK?TAKE CARE & ILLSPEAK 2U SOONLOTS OF LOVEME XXXX.""",1078.2395409600776
699,Good afternoon starshine! How's my boytoy? Does he crave me yet? Ache to fuck me ? *sips cappuccino* I miss you babe *teasing kiss*,1078.2548751536735
700,On the road so cant txt,1081.0185675893792
701,Have a good evening! Ttyl,1081.4891124989158
702,Hmm .. Bits and pieces lol ... *sighs* ...,1082.516068192188
703,Hahaha..use your brain dear,1083.1458123747002
704,Hey. You got any mail?,1084.058771114167
705,"Sorry light turned green, I meant another friend wanted  &lt;#&gt;  worth but he may not be around",1086.798206974706
706,Thanks for yesterday sir. You have been wonderful. Hope you enjoyed the burial. MojiBiola,1088.6203691996025
707,Hi mate its RV did u hav a nice hol just a message 3 say hello coz havent sent u 1 in ages started driving so stay off roads!RVx,1090.6229808464443
708,"Thank you so much. When we skyped wit kz and sura, we didnt get the pleasure of your company. Hope you are good. We've given you ultimatum oh! We are countin down to aburo. Enjoy! This is the message i sent days ago",1091.8561452139038
709,Surely result will offer:),1095.804577883591
710,Good Morning my Dear........... Have a great &amp; successful day.,1097.0328297072601
711,"Sir, I have been late in paying rent for the past few months and had to pay a $ &lt;#&gt;  charge. I felt it would be inconsiderate of me to nag about something you give at great cost to yourself and that's why i didnt speak up. I however am in a recession and wont be able to pay the charge this month hence my askin well ahead of month's end. Can you please help. Thanks",1098.622743001166
712,I luv u soo much u dont understand how special u r 2 me ring u 2morrow luv u xxx,1100.7903811323522
713,"Pls send me a comprehensive mail about who i'm paying, when and how much.",1100.8423542055111
714,Our Prashanthettan's mother passed away last night. pray for her and family.,1100.9706348792076
715,K.k:)when are you going?,1103.2866427261552
716,Meanwhile in the shit suite: xavier decided to give us  &lt;#&gt;  seconds of warning that samantha was coming over and is playing jay's guitar to impress her or some shit. Also I don't think doug realizes I don't live here anymore,1103.4424597931293
717,My stomach has been thru so much trauma I swear I just can't eat. I better lose weight.,1104.575084242953
718,I am in office:)whats the matter..msg me now.i will call you at break:).,1104.6169373669486
719,"Yeah there's barely enough room for the two of us, x has too many fucking shoes. Sorry man, see you later",1105.2165342810697
720,U reach orchard already? U wan 2 go buy tickets first?,1105.3112694016831
721,"I am real, baby! I want to bring out your inner tigress...",1105.4632201306988
722,No da if you run that it activate the full version da.,1105.8874833082175
723,"""AH POOR BABY!HOPE URFEELING BETTERSN LUV! PROBTHAT OVERDOSE OF WORK HEY GO CAREFUL SPK 2 U SN LOTS OF LOVEJEN XXX.""",1106.2351086158026
724,Stop the story. I've told him i've returned it and he's saying i should not re order it.,1106.6482708677115
725,Going to take your babe out ?,1109.2588832554927
726,Hai ana tomarrow am coming on morning.  &lt;DECIMAL&gt;  ill be there in sathy then we ll go to RTO office. Reply me after came to home.,1110.4050677407774
727,Spoons it is then okay?,1114.286616615047
728,Did he just say somebody is named tampa,1114.5016528262527
729,In work now. Going have in few min.,1119.4719478503307
730,Your brother is a genius,1120.368095113548
731,"Sorry, I guess whenever I can get a hold of my connections, maybe an hour or two? I'll text you",1120.534739654357
732,Did u find out what time the bus is at coz i need to sort some stuff out.,1123.0552580105173
733,Dude ive been seeing a lotta corvettes lately,1124.5535081420862
734,"Same here, but I consider walls and bunkers and shit important just because I never play on peaceful but I guess your place is high enough that it don't matter",1125.1764322299853
735,"Well am officially in a philosophical hole, so if u wanna call am at home ready to be saved!",1129.1720143879431
736,Its going good...no problem..but still need little experience to understand american customer voice...,1131.2535339051967
737,I'll text you when I drop x off,1132.8070887832484
738,Ugh its been a long day. I'm exhausted. Just want to cuddle up and take a nap,1133.7797073326803
739,Talk With Yourself Atleast Once In A Day...!!! Otherwise You Will Miss Your Best FRIEND In This WORLD...!!! -Shakespeare- SHESIL  &lt;#&gt;,1137.0673880750364
740,Are you in castor? You need to see something,1137.7362878625322
741,"see, i knew giving you a break a few times woul lead to you always wanting to miss curfew. I was gonna gibe you 'til one, but a MIDNIGHT movie is not gonna get out til after 2. You need to come home. You need to getsleep and, if anything, you need to b studdying ear training.",1139.5205800145843
742,I love to give massages. I use lots of baby oil... What is your fave position?,1140.9202743651103
743,Dude we should go sup again,1141.0336388360531
744,Yoyyooo u know how to change permissions for a drive in mac. My usb flash drive,1142.198778583389
745,Gibbs unsold.mike hussey,1143.1532901130986
746,I like to talk pa but am not able to. I dont know y.,1143.3668701378742
747,Y dun cut too short leh. U dun like ah? She failed. She's quite sad.,1144.0474635091985
748,You unbelievable faglord,1144.6341018666274
749,Wife.how she knew the time of murder exactly,1144.7407094900668
750,Why do you ask princess?,1145.0860632650808
751,I am great princess! What are you thinking about me? :),1145.894128645877
752,Nutter. Cutter. Ctter. Cttergg. Cttargg. Ctargg. Ctagg. ie you,1146.8648078797366
753,It's ok i noe u're busy but i'm really too bored so i msg u. I oso dunno wat colour she choose 4 me one.,1147.7239895005835
754,Doesn't g have class early tomorrow and thus shouldn't be trying to smoke at  &lt;#&gt;,1148.482757741013
755,"Superb Thought- ""Be grateful that u dont have everything u want. That means u still have an opportunity to be happier tomorrow than u are today."":-)",1149.7445282646825
756,Hope you are having a good week. Just checking in,1150.7978008697007
757,"I'm used to it. I just hope my agents don't drop me since i've only booked a few things this year. This whole me in boston, them in nyc was an experiment.",1153.6093219262002
758,"Thursday night? Yeah, sure thing, we'll work it out then",1155.7835960894827
759,Probably money worries. Things are coming due and i have several outstanding invoices for work i did two and three months ago.,1157.3977293824566
760,How is it possible to teach you. And where.,1157.82098609366
761,"I wonder if your phone battery went dead ? I had to tell you, I love you babe",1158.8977858524127
762,Lovely smell on this bus and it ain't tobacco...,1159.1626230972083
763,"We're all getting worried over here, derek and taylor have already assumed the worst",1159.1747901563267
764,Hey what's up charles sorry about the late reply.,1159.973828606
765,I.ll give her once i have it. Plus she said grinule greet you whenever we speak,1160.823282787046
766,WHITE FUDGE OREOS ARE IN STORES,1162.6035488187904
767,My love ! How come it took you so long to leave for Zaher's? I got your words on ym and was happy to see them but was sad you had left. I miss you,1162.909273724699
768,I am sorry it hurt you.,1164.3524155885943
769,Can't. I feel nauseous. I'm so pissed. I didn't eat any sweets all week cause today I was planning to pig out. I was dieting all week. And now I'm not hungry :/,1164.7735621328216
770,Ok lor but not too early. Me still having project meeting now.,1165.442399105523
771,"Call me da, i am waiting for your call.",1165.6665584013774
772,I could ask carlos if we could get more if anybody else can chip in,1165.9801975314163
773,Was actually about to send you a reminder today. Have a wonderful weekend,1167.3726100383587
774,"When people see my msgs, They think Iam addicted to msging... They are wrong, Bcoz They don\'t know that Iam addicted to my sweet Friends..!! BSLVYL",1167.3731195793287
775,Hey you gave them your photo when you registered for driving ah? Tmr wanna meet at yck?,1168.557897167148
776,Dont talk to him ever ok its my word.,1170.938514195929
777,When u wana see it then,1171.4040777857526
778,On ma way to school. Can you pls send me ashley's number,1172.418079706087
779,It shall be fine. I have avalarr now. Will hollalater,1175.0759948280127
780,She went to attend another two rounds today..but still did't reach home..,1177.9027679246715
781,Actually i deleted my old website..now i m blogging at magicalsongs.blogspot.com,1178.2111398986992
782,"K, wait chikku..il send aftr  &lt;#&gt; mins",1179.1794256512103
783,But I'm on a diet. And I ate 1 too many slices of pizza yesterday. Ugh I'm ALWAYS on a diet.,1181.930535970369
784,K:)i will give my kvb acc details:),1181.9612975272653
785,Oh all have to come ah?,1183.581325082063
786,I'm really sorry i won't b able 2 do this friday.hope u can find an alternative.hope yr term's going ok:-),1190.2365666849782
787,Congratulations ore mo owo re wa. Enjoy it and i wish you many happy moments to and fro wherever you go,1191.5546517208174
788,So do you have samus shoulders yet,1197.7462832227088
789,What time you think you'll have it? Need to know when I should be near campus,1201.6493835801875
790,Then dun wear jeans lor...,1205.0807410391303
791,"Since when, which side, any fever, any vomitin.",1206.3315834533782
792,K:)k.are you in college?,1207.1976245162573
793,Better. Made up for Friday and stuffed myself like a pig yesterday. Now I feel bleh. But at least its not writhing pain kind of bleh.,1208.0201736078143
794,No we sell it all so we'll have tons if coins. Then sell our coins to someone thru paypal. Voila! Money back in life pockets:),1210.7598922633222
795,Theyre doing it to lots of places. Only hospitals and medical places are safe.,1211.6578982917404
796,And also I've sorta blown him off a couple times recently so id rather not text him out of the blue looking for weed,1212.0751167173512
797,"I sent my scores to sophas and i had to do secondary application for a few schools. I think if you are thinking of applying, do a research on cost also. Contact joke ogunrinde, her school is one me the less expensive ones",1212.2419636591471
798,I cant wait to see you! How were the photos were useful? :),1212.369325839471
799,Hey i booked the kb on sat already... what other lessons are we going for ah? Keep your sat night free we need to meet and confirm our lodging,1216.0499663007568
800,Chk in ur belovd ms dict,1216.2773696872346
801,Is that what time you want me to come?,1218.5303687451806
802,"Awesome, lemme know whenever you're around",1221.5743141209987
803,Shb b ok lor... Thanx...,1222.900394971215
804,"Beautiful Truth against Gravity.. Read carefully: ""Our heart feels light when someone is in it.. But it feels very heavy when someone leaves it.."" GOOD NIGHT",1223.8756236685056
805,Also remember to get dobby's bowl from your car,1233.555453275264
806,Sorry i now then c ur msg... Yar lor so poor thing... But only 4 one night... Tmr u'll have a brand new room 2 sleep in...,1237.7160522354784
807,"Love isn't a decision, it's a feeling. If we could decide who to love, then, life would be much simpler, but then less magical",1241.1611979585878
808,Welp apparently he retired,1242.5352992508422
809,My sort code is  and acc no is . The bank is natwest. Can you reply to confirm i've sent this to the right person!,1242.6803577402557
810,Where @,1242.8313040393275
811,U sure u can't take any sick time?,1243.1342851437882
812,"Watching cartoon, listening music &amp; at eve had to go temple &amp; church.. What about u?",1246.1440235821158
813,Yo chad which gymnastics class do you wanna take? The site says Christians class is full..,1248.9167631372227
814,Are you this much buzy,1249.5156748244124
815,Or better still can you catch her and let ask her if she can sell  &lt;#&gt;  for me.,1253.3752695435378
816,I am not sure about night menu. . . I know only about noon menu,1255.9455466076931
817,What do u want when i come back?.a beautiful necklace as a token of my heart for you.thats what i will give but ONLY to MY WIFE OF MY LIKING.BE THAT AND SEE..NO ONE can give you that.dont call me.i will wait till i come.,1256.092106938041
818,Are you willing to go for aptitude class.,1256.4852292484945
819,"It wont b until 2.15 as trying 2 sort house out, is that ok?",1258.935314072322
820,"Yar lor he wan 2 go c horse racing today mah, so eat earlier lor. I ate chicken rice. U?",1259.1062442631442
821,"Haha awesome, omw back now then",1260.2871743119224
822,Yup i thk so until e shop closes lor.,1261.3554639222666
823,what is your account number?,1265.058454299937
824,Eh u send wrongly lar...,1265.5396899223963
825,Hey no I ad a crap nite was borin without ya 2 boggy with me u boring biatch! Thanx but u wait til nxt time il ave ya,1267.3184381069316
826,Ok i shall talk to him,1267.8675832725264
827,Dont hesitate. You know this is the second time she has had weakness like that. So keep i notebook of what she eat and did the day before or if anything changed the day before so that we can be sure its nothing,1269.411222652969
828,Hey you can pay. With salary de. Only  &lt;#&gt; .,1270.624979731114
829,Another month. I need chocolate weed and alcohol.,1270.905821057376
830,If he started searching he will get job in few days.he have great potential and talent.,1272.569366275501
831,Reckon need to be in town by eightish to walk from * carpark.,1272.9267276058931
832,LOOK AT THE FUCKIN TIME. WHAT THE FUCK YOU THINK IS UP,1275.1885866223465
833,Yo guess what I just dropped,1277.1488703131847
834,Carlos says he'll be at mu in  &lt;#&gt;  minutes,1278.0278801286995
835,I'm in office now . I will call you  &lt;#&gt;  min:),1278.5575454555337
836,"Geeee ... I miss you already, you know ? Your all I can think about. Fuck, I can't wait till next year when we will be together ... *loving kiss*",1279.1049954395323
837,"Yun ah.the ubi one say if ü wan call by tomorrow.call 67441233 look for irene.ere only got bus8,22,65,61,66,382. Ubi cres,ubi tech park.6ph for 1st 5wkg days.èn",1279.2174009424425
838,Ugh. Gotta drive back to sd from la. My butt is sore.,1279.455660761571
839,26th OF JULY,1280.9960461391127
840,Hi im having the most relaxing time ever! we have to get up at 7am every day! was the party good the other night? I get home tomorrow at 5ish.,1284.769331880025
841,Up to ü... Ü wan come then come lor... But i din c any stripes skirt...,1286.7111926053444
842,The Xmas story is peace.. The Xmas msg is love.. The Xmas miracle is jesus.. Hav a blessed month ahead &amp; wish U Merry Xmas...,1290.0402528642533
843,"I can't, I don't have her number!",1290.887960136485
844,Change again... It's e one next to escalator...,1291.3460209157868
845,Yetunde i'm in class can you not run water on it to make it ok. Pls now.,1292.1912748770453
846,Not a lot has happened here. Feels very quiet. Beth is at her aunts and charlie is working lots. Just me and helen in at the mo. How have you been?,1292.5080289497878
847,Then ü wait 4 me at bus stop aft ur lect lar. If i dun c ü then i go get my car then come back n pick ü.,1292.9119985490136
848,"Aight will do, thanks again for comin out",1294.5971229730267
849,No..but heard abt tat..,1295.1345014796127
850,Yes..he is really great..bhaji told kallis best cricketer after sachin in world:).very tough to get out.,1299.7951877843695
851,&lt;#&gt;  am I think? Should say on syllabus,1301.8658652214806
852,Umma. Did she say anything,1302.8982254177379
853,Give me a sec to think think about it,1302.9504511539944
854,I don't quite know what to do. I still can't get hold of anyone. I cud pick you up bout 7.30pm and we can see if they're in the pub?,1303.4542744359967
855,"Poyyarikatur,kolathupalayam,unjalur post,erode dis, &lt;#&gt; .",1307.0968503379331
856,"Dear Hero,i am leaving to qatar tonite for an apt opportunity.pls do keep in touch at  &lt;EMAIL&gt; ,kerala",1308.798665806583
857,Lol I would but my mom would have a fit and tell the whole family how crazy and terrible I am,1309.5978461328789
858,"I just got home babe, are you still awake ?",1310.1853082086213
859,I dunno they close oredi not... Ü v ma fan...,1310.8137954412966
860,Just buy a pizza. Meat lovers or supreme. U get to pick.,1311.583691459145
861,"Ya, told..she was asking wats matter?",1313.4147487185157
862,"Dear,regret i cudnt pick call.drove down frm ctla now at cochin home.left mobile in car..ente style ishtamayoo?happy bakrid!",1315.173405104793
863,Shall i send that exe to your mail id.,1315.2361891054077
864,Nope watching tv at home... Not going out. V bored...,1316.2466794538757
865,Don know..wait i will check it.,1316.9568389655321
866,"Good afternoon on this glorious anniversary day, my sweet J !! I hope this finds you happy and content, my Prey. I think of you and send a teasing kiss from across the sea coaxing images of fond souveniers ... You Cougar-Pen",1318.0864822989768
867,We still on for tonight?,1318.60808054106
868,May i call You later Pls,1323.9803728928603
869,Hasn't that been the pattern recently crap weekends?,1324.1580561848511
870,I have a sore throat. It's scratches when I talk,1333.1373177157745
871,Yes da. Any plm at ur office,1335.1166618789869
872,Are you not around or just still asleep? :V,1337.5776726678241
873,"Lol you forgot it eh ? Yes, I'll bring it in babe",1338.4111578712452
874,"Its good, we'll find a way",1339.5037869563964
875,Can not use foreign stamps in this country. Good lecture .,1339.7714861000734
876,Yup bathe liao...,1340.156581359723
877,HAPPY NEW YEAR MY NO.1 MAN,1340.4097313701777
878,"OH MR SHEFFIELD! You wanna play THAT game, okay. You're the boss and I'm the nanny. You give me a raise and I'll give YOU one!!",1341.388324259674
879,ZOE IT JUST HIT ME 2 IM FUCKING SHITIN MYSELF IL DEFO TRY MY HARDEST 2 CUM 2MOROW LUV U MILLIONS LEKDOG,1341.7555233196827
880,"Hello baby, did you get back to your mom's ? Are you setting up the computer now ? Filling your belly ? How goes it loverboy ? I miss you already ... *sighs*",1342.9438029351093
881,"No my blankets are sufficient, thx",1343.3970527549168
882,"naughty little thought: 'its better to flirt, flirt n flirt, rather than loving someone n gettin hurt, hurt n hurt...:-) Gud nyt",1345.366880204268
883,"Edison has rightly said, ""A fool can ask more questions than a wise man can answer"" Now you know why all of us are speechless during ViVa.. GM,GN,GE,GNT:-)",1345.3766414802367
884,They just talking thats it de. They wont any other.,1349.1487150420774
885,Today am going to college so am not able to atten the class.,1349.2928742820675
886,I'm in class. Will holla later,1351.6091434419138
887,Easy ah?sen got selected means its good..,1353.6933624399965
888,Mmm thats better now i got a roast down me! id b better if i had a few drinks down me 2! Good indian?,1354.0419835259265
889,"Come round, it's .",1354.8022994043167
890,"Do 1 thing! Change that sentence into: ""Because i want 2 concentrate in my educational career im leaving here..""",1356.2041955609639
891,I walked an hour 2 c u! doesnt that show I care y wont u believe im serious?,1357.2865345059924
892,Are you available for soiree on June 3rd?,1357.5254857196126
893,Do u noe wat time e place dat sells 4d closes?,1359.4023502804098
894,"I got another job! The one at the hospital doing data analysis or something, starts on monday! Not sure when my thesis will got finished",1359.8064884547305
895,Jay's getting really impatient and belligerent,1360.1331115807725
896,HIYA COMIN 2 BRISTOL 1 ST WEEK IN APRIL. LES GOT OFF + RUDI ON NEW YRS EVE BUT I WAS SNORING.THEY WERE DRUNK! U BAK AT COLLEGE YET? MY WORK SENDS INK 2 BATH.,1361.203982849025
897,I'm at work. Please call,1361.3506068327513
898,Then u drive lor.,1362.5998424638387
899,Ard 515 like dat. Y?,1363.0770152997084
900,Tell me they're female :V how're you throwing in? We're deciding what all to get now,1367.2064693270306
901,I'm working technical support :)voice process.networking field.,1367.2782143163602
902,I might come to kerala for 2 days.so you can be prepared to take a leave once i finalise .dont plan any travel during my visit.need to finish urgent works.,1367.3878678059784
903,Ok. Not sure what time tho as not sure if can get to library before class. Will try. See you at some point! Have good eve.,1367.7906464639427
904,"That's fine, I'll bitch at you about it later then",1368.846915094858
905,No my mum went 2 dentist.,1373.9993648163222
906,Once free call me sir. I am waiting for you.,1374.3567341875703
907,Meeting u is my work. . . Tel me when shall i do my work tomorrow,1374.4423288500498
908,Jus finish bathing...,1374.5426128197794
909,"alright, I'll make sure the car is back tonight",1375.7295772936727
910,Lul im gettin some juicy gossip at the hospital. Two nurses are talking about how fat they are gettin. And one thinks shes obese. Oyea.,1378.1802507328737
911,Aight ill get on fb in a couple minutes,1380.2677294323732
912,Oi. Ami parchi na re. Kicchu kaaj korte iccha korche na. Phone ta tul na. Plz. Plz.,1380.7996760245157
913,Where can download clear movies. Dvd copies.,1381.4931227730892
914,"Yep, by the pretty sculpture",1381.5678611028686
915,Convey my regards to him,1381.9426107722534
916,Me too watching surya movie only. . .after 6 pm vijay movie POKKIRI,1382.7870651626874
917,You tell what happen dont behave like this to me. Ok no need to say,1382.803788629485
918,Can u get pic msgs to your phone?,1382.8081137847335
919,Send to someone else :-),1382.9940437996256
920,Wat makes some people dearer is not just de happiness dat u feel when u meet them but de pain u feel when u miss dem!!!,1383.2693019363371
921,For me the love should start with attraction.i should feel that I need her every time around me.she should be the first thing which comes in my thoughts.I would start the day and end it with her.she should be there every time I dream.love will be then when my every breath has her name.my life should happen around her.my life will be named to her.I would cry for her.will give all my happiness and take all her sorrows.I will be ready to fight with anyone for her.I will be in love when I will be doing the craziest things for her.love will be when I don't have to proove anyone that my girl is the most beautiful lady on the whole planet.I will always be singing praises for her.love will be when I start up making chicken curry and end up makiing sambar.life will be the most beautiful then.will get every morning and thank god for the day because she is with me.I would like to say a lot..will tell later..,1384.2983099985133
922,"FR'NDSHIP is like a needle of a clock. Though V r in d same clock, V r nt able 2 met. Evn if V meet,itz only 4few seconds. Bt V alwys stay conected. Gud 9t;-)",1384.840493119704
923,I don't think he has spatula hands!,1384.9391229616622
924,You can never do NOTHING,1388.698966795313
925,Goodmorning today i am late for  &lt;DECIMAL&gt; min.,1389.754221914345
926,Please da call me any mistake from my side sorry da. Pls da goto doctor.,1391.7510717567056
927,Where r we meeting?,1392.308563281439
928,"Well the weather in cali's great. But its complexities are great. You need a car to move freely, its taxes are outrageous. But all in all its a great place. The sad part is i missing home.",1394.0661695123447
929,Now only i reached home. . . I am very tired now. . I will come tomorro,1396.3822104353421
930,Ryder unsold.now gibbs.,1398.4039043233586
931,Don't fret. I'll buy the ovulation test strips and send them to you. You wont get them til like march. Can you send me your postal address.u'll be alright.Okay.,1399.5430959473204
932,NO GIFTS!! You trying to get me to throw myself off a cliff or something?,1404.8463606766686
933,Been up to ne thing interesting. Did you have a good birthday? When are u wrking nxt? I started uni today.,1405.8229617325578
934,You busy or can I come by at some point and figure out what we're doing tomorrow,1406.7801935541215
935,"Yeah go on then, bored and depressed sittin waitin for phone to ring... Hope the wind drops though, scary",1407.2753137434527
936,Black shirt n blue jeans... I thk i c ü...,1407.9511037926854
937,Aiyah sorry lor... I watch tv watch until i forgot 2 check my phone.,1409.1925341450883
938,on hen night. Going with a swing,1410.2033751565236
939,"Good afternoon, my love. How goes your day ? What are you up to ? I woke early and am online waiting for you ... Hmmm ... Italian boy is online I see . *grins*",1410.2886525893116
940,From someone not to smoke when every time I've smoked in the last two weeks is because of you calling or texting me that you wanted to smoke,1411.5292113091987
941,No you'll just get a headache trying to figure it out. U can trust me to do the math. I promise. O:-),1414.3154002982835
942,S s..first time..dhoni rocks...,1416.7932888553887
943,Ok ill tell the company,1417.0828361917318
944,"Awesome, think we can get an 8th at usf some time tonight?",1417.3594922816485
945,So that means you still think of teju,1417.8668248267886
946,"No I'm good for the movie, is it ok if I leave in an hourish?",1418.6874099204636
947,No no:)this is kallis home ground.amla home town is durban:),1419.1236364302972
948,So lets make it saturday or monday as per convenience.,1419.639517140873
949,Hey... What time is your driving on fri? We go for evaluation on fri?,1420.6325495130286
950,I'm going 4 lunch now wif my family then aft dat i go str 2 orchard lor.,1420.6482254089804
951,Cancel cheyyamo?and get some money back?,1422.9697626598463
952,Ok.ok ok..then..whats ur todays plan,1423.429627068479
953,Good morning princess! How are you?,1424.3221902953162
954,Aiyar sorry lor forgot 2 tell u...,1426.0756791511121
955,Not tonight mate. Catching up on some sleep. This is my new number by the way.,1428.3410791032686
956,"Height of ""Oh shit....!!"" situation: A guy throws a luv letter on a gal but falls on her brothers head whos a gay,.;-):-D",1429.4331861655387
957,"So check your errors and if you had difficulties, do correction.",1430.0737647467595
958,Howz pain?hope u r fine..,1436.7491713853751
959,"Sorry, I'll call later",1439.9728029942992
960,Good morning princess! How are you?,1445.2843545078324
961,"As I entered my cabin my PA said, '' Happy B'day Boss !!''. I felt special. She askd me 4 lunch. After lunch she invited me to her apartment. We went there.",1445.353459387401
962,U wake up already? Thanx 4 e tau sar piah it's quite nice.,1445.571579248071
963,K do I need a login or anything,1445.8902570509897
964,LOL ... No just was busy,1446.0003585514598
965,What * u wearing?,1446.4431283385861
966,Message:some text missing* Sender:Name Missing* *Number Missing *Sent:Date missing *Missing U a lot thats y everything is missing sent via fullonsms.com,1450.1622467062043
967,Oh:)as usual vijay film or its different?,1454.4747121640964
968,Have you had a good day? Mine was really busy are you up to much tomorrow night?,1458.3725456811733
969,And is there a way you can send shade's stuff to her. And she has been wonderful too.,1458.9217327867811
970,Really... I tot ur paper ended long ago... But wat u copied jus now got use? U happy lar... I still haf 2 study :-(,1459.154376754273
971,Babe ? I lost you ... :-(,1462.3947163511195
972,Ok... Help me ask if she's working tmr a not?,1462.544561562077
973,I'm not driving... Raining! Then i'll get caught at e mrt station lor.,1466.1959762799688
974,Not a drop in the tank,1466.3232697125122
975,(That said can you text him one more time?),1466.439106536542
976,"Sorry, I'll call later",1467.4218517384056
977,Ok i go change also...,1467.684019563008
978,Did u find a sitter for kaitlyn? I was sick and slept all day yesterday.,1468.2096126553097
979,"Sorry man, accidentally left my phone on silent last night and didn't check it til I got up",1469.9939782739716
980,Hey.. Something came up last min.. Think i wun be signing up tmr.. Hee,1470.7390441979553
981,He's an adult and would learn from the experience. There's no real danger. I just dont like peeps using drugs they dont need. But no comment,1474.0381578130807
982,Hey! There's veggie pizza... :/,1475.7199183421574
983,Yun buying... But school got offer 2000 plus only...,1477.1987079604878
984,You sure your neighbors didnt pick it up,1477.9575982268889
985,K. I will sent it again,1487.5153485392705
986,"New Theory: Argument wins d SITUATION, but loses the PERSON. So dont argue with ur friends just.. . . . kick them &amp; say, I'm always correct.!",1487.9623563444277
987,Well. Im computerless. Time to make some oreo truffles,1489.8033875000963
988,"Haha yeah I see that now, be there in a sec",1491.154734135941
989,I am not having her number sir,1493.4885958677423
990,Lol now I'm after that hot air balloon!,1493.9759110314978
991,Ok . . now i am in bus. . If i come soon i will come otherwise tomorrow,1494.4354142281948
992,Msgs r not time pass.They silently say that I am thinking of U right now and also making U think of me at least 4 a moment. Gd nt.swt drms @Shesil,1494.8251971554744
993,"Yeah, we can probably swing by once my roommate finishes up with his girl",1495.283071514849
994,Happy new years melody!,1496.5010773796723
995,Ü dun need to pick ur gf?,1496.9803942539452
996,Yay! You better not have told that to 5 other girls either.,1500.289770478517
997,Horrible u eat macs eat until u forgot abt me already rite... U take so long 2 reply. I thk it's more toot than b4 so b prepared. Now wat shall i eat?,1501.1096905383115
998,"Did he say how fantastic I am by any chance, or anything need a bigger life lift as losing the will 2 live, do you think I would be the first person 2 die from N V Q?",1501.743677146539
999,Just nw i came to hme da..,1501.7868422318586
1000,"I'm outside islands, head towards hard rock and you'll run into me",1502.922477747242
1001,To day class is there are no class.,1504.7608962598315
1002,I'm in chennai velachery:),1506.6778897558281
1003,You flippin your shit yet?,1509.9163697287188
1004,"K give me a sec, breaking a  &lt;#&gt;  at cstore",1510.1323509924994
1005,Am i that much bad to avoid like this?,1510.916263162552
1006,"Yo, you around? Just got my car back",1511.8443592819099
1007,Annoying isn't it.,1513.1190730332155
1008,"Goodmorning, Today i am late for  &lt;#&gt; min.",1514.826063859377
1009,There's no point hangin on to mr not right if he's not makin u happy,1515.4956264842708
1010,All will come alive.better correct any good looking figure there itself..,1516.8602019016187
1011,In that case I guess I'll see you at campus lodge,1517.5084968408585
1012,We're done...,1519.1299627449437
1013,Come to my home for one last time i wont do anything. Trust me.,1523.5599494256826
1014,I was up all night too worrying about this appt. It's a shame we missed a girls night out with quizzes popcorn and you doing my hair.,1524.791250868624
1015,Ok... C ya...,1527.4782587354046
1016,What he said is not the matter. My mind saying some other matter is there.,1536.2266733080533
1017,He also knows about lunch menu only da. . I know,1538.3407900741706
1018,"Al he does is moan at me if n e thin goes wrong its my fault&al de arguments r my fault&fed up of him of himso y bother? Hav 2go, thanx.xx",1538.404218790905
1019,NEFT Transaction with reference number  &lt;#&gt;  for Rs. &lt;DECIMAL&gt;  has been credited to the beneficiary account on  &lt;#&gt;  at  &lt;TIME&gt; : &lt;#&gt;,1538.4547422622627
1020,Otherwise had part time job na-tuition..,1539.4601932589903
1021,I know she called me,1540.3196639674013
1022,"Me also da, i feel yesterday night  wait til 2day night dear.",1540.9357566553526
1023,Thanks for understanding. I've been trying to tell sura that.,1541.263110233574
1024,The whole car appreciated the last two! Dad and are having a map reading semi argument but apart from that things are going ok. P.,1541.9347464149437
1025,I need you to be in my strong arms...,1546.962440740648
1026,Also maaaan are you missing out,1548.609031643148
1027,His bday real is in april .,1549.043422472996
1028,Guessin you ain't gonna be here before 9?,1549.9776317810629
1029,Ok then i will come to ur home after half an hour,1551.0815414577426
1030,"Yo, the game almost over? Want to go to walmart soon",1553.2978450828944
1031,"Yeah, probably but not sure. Ilol let u know, but personally I wuldnt bother, then again if ur goin to then I mite as well!!",1554.9868215225497
1032,I'll text now! All creepy like so he won't think that we forgot,1557.2630902593992
1033,"that would be good … I'll phone you tomo lunchtime, shall I, to organise something?",1557.5146585029138
1034,"Damn, can you make it tonight or do you want to just wait til tomorrow",1558.0221783650245
1035,K..k..i'm also fine:)when will you complete the course?,1558.0393160384588
1036,"True. It is passable. And if you get a high score and apply for phd, you get 5years of salary. So it makes life easier.",1559.4901287459772
1037,Prakesh is there know.,1564.2493306611163
1038,Teach me apps da. When you come to college.,1564.7206760277736
1039,Rofl betta invest in some  anti aging products,1566.3543047185146
1040,"sir, you will receive the account no another 1hr time. Sorry for the delay.",1566.4021536189764
1041,So ü'll be submitting da project tmr rite?,1567.2717084645185
1042,Jus ans me lar. U'll noe later.,1567.8175810931716
1043,I want to send something that can sell fast.  &lt;#&gt; k is not easy money.,1568.8333231476404
1044,have got * few things to do. may be in * pub later.,1571.6312270572198
1045,1's finish meeting call me.,1573.6460419121893
1046,Lol ok. I'll snatch her purse too.,1573.8674725860292
1047,"""Hello-/@drivby-:0quit edrunk sorry iff pthis makes no senrd-dnot no how ^ dancce 2 drum n basq!ihave fun 2nhite x ros xxxxxxx""",1573.966789965587
1048,Your opinion about me? 1. Over 2. Jada 3. Kusruthi 4. Lovable 5. Silent 6. Spl character 7. Not matured 8. Stylish 9. Simple Pls reply..,1576.1310004789188
1049,How much are we getting?,1576.483274316319
1050,Is ur paper in e morn or aft tmr?,1576.5106921072304
1051,"Dear relieved of westonzoyland, all going to plan this end too!",1577.9810443928923
1052,Hope you are having a great new semester. Do wish you the very best. You are made for greatness.,1579.3356943062663
1053,Oh yes I can speak txt 2 u no! Hmm. Did u get  email?,1580.6017148924668
1054,"I want to show you the world, princess :) how about europe?",1582.0973076460425
1055,Nobody can decide where to eat and dad wants Chinese,1583.1363467171989
1056,No shoot me. I'm in the docs waiting room. :/,1585.067561767174
1057,Now? I'm going out 4 dinner soon..,1587.313516843703
1058,Hello which the site to download songs its urgent pls,1587.506473688693
1059,"I do know what u mean,  is the king of not havin credit! I'm goin2bed now. Night night sweet! Only1more sleep!",1587.5900268814617
1060,Horrible gal. Me in sch doing some stuff. How come u got mc?,1589.824079772254
1061,"HI HUN! IM NOT COMIN 2NITE-TELL EVERY1 IM SORRY 4 ME, HOPE U AVA GOODTIME!OLI RANG MELNITE IFINK IT MITE B SORTED,BUT IL EXPLAIN EVERYTHIN ON MON.L8RS.x",1589.9734171013774
1062,"I call you later, don't have network. If urgnt, sms me.",1591.2381859220802
1063,Ummmmmaah Many many happy returns of d day my dear sweet heart.. HAPPY BIRTHDAY dear,1591.3918200047883
1064,Yeah like if it goes like it did with my friends imma flip my shit in like half an hour,1591.5984618612301
1065,Mum say we wan to go then go... Then she can shun bian watch da glass exhibition...,1593.285658654692
1066,What your plan for pongal?,1593.4940486892656
1067,Just wait till end of march when el nino gets himself. Oh.,1594.3716428867433
1068,"Not yet chikku..going to room nw, i'm in bus..",1596.044772164552
1069,Am also doing in cbe only. But have to pay.,1596.7464198536154
1070,Honey boo I'm missing u.,1599.0809077748213
1071,"We have sent JD for Customer Service cum Accounts Executive to ur mail id, For details contact us",1600.5471942665881
1072,"Yo, I'm at my parents' gettin cash. Good news: we picked up a downstem",1601.567973384147
1073,"Thank you so much. When we skyped wit kz and sura, we didnt get the pleasure of your company. Hope you are good. We've given you ultimatum oh! We are countin down to aburo. Enjoy!",1601.8057106331191
1074,Ok. No wahala. Just remember that a friend in need ...,1602.077831365224
1075,I will see in half an hour,1604.1436988623218
1076,"Im in inperialmusic listening2the weirdest track ever byleafcutter john-sounds like insects being molested&someone plumbing,remixed by evil men on acid!",1608.956391081594
1077,"""Hey sorry I didntgive ya a a bellearlier hunny,just been in bedbut mite go 2 thepub l8tr if uwana mt up?loads a luv Jenxxx.""",1610.5556880869715
1078,SERIOUSLY. TELL HER THOSE EXACT WORDS RIGHT NOW.,1611.1847256675212
1079,"Tee hee. Off to lecture, cheery bye bye.",1611.4404844462974
1080,"Sorry chikku, my cell got some problem thts y i was nt able to reply u or msg u..",1612.252713833624
1081,If you still havent collected the dough pls let me know so i can go to the place i sent it to get the control number,1614.7483483593237
1082,Ok...,1617.3290720704629
1083,Let me know how to contact you. I've you settled in a room. Lets know you are ok.,1617.8025461585848
1084,Wot u up 2 u weirdo?,1619.3342144949424
1085,Can do lor...,1619.7446414842389
1086,Dont put your phone on silent mode ok,1624.2126295942082
1087,Can i meet ü at 5.. As 4 where depends on where ü wan 2 in lor..,1624.8674540551503
1088,Waiting 4 my tv show 2 start lor... U leh still busy doing ur report?,1629.7960896810584
1089,Oh ho. Is this the first time u use these type of words,1630.9533358365886
1090,Am I the only one who doesn't stalk profiles?,1635.1831696832855
1091,"Ever green quote ever told by Jerry in cartoon ""A Person Who Irritates u Always Is the one Who Loves u Vry Much But Fails to Express It...!..!! :-) :-) gud nyt",1635.9559341320228
1092,Yes i thought so. Thanks.,1636.3671205449023
1093,But if she.s drinkin i'm ok.,1636.6154842503565
1094,"Just wondering, the others just took off",1636.8258832042034
1095,"Night has ended for another day, morning has come in a special way. May you smile like the sunny rays and leaves your worries at the blue blue bay. Gud mrng",1639.9662765842077
1096,"What do you do, my dog ? Must I always wait till the end of your day to have word from you ? Did you run out of time on your cell already?",1640.943672732064
1097,Happy new year to u too!,1640.967805700913
1098,"Hey...Great deal...Farm tour 9am to 5pm $95/pax, $50 deposit by 16 May",1642.6889101673548
1099,Eat jap done oso aft ur lect wat... Ü got lect at 12 rite...,1645.7943082610539
1100,"Hey babe! I saw you came online for a second and then you disappeared, what happened ?",1645.9912531074165
1101,Da my birthdate in certificate is in april but real date is today. But dont publish it. I shall give you a special treat if you keep the secret. Any way thanks for the wishes,1648.6084184258602
1102,Happy birthday... May all ur dreams come true...,1650.594433974979
1103,Aiyah u did ok already lar. E nydc at wheellock?,1651.0685384840056
1104,TELL HER I SAID EAT SHIT.,1652.4658376406155
1105,Sure! I am driving but will reach my destination soon.,1653.495716315037
1106,"K so am I, how much for an 8th? Fifty?",1658.3077274513596
1107,Your daily text from me – a favour this time,1658.5205937472974
1108,Great to hear you are settling well. So what's happenin wit ola?,1659.9090443895382
1109,Those cocksuckers. If it makes you feel better ipads are worthless garbage novelty items and you should feel bad for even wanting one,1660.1905773017124
1110,I tot u reach liao. He said t-shirt.,1662.9069998026396
1111,"FRAN I DECIDED 2 GO N E WAY IM COMPLETELY BROKE AN KNACKERED I GOT UP BOUT 3 C U 2MRW LOVE JANX P.S THIS IS MY DADS FONE, -NO CREDIT",1663.9769859961682
1112,I cant pick the phone right now. Pls send a message,1665.7526435248922
1113,Your right! I'll make the appointment right now.,1667.0821864919894
1114,Designation is software developer and may be she get chennai:),1668.466989499653
1115,I jokin oni lar.. Ü busy then i wun disturb ü.,1671.0844546854134
1116,"Ok, be careful ! Don't text and drive !",1671.9135699752228
1117,"I.ll always be there, even if its just in spirit. I.ll get a bb soon. Just trying to be sure i need it.",1672.2573832952341
1118,U r too much close to my heart. If u go away i will be shattered. Plz stay with me.,1672.7767796122348
1119,I love u 2 babe! R u sure everything is alrite. Is he being an idiot? Txt bak girlie,1673.4726118266003
1120,How abt making some of the pics bigger?,1673.5783579628235
1121,Got but got 2 colours lor. One colour is quite light n e other is darker lor. Actually i'm done she's styling my hair now.,1674.191368754578
1122,"Whenevr ur sad, Whenevr ur gray, Remembr im here 2 listn 2 watevr u wanna say, Jus walk wid me a little while,&amp; I promise I'll bring back ur smile.:-)",1675.3083522972104
1123,Why nothing. Ok anyway give me treat,1675.4616025457083
1124,Ok...,1676.4501314759952
1125,Correct. So how was work today,1677.6740219922879
1126,"Just sent again. Do you scream and moan in bed, princess?",1677.9897036165437
1127,"I wake up long ago already... Dunno, what other thing?",1678.6318224423762
1128,Oh just getting even with u.... u?,1679.872335720244
1129,I thk 50 shd be ok he said plus minus 10.. Did ü leave a line in between paragraphs?,1681.8394083879984
1130,Can you call me plz. Your number shows out of coveragd area. I have urgnt call in vasai &amp; have to reach before 4'o clock so call me plz,1682.3577961927083
1131,Yeah jay's sort of a fucking retard,1683.0929266201806
1132,"Sorry, was in the bathroom, sup",1684.2605704448551
1133,My exam is for february 4. Wish you a great day.,1685.6129258659132
1134,I dont know what to do to come out of this so only am ask questions like this dont mistake me.,1686.6621130314952
1135,"Aight no rush, I'll ask jay",1687.7010870764173
1136,Good Morning plz call me sir,1689.4324202902358
1137,It's ok lar. U sleep early too... Nite...,1689.6062590286892
1138,"Oh... Icic... K lor, den meet other day...",1691.3038519385116
1139,"Oh ! A half hour is much longer in Syria than Canada, eh ? Wow you must get SO much more work done in a day than us with all that extra time ! *grins*",1691.4423133642697
1140,"Sometimes we put walls around our hearts,not just to be safe from getting hurt.. But to find out who cares enough to break the walls &amp; get closer.. GOODNOON:)",1692.7692319270598
1141,"Sweet, we may or may not go to 4U to meet carlos so gauge patty's interest in that",1693.5426305037481
1142,Then she buying today? Ü no need to c meh...,1694.8074197024673
1143,Aight sorry I take ten years to shower. What's the plan?,1696.1504350782425
1144,Every monday..nxt week vl be completing..,1702.3878846054226
1145,Might ax well im there.,1703.4821745879212
1146,Just chill for another 6hrs. If you could sleep the pain is not a surgical emergency so see how it unfolds. Okay,1703.8087087245958
1147,Yeah I'll try to scrounge something up,1703.960918293917
1148,Crazy ar he's married. Ü like gd looking guys not me. My frens like say he's korean leona's fave but i dun thk he is. Aft some thinking mayb most prob i'll go.,1705.9441918237396
1149,Were somewhere on Fredericksburg,1708.5987814536732
1150,Que pases un buen tiempo or something like that,1709.6042143777115
1151,Is it ok if I stay the night here? Xavier has a sleeping bag and I'm getting tired,1711.2883993004189
1152,She doesnt need any test.,1712.1850427878633
1153,"Nothing much, chillin at home. Any super bowl plan?",1712.5076812773768
1154,Bugis oso near wat...,1712.7935167849903
1155,Yo theres no class tmrw right?,1713.1048885740058
1156,Let Ur Heart Be Ur Compass Ur Mind Ur Map Ur Soul Ur Guide And U Will Never loose in world....gnun - Sent via WAY2SMS.COM,1716.5773113751363
1157,"Goodnight, sleep well da please take care pa. Please.",1720.4083381268697
1158,Baaaaabe! I misss youuuuu ! Where are you ? I have to go and teach my class at 5 ...,1722.3958799611887
1159,Convey my regards to him,1722.6319054428486
1160,U ned to convince him tht its not possible witot hurting his feeling its the main,1724.752433717275
1161,"Good afternoon loverboy ! How goes you day ? Any luck come your way? I think of you, sweetie and send my love across the sea to make you smile and happy",1726.062251441844
1162,If i start sending blackberry torch to nigeria will you find buyer for me?like 4a month. And tell dad not to buy bb from anyone oh.,1726.9584200027557
1163,"&lt;#&gt; %of pple marry with their lovers... becz they hav gud undrstndng dat avoids problems. i sent dis 2 u, u wil get gud news on friday by d person you like. And tomorrow will be the best day of your life. Dont break this chain. If you break you will suffer. send this to  &lt;#&gt;  frnds in &lt;#&gt;  mins whn u read...",1727.2409321759824
1164,Yo dude guess who just got arrested the other day,1727.6900415911557
1165,Shuhui say change 2 suntec steamboat? U noe where? Where r u now?,1728.2425894169469
1166,What does the dance river do?,1735.9653828527453
1167,"Yetunde, i'm sorry but moji and i seem too busy to be able to go shopping. Can you just please find some other way to get what you wanted us to get. Please forgive me. You can reply free via yahoo messenger.",1737.1705121292896
1168,Hey i will be really pretty late... You want to go for the lesson first? I will join you. I'm only reaching tp mrt,1737.9467894507638
1169,Bbq this sat at mine from 6ish. Ur welcome 2 come,1738.5562587414229
1170,"I don't know, same thing that's wrong everyso often, he panicks starts goin on bout not bein good enough …",1738.5878239035408
1171,Alright. I'm out--have a good night!,1742.0048577106984
1172,Did you try making another butt.,1745.6948382856915
1173,Hope you are feeling great. Pls fill me in. Abiola,1748.5242707251741
1174,I though we shd go out n have some fun so bar in town or something – sound ok?,1750.03770544198
1175,"1) Go to write msg 2) Put on Dictionary mode 3)Cover the screen with hand, 4)Press  &lt;#&gt; . 5)Gently remove Ur hand.. Its interesting..:)",1753.743456340345
1176,We're finally ready fyi,1755.4336959038797
1177,Auntie huai juan never pick up her phone,1757.416567929293
1178,"Ya tel, wats ur problem..",1759.2141412191552
1179,i dnt wnt to tlk wid u,1759.4228772263205
1180,"We spend our days waiting for the ideal path to appear in front of us.. But what we forget is.. ""paths are made by walking.. not by waiting.."" Goodnight!",1761.3611512538844
1181,Its ok my arm is feeling weak cuz i got a shot so we can go another time,1761.775219254623
1182,Please reserve ticket on saturday eve from chennai to thirunelvali and again from tirunelvali to chennai on sunday eve...i already see in net..no ticket available..i want to book ticket through tackle ..,1761.9041252441357
1183,"Storming msg: Wen u lift d phne, u say ""HELLO"" Do u knw wt is d real meaning of HELLO?? . . . It's d name of a girl..! . . . Yes.. And u knw who is dat girl?? ""Margaret Hello"" She is d girlfrnd f Grahmbell who invnted telphone... . . . . Moral:One can 4get d name of a person, bt not his girlfrnd... G o o d n i g h t . . .@",1767.2580193993203
1184,That's ok. I popped in to ask bout something and she said you'd been in. Are you around tonght wen this girl comes?,1768.2095822547237
1185,All e best 4 ur exam later.,1768.5956668160338
1186,Hope ur head doesn't hurt 2 much ! Am ploughing my way through a pile of ironing ! Staying in with a chinky tonight come round if you like.,1769.2954066054515
1187,Oh k.i think most of wi and nz players unsold.,1771.9265112227629
1188,"Haha... Where got so fast lose weight, thk muz go 4 a month den got effect... Gee,later we go aust put bk e weight.",1772.2214354574287
1189,"I wonder how you got online, my love ? Had you gone to the net cafe ? Did you get your phone recharged ? Were you on a friends net ? I think of you, boytoy",1773.5278714659757
1190,"Haha just kidding, papa needs drugs",1773.7420848935124
1191,"Thk shld b can... Ya, i wana go 4 lessons... Haha, can go for one whole stretch...",1774.0742727624513
1192,Oh ok..,1774.8360322049116
1193,R we still meeting 4 dinner tonight?,1774.8784124668923
1194,Thats cool! I am a gentleman and will treat you with dignity and respect.,1775.6383862272148
1195,Shall i start from hear.,1776.9965800382793
1196,Then we wait 4 u lor... No need 2 feel bad lar...,1777.771800561851
1197,No did you check? I got his detailed message now,1778.420965222683
1198,You have registered Sinco as Payee. Log in at icicibank.com and enter URN  &lt;#&gt;  to confirm. Beware of frauds. Do NOT share or disclose URN to anyone.,1779.3054977530694
1199,"No, I decided that only people who care about stuff vote and caring about stuff is for losers",1779.473614376033
1200,Kaiez... Enjoy ur tuition... Gee... Thk e second option sounds beta... I'll go yan jiu den msg u...,1782.7288968965936
1201,You have registered Sinco as Payee. Log in at icicibank.com and enter URN  &lt;#&gt;  to confirm. Beware of frauds. Do NOT share or disclose URN to anyone.,1783.1618827822003
1202,cool. We will have fun practicing making babies!,1787.3119174758513
1203,Actually getting ready to leave the house.,1788.084655118484
1204,K..k..any special today?,1788.234789566215
1205,Then we gotta do it after that,1788.599675828072
1206,"I've got ten bucks, jay is being noncomittal",1791.0617939381862
1207,Where at were hungry too,1792.8146647082726
1208,Pls speak to that customer machan.,1795.2654519630764
1209,somewhere out there beneath the pale moon light someone think in of u some where out there where dreams come true... goodnite &amp; sweet dreams,1797.679053931492
1210,"Wen ur lovable bcums angry wid u, dnt take it seriously.. Coz being angry is d most childish n true way of showing deep affection, care n luv!.. kettoda manda... Have nice day da.",1798.3490795837802
1211,So wats ur opinion abt him and how abt is character?,1798.561834284653
1212,Jay is snickering and tells me that x is totally fucking up the chords as we speak,1800.6621712449748
1213,No..few hours before.went to hair cut .,1806.4338776059333
1214,No wonder... Cos i dun rem seeing a silver car... But i thk i saw a black one...,1808.2525100484056
1215,Lmao. Take a pic and send it to me.,1808.743663044548
1216,"""Speak only when you feel your words are better than the silence..."" Gud mrng:-)",1810.7586062387993
1217,No. She's currently in scotland for that.,1811.9505426610613
1218,Do you work all this week ?,1812.2868499855283
1219,Lol great now im getting hungry.,1815.1529231060183
1220,Yes.. now only saw your message..,1818.7233064390696
1221,I'll be at mu in like  &lt;#&gt;  seconds,1820.4656933418894
1222,Ok...,1820.5577372847274
1223,THING R GOOD THANX GOT EXAMS IN MARCH IVE DONE NO REVISION? IS FRAN STILL WITH BOYF? IVE GOTTA INTERVIW 4 EXETER BIT WORRIED!x,1820.9804858174273
1224,"Tell you what, if you make a little spreadsheet and track whose idea it was to smoke to determine who ""smokes too much"" for the entire month of february, I'll come up",1822.4697615809266
1225,Don't look back at the building because you have no coat and i don't want you to get more sick. Just hurry home and wear a coat to the gym!!!,1826.3451253970354
1226,"My painful personal thought- ""I always try to keep everybody happy all the time. But nobody recognises me when i am alone""",1826.6384173130527
1227,Thanks for ve lovely wisheds. You rock,1827.006305549366
1228,You intrepid duo you! Have a great time and see you both soon.,1827.884280701343
1229,I asked sen to come chennai and search for job.,1828.8429671124393
1230,Dad went out oredi...,1830.416726648006
1231,"I jus hope its true that  missin me cos i'm really missin him! You haven't done anything to feel guilty about, yet.",1830.715261848191
1232,Wat so late still early mah. Or we juz go 4 dinner lor. Aiya i dunno...,1830.7586245476534
1233,"Arms fine, how's Cardiff and uni?",1831.6842612788978
1234,In fact when do you leave? I think addie goes back to school tues or wed,1833.8069019289142
1235,"Cool breeze... Bright sun... Fresh flower... Twittering birds... All these waiting to wish u: ""GOODMORNING &amp; HAVE A NICE DAY"" :)",1835.2052254786906
1236,Ya:)going for restaurant..,1835.583626484495
1237,"Its ok., i just askd did u knw tht no?",1837.2880997074453
1238,Those ducking chinchillas,1837.3759637063654
1239,I am in a marriage function,1839.0835152807877
1240,Looks like u wil b getting a headstart im leaving here bout 2.30ish but if u r desperate for my company I could head in earlier-we were goin to meet in rummer.,1840.429578347559
1241,Don‘t give a flying monkeys wot they think and I certainly don‘t mind. Any friend of mine and all that!,1842.3729323167663
1242,say thanks2.,1844.143148103427
1243,Msg me when rajini comes.,1844.2864558283204
1244,Ya! when are ü taking ure practical lessons? I start in june..,1844.7194005994384
1245,"That's good, because I need drugs",1844.8928140514124
1246,Stupid.its not possible,1845.3937298782007
1247,Can ü all decide faster cos my sis going home liao..,1845.8246178953234
1248,U sleeping now.. Or you going to take? Haha.. I got spys wat.. Me online checking n replying mails lor..,1845.844099137638
1249,"Fighting with the world is easy, u either win or lose bt fightng with some1 who is close to u is dificult if u lose - u lose if u win - u still lose.",1846.6706389827523
1250,"Yalru lyfu astne chikku.. Bt innu mundhe lyf ali halla ke bilo (marriage)program edhae, so lyf is nt yet ovr chikku..ali vargu lyfu meow meow:-D",1848.137296857746
1251,Kinda. First one gets in at twelve! Aah. Speak tomo,1849.0651724936865
1252,Ok good then i later come find ü... C lucky i told ü to go earlier... Later pple take finish ü no more again...,1850.983448531441
1253,Wat makes u thk i'll fall down. But actually i thk i'm quite prone 2 falls. Lucky my dad at home i ask him come n fetch me already.,1851.9525376919946
1254,Your account has been refilled successfully by INR  &lt;DECIMAL&gt; . Your KeralaCircle prepaid account balance is Rs  &lt;DECIMAL&gt; . Your Transaction ID is KR &lt;#&gt; .,1857.0380888055329
1255,I wont touch you with out your permission.,1857.139601869296
1256,"7 wonders in My WORLD 7th You 6th Ur style 5th Ur smile 4th Ur Personality 3rd Ur Nature 2nd Ur SMS and 1st ""Ur Lovely Friendship""... good morning dear",1857.2035622052056
1257,Take some small dose tablet for fever,1860.430045278914
1258,Oh. U must have taken your REAL Valentine out shopping first.,1862.2001285985439
1259,"Just sent you an email – to an address with incomm in it, is that right?",1866.2826172107561
1260,"Will do, you gonna be at blake's all night? I might be able to get out of here a little early",1867.0112283481942
1261,"Friendship is not a game to play, It is not a word to say, It doesn\'t start on March and ends on May, It is tomorrow, yesterday, today and e",1867.782810673337
1262,"Nice. Wait...should you be texting right now? I'm not gonna pay your ticket, ya know!",1869.7701203794252
1263,I'm watching lotr w my sis dis aft. So u wan 2 meet me 4 dinner at nite a not?,1876.8321721432321
1264,Why you keeping me away like this,1877.2749832161057
1265,I think its far more than that but find out. Check google maps for a place from your dorm.,1877.7626787707834
1266,My trip was ok but quite tiring lor. Uni starts today but it's ok 4 me cos i'm not taking any modules but jus concentrating on my final yr project.,1880.5081248534134
1267,Have you always been saying welp?,1880.8690369420588
1268,"I'm a guy, browsin is compulsory",1880.9380402351653
1269,Ok...,1882.8039619364013
1270,Purity of friendship between two is not about smiling after reading the forwarded message..Its about smiling just by seeing the name. Gud evng musthu,1886.301674092926
1271,"Sorry, I'll call later",1886.7947657037723
1272,"(I should add that I don't really care and if you can't I can at least get this dude to fuck off but hey, your money if you want it)",1888.350120976109
1273,"Hello lover! How goes that new job? Are you there now? Are you happy? Do you think of me? I wake, my slave and send you a teasing kiss from across the sea",1890.1924395780607
1274,I told your number to gautham..,1891.7905407789465
1275,Tell them no need to investigate about me anywhere.,1893.0991308879195
1276,Ok i juz receive..,1893.55274690375
1277,"Cant believe i said so many things to you this morning when all i really wanted to say was good morning, i love you! Have a beautiful morning. See you in the library later.",1894.0918213475609
1278,In the end she might still vomit but its okay. Not everything will come out.,1894.3824558796553
1279,How are you with moneY...as in to you...money aint a thing....how are you sha!,1898.575286963148
1280,It has everything to do with the weather. Keep extra warm. Its a cold but nothing serious. Pls lots of vitamin c,1901.1576915021274
1281,Hey gals.. Anyone of u going down to e driving centre tmr?,1901.6483263843572
1282,I'm always on yahoo messenger now. Just send the message to me and i.ll get it you may have to send it in the mobile mode sha but i.ll get it. And will reply.,1902.5790311804294
1283,I'm putting it on now. It should be ready for  &lt;TIME&gt;,1903.3340437115237
1284,"Time n Smile r the two crucial things in our life. Sometimes time makes us to forget smile, and sometimes someone's smile makes us to forget time gud noon",1903.5725589159908
1285,Host-based IDPS for linux systems.,1903.6201868545681
1286,Don no da:)whats you plan?,1906.4148590781288
1287,Ill be there on  &lt;#&gt;  ok.,1908.2391591871376
1288,Oh my God. I'm almost home,1908.5180225317474
1289,Total video converter free download type this in google search:),1908.9410567894774
1290,"Wen ur lovable bcums angry wid u, dnt take it seriously.. Coz being angry is d most childish n true way of showing deep affection, care n luv!.. kettoda manda... Have nice day da.",1910.250837180267
1291,Sounds like something that someone testing me would sayy,1913.2057598654328
1292,When u love someone Dont make them to love u as much as u do. But Love them so much that they dont want to be loved by anyone except you... Gud nit.,1913.5064942895358
1293,"Pete,is this your phone still? Its Jenny from college and Leanne.what are you up to now?:)",1913.6944281035871
1294,Oops sorry. Just to check that you don't mind picking me up tomo at half eight from station. Would that be ok?,1916.149919737491
1295,"Hey sweet, I was wondering when you had a moment if you might come to me ? I want to send a file to someone but it won't go over yahoo for them because their connection sucks, remember when you set up that page for me to go to and download the format disc ? Could you tell me how to do that ? Or do you know some other way to download big files ? Because they can download stuff directly from the internet. Any help would be great, my prey ... *teasing kiss*",1919.4011945236025
1296,Hows the champ just leaving glasgow!,1920.0471490108698
1297,K:)all the best:)congrats...,1924.988793683123
1298,I wonder if you'll get this text?,1925.944764257887
1299,I need to come home and give you some good lovin...,1929.4402323633153
1300,Shall i ask one thing if you dont mistake me.,1930.234345792288
1301,Check wid corect speling i.e. Sarcasm,1931.1150993317115
1302,Are you angry with me. What happen dear,1935.879678264792
1303,I thk u dun haf 2 hint in e forum already lor... Cos i told ron n darren is going 2 tell shuhui.,1936.1157280243222
1304,Yup ok thanx...,1936.7422120351346
1305,Hi:)cts employee how are you?,1938.1746924802287
1306,Pls pls find out from aunt nike.,1939.5154353507946
1307,"Wow ... I love you sooo much, you know ? I can barely stand it ! I wonder how your day goes and if you are well, my love ... I think of you and miss you",1940.9758078288098
1308,No screaming means shouting..,1942.3178023473183
1309,Hey what happen de. Are you alright.,1944.928145100459
1310,Should I have picked up a receipt or something earlier,1945.3784813529521
1311,I think chennai well settled?,1947.2478338330657
1312,Oh dang! I didn't mean o send that to you! Lol!,1949.491132927894
1313,Unfortunately i've just found out that we have to pick my sister up from the airport that evening so don't think i'll be going out at all. We should try to go out one of th,1949.87967950488
1314,Horrible bf... I now v hungry...,1952.7415245381292
1315,Remember on that day..,1955.4297548373038
1316,How's it feel? Mr. Your not my real Valentine just my yo Valentine even tho u hardly play!!,1956.3936289986552
1317,All sounds good. Fingers . Makes it difficult to type,1957.321992147397
1318,Midnight at the earliest,1957.6260073459798
1319,You're not sure that I'm not trying to make xavier smoke because I don't want to smoke after being told I smoke too much?,1960.555116954856
1320,K come to nordstrom when you're done,1962.052355608821
1321,Do u konw waht is rael FRIENDSHIP Im gving yuo an exmpel: Jsut ese tihs msg.. Evrey splleing of tihs msg is wrnog.. Bt sitll yuo can raed it wihtuot ayn mitsake.. GOODNIGHT &amp; HAVE A NICE SLEEP..SWEET DREAMS..,1965.709279539131
1322,Now press conference da:),1966.320735654818
1323,After completed degree. There is no use in joining finance.,1966.8761914465408
1324,"Good afternoon, my love ! Any job prospects ? Are you missing me ? What do you do ? Are you being lazy and bleak, hmmm ? Or happy and filled with my love ?",1967.6610400005918
1325,Shant disturb u anymore... Jia you...,1968.308000272351
1326,Bishan lar nearer... No need buy so early cos if buy now i gotta park my car...,1980.9290386162122
1327,"Me, i dont know again oh",1982.6970226880462
1328,Dude sux for snake. He got old and raiden got buff,1987.8126020898599
1329,He says hi and to get your ass back to south tampa (preferably at a kegger),1988.160058808166
1330,In e msg jus now. U said thanks for gift.,1989.8952208178748
1331,U too...,1991.5697131005554
1332,Ok how you dear. Did you call chechi,1992.3382886592979
1333,Yeah we do totes. When u wanna?,1992.6743456188278
1334,Ok i found dis pierre cardin one which looks normal costs 20 its on sale.,1996.156463509839
1335,Good sleep is about rhythm. The person has to establish a rhythm that the body will learn and use. If you want to know more :-),1998.8748018194337
1336,Wat r u doing?,2000.3676328571148
1337,Message from . I am at Truro Hospital on ext. You can phone me here. as I have a phone by my side,2005.8368555496484
1338,"Single line with a big meaning::::: ""Miss anything 4 ur ""Best Life"" but, don't miss ur best life for anything... Gud nyt...",2006.7265925146044
1339,"Just got some gas money, any chance you and the gang want to go on a grand nature adventure?",2008.847848720913
1340,Dnt worry...use ice pieces in a cloth pack.also take 2 tablets.,2010.2737525173784
1341,Dude just saw a parked car with its sunroof popped up. Sux,2014.046073361989
1342,Get ready to put on your excellent sub face :),2015.3325232600118
1343,Tmrw. Im finishing 9 doors,2021.2952706494505
1344,"The  &lt;#&gt; g that i saw a few days ago, the guy wants sell wifi only for  &lt;#&gt;  and with 3g for  &lt;#&gt; . That's why i blanked him.",2023.273100975427
1345,I am late. I will be there at,2023.3221253738893
1346,"whatever, im pretty pissed off.",2024.5945540321081
1347,Today is ACCEPT DAY..U Accept me as? Brother Sister Lover Dear1 Best1 Clos1 Lvblefrnd Jstfrnd Cutefrnd Lifpartnr Belovd Swtheart Bstfrnd No rply means enemy,2032.0075659278373
1348,I dont have that much image in class.,2032.1754497999489
1349,No:-)i got rumour that you going to buy apartment in chennai:-),2034.1795976004248
1350,Near kalainar tv office.thenampet,2034.6156116815846
1351,My sis is catching e show in e afternoon so i'm not watching w her. So c u wan 2 watch today or tmr lor.,2036.8604664145953
1352,"Sounds gd... Haha... Can... Wah, u yan jiu so fast liao...",2037.2107262995657
1353,No. To be nosy I guess. Idk am I over reacting if I'm freaked?,2037.3968221954624
1354,"Remember all those whom i hurt during days of satanic imposter in me.need to pay a price,so be it.may destiny keep me going and as u said pray that i get the mind to get over the same.",2040.549423322272
1355,How to Make a girl Happy? It's not at all difficult to make girls happy. U only need to be... 1. A friend 2. Companion 3. Lover 4. Chef . . .  &lt;#&gt; . Good listener  &lt;#&gt; . Organizer  &lt;#&gt; . Good boyfriend  &lt;#&gt; . Very clean  &lt;#&gt; . Sympathetic  &lt;#&gt; . Athletic  &lt;#&gt; . Warm . . .  &lt;#&gt; . Courageous  &lt;#&gt; . Determined  &lt;#&gt; . True  &lt;#&gt; . Dependable  &lt;#&gt; . Intelligent . . .  &lt;#&gt; . Psychologist  &lt;#&gt; . Pest exterminator  &lt;#&gt; . Psychiatrist  &lt;#&gt; . Healer . .  &lt;#&gt; . Stylist  &lt;#&gt; . Driver . . Aaniye pudunga venaam..,2040.852709942348
1356,"Why is that, princess? I bet the brothas are all chasing you!",2043.8045934843067
1357,"I shall book chez jules for half eight, if that's ok with you?",2049.315693818524
1358,Hhahhaahahah rofl wtf nig was leonardo in your room or something,2049.8025180071463
1359,"Yep, at derek's house now, see you Sunday &lt;3",2049.938222382085
1360,"It's cool, let me know before it kicks off around  &lt;#&gt; , I'll be out and about all day",2050.421158260488
1361,"Sorry, I'll call later",2050.484187033537
1362,I was wondering if it would be okay for you to call uncle john and let him know that things are not the same in nigeria as they r here. That  &lt;#&gt;  dollars is 2years sent and that you know its a strain but i plan to pay back every dime he gives. Every dime so for me to expect anything from you is not practical. Something like that.,2050.6374849831773
1363,There are no other charges after transfer charges and you can withdraw anyhow you like,2052.559128443981
1364,"Dont search love, let love find U. Thats why its called falling in love, bcoz U dont force yourself, U just fall and U know there is smeone to hold U... BSLVYL",2054.416365930774
1365,At 4. Let's go to bill millers,2055.8916476464146
1366,I love you. You set my soul on fire. It is not just a spark. But it is a flame. A big rawring flame. XoXo,2057.0063431937747
1367,"Somewhr someone is surely made 4 u. And God has decided a perfect time to make u meet dat person. . . . till den, . . . . . Enjoy ur crushes..!!!;-)",2057.83449325452
1368,That's my honeymoon outfit. :),2060.2853026046528
1369,Will it help if we propose going back again tomorrow,2060.3340618917573
1370,Never blame a day in ur life. Good days give u happiness. Bad days give u experience. Both are essential in life! All are Gods blessings! good morning.:,2061.0285386848846
1371,Pls confirm the time to collect the cheque.,2061.7320771274285
1372,Daddy will take good care of you :),2062.6080214346243
1373,"Yeah probably, I still gotta check out with leo",2063.22664650701
1374,K.then any other special?,2063.4171721034595
1375,Carlos is taking his sweet time as usual so let me know when you and patty are done/want to smoke and I'll tell him to haul ass,2065.2365713489576
1376,Ok pa. Nothing problem:-),2068.304612375393
1377,Have you heard about that job? I'm going to that wildlife talk again tonight if u want2come. Its that2worzels and a wizzle or whatever it is?!,2069.3075382624465
1378,"God picked up a flower and dippeditinaDEW, lovingly touched itwhichturnedinto u, and the he gifted tomeandsaid,THIS FRIEND IS 4U",2070.786903907287
1379,When you came to hostel.,2072.796080748126
1380,Ok no prob... I'll come after lunch then...,2073.535761174042
1381,Jus telling u dat i'll b leaving 4 shanghai on 21st instead so we'll haf more time 2 meet up cya...,2076.2374043061914
1382,Are your freezing ? Are you home yet ? Will you remember to kiss your mom in the morning? Do you love me ? Do you think of me ? Are you missing me yet ?,2077.7636977714287
1383,You all ready for * big day tomorrow?,2079.8502663787426
1384,I'll probably be around mu a lot,2080.7953277967144
1385,645,2081.659213188062
1386,Thnx dude. u guys out 2nite?,2084.2384856313415
1387,Me sef dey laugh you. Meanwhile how's my darling anjie!,2084.454828553223
1388,Mm i had my food da from out,2085.1858592782714
1389,"K, makes sense, btw carlos is being difficult so you guys are gonna smoke while I go pick up the second batch and get gas",2085.955105761355
1390,Did u download the fring app?,2085.962263067643
1391,The 2 oz guy is being kinda flaky but one friend is interested in picking up $ &lt;#&gt;  worth tonight if possible,2087.2615629815573
1392,Friends that u can stay on fb chat with,2087.550399011871
1393,"Fuck babe, I miss you sooooo much !! I wish you were here to sleep with me ... My bed is so lonely ... I go now, to sleep ... To dream of you, my love ...",2089.2610197534423
1394,"Living is very simple.. Loving is also simple.. Laughing is too simple.. Winning is tooo simple.. But, being 'SIMPLE' is very difficult.. Gud nte.:-",2089.559064151543
1395,"Ah, well that confuses things, doesn‘t it?",2090.7715610102473
1396,Hi Dear Call me its urgnt. I don't know whats your problem. You don't want to work or if you have any other problem at least tell me. Wating for your reply.,2093.7623082051987
1397,Dear how you. Are you ok?,2095.934906600885
1398,Yes princess! I want to make you happy...,2096.9639996512083
1399,Sounds like you have many talents! would you like to go on a dinner date next week?,2098.0063336019784
1400,I am going to film 2day da. At 6pm. Sorry da.,2098.592969134397
1401,We not watching movie already. Xy wants 2 shop so i'm shopping w her now.,2098.6675220056527
1402,Hello my little party animal! I just thought I'd buzz you as you were with your friends ...*grins*... Reminding you were loved and send a naughty adoring kiss,2099.7521215542274
1403,Yesterday its with me only . Now am going home.,2099.8083309113204
1404,"You have come into my life and brought the sun ..Shiny down on me, warming my heart. Putting a constant smile on my face ... Making me feel loved and cared for",2101.0818144017635
1405,"No shit, but I wasn't that surprised, so I went and spent the evening with that french guy I met in town here and we fooled around a bit but I didn't let him fuck me",2103.688873793158
1406,Great comedy..cant stop laughing da:),2103.8655948935248
1407,"Alright, we're all set here, text the man",2104.1703042119025
1408,"Hi , where are you? We're at  and they're not keen to go out i kind of am but feel i shouldn't so can we go out tomo, don't mind do you?",2107.899734454694
1409,Sleeping nt feeling well,2108.089938492484
1410,U WILL SWITCH YOUR FONE ON DAMMIT!!,2109.6351938593475
1411,India have to take lead:),2109.960393256702
1412,I.ll post her out l8r. In class,2110.649392455963
1413,Thts wat Wright Brother did to fly..,2111.411858780308
1414,"Evening * v good if somewhat event laden. Will fill you in, don't you worry … Head * ok but throat * wrecked. See you at six then!",2113.311297194208
1415,If u laugh really loud.. If u talk spontaneously.. If u dont care what others feel.. U are probably with your dear &amp; best friends.. GOODEVENING Dear..:),2113.532598736125
1416,ITS A LAPTOP TAKE IT WITH YOU.,2117.008656043497
1417,I dont have any of your file in my bag..i was in work when you called me.i 'll tell you if i find anything in my room.,2121.4745756320654
1418,I wan but too early lei... Me outside now wun b home so early... Neva mind then...,2123.551083631243
1419,I was at bugis juz now wat... But now i'm walking home oredi... Ü so late then reply... I oso saw a top dat i like but din buy... Where r ü now?,2124.4730888561617
1420,"Wishing you and your family Merry ""X"" mas and HAPPY NEW Year in advance..",2125.9278314847975
1421,At 7 we will go ok na.,2129.919215441925
1422,Yes I posted a couple of pics on fb. There's still snow outside too. I'm just waking up :),2130.464393273561
1423,S:-)if we have one good partnership going we will take lead:),2130.918581861838
1424,"Yeah, where's your class at?",2131.025487380208
1425,No just send to you. Bec you in temple na.,2132.0185156115194
1426,"You aren't coming home between class, right? I need to work out and shower!",2134.2127892736166
1427,S but mostly not like that.,2136.2295531764266
1428,Ü v ma fan...,2137.2883575032406
1429,Dunno cos i was v late n when i reach they inside already... But we ate spageddies lor... It's e gals who r laughing at me lor...,2137.6308145858948
1430,Guess who spent all last night phasing in and out of the fourth dimension,2138.327281473895
1431,So now my dad is gonna call after he gets out of work and ask all these crazy questions.,2138.3360582758532
1432,"Yes..but they said its IT.,",2140.12376383659
1433,"Very hurting n meaningful lines ever: ""I compromised everything for my love, But at d end my love compromised me for everything:-("".. Gud mornin:-)",2145.447498051386
1434,Lmao!nice 1,2147.3284036953746
1435,Glad to see your reply.,2149.3116896415186
1436,Nah dub but je still buff,2151.541051082473
1437,"Painful words- ""I thought being Happy was the most toughest thing on Earth... But, the toughest is acting Happy with all unspoken pain inside..""",2152.2447959696765
1438,"Yeah, that's fine! It's £6 to get in, is that ok?",2153.5207134700067
1439,Lol where do u come up with these ideas?,2154.398390743508
1440,"So many people seems to be special at first sight, But only very few will remain special to you till your last sight.. Maintain them till life ends.. Sh!jas",2154.8057017789997
1441,"Today is ""song dedicated day.."" Which song will u dedicate for me? Send this to all ur valuable frnds but first rply me...",2156.5382306552824
1442,Okay... We wait ah,2157.1726543860586
1443,Y lei?,2159.7494333195455
1444,HI BABE U R MOST LIKELY TO BE IN BED BUT IM SO SORRY ABOUT TONIGHT! I REALLY WANNA SEE U TOMORROW SO CALL ME AT 9. LOVE ME XXX,2162.4653512506156
1445,Already am squatting is the new way of walking,2163.1720271954086
1446,Do you want bold 2 or bb torch,2163.7978945364766
1447,Cramps stopped. Going back to sleep,2164.086849318915
1448,Nan sonathaya soladha. Why boss?,2165.4258596970462
1449,Bring tat cd don forget,2166.5615605431603
1450,I don't know but I'm raping dudes at poker,2168.675864227221
1451,Weightloss! No more girl friends. Make loads of money on ebay or something. And give thanks to God.,2169.7379877667845
1452,Was gr8 to see that message. So when r u leaving? Congrats dear. What school and wat r ur plans.,2170.751493904914
1453,Ü eatin later but i'm eatin wif my frens now lei... Ü going home first?,2171.0615421552634
1454,Finish already... Yar they keep saying i mushy... I so embarrassed ok...,2171.250173397992
1455,"Sorry man, my stash ran dry last night and I can't pick up more until sunday",2174.577751741486
1456,Hai priya are you right. What doctor said pa. Where are you.,2175.0221022097035
1457,Ok...,2176.2190761872607
1458,Please ask mummy to call father,2184.0506145094528
1459,Can come my room but cannot come my house cos my house still messy... Haha...,2187.7926609501455
1460,I have lost 10 kilos as of today!,2190.328120988176
1461,Just taste fish curry :-P,2191.2524710521207
1462,What can i do? Might accidant tookplace between somewhere ghodbandar rd. Traffic moves slovely. So plz slip &amp; don't worry.,2191.546091625321
1463,Yun ah.now ü wkg where?btw if ü go nus sc. Ü wana specialise in wad?,2191.5473110300873
1464,Yes! I am a one woman man! Please tell me your likes and dislikes in bed...,2193.5258674060738
1465,Was doing my test earlier. I appreciate you. Will call you tomorrow.,2194.7616833561624
1466,"How's my loverboy doing ? What does he do that keeps him from coming to his Queen, hmmm ? Doesn't he ache to speak to me ? Miss me desparately ?",2194.878736428694
1467,U meet other fren dun wan meet me ah... Muz b a guy rite...,2196.599142552479
1468,"(No promises on when though, haven't even gotten dinner yet)",2197.485861600793
1469,I got your back! Do you have any dislikes in bed?,2198.6412080973687
1470,o turns out i had stereo love on mi phone under the unknown album.,2199.424051291761
1471,Yeah I don't see why not,2201.305750556558
1472,Asking do u knw them or nt? May be ur frnds or classmates?,2202.150435411913
1473,"Sorry about earlier. Putting out fires.Are you around to talk after 9? Or do you actually have a life, lol!",2205.8709738776924
1474,"As in missionary hook up, doggy hook up, standing...|",2206.1511852144117
1475,Then u better go sleep.. Dun disturb u liao.. U wake up then msg me lor..,2209.6708097743513
1476,"Fighting with the world is easy, u either win or lose bt fightng with some1 who is close to u is dificult if u lose - u lose if u win - u still lose.",2209.938303326875
1477,Am watching house – very entertaining – am getting the whole hugh laurie thing – even with the stick – indeed especially with the stick.,2210.273820693912
1478,Thought praps you meant another one. Goodo! I'll look tomorrow,2213.193688962113
1479,"Hi Jon, Pete here, Ive bin 2 Spain recently & hav sum dinero left, Bill said u or ur rents mayb interested in it, I hav 12,000pes, so around £48, tb, James.",2218.6043103943566
1480,There bold 2  &lt;#&gt; . Is that yours,2218.8539292395226
1481,You know there is. I shall speak to you in  &lt;#&gt;  minutes then,2219.433677392835
1482,"""ALRITE HUNNY!WOT U UP 2 2NITE? DIDNT END UP GOIN DOWN TOWN JUS DA PUB INSTEAD! JUS CHILLIN AT DA MO IN ME BEDROOM!LOVE JEN XXX.""",2219.4448397956908
1483,I went to project centre,2219.7736523989743
1484,As per your request 'Maangalyam (Alaipayuthe)' has been set as your callertune for all Callers. Press *9 to copy your friends Callertune,2224.90527762606
1485,Lol yeah at this point I guess not,2226.635249075687
1486,Doing project w frens lor.,2231.0044627833963
1487,Lol. Well quality aint bad at all so i aint complaining,2231.733150817144
1488,"K, can that happen tonight?",2232.0299664089694
1489,"I think we're going to finn's now, come",2233.206953060074
1490,Why tired what special there you had,2233.6741514554046
1491,I will come tomorrow di,2234.870481372348
1492,I cant pick the phone right now. Pls send a message,2236.8412146119513
1493,K go and sleep well. Take rest:-).,2242.8984214369184
1494,U guys never invite me anywhere :(,2243.011884170808
1495,I can do that! I want to please you both inside and outside the bedroom...,2243.859907982341
1496,"""EY! CALM DOWNON THEACUSATIONS.. ITXT U COS IWANA KNOW WOTU R DOIN AT THEW/END... HAVENTCN U IN AGES..RING ME IF UR UP4 NETHING SAT.LOVE J XXX.""",2245.0037854954508
1497,I love to wine and dine my lady!,2247.129056874825
1498,"Im cool ta luv but v.tired 2 cause i have been doin loads of planning all wk, we have got our social services inspection at the nursery! Take care & spk sn x.",2249.567432661715
1499,I don know account details..i will ask my mom and send you.my mom is out of reach now.,2250.840432915719
1500,I think u have the wrong number.,2252.5445768048135
1501,Feel Yourself That You Are Always Happy.. Slowly It Becomes Your Habit &amp; Finally It Becomes Part Of Your Life.. Follow It.. Happy Morning &amp; Have A Happy Day:),2252.8730695416193
1502,DO NOT B LATE LOVE MUM,2254.570121333885
1503,Got it..mail panren paru..,2256.6436605805598
1504,* Was thinking about chuckin ur red green n black trainners 2 save carryin them bac on train,2256.9305101981386
1505,Give one miss from that number please,2259.92836948413
1506,Jus came back fr lunch wif my sis only. U leh?,2260.6951120145127
1507,How is your schedule next week? I am out of town this weekend.,2261.608891654859
1508,Really good:)dhanush rocks once again:),2262.2832682200706
1509,Lmao ok I wont be needing u to do my hair anymore.,2263.4281851904843
1510,"Miss ya, need ya, want ya, love ya.",2263.6509858374534
1511,Sorry i'm not free...,2263.8060616260127
1512,Do u ever get a song stuck in your head for no reason and it won't go away til u listen to it like 5 times?,2264.735999292124
1513,Nt yet chikku..simple habba..hw abt u?,2265.1951147589634
1514,"Got ur mail Dileep.thank you so muchand look forward to lots of support...very less contacts here,remember one venugopal you mentioned.tomorrow if not late,i shall try to come up till there.goodnight dear.",2267.385296486559
1515,Sometimes Heart Remembrs someone Very much... Forgets someone soon... Bcoz Heart will not like everyone. But liked ones will be Remembered Everytime... BSLVYL,2269.02351108582
1516,Joy's father is John. Then John is the NAME of Joy's father. Mandan,2270.3151866526637
1517,Hi this is yijue... It's regarding the 3230 textbook it's intro to algorithms second edition... I'm selling it for $50...,2271.107791325624
1518,"K, want us to come by now?",2272.434017150138
1519,How. Its a little difficult but its a simple way to enter this place,2272.9826801355243
1520,Ha... Both of us doing e same thing. But i got tv 2 watch. U can thk of where 2 go tonight or u already haf smth in mind...,2277.3261176144065
1521,Dont show yourself. How far. Put new pictures up on facebook.,2279.652386590219
1522,Watching tv now. I got new job :),2280.559773553806
1523,"Good afternoon sexy buns! How goes the job search ? I wake and you are my first thought as always, my love. I wish your fine and happy and know I adore you!",2281.2534469091133
1524,"I'm not coming over, do whatever you want",2281.770963639866
1525,"Its ok chikku, and its my 1 of favourite song..:-)",2282.5376160963638
1526,Did u see what I posted on your Facebook?,2283.313903240533
1527,"7 wonders in My WORLD 7th You 6th Ur style 5th Ur smile 4th Ur Personality 3rd Ur Nature 2nd Ur SMS and 1st ""Ur Lovely Friendship""... good morning dear",2285.1764581239318
1528,";-( oh well, c u later",2287.1842696436
1529,My uncles in Atlanta. Wish you guys a great semester.,2290.441030645365
1530,No dear i do have free messages without any recharge. Hi hi hi,2291.088525953421
1531,"Dont search love, let love find U. Thats why its called falling in love, bcoz U dont force yourself, U just fall and U know there is smeone to hold U... BSLVYL",2291.262914863869
1532,I dun believe u. I thk u told him.,2293.993148921444
1533,"Do you know why god created gap between your fingers..? So that, One who is made for you comes &amp; fills those gaps by holding your hand with LOVE..!",2295.7740030473215
1534,Yes:)sura in sun tv.:)lol.,2296.823740687162
1535,Arun can u transfr me d amt,2296.9937853173533
1536,Takin a shower now but yeah I'll leave when I'm done,2298.2013020854015
1537,Am not working but am up to eyes in philosophy so will text u later when a bit more free for chat...,2300.290041422261
1538,U havent lost me ill always b here 4u.i didnt intend 2 hurt u but I never knew how u felt about me when Iwas+marine&thats what itried2tell urmom.i careabout u,2300.321808502894
1539,You bad girl. I can still remember them,2301.8992123695207
1540,How much i gave to you. Morning.,2302.105205697537
1541,"I hope your alright babe? I worry that you might have felt a bit desparate when you learned the job was a fake ? I am here waiting when you come back, my love",2303.6787214190017
1542,"Hey, can you tell me blake's address? Carlos wanted me to meet him there but I got lost and he's not answering his phone",2304.3244704090566
1543,Can i get your opinion on something first?,2306.1728335150005
1544,That one week leave i put know that time. Why.,2307.816310982282
1545,"If we hit it off, you can move in with me :)",2307.9898589136315
1546,excellent. I spent  &lt;#&gt;  years in the Air Force. Iraq and afghanistan. I am stable and honest. do you like traveling?,2309.348824158703
1547,I wanna watch that movie,2312.7790718183946
1548,Ok lor thanx... Ü in school?,2316.626528577383
1549,I'm in class. Did you get my text.,2317.0948072175606
1550,The bus leaves at  &lt;#&gt;,2318.368870579878
1551,God bless.get good sleep my dear...i will pray!,2318.6791951239416
1552,Do have a nice day today. I love you so dearly.,2321.0785640462627
1553,Aiyo a bit pai seh ü noe... Scared he dun rem who i am then die... Hee... But he become better lookin oredi leh...,2322.9349974533525
1554,"Aight, I'll ask a few of my roommates",2324.722327880652
1555,"Now, whats your house # again ? And do you have any beer there ?",2329.474054742481
1556,Do ü all wan 2 meet up n combine all the parts? How's da rest of da project going?,2329.5610862805297
1557,"""Getting tickets 4 walsall tue 6 th march. My mate is getting me them on sat. ill pay my treat. Want 2 go. Txt bak .Terry""",2329.710690418159
1558,Yes we are chatting too.,2330.162395125162
1559,HI ITS JESS I DONT KNOW IF YOU ARE AT WORK BUT CALL ME WHEN U CAN IM AT HOME ALL EVE. XXX,2331.2321684019025
1560,Sian... Aft meeting supervisor got work 2 do liao... U working now?,2335.7939644104813
1561,Are you going to write ccna exam this week??,2335.9212096566825
1562,Well i will watch shrek in 3D!!B),2337.320166435618
1563,Am i that much dirty fellow?,2337.760312866327
1564,Dunno dat's wat he told me. Ok lor...,2338.9637502463993
1565,I'll probably be by tomorrow (or even later tonight if something's going on),2339.958254882684
1566,I couldn't say no as he is a dying man and I feel sad for him so I will go and I just wanted you to know I would probably be gone late into your night,2343.049613634578
1567,If you're thinking of lifting me one then no.,2343.3570614052715
1568,Same as u... Dun wan... Y u dun like me already ah... Wat u doing now? Still eating?,2343.3732571501964
1569,Sent me ur email id soon,2345.3080440435638
1570,Wat makes some people dearer is not just de happiness dat u feel when u meet them but de pain u feel when u miss dem!!!,2351.623565459157
1571,"Dude. What's up. How Teresa. Hope you have been okay. When i didnt hear from these people, i called them and they had received the package since dec  &lt;#&gt; . Just thot you'ld like to know. Do have a fantastic year and all the best with your reading. Plus if you can really really Bam first aid for Usmle, then your work is done.",2353.066445654646
1572,Hey gorgeous man. My work mobile number is. Have a good one babe. Squishy Mwahs.,2359.564728905353
1573,May i call You later Pls,2360.0133475874854
1574,That's the way you should stay oh.,2360.8876918324986
1575,Hello- thanx for taking that call. I got a job! Starts on monday!,2363.106327195701
1576,What time is ur flight tmr?,2363.183332044861
1577,When should I come over?,2363.5561139681067
1578,I have a rather prominent bite mark on my right cheek,2364.2887307238802
1579,* Will be september by then!,2364.38159083443
1580,Are you wet right now?,2366.3527676750546
1581,And how's your husband.,2371.0945839970873
1582,Are we doing the norm tomorrow? I finish just a 4.15 cos of st tests. Need to sort library stuff out at some point tomo - got letter from today - access til end march so i better get move on!,2372.1985452156146
1583,Yeah. I got a list with only u and Joanna if I'm feeling really anti social,2375.5514244362553
1584,I am in your office na.,2375.723789263331
1585,"""Are you comingdown later?""",2377.619974534739
1586,Super da:)good replacement for murali,2381.2773219631476
1587,Da is good good player.why he is unsold.,2384.3804694485234
1588,Hi. || Do u want | to join me with sts later? || Meeting them at five. || Call u after class.,2385.972973555979
1589,Its on in engalnd! But telly has decided it won't let me watch it and mia and elliot were kissing! Damn it!,2388.6878794277786
1590,I dont want to hear philosophy. Just say what happen,2388.8613830644904
1591,You got job in wipro:)you will get every thing in life in 2 or 3 years.,2390.7072369725197
1592,Then cant get da laptop? My matric card wif ü lei...,2391.607327069611
1593,Dunno da next show aft 6 is 850. Toa payoh got 650.,2392.4878575758726
1594,I just made some payments so dont have that much. Sorry. Would you want it fedex or the other way.,2398.2528228687775
1595,They did't play one day last year know even though they have very good team.. Like india.,2399.4164698233144
1596,K.:)you are the only girl waiting in reception ah?,2400.1074979245645
1597,"Say this slowly.? GOD,I LOVE YOU &amp; I NEED YOU,CLEAN MY HEART WITH YOUR BLOOD.Send this to Ten special people &amp; u c miracle tomorrow, do it,pls,pls do it...",2400.145550366888
1598,I hate when she does this. She turns what should be a fun shopping trip into an annoying day of how everything would look in her house.,2402.1303689402703
1599,"Sir, i am waiting for your call.",2404.684980334976
1600,What's up. Do you want me to come online?,2405.195878137365
1601,"It could work, we'll reach a consensus at the next meeting",2405.468299732769
1602,Aiyah then i wait lor. Then u entertain me. Hee...,2407.023452219207
1603,"The last thing i ever wanted to do was hurt you. And i didn't think it would have. You'd laugh, be embarassed, delete the tag and keep going. But as far as i knew, it wasn't even up. The fact that you even felt like i would do it to hurt you shows you really don't know me at all. It was messy wednesday, but it wasn't bad. The problem i have with it is you HAVE the time to clean it, but you choose not to. You skype, you take pictures, you sleep, you want to go out. I don't mind a few things here and there, but when you don't make the bed, when you throw laundry on top of it, when i can't have a friend in the house because i'm embarassed that there's underwear and bras strewn on the bed, pillows on the floor, that's something else. You used to be good about at least making the bed.",2408.6215863418934
1604,I'll let you know when it kicks in,2409.1264628546046
1605,You call him now ok i said call him,2413.6215279406842
1606,Call to the number which is available in appointment. And ask to connect the call to waheed fathima.,2414.735404832756
1607,Or ü go buy wif him then i meet ü later can?,2415.3275747174803
1608,Mmmm ... Fuck ... Not fair ! You know my weaknesses ! *grins* *pushes you to your knee's* *exposes my belly and pulls your head to it* Don't forget ... I know yours too *wicked smile*,2415.7434942153614
1609,Today my system sh get ready.all is well and i am also in the deep well,2415.851122006636
1610,Mom wants to know where you at,2416.6409281500346
1611,"Aight, I'll text you when I'm back",2418.5750160456882
1612,Dont know supports ass and srt i thnk. I think ps3 can play through usb too,2419.4154404943333
1613,Oh ok i didnt know what you meant. Yep i am baby jontin,2420.1794462012076
1614,Watching tv now. I got new job :),2420.452318809965
1615,This pen thing is beyond a joke. Wont a Biro do? Don't do a masters as can't do this ever again!,2421.150510685878
1616,I AM AT A PARTY WITH ALEX NICHOLS,2424.1004617746594
1617,Just seeing your missed call my dear brother. Do have a gr8 day.,2429.8384899551756
1618,Ok.. Ü finishing soon?,2431.513303463416
1619,"Sorry, I can't help you on this.",2432.4971534434676
1620,"Come to me, slave. Your doing it again ... Going into your shell and unconsciously avoiding me ... You are making me unhappy :-(",2436.8594526854736
1621,I love your ass! Do you enjoy doggy style? :),2437.568599630252
1622,I think asking for a gym is the excuse for lazy people. I jog.,2441.704681035464
1623,No. On the way home. So if not for the long dry spell the season would have been over,2443.656027107491
1624,I gotta collect da car at 6 lei.,2447.604546986049
1625,Ok but knackered. Just came home and went to sleep! Not good at this full time work lark.,2448.0834402960936
1626,Probably earlier than that if the station's where I think it is,2448.8510430897513
1627,Good Morning plz call me sir,2449.724587055639
1628,"Uh, heads up we don't have THAT much left",2450.620942292357
1629,I tot u outside cos darren say u come shopping. Of course we nice wat. We jus went sim lim look at mp3 player.,2453.313733040584
1630,"Aight, sounds good. When do you want me to come down?",2453.654084877161
1631,Wat would u like 4 ur birthday?,2457.5834645176487
1632,I love working from home :),2458.6357108525945
1633,And miss vday the parachute and double coins??? U must not know me very well...,2462.526705053852
1634,"Sorry, I'll call later",2463.168696836336
1635,My sister got placed in birla soft da:-),2463.353500243953
1636,Wah... Okie okie... Muz make use of e unlimited... Haha...,2470.1585870020963
1637,"There're some people by mu, I'm at the table by lambda",2472.8085626049665
1638,And stop being an old man. You get to build snowman snow angels and snowball fights.,2474.4687977223102
1639,ELLO BABE U OK?,2476.0042040315634
1640,Hello beautiful r u ok? I've kinda ad a row wiv and he walked out the pub?? I wanted a night wiv u Miss u,2476.3256756576234
1641,Then u going ikea str aft dat?,2476.608596284017
1642,Becoz its  &lt;#&gt;  jan whn al the post ofice is in holiday so she cn go fr the post ofice...got it duffer,2478.9159639408226
1643,Lol grr my mom is taking forever with my prescription. Pharmacy is like 2 minutes away. Ugh.,2479.8088790412157
1644,For real tho this sucks. I can't even cook my whole electricity is out. And I'm hungry.,2482.718519127146
1645,You want to go?,2482.9300110726363
1646,Its not that time of the month nor mid of the time?,2482.975999765724
1647,Fffff. Can you text kadeem or are you too far gone,2484.5616193562328
1648,We not leaving yet. Ok lor then we go elsewhere n eat. U thk...,2485.8539738870504
1649,Is fujitsu s series lifebook good?,2487.506816498645
1650,Yar i wanted 2 scold u yest but late already... I where got zhong se qing you? If u ask me b4 he ask me then i'll go out w u all lor. N u still can act so real.,2487.6600984575775
1651,Dont know you bring some food,2490.1918384316
1652,No current and food here. I am alone also,2494.4608329607495
1653,I'll be in sch fr 4-6... I dun haf da book in sch... It's at home...,2495.1405911105244
1654,Hello. They are going to the village pub at 8 so either come here or there accordingly. Ok?,2497.013615009363
1655,Ok,2499.956145058222
1656,We don call like  &lt;#&gt;  times oh. No give us hypertension oh.,2500.2681743450785
1657,"Dont give a monkeys wot they think and i certainly don't mind. Any friend of mine&all that! Just don't sleep wiv , that wud be annoyin!",2501.1229709941504
1658,Omg it could snow here tonite!,2501.8606506673077
1659,Carry on not disturbing both of you,2503.4604068135886
1660,What pa tell me.. I went to bath:-),2503.759269747535
1661,Jus finished avatar nigro,2505.1329015227216
1662,R u over scratching it?,2505.306464129632
1663,Hope you are having a great day.,2508.5392251944804
1664,Did either of you have any idea's? Do you know of anyplaces doing something?,2511.4768563283333
1665,"My planning usually stops at ""find hella weed, smoke hella weed""",2511.5784405880827
1666,"The fact that you're cleaning shows you know why i'm upset. Your priority is constantly ""what i want to do,"" not ""what i need to do.""",2511.8801003358803
1667,Excellent! Are you ready to moan and scream in ecstasy?,2515.7756903887603
1668,Dude avatar 3d was imp. At one point i thought there were actually flies in the room and almost tried hittng one as a reflex,2518.1319392383543
1669,K...k:)why cant you come here and search job:),2521.0944563944227
1670,I got lousy sleep. I kept waking up every 2 hours to see if my cat wanted to come in. I worry about him when its cold :(,2521.2679956745887
1671,"Yeah, I'll leave in a couple minutes &amp; let you know when I get to mu",2521.3073637770376
1672,Can ü call me at 10:10 to make sure dat i've woken up...,2521.9156305717893
1673,Hey we can go jazz power yoga hip hop kb and yogasana,2522.552338908576
1674,The battery is for mr adewale my uncle. Aka Egbon,2523.5157397312187
1675,I cant pick the phone right now. Pls send a message,2524.0519391076286
1676,Wait 2 min..stand at bus stop,2524.3346739398917
1677,Oh ic. I thought you meant mary jane.,2525.224016453556
1678,Haha... Really oh no... How? Then will they deduct your lesson tmr?,2525.3562151550063
1679,Nah im goin 2 the wrks with j wot bout u?,2529.6699169344556
1680,Then just eat a shit and wait for ur monkey face bitch.......... U asshole..................,2530.4077786956195
1681,Good night. Am going to sleep.,2533.4000465283925
1682,"Aight I'll grab something to eat too, text me when you're back at mu",2533.6005048123116
1683,K...k:)why cant you come here and search job:),2534.844142032599
1684,Take something for pain. If it moves however to any side in the next 6hrs see a doctor.,2535.7312201948016
1685,"Lol ... Oh no babe, I wont be sliding into your place after midnight, but thanks for the invite",2536.9695211127055
1686,Howz that persons story,2537.6743079272355
1687,LOL that would be awesome payback.,2541.5120988208737
1688,Yes :)it completely in out of form:)clark also utter waste.,2541.608245356513
1689,"Honeybee Said: *I'm d Sweetest in d World* God Laughed &amp; Said: *Wait,U Havnt Met d Person Reading This Msg* MORAL: Even GOD Can Crack Jokes! GM+GN+GE+GN:)",2544.020014868775
1690,Thanks. It was only from tescos but quite nice. All gone now. Speak soon,2545.52541476567
1691,What's a feathery bowa? Is that something guys have that I don't know about?,2547.851977309903
1692,Even i cant close my eyes you are in me our vava playing umma :-D,2549.926757792338
1693,2 laptop... I noe infra but too slow lar... I wan fast one,2551.6468913635945
1694,Nvm it's ok...,2553.171995276642
1695,Enjoy ur life. . Good night,2555.304611982271
1696,Yes but can we meet in town cos will go to gep and then home. You could text at bus stop. And don't worry we'll have finished by march … ish!,2556.079065726934
1697,I had askd u a question some hours before. Its answer,2557.6678293682803
1698,Thats cool. Where should i cum? On you or in you? :),2558.543262530802
1699,Delhi and chennai still silent.,2559.452272844394
1700,Lol alright i was thinkin that too haha,2560.0876731373314
1701,No I'm in the same boat. Still here at my moms. Check me out on yo. I'm half naked.,2563.092890942278
1702,Shhhhh nobody is supposed to know!,2564.365264717524
1703,"Sorry, I'll call later",2567.9057129603602
1704,"Sorry, I'll call later in meeting any thing related to trade please call Arul. &lt;#&gt;",2568.6109406547066
1705,Hey i will be late... i'm at amk. Need to drink tea or coffee,2570.0036344930977
1706,I wnt to buy a BMW car urgently..its vry urgent.but hv a shortage of  &lt;#&gt; Lacs.there is no source to arng dis amt. &lt;#&gt; lacs..thats my prob,2571.903257864981
1707,The length is e same but e top shorter n i got a fringe now. I thk i'm not going liao. Too lazy. Dun wan 2 distract u also.,2572.9897320643695
1708,S..antha num corrct dane,2573.391835273302
1709,No calls..messages..missed calls,2574.512408449751
1710,"Sorry, I'll call later",2574.866041721648
1711,The basket's gettin full so I might be by tonight,2575.8143743785595
1712,HI DARLIN IVE JUST GOT BACK AND I HAD A REALLY NICE NIGHT AND THANKS SO MUCH FOR THE LIFT SEE U TOMORROW XXX,2576.1489686215714
1713,No other Valentines huh? The proof is on your fb page. Ugh I'm so glad I really DIDN'T watch your rupaul show you TOOL!,2576.777482853335
1714,Eh den sat u book e kb liao huh...,2581.8336259006833
1715,Have you been practising your curtsey?,2582.9679250100417
1716,Shall i come to get pickle,2583.851785203928
1717,Lol boo I was hoping for a laugh,2583.9386608068326
1718,"""YEH I AM DEF UP4 SOMETHING SAT,JUST GOT PAYED2DAY & I HAVBEEN GIVEN A£50 PAY RISE 4MY WORK & HAVEBEEN MADE PRESCHOOLCO-ORDINATOR 2I AM FEELINGOOD LUV""",2586.806020333116
1719,"Well, I have to leave for my class babe ... You never came back to me ... :-( ... Hope you have a nice sleep, my love",2587.2728923461077
1720,LMAO where's your fish memory when I need it?,2587.5897914497027
1721,But i'll b going 2 sch on mon. My sis need 2 take smth.,2589.1206270171087
1722,Idea will soon get converted to live:),2589.634661317409
1723,S....s...india going to draw the series after many years in south african soil..,2591.466741383891
1724,"Goodmorning, today i am late for  &lt;DECIMAL&gt; min.",2592.3845302264554
1725,Can't take any major roles in community outreach. You rock mel,2595.806706568578
1726,Shopping lor. Them raining mah hard 2 leave orchard.,2596.6436256986235
1727,Hi here. have birth at on the  to  at 8lb 7oz. Mother and baby doing brilliantly.,2599.5819732856357
1728,See the forwarding message for proof,2599.7111683640005
1729,"I can't keep going through this. It was never my intention to run you out, but if you choose to do that rather than keep the room clean so *I* don't have to say no to visitors, then maybe that's the best choice. Yes, I wanted you to be embarassed, so maybe you'd feel for once how I feel when i have a friend who wants to drop buy and i have to say no, as happened this morning. I've tried everything. I don't know what else to do.",2599.7484245595206
1730,Dunno lei... I thk mum lazy to go out... I neva ask her yet...,2600.246030067581
1731,"Do whatever you want. You know what the rules are. We had a talk earlier this week about what had to start happening, you showing responsibility. Yet, every week it's can i bend the rule this way? What about that way? Do whatever. I'm tired of having thia same argument with you every week. And a  &lt;#&gt;  movie DOESNT inlude the previews. You're still getting in after 1.",2601.4760667522364
1732,"Beautiful Truth against Gravity.. Read carefully: ""Our heart feels light when someone is in it.. But it feels very heavy when someone leaves it.."" GOODMORNING",2605.3281040442102
1733,Ambrith..madurai..met u in arun dha marrge..remembr?,2606.3222394540935
1734,Just re read it and I have no shame but tell me how he takes it and if he runs I will blame u 4 ever!! Not really 4 ever just a long time,2606.809846165931
1735,"Princess, is your kitty shaved or natural?",2609.110800632253
1736,"Better than bb. If he wont use it, his wife will or them doctor",2609.4255718986747
1737,Ya it came a while ago,2611.619724700553
1738,From tomorrow onwards eve 6 to 3 work.,2613.1339692099655
1739,Anything lor but toa payoh got place 2 walk meh...,2613.3319969299764
1740,"I don't have anybody's number, I still haven't thought up a tactful way to ask alex",2614.556507522955
1741,Is there any movie theatre i can go to and watch unlimited movies and just pay once?,2617.068903996344
1742,U having lunch alone? I now so bored...,2617.337567686202
1743,"Yes obviously, but you are the eggs-pert and the potato head… Speak soon!",2619.145576547166
1744,"Nah man, my car is meant to be crammed full of people",2620.1847173701594
1745,No got new job at bar in airport on satsgettin 4.47per hour but means no lie in! keep in touch,2625.363828960326
1746,Kallis is ready for bat in 2nd innings,2626.7478432850617
1747,Thanx but my birthday is over already.,2627.751070968371
1748,"Ugh y can't u just apologize, admit u were wrong and ask me to take u back?",2629.2993890324155
1749,"I noe la... U wana pei bf oso rite... K lor, other days den...",2629.8776859060495
1750,"Yes, i'm small kid.. And boost is the secret of my energy..",2631.2883484043605
1751,IM GONNA MISS U SO MUCH,2632.616685510544
1752,Is avatar supposed to have subtoitles,2633.4740968448664
1753,Simply sitting and watching match in office..,2633.4935228918553
1754,You can jot down things you want to remember later.,2635.4026286870103
1755,Oh sorry please its over,2635.4212078686214
1756,Hey are we going for the lo lesson or gym?,2635.5546537240725
1757,"Dont pack what you can buy at any store.like cereals. If you must pack food, pack gari or something 9ja that you will miss.",2636.468130830511
1758,You always make things bigger than they are,2637.9582246489504
1759,Ü dun wan to watch infernal affair?,2638.587502104178
1760,"Me not waking up until 4 in the afternoon, sup",2640.790470919704
1761,I can send you a pic if you like :),2644.3470467513234
1762,Okay... I booked all already... Including the one at bugis.,2644.5999588683017
1763,"Aight fuck it, I'll get it later",2645.0686790739032
1764,No de. But call me after some time. Ill tell you k,2647.0058596836757
1765,So dont use hook up any how,2648.8902707024267
1766,How much is blackberry bold2 in nigeria.,2649.0294153731174
1767,Hi where you. You in home or calicut?,2649.764289089784
1768,Hey darlin.. i can pick u up at college if u tell me wen & where 2 mt.. love Pete xx,2650.8285967946613
1769,"Oh... I was thkin of goin yogasana at 10 den no nd to go at 3 den can rush to parco 4 nb... Okie lor, u call me when ready...",2655.0872168597925
1770,Y so late but i need to go n get da laptop...,2655.247436169498
1771,"Sir, I am waiting for your mail.",2655.3294201460058
1772,.Please charge my mobile when you get up in morning.,2655.499553297437
1773,"Nothing, i got msg frm tht unknown no..",2655.6152910494698
1774,Ugh fuck it I'm resubbing to eve,2655.993617225566
1775,He didn't see his shadow. We get an early spring yay,2659.6802960563487
1776,I did. One slice and one breadstick. Lol,2660.521471072727
1777,"Hey ! I want you ! I crave you ! I miss you ! I need you ! I love you, Ahmad Saeed al Hallaq ...",2661.3587953423203
1778,Is there any training tomorrow?,2662.321770661918
1779,Pass dis to all ur contacts n see wat u get! Red;i'm in luv wid u. Blue;u put a smile on my face. Purple;u r realy hot. Pink;u r so swt. Orange;i thnk i lyk u. Green;i realy wana go out wid u. Yelow;i wnt u bck. Black;i'm jealous of u. Brown;i miss you Nw plz giv me one color,2662.746173401691
1780,Cos daddy arranging time c wat time fetch ü mah...,2664.7993679432343
1781,Then. You are eldest know.,2666.0768750303487
1782,Who's there say hi to our drugdealer,2666.904771719418
1783,Its hard to believe things like this. All can say lie but think twice before saying anything to me.,2670.1068165162314
1784,Good night my dear.. Sleepwell&amp;Take care,2670.534880519466
1785,That is wondarfull song,2671.715334204677
1786,Yar lor actually we quite fast... Cos da ge slow wat... Haha...,2671.719541750431
1787,Must come later.. I normally bathe him in da afternoon mah..,2672.263540857133
1788,"Trust me. Even if isn't there, its there.",2672.970491648229
1789,Hey hun-onbus goin 2 meet him. He wants 2go out 4a meal but I donyt feel like it cuz have 2 get last bus home!But hes sweet latelyxxx,2673.95956907571
1790,I can take you at like noon,2675.145960127606
1791,Where is it. Is there any opening for mca.,2675.844132088301
1792,I'm aight. Wat's happening on your side.,2677.203846759217
1793,I'm done oredi...,2677.4675979672293
1794,"you are sweet as well, princess. Please tell me your likes and dislikes in bed...",2677.5614405899773
1795,How are you. Wish you a great semester,2681.538544507264
1796,Moji i love you more than words. Have a rich day,2684.26585050344
1797,Dude how do you like the buff wind.,2684.4598469255716
1798,"""alright babe, justthought id sayhey! how u doin?nearly the endof me wk offdam nevamind!We will have 2Hook up sn if uwant m8? loveJen x.""",2684.8776357340457
1799,"No i'm not. I can't give you everything you want and need. You actually could do better for yourself on yor own--you've got more money than i do. I can't get work, i can't get a man, i can't pay the rent, i can't even fill my fucking gas tank. yes, i'm stressed and depressed. I didn't even call home for thanksgiving cuz i'll have to tell them i,m up to nothing.",2687.8779447589523
1800,S:-)kallis wont play in first two odi:-),2690.0283511093508
1801,Then get some cash together and I'll text jason,2690.6869125158382
1802,"Oh, my love, it's soooo good to hear from you. Omg I missed you so much today. I'm sorry your having problems with the provider but thank you for tming me",2692.750239010229
1803,"Probably, want to pick up more?",2694.524168863096
1804,I'm done...,2694.93549910987
1805,Are you the cutest girl in the world or what,2696.2169715504947
1806,"No dice, art class 6 thru 9 :( thanks though. Any idea what time I should come tomorrow?",2696.937052375084
1807,Oh Howda gud gud.. Mathe en samachara chikku:-),2697.339920896196
1808,I thk 530 lor. But dunno can get tickets a not. Wat u doing now?,2697.6959607360664
1809,Audrie lousy autocorrect,2698.9296412661242
1810,Its a site to simulate the test. It just gives you very tough questions to test your readiness.,2698.9411615696818
1811,Anyway seriously hit me up when you're back because otherwise I have to light up with armand and he always has shit and/or is vomiting,2700.016792125893
1812,I fetch yun or u fetch?,2700.9719615793874
1813,Thank you. I like you as well...,2701.4978529945383
1814,"Hmmm ... And imagine after you've come home from that having to rub my feet, make me dinner and help me get ready for my date ! Are you sure your ready for that kind of life ?",2701.65844384956
1815,Lara said she can loan me  &lt;#&gt; .,2701.7533815367206
1816,Do we have any spare power supplies,2702.4225384581464
1817,Yar he quite clever but aft many guesses lor. He got ask me 2 bring but i thk darren not so willing 2 go. Aiya they thk leona still not attach wat.,2703.6213586629788
1818,"Yeah, don't go to bed, I'll be back before midnight",2704.379479628134
1819,Well I wasn't available as I washob nobbing with last night so they had to ask Nickey Platt instead of me!;,2705.0497873400227
1820,"It's that time of the week again, ryan",2711.5840474304473
1821,Wish u many many returns of the day.. Happy birthday vikky..,2713.113938506723
1822,I hope you know I'm still mad at you.,2717.0052521293555
1823,"Argh my 3g is spotty, anyway the only thing I remember from the research we did was that province and sterling were the only problem-free places we looked at",2718.518996931488
1824,In xam hall boy asked girl Tell me the starting term for dis answer I can den manage on my own After lot of hesitation n lookin around silently she said THE! intha ponnungale ipaditan;),2719.322808066816
1825,Do you know when the result.,2719.600817539017
1826,"Beautiful Truth against Gravity.. Read carefully: ""Our heart feels light when someone is in it.. But it feels very heavy when someone leaves it.."" GOOD NIGHT",2721.1934778873124
1827,"Sorry im getting up now, feel really bad- totally rejected that kinda me thing.",2725.4833677199476
1828,You do got a shitload of diamonds though,2732.1331183422044
1829,Tessy..pls do me a favor. Pls convey my birthday wishes to Nimya..pls dnt forget it. Today is her birthday Shijas,2733.836759322447
1830,Well I'm going to be an aunty!,2733.9754467367884
1831,Mine here like all fr china then so noisy.,2735.167919188581
1832,Later i guess. I needa do mcat study too.,2735.50464552923
1833,S...from the training manual it show there is no tech process:)its all about password reset and troubleshooting:),2735.8014311487073
1834,"Spoke with uncle john today. He strongly feels that you need to sacrifice to keep me here. He's going to call you. When he does, i beg you to just listen. Dont make any promises or make it clear things are not easy. And i need you to please let us work things out. As long as i keep expecting help, my creativity will be stifled so pls just keep him happy, no promises on your part.",2735.999092814705
1835,If he started searching he will get job in few days.he have great potential and talent.,2737.2801099554113
1836,"Carlos took a while (again), we leave in a minute",2738.431810096299
1837,Well done and ! luv ya all,2738.840913379227
1838,Then why you came to hostel.,2739.10009343205
1839,K still are you loving me.,2739.6354760625527
1840,But i juz remembered i gotta bathe my dog today..,2740.53741417108
1841,After the drug she will be able to eat.,2742.5182479811965
1842,Alright took the morphine. Back in yo.,2744.4264315627306
1843,You see the requirements please,2749.155204398027
1844,You stayin out of trouble stranger!!saw Dave the other day hes sorted now!still with me bloke when u gona get a girl MR!ur mum still Thinks we will get 2GETHA!,2751.10216059098
1845,So can collect ur laptop?,2753.179880976556
1846,"Ok. Can be later showing around 8-8:30 if you want + cld have drink before. Wld prefer not to spend money on nosh if you don't mind, as doing that nxt wk.",2753.184518619564
1847,I will once i get home,2753.532351990171
1848,Waaaat?? Lololo ok next time then!,2753.716507766081
1849,"The table's occupied, I'm waiting by the tree",2754.033503721607
1850,I surely dont forgot to come:)i will always be in touch in with you:-),2754.2634465696947
1851,Hi kindly give us back our documents which we submitted for loan from STAPATI,2754.543832410226
1852,I dont have i shall buy one dear,2756.278376175822
1853,Oh god i am happy to see your message after 3 days,2757.5248402449065
1854,What year. And how many miles.,2758.8243538445886
1855,Hey cutie. How goes it? Here in WALES its kinda ok. There is like hills and shit but i still avent killed myself.,2759.499771596786
1856,"Sad story of a Man - Last week was my b'day. My Wife did'nt wish me. My Parents forgot n so did my Kids . I went to work. Even my Colleagues did not wish. As I entered my cabin my PA said, '' Happy B'day Boss !!''. I felt special. She askd me 4 lunch. After lunch she invited me to her apartment. We went there. She said,'' do u mind if I go into the bedroom for a minute ? '' ''OK'', I sed in a sexy mood. She came out 5 minuts latr wid a cake...n My Wife, My Parents, My Kidz, My Friends n My Colleagues. All screaming.. SURPRISE !! and I was waiting on the sofa.. ... ..... ' NAKED...!",2760.5043841182323
1857,I think you should go the honesty road. Call the bank tomorrow. Its the tough decisions that make us great people.,2764.2568737235374
1858,No. Its not specialisation. Can work but its slave labor. Will look for it this month sha cos no shakara 4 beggar.,2764.8426570627757
1859,Is she replying. Has boye changed his phone number,2768.2253683628896
1860,"1) Go to write msg 2) Put on Dictionary mode 3)Cover the screen with hand, 4)Press  &lt;#&gt; . 5)Gently remove Ur hand.. Its interesting..:)",2772.9602971278914
1861,hi my darlin im on my way to London and we have just been smashed into by another driver! and have a big dent! im really missing u what have u been up to? xxx,2773.031845067615
1862,"Nothing really, just making sure everybody's up to speed",2775.0671442937514
1863,I'm not coming home 4 dinner.,2775.795625241548
1864,"Thank you. And by the way, I just lost.",2779.2143654233696
1865,Yes.he have good crickiting mind,2780.85312047676
1866,Thx. All will be well in a few months,2787.336020928184
1867,"""CAN I PLEASE COME UP NOW IMIN TOWN.DONTMATTER IF URGOIN OUTL8R,JUST REALLYNEED 2DOCD.PLEASE DONTPLEASE DONTIGNORE MYCALLS,U NO THECD ISV.IMPORTANT TOME 4 2MORO""",2788.986846723528
1868,I wont. So wat's wit the guys,2790.2413693966064
1869,Yavnt tried yet and never played original either,2790.6509078553845
1870,"Hiya, had a good day? Have you spoken to since the weekend?",2791.8407469771364
1871,See? I thought it all through,2793.8151744783177
1872,I'm at work. Please call,2794.413814418495
1873,get ready to moan and scream :),2794.9298663217323
1874,Oh k :)why you got job then whats up?,2797.4875480761716
1875,"I don,t think so. You don't need to be going out that late on a school night. ESPECIALLY when the one class you have is the one you missed last wednesday and probably failed a test in on friday",2797.9005452953315
1876,And popping &lt;#&gt; ibuprofens was no help.,2801.549565242615
1877,"Babe ! How goes that day ? What are you doing ? Where are you ? I sip my cappuccino and think of you, my love ... I send a kiss to you from across the sea",2801.5825760325015
1878,Ok.,2803.7468212626986
1879,PS U no ur a grown up now right?,2803.798920659889
1880,"Chinatown got porridge, claypot rice, yam cake, fishhead beehoon... Either we eat cheap den go cafe n tok or go nydc or somethin...",2804.3991657022084
1881,I know a few people I can hit up and fuck to the yes,2805.1781801483203
1882,Purity of friendship between two is not about smiling after reading the forwarded message..Its about smiling just by seeing the name. Gud evng,2805.180644381386
1883,So is there anything specific I should be doing with regards to jaklin or what because idk what the fuck,2806.227885646512
1884,Oh god. I'm gonna Google nearby cliffs now.,2806.95727481519
1885,Yup i shd haf ard 10 pages if i add figures... Ü all got how many pages?,2809.6881603712313
1886,"Ooh, 4got, i'm gonna start belly dancing in moseley weds 6.30 if u want 2 join me, they have a cafe too.",2810.1907545250974
1887,Thankyou so much for the call. I appreciate your care.,2810.596026955701
1888,Congrats ! Treat pending.i am not on mail for 2 days.will mail once thru.Respect mother at home.check mails.,2810.879055094108
1889,I called but no one pick up e phone. I ask both of them already they said ok.,2812.313236631784
1890,Hi my email address has changed now it is,2813.434693852442
1891,"V-aluable. A-ffectionate. L-oveable. E-ternal. N-oble. T-ruthful. I-ntimate. N-atural. E-namous. Happy ""VALENTINES DAY"" in advance",2813.556541170018
1892,"Not much, just some textin'. How bout you?",2813.6610195555922
1893,Bring it if you got it,2815.1298748797317
1894,I'm in a movie. Call me 4 wat?,2816.6998948210385
1895,Not sure I have the stomach for it ...,2817.6297392825873
1896,Haha... can... But i'm having dinner with my cousin...,2817.870697494936
1897,"A boy was late 2 home. His father: ""POWER OF FRNDSHIP""",2818.104477330531
1898,"(And my man carlos is definitely coming by mu tonight, no excuses)",2818.392423503314
1899,soon you will have the real thing princess! Do i make you wet? :),2818.7549037979793
1900,Raji..pls do me a favour. Pls convey my Birthday wishes to Nimya. Pls. Today is her birthday.,2819.032032345817
1901,"Haha, my legs and neck are killing me and my amigos are hoping to end the night with a burn, think I could swing by in like an hour?",2822.759504674951
1902,Usually the body takes care of it buy making sure it doesnt progress. Can we pls continue this talk on saturday.,2824.3523913593067
1903,"Hmm well, night night",2826.9787062752225
1904,Just wanted to say holy shit you guys weren't kidding about this bud,2827.818285391882
1905,"Just gettin a bit arty with my collages at the mo, well tryin 2 ne way! Got a roast in a min lovely i shall enjoy that!",2829.0300457833796
1906,"This is one of the days you have a billion classes, right?",2829.198714850588
1907,"Goodmorning, today i am late for 2hrs. Because of back pain.",2829.3408047753296
1908,Ok then i'll let him noe later n ask him call u tmr...,2829.971130866568
1909,Prabha..i'm soryda..realy..frm heart i'm sory,2832.0725639501884
1910,OK i'm waliking ard now... Do u wan me 2 buy anything go ur house?,2832.335271500412
1911,* Will have two more cartons off u and is very pleased with shelves,2834.650276605001
1912,Nice talking to you! please dont forget my pix :) i want to see all of you...,2834.6551441615275
1913,But really quite funny lor wat... Then u shd haf run shorter distance wat...,2834.6743195121785
1914,I notice you like looking in the shit mirror youre turning into a right freak,2834.9108207005784
1915,Great. I was getting worried about you. Just know that a wonderful and caring person like you will have only the best in life. Know that u r wonderful and God's love is yours.,2835.527244869572
1916,"I prefer my free days... Tues, wed, fri oso can... Ü ask those workin lor...",2835.664811714836
1917,Alrite jod hows the revision goin? Keris bin doin a smidgin. N e way u wanna cum over after college?xx,2837.928509554743
1918,If you have belive me. Come to my home.,2840.0491792620173
1919,Oh k.k..where did you take test?,2841.246902456405
1920,Those were my exact intentions,2841.326301755653
1921,haha but no money leh... Later got to go for tuition... Haha and looking for empty slots for driving lessons,2842.351817090332
1922,"Hey... Thk we juz go accordin to wat we discussed yest lor, except no kb on sun... Cos there's nt much lesson to go if we attend kb on sat...",2847.5317072456714
1923,"K, wen ur free come to my home and also tel vikky i hav sent mail to him also.. Better come evening il be free today aftr 6pm..:-)",2852.419709695178
1924,Nothing just getting msgs by dis name wit different no's..,2852.4495155072555
1925,Good Morning plz call me sir,2853.2174779165666
1926,What's your room number again? Wanna make sure I'm knocking on the right door,2855.651228540451
1927,"""Si.como no?!listened2the plaid album-quite gd&the new air1 which is hilarious-also boughtbraindancea comp.ofstuff on aphexs ;abel,u hav2hear it!c u sn xxxx""",2859.236117626379
1928,Pls tell nelson that the bb's are no longer comin. The money i was expecting aint coming,2860.6991670430716
1929,"Give her something to drink, if she takes it and doesn't vomit then you her temp might drop. If she unmits however let me know.",2860.76019087107
1930,Think you sent the text to the home phone. That cant display texts. If you still want to send it his number is,2861.0645413500697
1931,Every day i use to sleep after  &lt;#&gt;  so only.,2862.8329378260546
1932,K I'll call you when I'm close,2871.1435991598705
1933,U buy newspapers already?,2871.1701444439973
1934,Nope wif my sis lor... Aft bathing my dog then i can bathe... Looks like it's going 2 rain soon.,2872.3167840265673
1935,Boo I'm on my way to my moms. She's making tortilla soup. Yummmm,2875.7928392586555
1936,No management puzzeles.,2876.027266663721
1937,How did you find out in a way that didn't include all of these details,2877.1285238645482
1938,will you like to be spoiled? :),2877.8811298387327
1939,I am getting threats from your sales executive Shifad as i raised complaint against him. Its an official message.,2880.4878179116545
1940,hope things went well at 'doctors' ;) reminds me i still need 2go.did u c d little thing i left in the lounge?,2880.4926655733284
1941,Den wat will e schedule b lk on sun?,2884.3319186647796
1942,Lol enjoy role playing much?,2884.3917519146994
1943,Ok. Me watching tv too.,2884.8611707072946
1944,"I just lov this line: ""Hurt me with the truth, I don't mind,i wil tolerat.bcs ur my someone..... But, Never comfort me with a lie"" gud ni8 and sweet dreams",2885.013576916992
1945,"Just checked out, heading out to drop off my stuff now",2887.4952824454263
1946,Here got lots of hair dresser fr china.,2888.957552820177
1947,Sad story of a Man - Last week was my b'day. My Wife did'nt wish me. My Parents forgot n so did my Kids . I went to work. Even my Colleagues did not wish.,2890.094261697599
1948,Ill call you evening ill some ideas.,2892.4940138864863
1949,Did you show him and wot did he say or could u not c him 4 dust?,2894.219908927307
1950,It should take about  &lt;#&gt;  min,2894.3448399577037
1951,Ok . . now i am in bus. . If i come soon i will come otherwise tomorrow,2894.60356218765
1952,I cant pick the phone right now. Pls send a message,2896.2629299198097
1953,Finish liao... U?,2897.636649989446
1954,Haha i think i did too,2899.427188784449
1955,U know we watchin at lido?,2901.2735199579074
1956,Life spend with someone for a lifetime may be meaningless but a few moments spent with someone who really love you means more than life itself..,2901.31791390931
1957,"Haha awesome, I've been to 4u a couple times. Who all's coming?",2903.0919198613547
1958,Cold. Dont be sad dear,2909.605004611208
1959,Think I could stop by in like an hour or so? My roommate's looking to stock up for a trip,2910.556897220699
1960,Is that on the telly? No its Brdget Jones!,2910.6163072003324
1961,Love you aathi..love u lot..,2911.7323443600935
1962,Hello! How r u? Im bored. Inever thought id get bored with the tv but I am. Tell me something exciting has happened there? Anything! =/,2911.9853211172044
1963,Hmm...Bad news...Hype park plaza $700 studio taken...Only left 2 bedrm-$900...,2912.1905138384664
1964,"Sorry, I'll call later in meeting",2913.750861914785
1965,R ü comin back for dinner?,2916.138462565386
1966,"I hav almost reached. Call, i m unable to connect u.",2916.2736451536425
1967,Whom you waited for yesterday,2917.5870475737906
1968,I reach home safe n sound liao...,2917.8061283085653
1969,"Velly good, yes please!",2918.4501886779594
1970,"Hi, wkend ok but journey terrible. Wk not good as have huge back log of marking to do",2918.8512233186234
1971,I have had two more letters from . I will copy them for you cos one has a message for you. Speak soon,2919.629474233407
1972,Alex knows a guy who sells mids but he's down in south tampa and I don't think I could set it up before like 8,2920.8187270837675
1973,Dont you have message offer,2921.2089296972485
1974,"HEY THERE BABE, HOW U DOIN? WOT U UP 2 2NITE LOVE ANNIE X.",2921.273850634879
1975,Remind me how to get there and I shall do so,2921.3423553795683
1976,:-( that's not v romantic!,2921.825992729599
1977,Hello. Damn this christmas thing. I think i have decided to keep this mp3 that doesnt work.,2922.867671111239
1978,HI DARLIN IM MISSIN U HOPE YOU ARE HAVING A GOOD TIME. WHEN ARE U BACK AND WHAT TIME IF U CAN GIVE ME A CALL AT HOME. JESS XX,2924.716406403716
1979,Draw va?i dont think so:),2925.1166261731178
1980,Dont pick up d call when something important is There to tell. Hrishi,2925.777059447758
1981,Nothin comes to my mind. Ü help me buy hanger lor. Ur laptop not heavy?,2928.556663921437
1982,"&lt;#&gt; , that's all? Guess that's easy enough",2929.459627505832
1983,We can make a baby in yo tho,2929.7500656597
1984,Should I tell my friend not to come round til like  &lt;#&gt; ish?,2932.4441073589073
1985,Friendship poem: Dear O Dear U R Not Near But I Can Hear Dont Get Fear Live With Cheer No More Tear U R Always my Dear. Gud ni8,2934.435593301588
1986,Still in the area of the restaurant. Ill try to come back soon,2934.5666432265702
1987,"Aight that'll work, thanks",2937.5156348056503
1988,"I have 2 sleeping bags, 1 blanket and paper and  phone details. Anything else?",2938.592328371766
1989,So what do you guys do.,2938.6358374020124
1990,Also that chat was awesome but don't make it regular unless you can see her in person,2942.883394109348
1991,That's significant but dont worry.,2944.2590859972506
1992,That's cause your old. I live to be high.,2944.9585230161915
1993,"Waqt se pehle or naseeb se zyada kisi ko kuch nahi milta,Zindgi wo nahi he jo hum sochte hai Zindgi wo hai jo ham jeetey hai..........",2945.914149519549
1994,On the way to office da..,2946.3567120662046
1995,In which place do you want da.,2948.729259716764
1996,This pain couldn't have come at a worse time.,2952.6756019459417
1997,Ok...,2953.158412193586
1998,Should I be stalking u?,2953.2824901738227
1999,Sorry dude. Dont know how i forgot. Even after Dan reminded me. Sorry. Hope you guys had fun.,2953.330574027513
2000,Ok lor.,2953.76762829355
2001,Apps class varaya elaya.,2962.104996107636
2002,The Xmas story is peace.. The Xmas msg is love.. The Xmas miracle is jesus.. Hav a blessed month ahead &amp; wish U Merry Xmas...,2962.7383849218854
2003,That day you asked about anand number. Why:-),2965.138453571355
2004,Am surfing online store. For offers do you want to buy any thing.,2966.2343386703214
2005,Long beach lor. Expected... U having dinner now?,2970.102291889581
2006,At home by the way,2970.5498413446985
2007,We are both fine. Thanks,2970.63739165758
2008,What happen to her tell the truth,2971.3751767892404
2009,Do you like Italian food?,2972.3996039003446
2010,Which is weird because I know I had it at one point,2974.4556391151455
2011,"""Aww you must be nearly dead!Well Jez isComing over toDo some workAnd that whillTake forever!""",2976.9501374404936
2012,Tell your friends what you plan to do on Valentines day @ &lt;URL&gt;,2977.010875306063
2013,"Alright, see you in a bit",2977.0655945603776
2014,Cheers for the message Zogtorius. Ive been staring at my phone for an age deciding whether to text or not.,2978.1654529093817
2015,I will take care of financial problem.i will help:),2979.0011474107973
2016,Tell dear what happen to you. Why you talking to me like an alian,2981.234067461519
2017,"1) Go to write msg 2) Put on Dictionary mode 3)Cover the screen with hand, 4)Press  &lt;#&gt; . 5)Gently remove Ur hand.. Its interesting..:)",2981.748487210421
2018,Okie...,2983.692030139719
2019,"Hi this is yijue, can i meet u at 11 tmr?",2984.1134738198707
2020,Its posible dnt live in  &lt;#&gt; century cm frwd n thnk different,2984.5626208795284
2021,But i dint slept in afternoon.,2989.4101066164644
2022,That seems unnecessarily affectionate,2991.5318434392634
2023,Yar else i'll thk of all sorts of funny things.,2991.6568535821584
2024,You will be in the place of that man,2992.0597362986578
2025,Thats cool. How was your day?,2992.1423965350423
2026,R we going with the  &lt;#&gt;  bus?,2993.2147849489716
2027,"Hello, my love ! How went your day ? Are you alright ? I think of you, my sweet and send a jolt to your heart to remind you ... I LOVE YOU! Can you hear it ? I screamed it across the sea for all the world to hear. Ahmad al Hallaq is loved ! and owned ! *possessive passionate kiss*",2994.0094309557
2028,No..he joined today itself.,2995.173736246896
2029,Okay same with me. Well thanks for the clarification,2997.026730147716
2030,I'll talk to the others and probably just come early tomorrow then,2997.4256748470593
2031,"Had the money issue weigh me down but thanks to you, I can breathe easier now. I.ll make sure you dont regret it. Thanks.",2999.157813814332
2032,Hi. I'm sorry i missed your call. Can you pls call back.,3002.163907550127
2033,How are you doing? Hope you've settled in for the new school year. Just wishin you a gr8 day,3003.598145963089
2034,Ok then no need to tell me anything i am going to sleep good night,3006.1830559201535
2035,Ok try to do week end course in coimbatore.,3010.4722568578786
2036,V nice! Off 2 sheffield tom 2 air my opinions on categories 2 b used 2 measure ethnicity in next census. Busy transcribing. :-),3011.049711586306
2037,If you r @ home then come down within 5 min,3011.5604120277108
2038,"A Boy loved a gal. He propsd bt she didnt mind. He gv lv lttrs, Bt her frnds threw thm. Again d boy decided 2 aproach d gal , dt time a truck was speeding towards d gal. Wn it was about 2 hit d girl,d boy ran like hell n saved her. She asked 'hw cn u run so fast?' D boy replied ""Boost is d secret of my energy"" n instantly d girl shouted ""our energy"" n Thy lived happily 2gthr drinking boost evrydy Moral of d story:- I hv free msgs:D;): gud ni8",3015.0555477694616
2039,"That day ü say ü cut ur hair at paragon, is it called hair sense? Do ü noe how much is a hair cut?",3016.0311024361667
2040,"Hmm, too many of them unfortunately... Pics obviously arent hot cakes. Its kinda fun tho",3017.5114381034587
2041,Watching tv lor... Y she so funny we bluff her 4 wat. Izzit because she thk it's impossible between us?,3021.677241991447
2042,Dunno lei he neva say...,3022.494314518688
2043,Thanx 4 2day! U r a goodmate I THINK UR RITE SARY! ASUSUAL!1 U CHEERED ME UP! LOVE U FRANYxxxxx,3023.678628014292
2044,I'm on my way home. Went to change batt 4 my watch then go shop a bit lor.,3027.4730705275288
2045,"Hi, Mobile no.  &lt;#&gt;  has added you in their contact list on www.fullonsms.com It s a great place to send free sms to people For more visit fullonsms.com",3027.686719669646
2046,"Good evening Sir, hope you are having a nice day. I wanted to bring it to your notice that I have been late in paying rent for the past few months and have had to pay a $ &lt;#&gt;  charge. I felt it would be inconsiderate of me to nag about something you give at great cost to yourself and that's why i didnt speak up. I however am in a recession and wont be able to pay the charge this month hence my askin well ahead of month's end. Can you please help. Thank you for everything.",3028.9916776169957
2047,"If i let you do this, i want you in the house by 8am.",3029.716068547885
2048,"Best line said in Love: . ""I will wait till the day I can forget u Or The day u realize that u cannot forget me.""... Gn",3030.7184827144088
2049,I will reach before ten morning,3031.65073023464
2050,Your pussy is perfect!,3033.365398297608
2051,"Sorry, I'll call later",3033.639254588998
2052,No message..no responce..what happend?,3038.2017529964046
2053,Also where's the piece,3040.2274546179783
2054,"wiskey Brandy Rum Gin Beer Vodka Scotch Shampain Wine ""KUDI""yarasu dhina vaazhthukkal. ..",3049.0091508900273
2055,Boo. How's things? I'm back at home and a little bored already :-(,3049.3047644915964
2056,First has she gained more than  &lt;#&gt; kg since she took in. Second has she done the blood sugar tests. If she has and its ok and her blood pressure is within normal limits then no worries,3050.6138617738115
2057,PICK UR FONE UP NOW U DUMB?,3053.112064464599
2058,"Thanks da thangam, i feel very very happy dear. I also miss you da.",3056.1824379727473
2059,"Okey doke. I'm at home, but not dressed cos laying around ill! Speak to you later bout times and stuff.",3059.7154223265493
2060,I don't run away frm u... I walk slowly &amp; it kills me that u don't care enough to stop me...,3062.450039351446
2061,"Babe, I'm back ... Come back to me ...",3062.625347747975
2062,Well you told others you'd marry them...,3062.8800425791624
2063,Neshanth..tel me who r u?,3062.9761866779268
2064,YO YO YO BYATCH WHASSUP?,3064.4403410613386
2065,Oh... Kay... On sat right?,3065.643293224498
2066,Hi! This is Roger from CL. How are you?,3069.4170240091644
2067,Oh oh... Wasted... Den muz chiong on sat n sun liao...,3072.0129563616147
2068,Jesus christ bitch I'm trying to give you drugs answer your fucking phone,3072.192445370101
2069,Please give it 2  or i will pick it up on Tuesday evening about 8 if that is ok.,3075.2443044649076
2070,I'm meeting Darren...,3076.6401141299943
2071,"One of best dialogue in cute reltnship..!! ""Wen i Die, Dont Come Near My Body..!! Bcoz My Hands May Not Come 2 Wipe Ur Tears Off That Time..!Gud ni8",3076.757724331003
2072,"Solve d Case : A Man Was Found Murdered On  &lt;DECIMAL&gt; . &lt;#&gt;  AfterNoon. 1,His wife called Police. 2,Police questioned everyone. 3,Wife: Sir,I was sleeping, when the murder took place. 4.Cook: I was cooking. 5.Gardener: I was picking vegetables. 6.House-Maid: I went 2 d post office. 7.Children: We went 2 play. 8.Neighbour: We went 2 a marriage. Police arrested d murderer Immediately. Who's It? Reply With Reason, If U r Brilliant.",3077.6006863926914
2073,Dear where you will be when i reach there,3081.0338408845705
2074,Aww that's the first time u said u missed me without asking if I missed u first. You DO love me! :),3081.2780289832886
2075,Ok... Thanx... Gd nite 2 ü too...,3083.6908039811824
2076,"Come to me right now, Ahmad",3083.863209587754
2077,Lol please do. Actually send a pic of yourself right now. I wanna see. Pose with a comb and hair dryer or something.,3085.2482509549536
2078,O was not into fps then.,3087.5185156681746
2079,Huh means computational science... Y they like dat one push here n there...,3087.8020399738166
2080,"Could you not read me, my Love ? I answered you",3088.1323160917855
2081,Oh... Lk tt den we take e one tt ends at cine lor... Dun wan yogasana oso can...,3091.2828037848785
2082,"Madam,regret disturbance.might receive a reference check from DLF Premarica.kindly be informed.Rgds,Rakhesh,Kerala.",3094.835583080707
2083,Oic... Then better quickly go bathe n settle down...,3095.0338502819054
2084,Err... Cud do. I'm going to  at 8pm. I haven't got a way to contact him until then.,3099.2809660287426
2085,A bloo bloo bloo I'll miss the first bowl,3100.1133579564907
2086,Lmao but its so fun...,3102.717671197438
2087,Oh k k:)but he is not a big hitter.anyway good,3106.066177440441
2088,Hey!!! I almost forgot ... Happy B-day babe ! I love ya!!,3106.8919775037807
2089,Do you think i can move  &lt;#&gt;  in a week,3107.4107174513274
2090,She.s find. I sent you an offline message to know how anjola's now.,3109.0087854691624
2091,How was txting and driving,3109.1440756960815
2092,That's good. Lets thank God. Please complete the drug. Have lots of water. And have a beautiful day.,3109.748158709469
2093,Really dun bluff me leh... U sleep early too. Nite...,3113.703033442901
2094,"Indians r poor but India is not a poor country. Says one of the swiss bank directors. He says that "" &lt;#&gt;  lac crore"" of Indian money is deposited in swiss banks which can be used for 'taxless' budget for  &lt;#&gt;  yrs. Can give  &lt;#&gt;  crore jobs to all Indians. From any village to Delhi 4 lane roads. Forever free power suply to more than  &lt;#&gt;  social projects. Every citizen can get monthly  &lt;#&gt; /- for  &lt;#&gt;  yrs. No need of World Bank &amp; IMF loan. Think how our money is blocked by rich politicians. We have full rights against corrupt politicians. Itna forward karo ki pura INDIA padhe.g.m.""",3117.5004726732095
2095,Uncle boye. I need movies oh. Guide me. Plus you know torrents are not particularly legal here. And the system is slowing down. What should i do. Have a gr8 day. Plus have you started cos i dont meet you online. How was the honey moon.,3118.1511913053514
2096,Oh ya ya. I remember da. .,3119.9557449456997
2097,Btw regarding that we should really try to see if anyone else can be our 4th guy before we commit to a random dude,3122.693146123234
2098,I not busy juz dun wan 2 go so early.. Hee..,3122.872181858129
2099,Rightio. 11.48 it is then. Well arent we all up bright and early this morning.,3124.7981295523086
2100,"Great. I'm in church now, will holla when i get out",3125.464496973134
2101,Back in brum! Thanks for putting us up and keeping us all and happy. See you soon,3127.564136292697
2102,I donno if they are scorable,3128.5413574362283
2103,&lt;#&gt;  great loxahatchee xmas tree burning update: you can totally see stars here,3128.6730612510614
2104,"Yes but i dont care! I need you bad, princess!",3128.928295030543
2105,"The guy (kadeem) hasn't been selling since the break, I know one other guy but he's paranoid as fuck and doesn't like selling without me there and I can't be up there til late tonight",3129.4720455618067
2106,"Sorry, I'll call later",3129.500836665308
2107,Tmr then ü brin lar... Aiya later i come n c lar... Mayb ü neva set properly ü got da help sheet wif ü...,3130.431304283117
2108,Do u knw dis no. &lt;#&gt; ?,3130.6709588581084
2109,Then she dun believe wat?,3133.3716376653692
2110,K..give back my thanks.,3134.8333771982557
2111,I know complain num only..bettr directly go to bsnl offc nd apply for it..,3135.3456997366684
2112,Okay. I've seen it. So i should pick it on friday?,3136.179809919602
2113,How much she payed. Suganya.,3136.509151757661
2114,Left dessert. U wan me 2 go suntec look 4 u?,3138.9882563041806
2115,"Abeg, make profit. But its a start. Are you using it to get sponsors for the next event?",3142.1746428668434
2116,Onum ela pa. Normal than.,3142.8708534759467
2117,K.k..how is your sister kids?,3143.0569458660502
2118,"Cool, I'll text you when I'm on the way",3144.364168880221
2119,Nope. Meanwhile she talk say make i greet you.,3144.4605663010766
2120,i cant talk to you now.i will call when i can.dont keep calling.,3146.932232004805
2121,Anything lar...,3148.57071347695
2122,"Rose needs water, season needs change, poet needs imagination..My phone needs ur sms and i need ur lovely frndship forever....",3148.621343095633
2123,"Good afternoon, babe. How goes that day ? Any job prospects yet ? I miss you, my love ... *sighs* ... :-(",3149.7565126317286
2124,They will pick up and drop in car.so no problem..,3150.16158555485
2125,S.i think he is waste for rr..,3151.221660151752
2126,He is world famamus....,3152.5756783769
2127,Is there coming friday is leave for pongal?do you get any news from your work place.,3152.6475979689376
2128,Lol well don't do it without me. We could have a big sale together.,3153.7588697225788
2129,* Am on my way,3153.866178422577
2130,Eat at old airport road... But now 630 oredi... Got a lot of pple...,3153.998488480814
2131,"sry can't talk on phone, with parents",3154.6926557847864
2132,Ok lor wat time ü finish?,3155.485659400953
2133,"Princess, i like to make love  &lt;#&gt;  times per night. Hope thats not a problem!",3156.436206236739
2134,Mm i am on the way to railway,3158.0088569550167
2135,i dnt wnt to tlk wid u,3158.4975718669534
2136,"I'm done. I'm sorry. I hope your next space gives you everything you want. Remember all the furniture is yours. If i'm not around when you move it, just lock all the locks and leave the key with jenne.",3160.0621200118353
2137,Not yet. Just i'd like to keep in touch and it will be the easiest way to do that from barcelona. By the way how ru and how is the house?,3162.0990541537562
2138,K.:)do it at evening da:)urgent:),3164.654677563109
2139,Pansy! You've been living in a jungle for two years! Its my driving you should be more worried about!,3166.2121906576167
2140,Mm have some kanji dont eat anything heavy ok,3166.675818081264
2141,Only if you promise your getting out as SOON as you can. And you'll text me in the morning to let me know you made it in ok.,3167.081614035838
2142,Lol that's different. I don't go trying to find every real life photo you ever took.,3167.795397693082
2143,I dont thnk its a wrong calling between us,3171.396387041225
2144,K ill drink.pa then what doing. I need srs model pls send it to my mail id pa.,3172.477975978658
2145,Aiyah e rain like quite big leh. If drizzling i can at least run home.,3172.8078336375816
2146,I have 2 docs appointments next week.:/ I'm tired of them shoving stuff up me. Ugh why couldn't I have had a normal body?,3174.1443984139746
2147,Dun b sad.. It's over.. Dun thk abt it already. Concentrate on ur other papers k.,3174.8735624067613
2148,"Greetings me, ! Consider yourself excused.",3175.4779493035294
2149,No drama Pls.i have had enough from you and family while i am struggling in the hot sun in a strange place.No reason why there should be an ego of not going 'IF NOT INVITED' when actually its necessity to go.wait for very serious reppurcussions.,3180.779350548385
2150,they released another Italian one today and it has a cosign option,3182.0373947565768
2151,"You at mu? You should try to figure out how much money everyone has for gas and alcohol, jay and I are trying to figure out our weed budget",3183.567702759063
2152,HCL chennai requires FRESHERS for voice process.Excellent english needed.Salary upto  &lt;#&gt; .Call Ms.Suman  &lt;#&gt;  for Telephonic interview -via Indyarocks.com,3183.5914664165075
2153,Dai what this da.. Can i send my resume to this id.,3184.012197510185
2154,"I know where the  &lt;#&gt;  is, I'll be there around 5",3184.0774675487432
2155,Yup i've finished c ü there...,3184.127164071242
2156,Remember to ask alex about his pizza,3184.862707837488
2157,No da..today also i forgot..,3185.490723751047
2158,"Ola would get back to you maybe not today but I ve told him you can be his direct link in the US in getting cars he bids for online, you arrange shipping and you get a cut. Or U????? For a partnership where U????? Invest money for shipping and he takes care of the rest!U??Wud b self reliant soon dnt worry",3192.0302746750017
2159,Fwiw the reason I'm only around when it's time to smoke is that because of gas I can only afford to be around when someone tells me to be and that apparently only happens when somebody wants to light up,3192.0712871260785
2160,"Hello, my boytoy! I made it home and my constant thought is of you, my love. I hope your having a nice visit but I can't wait till you come home to me ...*kiss*",3192.803131202933
2161,Congrats kano..whr s the treat maga?,3193.2382684858876
2162,Who u talking about?,3193.4106786358593
2163,Yup...,3194.2678178240585
2164,Ok...,3195.082412354963
2165,"U wake up already? Wat u doing? U picking us up later rite? I'm taking sq825, reaching ard 7 smth 8 like dat. U can check e arrival time. C ya soon...",3195.775774726103
2166,Yunny i'm walking in citylink now ü faster come down... Me very hungry...,3197.5780210757684
2167,Er yep sure. Props?,3198.491867395459
2168,"Hiya , have u been paying money into my account? If so, thanks. Got a pleasant surprise when i checked my balance -u c, i don't get statements 4 that acc",3200.7165953306553
2169,Ok ill send you with in  &lt;DECIMAL&gt;  ok.,3201.313045320766
2170,Bognor it is! Should be splendid at this time of year.,3201.768856285736
2171,Yes.i'm in office da:),3202.8108834548075
2172,"Sorry, I'll call later",3204.3865297426546
2173,Joy's father is John. Then John is the NAME of Joy's father. Mandan,3205.4720204830287
2174,Ok. I only ask abt e movie. U wan ktv oso?,3209.2918944280186
2175,Misplaced your number and was sending texts to your old number. Wondering why i've not heard from you this year. All the best in your mcat. Got this number from my atlanta friends,3209.743804196571
2176,"Sorry, I'll call later",3211.2679830077254
2177,Dunno lei... I might b eatin wif my frens... If ü wan to eat then i wait 4 ü lar,3212.832002333781
2178,"Sorry, I'll call later",3213.7312814499282
2179,"Say this slowly.? GOD,I LOVE YOU &amp; I NEED YOU,CLEAN MY HEART WITH YOUR BLOOD.Send this to Ten special people &amp; u c miracle tomorrow, do it,pls,pls do it...",3213.969872712809
2180,Do u noe how 2 send files between 2 computers?,3214.7428369227932
2181,"Mmmmm ... I loved waking to your words this morning ! I miss you too, my Love. I hope your day goes well and you are happy. I wait for us to be together again",3215.293868471729
2182,jay says he'll put in  &lt;#&gt;,3215.7904851165054
2183,Can you just come in for a sec? There's somebody here I want you to see,3216.0026008252657
2184,So the sun is anti sleep medicine.,3216.0213662894403
2185,What's happening with you. Have you gotten a job and have you begun registration for permanent residency,3216.464343331026
2186,Yup ok...,3217.521099236542
2187,Glad it went well :) come over at 11 then we'll have plenty of time before claire goes to work.,3218.170685594778
2188,Ok enjoy . R u there in home.,3219.268980351171
2189,"Can you pls pls send me a mail on all you know about relatives coming to deliver here? All you know about costs, risks, benefits and anything else. Thanks.",3220.240535570575
2190,You do what all you like,3222.4946462957755
2191,That's y we haf to combine n c how lor...,3222.788866339373
2192,The monthly amount is not that terrible and you will not pay anything till 6months after finishing school.,3223.1417900323677
2193,Hmmm:)how many players selected?,3224.2094649437176
2194,"They said if its gonna snow, it will start around 8 or 9 pm tonite! They are predicting an inch of accumulation.",3224.9063069461968
2195,I dont. Can you send it to me. Plus how's mode.,3225.4359131671677
2196,Aiyo please ü got time meh.,3232.167896954708
2197,Package all your programs well,3232.6761422165227
2198,"She is our sister.. She belongs 2 our family.. She is d hope of tomorrow.. Pray 4 her,who was fated 4 d Shoranur train incident. Lets hold our hands together &amp; fuelled by love &amp; concern prior 2 her grief &amp; pain. Pls join in dis chain &amp; pass it. STOP VIOLENCE AGAINST WOMEN.",3232.794370488163
2199,So are you guys asking that i get that slippers again or its gone with last year,3234.3163446015797
2200,Company is very good.environment is terrific and food is really nice:),3234.6024759654165
2201,Honestly i've just made a lovely cup of tea and promptly dropped my keys in it and then burnt my fingers getting them out!,3234.8902264615235
2202,Yup but not studying surfing lor. I'm in e lazy mode today.,3235.4366313752175
2203,Please sen :)my kind advice :-)please come here and try:-),3236.2099553124526
2204,I'm done. C ü there.,3237.2628296765115
2205,"Oh fine, I'll be by tonight",3240.3873254075293
2206,Ü give me some time to walk there.,3245.319339732073
2207,I'll reach in ard 20 mins ok...,3245.925229472859
2208,Fuck babe ... What happened to you ? How come you never came back?,3248.756444903618
2209,"Some friends want me to drive em someplace, probably take a while",3250.910382469147
2210,I also thk too fast... Xy suggest one not me. U dun wan it's ok. Going 2 rain leh where got gd.,3251.5212416596496
2211,Are you still getting the goods.,3251.5882240108326
2212,And maybe some pressies,3253.0667990130537
2213,"Yeah I am, so I'll leave maybe 7ish?",3255.5528481505603
2214,K..k..i'm also fine:)when will you complete the course?,3255.84536864665
2215,"Under the sea, there lays a rock. In the rock, there is an envelope. In the envelope, there is a paper. On the paper, there are 3 words... '",3255.869943498779
2216,I told her I had a Dr appt next week. She thinks I'm gonna die. I told her its just a check. Nothing to be worried about. But she didn't listen.,3256.9308482084016
2217,You in your room? I need a few,3257.912084696798
2218,I dont want to hear anything,3257.9505719016984
2219,Hey. For me there is no leave on friday. Wait i will ask my superior and tell you..,3259.015402081825
2220,Ultimately tor motive tui achieve korli.,3259.2697426486625
2221,From 5 to 2 only my work timing.,3261.6805288846554
2222,… and don‘t worry we‘ll have finished by march … ish!,3263.1257912633873
2223,"The house is on the water with a dock, a boat rolled up with a newscaster who dabbles in jazz flute behind the wheel",3263.254285849465
2224,Now thats going to ruin your thesis!,3264.4839855669807
2225,In sch but neva mind u eat 1st lor..,3266.3533559225207
2226,Hey whats up? U sleeping all morning?,3271.4304156536723
2227,Erm. I thought the contract ran out the4th of october.,3271.8772775670577
2228,I dunno until when... Lets go learn pilates...,3273.2392925613804
2229,Yup i'm elaborating on the safety aspects and some other issues..,3274.6534357543555
2230,"Goodmorning, today i am late for 1hr.",3276.8979275710676
2231,Hi happy birthday. Hi hi hi hi hi hi hi,3277.869647306323
2232,I will be outside office take all from there,3279.0070661185955
2233,If you don't respond imma assume you're still asleep and imma start calling n shit,3279.5097347294745
2234,"Aight, see you in a bit",3281.096802552878
2235,My superior telling that friday is leave for all other department except ours:)so it will be leave for you:)any way call waheed fathima hr and conform it:),3288.360132466951
2236,Lol I have to take it. member how I said my aunt flow didn't visit for 6 months? It's cause I developed ovarian cysts. Bc is the only way to shrink them.,3289.19746314729
2237,Still work going on:)it is very small house.,3290.375692574326
2238,"My friend just got here and says he's upping his order by a few grams (he's got $ &lt;#&gt; ), when can you get here?",3290.6373886373517
2239,Tmr timin still da same wat cos i got lesson until 6...,3292.8629894651317
2240,"That‘s the thing with apes, u can fight to the death to keep something, but the minute they have it when u let go, thats it!",3295.7194423814194
2241,No i'm not gonna be able to. || too late notice. || i'll be home in a few weeks anyway. || what are the plans,3299.07175823324
2242,"Got fujitsu, ibm, hp, toshiba... Got a lot of model how to say...",3299.1190833666897
2243,Okie... Thanx...,3303.2284858038593
2244,"Gosh that , what a pain. Spose I better come then.",3305.1394871596417
2245,"As usual..iam fine, happy &amp; doing well..:)",3306.0186087211773
2246,Okie,3307.4330283658237
2247,So when you gonna get rimac access,3307.6420557433657
2248,"""Im at arestaurant eating squid! i will be out about 10:30 wanna dosomething or is that to late?""",3308.8097777707208
2249,You call times job today ok umma and ask them to speed up,3311.175733054321
2250,"""HELLO U.CALL WEN U FINISH WRK.I FANCY MEETIN UP WIV U ALL TONITE AS I NEED A BREAK FROM DABOOKS. DID 4 HRS LAST NITE+2 TODAY OF WRK!""",3312.0810832850343
2251,R U &SAM P IN EACHOTHER. IF WE MEET WE CAN GO 2 MY HOUSE,3312.687863328665
2252,:-) yeah! Lol. Luckily i didn't have a starring role like you!,3315.0208551752353
2253,Hello madam how are you ?,3316.529290159866
2254,"Awesome, text me when you're restocked",3317.0314478722657
2255,"As usual..iam fine, happy &amp; doing well..:)",3321.3960371740013
2256,Yes. It's all innocent fun. O:-),3324.272027258147
2257,Thanks for sending this mental ability question..,3324.531293979868
2258,"Sir, hope your day is going smoothly. i really hoped i wont have to bother you about this. I have some bills that i can't settle this month. I am out of all extra cash. I know this is a challenging time for you also but i have to let you know.",3325.9710623567003
2259,2marrow only. Wed at  &lt;#&gt;  to 2 aha.,3326.442119669476
2260,I went to ur hon lab but no one is there.,3326.9995701049615
2261,I cant pick the phone right now. Pls send a message,3329.304457501867
2262,Hey pple...$700 or $900 for 5 nights...Excellent location wif breakfast hamper!!!,3331.704947145753
2263,How come?,3333.030504203118
2264,Lol! Nah wasn't too bad thanks. Its good to b home but its been quite a reality check. Hows ur day been? Did u do anything with website?,3333.58763306407
2265,Ok lor...,3335.473655198201
2266,I'm coming home 4 dinner.,3336.511750411545
2267,S da..al r above  &lt;#&gt;,3336.5492966493907
2268,Unni thank you dear for the recharge..Rakhesh,3338.6189616620727
2269,I know I'm lacking on most of this particular dramastorm's details but for the most part I'm not worried about that,3340.4347015818353
2270,Haha... They cant what... At the most tmr forfeit... haha so how?,3340.5553444241004
2271,"Hey there! Glad u r better now. I hear u treated urself to a digi cam, is it good? We r off at 9pm. Have a fab new year, c u in coupla wks!",3341.249372503264
2272,No way I'm going back there!,3343.660529194933
2273,I WILL CAL YOU SIR. In meeting,3346.009896982246
2274,"That's what I love to hear :V see you sundayish, then",3346.8560099175056
2275,"Sorry da thangam, very very sorry i am held up with prasad.",3346.964096154732
2276,Tiwary to rcb.battle between bang and kochi.,3347.157046206493
2277,Thank god they are in bed!,3347.7768027784587
2278,No I don't have cancer. Moms making a big deal out of a regular checkup aka pap smear,3349.9821633721513
2279,Am in gobi arts college,3350.3207232146638
2280,Why she wants to talk to me,3352.5713967873444
2281,Pandy joined 4w technologies today.he got job..,3356.9774108593997
2282,"They can try! They can get lost, in fact. Tee hee",3362.473386081006
2283,Hi! You just spoke to MANEESHA V. We'd like to know if you were satisfied with the experience. Reply Toll Free with Yes or No.,3363.1418588485803
2284,My friends use to call the same.,3363.726583592682
2285,"Sorry, I'll call later",3369.1668769719336
2286,"Em, its olowoyey@ usc.edu have a great time in argentina. Not sad about secretary, everything is a blessing",3370.662675940544
2287,"It,,s a taxt massage....tie-pos argh ok! Lool!",3370.6820716223438
2288,"Hi, can i please get a  &lt;#&gt;  dollar loan from you. I.ll pay you back by mid february. Pls.",3371.024509404248
2289,"You might want to pull out more just in case and just plan on not spending it if you can, I don't have much confidence in derek and taylor's money management",3371.3563312990022
2290,Do you like shaking your booty on the dance floor?,3372.5527422980676
2291,"Text me when you get off, don't call, my phones having problems",3372.8666556999674
2292,No need for the drug anymore.,3376.186524654132
2293,Sorry da:)i was thought of calling you lot of times:)lil busy.i will call you at noon..,3376.391896590355
2294,Its sarcasm.. .nt scarcasim,3379.2133534459367
2295,Great! I have to run now so ttyl!,3379.635753325968
2296,Feel like trying kadeem again? :V,3379.872444387459
2297,Dai  &lt;#&gt;  naal eruku.,3380.1837184429974
2298,Not yet chikku..wat abt u?,3382.537843969523
2299,Ok...,3384.362990431752
2300,Want to finally have lunch today?,3388.235011396465
2301,Do you know when dad will be back?,3391.5796084613175
2302,He remains a bro amongst bros,3393.396810233032
2303,R u meeting da ge at nite tmr?,3393.742130034582
2304,"* Was a nice day and, impressively, i was sensible, went home early and now feel fine. Or am i just boring?! When's yours, i can't remember.",3394.2722531537925
2305,Why de. You looking good only:-)..,3395.24488229478
2306,Yes. They replied my mail. I'm going to the management office later. Plus will in to bank later also.or on wednesday.,3395.547153026217
2307,"That's cool, I'll come by like  &lt;#&gt; ish",3396.7097300630962
2308,Super msg da:)nalla timing.,3396.9641154157202
2309,"Good afternoon, my boytoy ... How are you feeling today ? Better I hope? Are you being my good boy? Are you my obedient, slave? Do you please your Queen?",3399.0579335295192
2310,I am 6 ft. We will be a good combination!,3399.9260554937437
2311,I'm sick !! I'm needy !! I want you !! *pouts* *stomps feet* Where are you ?! *pouts* *stomps feet* I want my slave !! I want him now !!,3404.046917801894
2312,* Am on a train back from northampton so i'm afraid not!,3404.553543603084
2313,Where in abj are you serving. Are you staying with dad or alone.,3406.324100605041
2314,Was playng 9 doors game and gt racing on phone lol,3406.788501988726
2315,"Solve d Case : A Man Was Found Murdered On  &lt;DECIMAL&gt; . &lt;#&gt;  AfterNoon. 1,His wife called Police. 2,Police questioned everyone. 3,Wife: Sir,I was sleeping, when the murder took place. 4.Cook: I was cooking. 5.Gardener: I was picking vegetables. 6.House-Maid: I went 2 d post office. 7.Children: We went 2 play. 8.Neighbour: We went 2 a marriage. Police arrested d murderer Immediately. Who's It? Reply With Reason, If U r Brilliant.",3407.9220847244947
2316,I'm on da bus going home...,3409.09244010494
2317,I got a call from a landline number. . . I am asked to come to anna nagar . . . I will go in the afternoon,3414.704136215478
2318,I'm okay. Chasing the dream. What's good. What are you doing next.,3415.7552038736617
2319,Yupz... I've oredi booked slots 4 my weekends liao...,3416.3585250155807
2320,There r many model..sony ericson also der.. &lt;#&gt; ..it luks good bt i forgot modl no,3416.7550694874553
2321,Okie,3418.274895017471
2322,Yes I know the cheesy songs from frosty the snowman :),3420.1516516191027
2323,"Ya ok, vikky vl c witin  &lt;#&gt; mins and il reply u..",3421.8907085684436
2324,Hey tmr meet at bugis 930 ?,3423.1211817834082
2325,All these nice new shirts and the only thing I can wear them to is nudist themed ;_; you in mu?,3423.3945112637425
2326,Hey sexy buns! What of that day? No word from you this morning on YM ... :-( ... I think of you,3424.7886601649593
2327,And whenever you and i see we can still hook up too.,3426.2693956195503
2328,Nope but i'm going home now then go pump petrol lor... Like going 2 rain soon...,3428.353744907647
2329,Can you use foreign stamps for whatever you send them off for?,3429.0849423428317
2330,Oh baby of the house. How come you dont have any new pictures on facebook,3429.1154454699877
2331,"Feb  &lt;#&gt;  is ""I LOVE U"" day. Send dis to all ur ""VALUED FRNDS"" evn me. If 3 comes back u'll gt married d person u luv! If u ignore dis u will lose ur luv 4 Evr",3429.1926710788284
2332,"Hiya, sorry didn't hav signal. I haven't seen or heard from and neither has, which is unusual in itself! I'll put on the case and get him to sort it out! Hugs and snogs.",3429.313947372743
2333,"Omw back to tampa from west palm, you hear what happened?",3429.6294662103396
2334,Yup no more already... Thanx 4 printing n handing it up.,3431.389268772004
2335,What i mean is do they come chase you out when its over or is it stated you can watch as many movies as you want.,3432.3324281306886
2336,S now only i took tablets . Reaction morning only.,3433.1008553674646
2337,"Nah, I'm a perpetual DD",3434.1657545559747
2338,Sorry de i went to shop.,3435.6230059958525
2339,"Wen ur lovable bcums angry wid u, dnt take it seriously.. Coz being angry is d most childish n true way of showing deep affection, care n luv!.. kettoda manda... Have nice day da.",3436.1130842118237
2340,Hey you still want to go for yogasana? Coz if we end at cine then can go bathe and hav the steam bath,3438.424502815436
2341,Nope i'm not drivin... I neva develop da photos lei...,3440.6017813634926
2342,I am thinking of going down to reg for pract lessons.. Flung my advance.. Haha wat time u going?,3442.4296022126446
2343,Cool. I am  &lt;#&gt;  inches long. hope you like them big!,3447.8476052531933
2344,"House-Maid is the murderer, coz the man was murdered on  &lt;#&gt; th January.. As public holiday all govt.instituitions are closed,including post office..understand?",3452.2732179744603
2345,Okie.. Thanx..,3452.8810115308415
2346,Go where n buy? Juz buy when we get there lar.,3454.0993829955783
2347,Ok lor...,3454.8125202726883
2348,I'm working technical support :)voice process.,3455.044470024889
2349,It's justbeen overa week since we broke up and already our brains are going to mush!,3455.2053439303468
2350,"Tunde, how are you doing. This is just wishing you a great day. Abiola.",3457.296735121783
2351,Nope... C ü then...,3460.3016839642437
2352,No. But we'll do medical missions to nigeria,3461.530249761225
2353,No i am not having not any movies in my laptop,3463.68278770126
2354,Whatsup there. Dont u want to sleep,3467.789864350908
2355,I havent lei.. Next mon can?,3468.040673320112
2356,Mm feeling sleepy. today itself i shall get that dear,3473.387382169108
2357,How dare you stupid. I wont tell anything to you. Hear after i wont talk to you:-.,3474.0954377509197
2358,Do ü noe if ben is going?,3474.857917082742
2359,Can you do a mag meeting this avo at some point?,3475.323634475043
2360,I meant middle left or right?,3476.4827720337817
2361,Really? I crashed out cuddled on my sofa.,3477.046853598855
2362,Hi Chachi tried calling u now unable to reach u .. Pl give me a missed cal once u c tiz msg  Kanagu,3481.1029207125616
2363,"I sent you the prices and do you mean the  &lt;#&gt; g,",3481.3443265959045
2364,Are you this much buzy,3482.211940256379
2365,Nothing. Can...,3482.4108306242183
2366,No * am working on the ringing u thing but have whole houseful of screaming brats so * am pulling my hair out! Loving u,3485.998301877952
2367,But my family not responding for anything. Now am in room not went to home for diwali but no one called me and why not coming. It makes me feel like died.,3488.1316336417876
2368,"Tick, tick, tick ... Babe",3488.675627804461
2369,R ü going 4 today's meeting?,3489.4635316221284
2370,K da:)how many page you want?,3490.39315152981
2371,Ya had just now.onion roast.,3492.951587272411
2372,Send his number and give reply tomorrow morning for why you said that to him like that ok,3493.8464847818996
2373,You said not now. No problem. When you can. Let me know.,3494.0115816819784
2374,Ok but tell me half an hr b4 u come i need 2 prepare.,3498.4182977113105
2375,Play w computer? Aiyah i tok 2 u lor?,3498.8902198730316
2376,Sat right? Okay thanks...,3505.1002058862314
2377,"Derp. Which is worse, a dude who always wants to party or a dude who files a complaint about the three drug abusers he lives with",3507.2712549715816
2378,Ok Chinese food on its way. When I get fat you're paying for my lipo.,3507.8543144849027
2379,We r outside already.,3508.2279524143228
2380,Have a good trip. Watch out for . Remember when you get back we must decide about easter.,3509.9499896379434
2381,Yo we are watching a movie on netflix,3511.58186617318
2382,What time. I‘m out until prob 3 or so,3511.8435571592977
2383,"Can meh? Thgt some will clash... Really ah, i dun mind... I dun seen to have lost any weight... Gee...",3512.670904943277
2384,I dont thnk its a wrong calling between us,3516.8351045047925
2385,I am not sure about night menu. . . I know only about noon menu,3517.660048386049
2386,ARR birthday today:) i wish him to get more oscar.,3518.2006240448327
2387,"Say this slowly.? GOD,I LOVE YOU &amp; I NEED YOU,CLEAN MY HEART WITH YOUR BLOOD.Send this to Ten special people &amp; u c miracle tomorrow, do it,pls,pls do it...",3521.1309054519697
2388,"Open rebtel with firefox. When it loads just put plus sign in the user name place, and it will show you two numbers. The lower number is my number. Once you pick that number the pin will display okay!",3523.575861714083
2389,and  picking them up from various points,3523.6120469403227
2390,Wow v v impressed. Have funs shopping!,3524.087516988951
2391,I am on the way to ur home,3524.258234579324
2392,No problem. Talk to you later,3527.1479093979656
2393,Then ur sis how?,3529.6647060031655
2394,Still in customer place,3530.5586642773446
2395,"Dude u knw also telugu..thts gud..k, gud nyt..",3532.6373864561747
2396,We confirm eating at esplanade?,3538.179712384511
2397,Send me your id and password,3539.164627599279
2398,Kind of. Took it to garage. Centre part of exhaust needs replacing. Part ordered n taking it to be fixed tomo morning.,3546.8644247853967
2399,Well I might not come then...,3546.875540025059
2400,Long after I quit. I get on only like 5 minutes a day as it is.,3548.462812477993
2401,Then its most likely called Mittelschmertz. Google it. If you dont have paracetamol dont worry it will go.,3549.586671524198
2402,Well at this right I'm gonna have to get up and check today's steam sales/pee so text me when you want me to come get you,3551.998306181766
2403,"Just arrived, see you in a couple days &lt;3",3555.125555503071
2404,"K, wat s tht incident?",3555.9244110774566
2405,Yeah get the unlimited,3556.429355602931
2406,cThen i thk shd b enuff.. Still got conclusion n contents pg n references.. I'll b doing da contents pg n cover pg..,3558.6651757031445
2407,"Forgot it takes me 3 years to shower, sorry. Where you at/your phone dead yet?",3560.740666480937
2408,Ü got wat to buy tell us then ü no need to come in again.,3561.9524801850807
2409,When you are big..| God will bring success.,3562.1019188074306
2410,"… we r stayin here an extra week, back next wed. How did we do in the rugby this weekend? Hi to and and , c u soon """,3562.301986480299
2411,Well there's still a bit left if you guys want to tonight,3565.620546678029
2412,Not from this campus. Are you in the library?,3567.6526962312105
2413,"The affidavit says  &lt;#&gt;  E Twiggs St, division g, courtroom  &lt;#&gt; , &lt;TIME&gt;  AM. I'll double check and text you again tomorrow",3568.472585918313
2414,How will I creep on you now? ;_;,3568.8016916719753
2415,Tell your friends what you plan to do on Valentines day @ &lt;URL&gt;,3568.985024302691
2416,If I get there before you after your ten billion calls and texts so help me god,3572.5406997997693
2417,Purity of friendship between two is not about smiling after reading the forwarded message..Its about smiling just by seeing the name. Gud evng musthu,3572.698706416182
2418,I've told him that i've returned it. That should i re order it.,3576.8012136704974
2419,"House-Maid is the murderer, coz the man was murdered on  &lt;#&gt; th January.. As public holiday all govt.instituitions are closed,including post office..",3578.0822654177205
2420,Depends on where u going lor.,3582.9238916546997
2421,And smile for me right now as you go and the world will wonder what you are smiling about and think your crazy and keep away from you ... *grins*,3587.6635224526744
2422,Lil fever:) now fine:),3589.620147721175
2423,I think it's all still in my car,3590.482981243
2424,Can a not?,3590.867376509967
2425,Yes princess! I want to catch you with my big strong hands...,3595.9258871053166
2426,Oh yeah I forgot. U can only take 2 out shopping at once.,3596.573345211281
2427,Mm so you asked me not to call radio,3597.062111967647
2428,Thinkin about someone is all good. No drugs for that,3598.0575003626204
2429,"Say this slowly.? GOD,I LOVE YOU &amp; I NEED YOU,CLEAN MY HEART WITH YOUR BLOOD.Send this to Ten special people &amp; u c miracle tomorrow, do it,pls,pls do it...",3600.889476604266
2430,"Enjoy the showers of possessiveness poured on u by ur loved ones, bcoz in this world of lies, it is a golden gift to be loved truly..",3601.1203453126914
2431,"Alright if you're sure, let me know when you're leaving",3603.49915953712
2432,Some are lasting as much as 2 hours. You might get lucky.,3603.7477502623915
2433,Genius what's up. How your brother. Pls send his number to my skype.,3609.378113440515
2434,Thk some of em find wtc too far... Weiyi not goin... E rest i dunno yet... R ur goin 4 dinner den i might b able to join...,3609.4903954533256
2435,Don't forget who owns you and who's private property you are ... And be my good boy always .. *passionate kiss*,3610.461478747079
2436,Oh god..taken the teeth?is it paining,3613.94852360141
2437,Then u ask darren go n pick u lor... But i oso sian tmr haf 2 meet lect...,3614.1162694497575
2438,No need to buy lunch for me.. I eat maggi mee..,3614.7629975483314
2439,Ok lor...,3620.144651715367
2440,"Oh right, ok. I'll make sure that i do loads of work during the day!  got a really nasty cough today and is dry n shot so that should really help it!",3621.6119101222475
2441,Wife.how she knew the time of murder exactly,3622.690989736148
2442,Howz that persons story,3624.0083197842564
2443,Thanx 4 sending me home...,3625.937650181519
2444,Its normally hot mail. Com you see!,3628.8593861503605
2445,U sick still can go shopping?,3630.8058420186585
2446,"Ya they are well and fine., BBD(pooja) full pimples..even she become quite black..and ur rite here its too cold, wearing sweatter..",3632.3823678791364
2447,Nice.nice.how is it working?,3634.5735515084657
2448,1's reach home call me.,3639.021987418561
2449,Were trying to find a Chinese food place around here,3642.679650772344
2450,"Easy mate, * guess the quick drink was bit ambitious.",3649.6516451726343
2451,BABE !!! I miiiiiiissssssssss you ! I need you !!! I crave you !!! :-( ... Geeee ... I'm so sad without you babe ... I love you ...,3649.7472284039304
2452,Ok thanx...,3650.641573488981
2453,aathi..where are you dear..,3653.0405070077964
2454,"Tunji, how's the queen? how are you doing. This is just wishing you a great day. Abiola.",3653.2906012865865
2455,Today iZ Yellow rose day. If u love my frndship give me 1 misscall &amp; send this to ur frndZ &amp; See how many miss calls u get. If u get 6missed U marry ur Lover.,3653.5331357377845
2456,Will be out of class in a few hours. Sorry,3661.614322131473
2457,Wat time u finish ur lect today?,3662.6588416185823
2458,"Sad story of a Man - Last week was my b'day. My Wife did'nt wish me. My Parents forgot n so did my Kids . I went to work. Even my Colleagues did not wish. As I entered my cabin my PA said, '' Happy B'day Boss !!''. I felt special. She askd me 4 lunch. After lunch she invited me to her apartment. We went there. She said,'' do u mind if I go into the bedroom for a minute ? '' ''OK'', I sed in a sexy mood. She came out 5 minuts latr wid a cake...n My Wife, My Parents, My Kidz, My Friends n My Colleagues. All screaming.. SURPRISE !! and I was waiting on the sofa.. ... ..... ' NAKED...!",3663.04134752308
2459,She's fine. Good to hear from you. How are you my dear? Happy new year oh.,3667.6659013024637
2460,Are you going to wipro interview today?,3667.8335500862336
2461,how tall are you princess?,3677.881436368867
2462,I doubt you could handle 5 times per night in any case...,3680.4741433128224
2463,Haha... Hope ü can hear the receipt sound... Gd luck!,3682.0240450772158
2464,Your gonna be the death if me. I'm gonna leave a note that says its all robs fault. Avenge me.,3682.6240670950433
2465,"Japanese Proverb: If one Can do it, U too Can do it, If none Can do it,U must do it Indian version: If one Can do it, LET HIM DO it.. If none Can do it,LEAVE it!! And finally Kerala version: If one can do it, Stop him doing it.. If none can do it, Make a strike against it ...",3682.9399419046345
2466,Today i'm not workin but not free oso... Gee... Thgt u workin at ur fren's shop ?,3683.787057546979
2467,In life when you face choices Just toss a coin not becoz its settle the question But while the coin in the air U will know what your heart is hoping for. Gudni8,3684.4966671520965
2468,"Do you know why god created gap between your fingers..? So that, One who is made for you comes &amp; fills those gaps by holding your hand with LOVE..!",3685.4926061359233
2469,I want to be there so i can kiss you and feel you next to me,3687.1474824777993
2470,I am not at all happy with what you saying or doing,3687.349975744412
2471,"Ok that would b lovely, if u r sure. Think about wot u want to do, drinkin, dancin, eatin, cinema, in, out, about... Up to u! Wot about ?",3690.391964770745
2472,What I'm saying is if you haven't explicitly told nora I know someone I'm probably just not gonna bother,3690.930926618687
2473,He says hi and to get your ass back to south tampa (preferably at a kegger),3695.4645475907646
2474,Smith waste da.i wanna gayle.,3699.0248873706823
2475,"Mum, i've sent you many many messages since i got here. I just want to know that you are actually getting them. Do enjoy the rest of your day.",3700.8684193115587
2476,"Aight, tomorrow around  &lt;#&gt;  it is",3700.916812863712
2477,"House-Maid is the murderer, coz the man was murdered on  &lt;#&gt; th January.. As public holiday all govt.instituitions are closed,including post office..understand?",3704.4319513858495
2478,I actually did for the first time in a while. I went to bed not too long after i spoke with you. Woke up at 7. How was your night?,3704.494416405543
2479,See you there!,3709.146780560269
2480,I dont understand your message.,3710.373338721194
2481,Crucify is c not s. You should have told me earlier.,3710.6673572489067
2482,"Idk. You keep saying that you're not, but since he moved, we keep butting heads over freedom vs. responsibility. And i'm tired. I have so much other shit to deal with that i'm barely keeping myself together once this gets added to it.",3710.7471089071873
2483,Fuck cedar key and fuck her (come over anyway tho),3711.3662114044755
2484,twenty past five he said will this train have been to durham already or not coz i am in a reserved seat,3713.3918512187456
2485,U still painting ur wall?,3715.278402073195
2486,Printer is cool. I mean groovy. Wine is groovying,3715.4871222621837
2487,Hi Harish's rent has been transfred to ur Acnt.,3717.653018862325
2488,Anything lor is she coming?,3718.9972808411258
2489,Cbe is really good nowadays:)lot of shop and showrooms:)city is shaping good.,3719.096334385876
2490,Ü still attending da talks?,3719.1127609582777
2491,No probs hon! How u doinat the mo?,3719.697971333322
2492,K I'll take care of it,3724.91688996341
2493,I take it we didn't have the phone callon Friday. Can we assume we won't have it this year now?,3725.6214586791302
2494,My battery is low babe,3726.4522270840957
2495,Shuhui has bought ron's present it's a swatch watch...,3726.4955499834327
2496,"Yeah there's quite a bit left, I'll swing by tomorrow when I get up",3728.4705653955148
2497,Babe? You said 2 hours and it's been almost 4 ... Is your internet down ?,3730.1196269211614
2498,K I'll be sure to get up before noon and see what's what,3731.288439091891
2499,K...k...yesterday i was in cbe .,3731.362039791448
2500,Went to ganesh dress shop,3732.9637311700085
2501,Ü collecting ur laptop then going to configure da settings izzit?,3733.572744324781
2502,If you r @ home then come down within 5 min,3734.969064713075
2503,"Aight, I should be there by 8 at the latest, probably closer to 7. Are jay and tyler down or should we just do two trips?",3735.620504968787
2504,Come aftr  &lt;DECIMAL&gt; ..now i m cleaning the house,3737.648356751943
2505,"Bill, as in: Are there any letters for me. i’m expecting one from orange that isn’t a bill but may still say orange on it.",3738.9906256014006
2506,Tell me pa. How is pain de.,3739.9363654206586
2507,HI DARLIN I HOPE YOU HAD A NICE NIGHT I WISH I HAD COME CANT WAIT TO SEE YOU LOVE FRAN PS I WANT DIRTY ANAL SEX AND I WANT A 10 MAN GANG BANG,3741.8354194607787
2508,"Ha. You don‘t know either. I did a a clever but simple thing with pears the other day, perfect for christmas.",3742.136824100501
2509,"Helloooo... Wake up..! ""Sweet"" ""morning"" ""welcomes"" ""You"" ""Enjoy"" ""This Day"" ""with full of joy"".. ""GUD MRNG"".",3742.298121991191
2510,ALRITE,3743.0150283622215
2511,Why must we sit around and wait for summer days to celebrate. Such a magical sight when the worlds dressed in white. Oooooh let there be snow.,3743.2609473787566
2512,How do you guys go to see movies on your side.,3745.740416846057
2513,"Sorry,in meeting I'll call later",3746.3741321275306
2514,You didn't have to tell me that...now i'm thinking. Plus he's going to stop all your runs,3747.396195169778
2515,Kindly send some one to our flat before  &lt;DECIMAL&gt;  today.,3750.523542394113
2516,Nothing lor... A bit bored too... Then y dun u go home early 2 sleep today...,3750.5525834293176
2517,What time should I tell my friend to be around?,3750.691914061751
2518,Yes. that will be fine. Love you. Be safe.,3753.1178745473776
2519,Thanks chikku..:-) gud nyt:-*,3753.3380513678344
2520,Is xy in ur car when u picking me up?,3753.890562151559
2521,"Thanx 4 the time weve spent 2geva, its bin mint! Ur my Baby and all I want is u!xxxx",3760.452948446968
2522,"Yo, any way we could pick something up tonight?",3760.9817861182196
2523,I've not sent it. He can send me.,3763.6374053451204
2524,Fine am simply sitting.,3764.5933547262916
2525,Thts god's gift for birds as humans hav some natural gift frm god..,3765.689577246584
2526,Are you coming to day for class.,3768.388712448897
2527,Im done. Just studyn in library,3768.5350180568244
2528,Ok... U enjoy ur shows...,3770.637981621274
2529,Anything...,3771.5014344662454
2530,Where wuld I be without my baby? The thought alone mite break me and I dont wanna go crazy but everyboy needs his lady xxxxxxxx,3772.0017188068396
2531,Wat's my dear doing? Sleeping ah?,3773.5785636178075
2532,Hi' Test on  &lt;#&gt; rd ....,3778.1367250911085
2533,Only 2% students solved this CAT question in 'xam... 5+3+2= &lt;#&gt;  9+2+4= &lt;#&gt;  8+6+3= &lt;#&gt;  then 7+2+5=????? Tell me the answer if u r brilliant...1thing.i got d answr.,3778.6266907726063
2534,Yo do you know anyone  &lt;#&gt;  or otherwise able to buy liquor? Our guy flaked and right now if we don't get a hold of somebody its just 4 loko all night,3779.0940201257204
2535,Yup n her fren lor. I'm meeting my fren at 730.,3780.157945082305
2536,"Yeah, we got one lined up for us",3780.652859583738
2537,"And stop wondering ""wow is she ever going to stop tm'ing me ?!"" because I will tm you whenever I want because you are MINE ... *laughs*",3782.543888670594
2538,Lol yep did that yesterday. Already got my fireplace. Now its just another icon sitting there for me.,3782.5828404852173
2539,Hey i've booked the pilates and yoga lesson already... Haha,3782.8463954485233
2540,Are you ok. What happen to behave like this,3783.10321077566
2541,My supervisor find 4 me one lor i thk his students. I havent ask her yet. Tell u aft i ask her.,3785.9145262045654
2542,"Hello. No news on job, they are making me wait a fifth week! Yeah im up for some woozles and weasels... In exeter still, but be home about 3.",3787.2307922543014
2543,No message..no responce..what happend?,3787.919955050091
2544,"Hey babe, sorry i didn't get sooner. Gary can come and fix it cause he thinks he knows what it is but he doesn't go as far a Ptbo and he says it will cost  &lt;#&gt;  bucks. I don't know if it might be cheaper to find someone there ? We don't have any second hand machines at all right now, let me know what you want to do babe",3791.4492002928514
2545,make that 3! 4 fucks sake?! x,3794.6856000094376
2546,Leave it. U will always be ignorant.,3795.5318508300525
2547,Nope but i'll b going 2 sch on fri quite early lor cos mys sis got paper in da morn :-),3796.13952521158
2548,at bruce b downs &amp; fletcher now,3796.6976745746815
2549,Where are you ? You said you would be here when I woke ... :-(,3798.546509063114
2550,Hey now am free you can call me.,3799.5391511652606
2551,Tell me whos this pls:-),3802.38203251036
2552,"Think i might have to give it a miss. Am teaching til twelve, then have lecture at two. Damn this working thing.",3803.8403386966024
2553,Id have to check but there's only like 1 bowls worth left,3804.1291635232196
2554,Yes there were many sweets,3806.806761696909
2555,I would but I'm still cozy. And exhausted from last night.nobody went to school or work. Everything is closed.,3809.8564511966674
2556,Buzzzz! *grins* Did I buzz your ass? Buzz your chest ? Buzz your cock ? Where do you keep your phone ? Is the vibrator on ? Did you feel it shake ?,3811.1977231502947
2557,Sir send to group mail check it.,3812.5419915494062
2558,I'm doing da intro covers energy trends n pros n cons... Brief description of nuclear fusion n oso brief history of iter n jet got abt 7 n half pages..,3813.1050391490307
2559,"""NONE!NOWHERE IKNO DOESDISCOUNT!SHITINNIT""",3813.9530357964277
2560,You dont know you jabo me abi.,3815.1843427383965
2561,Not yet had..ya sapna aunty manege y'day hogidhe..chinnu full weak and swalpa black agidhane..,3820.9257690653167
2562,"Are you being good, baby? :)",3821.730574043531
2563,NEFT Transaction with reference number  &lt;#&gt;  for Rs. &lt;DECIMAL&gt;  has been credited to the beneficiary account on  &lt;#&gt;  at  &lt;TIME&gt; : &lt;#&gt;,3823.049194456663
2564,"Mostly sports type..lyk footbl,crckt..",3825.4740476439288
2565,Ma head dey swell oh. Thanks for making my day,3825.707489472805
2566,U should make a fb list,3826.800867337349
2567,"Height of Confidence: All the Aeronautics professors wer calld &amp; they wer askd 2 sit in an aeroplane. Aftr they sat they wer told dat the plane ws made by their students. Dey all hurried out of d plane.. Bt only 1 didnt move... He said:""if it is made by my students,this wont even start........ Datz confidence..",3827.406844068046
2568,Sary just need Tim in the bollox &it hurt him a lot so he tol me!,3831.3448669914355
2569,Happy New Year Princess!,3832.5611436086483
2570,"I'll text carlos and let you know, hang on",3833.9684068706033
2571,"Don't worry, * is easy once have ingredients!",3835.733584059846
2572,I love u 2 my little pocy bell I am sorry but I love u,3836.239317887464
2573,"Ok omw now, you at castor?",3837.122656069371
2574,Yar lor... Keep raining non stop... Or u wan 2 go elsewhere?,3838.593301650292
2575,What u mean u almost done? Done wif sleeping? But i tot u going to take a nap.. Yup i send her liao so i'm picking her up at ard 4 smth lor..,3841.616607193069
2576,"7 wonders in My WORLD 7th You 6th Ur style 5th Ur smile 4th Ur Personality 3rd Ur Nature 2nd Ur SMS and 1st ""Ur Lovely Friendship""... good morning dear",3843.630399421692
2577,"Tonight? Yeah, I'd be down for that",3843.9134090929365
2578,What should i eat fo lunch senor,3844.284932552683
2579,"He said that he had a right giggle when he saw u again! You would possibly be the first person2die from NVQ, but think how much you could for!",3844.324083499087
2580,No break time one... How... I come out n get my stuff fr ü?,3847.982857868414
2581,"I'm there and I can see you, but you can't see me ? Maybe you should reboot ym ? I seen the buzz",3848.472027942166
2582,Do you still have the grinder?,3850.391560382474
2583,"Love isn't a decision, it's a feeling. If we could decide who to love, then, life would be much simpler, but then less magical",3851.3047343369735
2584,K.i did't see you.:)k:)where are you now?,3851.496982981205
2585,So i'm doing a list of buyers.,3852.819072712663
2586,"No idea, I guess we'll work that out an hour after we're supposed to leave since as usual nobody has any interest in figuring shit out before the last second",3855.5045149856946
2587,Mm not entirely sure i understood that text but hey. Ho. Which weekend?,3856.1950408167963
2588,They released vday shirts and when u put it on it makes your bottom half naked instead of those white underwear.,3856.323197804025
2589,Don know..he is watching film in computer..,3857.4642642708263
2590,No b4 Thursday,3858.35914333534
2591,"Oh, then your phone phoned me but it disconnected",3859.8276349325506
2592,Id onluy matters when getting on from offcampus,3861.676229376609
2593,"Excellent, I'll see what riley's plans are",3862.1718553855103
2594,I will see in half an hour,3864.3853948076753
2595,Ew are you one of them?,3865.2633872840906
2596,Also hi wesley how've you been,3867.2384789267676
2597,Ah you see. You have to be in the lingo. I will let you know wot on earth it is when has finished making it!,3867.7221356661453
2598,Imagine Life WITHOUT ME... see.. How fast u are searching me?Don't worry.. l'm always there To disturb U.. Goodnoon..:),3869.279351787772
2599,"Hm good morning, headache anyone? :-)",3874.6209628805104
2600,Yeah no probs - last night is obviously catching up with you... Speak soon,3875.972854829583
2601,I might go 2 sch. Yar at e salon now v boring.,3877.0510686369103
2602,&lt;#&gt;  mins but i had to stop somewhere first.,3878.6870600436446
2603,"&lt;#&gt;  is fast approaching. So, Wish u a very Happy New Year Happy Sankranti Happy republic day Happy Valentines Day Happy Shivratri Happy Ugadi Happy Fools day Happy May Day Happy Independence Day, Happy Friendship,Mother,Father,Teachers,Childrens Day, &amp; HAPPY BIRTHDAY 4 U. Happy Ganesh festival Happy Dasara Happy Diwali Happy Christmas  &lt;#&gt;  Good Mornings Afternoons, Evenings Nights. RememberI AM the first to WISHING U ALL THESE...your's Raj",3883.3697776054437
2604,One of the joys in lifeis waking up each daywith thoughts that somewhereSomeone cares enough tosend a warm morning greeting.. -,3883.465484117369
2605,I didn't get the second half of that message,3883.6334515754384
2606,Wat time do u wan 2 meet me later?,3883.731482476336
2607,I thank you so much for all you do with selflessness. I love you plenty.,3885.827513093495
2608,Am in film ill call you later.,3889.8149265002044
2609,How dare you change my ring,3889.991898045161
2610,You are a very very very very bad girl. Or lady.,3890.5155431943913
2611,I love ya too but try and budget your money better babe. Gary would freak on me if he knew,3890.7132463487524
2612,"What part of ""don't initiate"" don't you understand",3891.018604336443
2613,I finished my lunch already. U wake up already?,3892.474459173687
2614,You still at the game?,3898.190004915572
2615,You have got tallent but you are wasting.,3899.6142781557837
2616,What is your record for one night? :),3900.871672422997
2617,"Also sir, i sent you an email about how to log into the usc payment portal. I.ll send you another message that should explain how things are back home. Have a great weekend.",3902.935586993592
2618,gonna let me know cos comes bak from holiday that day.  is coming. Don't4get2text me  number.,3903.2274958338508
2619,Jokin only lar... :-) depends on which phone my father can get lor...,3909.2540670874173
2620,"Aight, lemme know what's up",3909.8564996892865
2621,Get ready for  &lt;#&gt;  inches of pleasure...,3914.9091147065606
2622,Raji..pls do me a favour. Pls convey my Birthday wishes to Nimya. Pls. Today is her birthday.,3919.518734006665
2623,;-) ok. I feel like john lennon.,3920.184555002424
2624,Cos darren say ü considering mah so i ask ü...,3921.3655828612195
2625,You are not bothering me but you have to trust my answers. Pls.,3922.7580908228574
2626,"Wishing you and your family Merry ""X"" mas and HAPPY NEW Year in advance..",3925.2263320366155
2627,One day a crab was running on the sea shore..The waves came n cleared the footprints of the crab.. Crab asked: being my frnd y r u clearing my beautiful footprints? Waves replied: A fox was following ur footprints to catch you! thats y i cleared it off:) frndsship never lets u dwn :-) GUD nyt..,3927.4101811090823
2628,Aight what time you want me to come up?,3927.711358203389
2629,Slaaaaave ! Where are you ? Must I summon you to me all the time now ? Don't you wish to come to me on your own anymore?,3928.3987203042016
2630,Your bill at 3 is £33.65 so thats not bad!,3929.440362642801
2631,Let me know how it changes in the next 6hrs. It can even be appendix but you are out of that age range. However its not impossible. So just chill and let me know in 6hrs,3929.6464698068853
2632,"Hello, yeah i've just got out of the bath and need to do my hair so i'll come up when i'm done, yeah?",3931.7895009525346
2633,So how's the weather over there?,3932.631493022937
2634,"Ok. Not much to do here though. H&M Friday, cant wait. Dunno wot the hell im gonna do for another 3 weeks! Become a slob- oh wait, already done that!",3932.98251257686
2635,Die... Now i have e toot fringe again...,3933.4691694291623
2636,Lol they don't know about my awesome phone. I could click delete right now if I want.,3935.7534080229434
2637,Ok,3936.5725616042346
2638,"Awesome question with a cute answer: Someone asked a boy ""how is ur life?"" . . He smiled &amp; answered: . . ""She is fine!"" Gudnite",3937.57830027076
2639,Please leave this topic..sorry for telling that..,3941.2897452086218
2640,Pls send me the correct name da.,3941.9408045768296
2641,What happened to our yo date?,3942.132872046537
2642,Webpage s not available!,3942.5287275619894
2643,Just woke up. Yeesh its late. But I didn't fall asleep til &lt;#&gt; am :/,3944.1244057891136
2644,"Dear all, as we know  &lt;#&gt; th is the  &lt;#&gt; th birthday of our loving Gopalettan. We are planning to give a small gift on that day. Those who like to participate in that you are welcome. Please contact our admin team for more details",3944.3474147348948
2645,K..k...from tomorrow onwards started ah?,3945.6947303057145
2646,What u talking bout early morning? It's almost noon where your at!,3951.4401405329772
2647,Fine. Do you remember me.,3951.9936337831955
2648,Ok. How many should i buy.,3952.0048435948192
2649,"Sounds good, keep me posted",3952.0453620319163
2650,Ok. So april. Cant wait,3952.3516145367266
2651,Boy you best get yo ass out here quick,3954.3367405154586
2652,Ay wana meet on sat?ü wkg on sat?,3954.9347020171667
2653,I'm now but have to wait till 2 for the bus to pick me.,3956.5047487773986
2654,Apart from the one i told you about yesterday?,3957.8207569333204
2655,Ok lor... But buy wat?,3960.9790773013065
2656,Somebody should go to andros and steal ice,3961.6011567451656
2657,Don know. I did't msg him recently.,3961.9530138464565
2658,Take us out shopping and Mark will distract Isaiah.=D,3962.5274669491478
2659,"Mum, hope you are having a great day. Hoping this text meets you well and full of life. Have a great day. Abiola",3963.519651733
2660,There is no sense in my foot and penis.,3966.098537351478
2661,Okay but i thought you were the expert,3966.455834640552
2662,*deep sigh* ... I miss you :-( ... I am really surprised you haven't gone to the net cafe yet to get to me ... Don't you miss me?,3967.109991914768
2663,S.s:)i thinl role is like sachin.just standing. Others have to hit.,3970.745765913464
2664,Have a great trip to India. And bring the light to everyone not just with the project but with everyone that is lucky to see you smile. Bye. Abiola,3971.8163907916305
2665,"And very importantly, all we discuss is between u and i only.",3972.988546062301
2666,K..k:)how about your training process?,3975.495920154183
2667,Ok lor. I ned 2 go toa payoh 4 a while 2 return smth u wan 2 send me there or wat?,3977.030811485949
2668,In da car park,3978.1627698899033
2669,I wish that I was with you. Holding you tightly. Making you see how important you are. How much you mean to me ... How much I need you ... In my life ...,3980.401097074436
2670,So i asked how's anthony. Dad. And your bf,3983.242672639741
2671,"'Wnevr i wana fal in luv vth my books, My bed fals in luv vth me..!'' . Yen madodu, nav pretsorginta, nammanna pretsovru important alwa....!!:) Gud eveB-).",3984.3738246082125
2672,What Today-sunday..sunday is holiday..so no work..,3984.7786218084207
2673,Am going to take bath ill place the key in window:-),3987.407248372089
2674,"Dear, take care. I am just reaching home.love u a lot.",3989.0870243108175
2675,staff.science.nus.edu.sg/~phyhcmk/teaching/pc1323,3989.696633958444
2676,Have you emigrated or something? Ok maybe 5.30 was a bit hopeful...,3991.686917412464
2677,Olol i printed out a forum post by a guy with the exact same  prob which was fixed with a gpu replacement. Hopefully they dont ignore that.,3992.7249193455696
2678,We walked from my moms. Right on stagwood pass right on winterstone left on victors hill. Address is &lt;#&gt;,3995.1847133866054
2679,"Yo, you at jp and hungry like a mofo?",3997.7223204357624
2680,This is all just creepy and crazy to me.,3997.78474032084
2681,Ok... I din get ur msg...,4005.9522044415503
2682,Tessy..pls do me a favor. Pls convey my birthday wishes to Nimya..pls dnt forget it. Today is her birthday Shijas,4006.6461438393035
2683,Pathaya enketa maraikara pa',4009.372831647353
2684,Even if he my friend he is a priest call him now,4010.1716849301974
2685,"U so lousy, run already come back then half dead... Hee...",4010.6314753342517
2686,That's y i said it's bad dat all e gals know u... Wat u doing now?,4010.8940115352334
2687,Or remind me in a few hrs.,4011.1249773720324
2688,"I had been hoping i would not have to send you this message. My rent is due and i dont have enough for it. My reserves are completely gone. Its a loan i need and was hoping you could her. The balance is  &lt;#&gt; . Is there a way i could get that from you, till mid march when i hope to pay back.",4011.175051188482
2689,Hi. Happy New Year. I dont mean to intrude but can you pls let me know how much tuition you paid last semester and how much this semester is. Thanks,4012.7347320233325
2690,Hello hun how ru? Its here by the way. Im good. Been on 2 dates with that guy i met in walkabout so far. We have to meet up soon. Hows everyone else?,4016.300250866307
2691,Lol I was gonna last month. I cashed some in but I left &lt;#&gt; just in case. I was collecting more during the week cause they announced it on the blog.,4017.9931523271543
2692,"Short But Cute : "" Be a good person , but dont try to prove"" ..... Gud mrng...",4018.6038812955467
2693,Just haven't decided where yet eh ?,4023.3156758533846
2694,"Wat time liao, where still got.",4024.3950399225305
2695,Yes watching footie but worried we're going to blow it - Phil Neville?,4024.436344063183
2696,I wait 4 ü inside da car park...,4026.0011316556784
2697,Uncle Abbey! Happy New Year. Abiola,4026.6482649899413
2698,Now am free call me pa.,4027.4518957902255
2699,R u saying i should re order the slippers cos i had to pay for returning it.,4030.4477597315504
2700,Stop knowing me so well!,4030.6643784103303
2701,Good evening! this is roger. How are you?,4030.8542103629165
2702,Small problem in auction:)punj now asking tiwary,4032.674222061329
2703,He telling not to tell any one. If so treat for me hi hi hi,4032.7166307093644
2704,My uncles in Atlanta. Wish you guys a great semester.,4034.3386808839005
2705,U coming 2 pick me?,4036.284066410449
2706,Thats cool. i liked your photos. You are very sexy!,4038.1200868146066
2707,would u fuckin believe it they didnt know i had thurs pre booked off so they re cancelled me AGAIN! that needs to b sacked,4038.537275946616
2708,"Haha better late than ever, any way I could swing by?",4039.141174879578
2709,Ok. But i finish at 6.,4042.622393237006
2710,I've been barred from all B and Q stores for life!?This twat in orange dungerees came up to me and asked if I wanted decking? So I got the first punch in!!,4044.363989630106
2711,So no messages. Had food?,4044.405131471539
2712,Ok going to sleep. Hope i can meet her.,4046.825986943829
2713,Wat makes some people dearer is not just de happiness dat u feel when u meet them but de pain u feel when u miss dem!!!,4051.72108403519
2714,Can you let me know details of fri when u find out cos I'm not in tom or fri. mentionned chinese. Thanks,4051.930206800147
2715,You're right I have now that I think about it,4053.7162281406668
2716,Wat r u doing now?,4055.0813182655424
2717,Is ur lecture over?,4055.539348148683
2718,Customer place i will call you,4057.119934514054
2719,Not planned yet :)going to join company on jan 5 only.don know what will happen after that.,4059.9985661977626
2720,Boy; I love u Grl: Hogolo Boy: gold chain kodstini Grl: Agalla Boy: necklace madstini Grl: agalla Boy: Hogli 1 mutai eerulli kodthini! Grl: I love U kano;-),4060.1574497801175
2721,"Haha I heard that, text me when you're around",4062.2046064299516
2722,I.ll get there tomorrow and send it to you,4065.0231249190288
2723,"""SHIT BABE.. THASA BIT MESSED UP.YEH, SHE SHUDVETOLD U. DID URGRAN KNOW?NEWAY, ILLSPEAK 2 U2MORO WEN IM NOT ASLEEP...""",4068.488544477163
2724,Oh thats late! Well have a good night and i will give u a call tomorrow. Iam now going to go to sleep night night,4069.1075748598205
2725,"""CHEERS U TEX MECAUSE U WEREBORED! YEAH OKDEN HUNNY R UIN WK SAT?SOUNDS LIKEYOUR HAVIN GR8FUN J! KEEP UPDAT COUNTINLOTS OF LOVEME XXXXX.""",4070.016180807405
2726,"Sorry,  in meeting I'll call you later",4071.4140277593883
2727,Yo! Howz u? girls never rang after india. L,4071.6414325724722
2728,Yeah but which is worse for i,4076.438538013992
2729,I tagged MY friends that you seemed to count as YOUR friends.,4077.973966474373
2730,Ok...,4077.9993390528966
2731,Long time. You remember me today.,4078.0882403246324
2732,Havent shopping now lor i juz arrive only,4079.241301664063
2733,Thank u. IT BETTER WORK OUT CAUSE I WILL FEEL USED OTHERWISE,4084.873424723935
2734,Are you up for the challenge? I know i am :),4085.2213709401676
2735,How much did ur hdd casing cost.,4085.6991424565626
2736,Mystery solved! Just opened my email and he's sent me another batch! Isn't he a sweetie,4086.2040736980193
2737,I can't describe how lucky you are that I'm actually awake by noon,4088.9578969680333
2738,"TODAY is Sorry day.! If ever i was angry with you, if ever i misbehaved or hurt you? plz plz JUST SLAP URSELF Bcoz, Its ur fault, I'm basically GOOD",4090.481615805516
2739,Cheers for the card ... Is it that time of year already?,4091.091808740924
2740,"When people see my msgs, They think Iam addicted to msging... They are wrong, Bcoz They don\'t know that Iam addicted to my sweet Friends..!! BSLVYL",4091.1981344674787
2741,Ugh hopefully the asus ppl dont randomly do a reformat.,4093.828475876056
2742,"Haven't seen my facebook, huh? Lol!",4097.071863608571
2743,"Mah b, I'll pick it up tomorrow",4098.189881864895
2744,Still otside le..u come 2morrow maga..,4104.239955594887
2745,Do u still have plumbers tape and a wrench we could borrow?,4107.169686051746
2746,It vl bcum more difficult..,4108.22206081212
2747,Havent still waitin as usual... Ü come back sch oredi?,4108.320034739669
2748,In meeting da. I will call you,4111.252160350196
2749,K k :-):-) then watch some films.,4113.155733999584
2750,Does cinema plus drink appeal tomo? * Is a fr thriller by director i like on at mac at 8.30.,4113.6712813491695
2751,There the size of elephant tablets & u shove um up ur ass!!,4114.366204095462
2752,"So many people seems to be special at first sight, But only very few will remain special to you till your last sight.. Maintain them till life ends.. take cr da",4121.5077026406325
2753,"My Parents, My Kidz, My Friends n My Colleagues. All screaming.. SURPRISE !! and I was waiting on the sofa.. ... ..... ' NAKED...!",4122.471265899548
2754,Dunno i juz askin cos i got a card got 20% off 4 a salon called hair sense so i tot it's da one ü cut ur hair.,4125.15163565083
2755,Good morning pookie pie! Lol hope I didn't wake u up,4127.997645871848
2756,MAYBE IF YOU WOKE UP BEFORE FUCKING 3 THIS WOULDN'T BE A PROBLEM.,4131.7489052479605
2757,Happy birthday to you....dear.with lots of love.rakhesh NRI,4134.517695605696
2758,Howz that persons story,4136.2061448699615
2759,X2  &lt;#&gt; . Are you going to get that,4136.484175965492
2760,Hi neva worry bout da truth coz the truth will lead me 2 ur heart. Its the least a unique person like u deserve. Sleep tight or morning,4143.144781925849
2761,Is ur paper today in e morn or aft?,4146.278346864527
2762,I will lick up every drop :) are you ready to use your mouth as well?,4147.166142909224
2763,And you! Will expect you whenever you text! Hope all goes well tomo,4148.736079922511
2764,Great. P diddy is my neighbor and comes for toothpaste every morning,4149.643630618912
2765,"I av a new number,  . Wil u only use this one,ta.",4150.457234941657
2766,So its to be poking man everyday that they teach you in canada abi! How are you. Just saying hi.,4154.316907750688
2767,7 lor... Change 2 suntec... Wat time u coming?,4154.556655530459
2768,No de.am seeing in online shop so that i asked.,4155.286296719856
2769,Just curious because my cuz asked what I was up to,4157.451479421987
2770,Nice.nice.how is it working?,4157.473093106455
2771,Okay lor... Wah... like that def they wont let us go... Haha... What did they say in the terms and conditions?,4158.230574354561
2772,Haha... Yup hopefully  we will lose a few kg by mon. after hip hop can go orchard and weigh again,4158.778214804102
2773,She's good. How are you. Where r u working now,4158.9455843626565
2774,"Oh, yes, I've just been a little under the weather so i've kind of been coccooning at home",4159.106261462527
2775,At home also.,4159.561008498796
2776,This phone has the weirdest auto correct.,4159.637345948444
2777,Oops my phone died and I didn't even know. Yeah I like it better.,4159.663924604729
2778,Havent mus ask if u can 1st wat. Of meet 4 lunch den u n him meet can already lor. Or u wan 2 go ask da ge 1st then confirm w me asap?,4159.754068042548
2779,"She said,'' do u mind if I go into the bedroom for a minute ? '' ''OK'', I sed in a sexy mood. She came out 5 minuts latr wid a cake...n My Wife,",4159.852475637894
2780,"OH YEAH,AND HAV A GREAT TIME IN NEWQUAY-SEND ME A POSTCARD !1 LOOK AFTER ALL THE GIRLS WHILE IM GONE(U KNOW THE 1IM TALKIN BOUT!)xx",4160.730376105628
2781,We got a divorce. Lol. She.s here,4160.807111906499
2782,What's ur pin?,4160.915049039683
2783,"Babe, have you got enough money to pick up bread and milk ? And I'll give you it back when you get home ?",4161.859045410753
2784,I want snow. It's just freezing and windy.,4163.850141751541
2785,Come to mahal bus stop.. &lt;DECIMAL&gt;,4168.452495880747
2786,Don know:)this week i'm going to tirunelvai da.,4175.36572727524
2787,Me too baby! I promise to treat you well! I bet you will take good care of me...,4178.32589249649
2788,Its like that hotel dusk game i think. You solve puzzles in a area thing,4178.699015545713
2789,"Hi, my love! How goes that day? Fuck, this morning I woke and dropped my cell on the way down the stairs but it seems alright ... *phews* I miss you !",4179.356169293753
2790,Well that must be a pain to catch,4180.407700440422
2791,Sorry da thangam.it's my mistake.,4180.971742962715
2792,I need... Coz i never go before,4184.64212364219
2793,"Rose for red,red for blood,blood for heart,heart for u. But u for me.... Send tis to all ur friends.. Including me.. If u like me.. If u get back, 1-u r poor in relation! 2-u need some 1 to support 3-u r frnd 2 many 4-some1 luvs u 5+- some1 is praying god to marry u.:-) try it....",4186.455957937939
2794,Wife.how she knew the time of murder exactly,4188.75257776225
2795,"I feel like a dick because I keep sleeping through your texts and facebook messages. Sup, you in town?",4189.330339186392
2796,No plm i will come da. On the way.,4189.59172911332
2797,Guess he wants alone time. We could just show up and watch when they do..,4190.24616145703
2798,Height of recycling: Read twice- People spend time for earning money and the same money is spent for spending time!;-) Good morning.. keep smiling:-),4190.432459941236
2799,Yup ü not comin :-(,4193.154386858327
2800,"Yes, princess. Toledo.",4197.634034999338
2801,"Aight text me when you're back at mu and I'll swing by, need somebody to get the door for me",4198.051998945266
2802,Ron say fri leh. N he said ding tai feng cant make reservations. But he said wait lor.,4201.325706254729
2803,Good. No swimsuit allowed :),4203.051171551348
2804,Am okay. Will soon be over. All the best,4204.606327785621
2805,"A cute thought for friendship: ""Its not necessary to share every secret with ur close Frnd, but watever u shared should be true""....",4205.80380208489
2806,Ok i've sent u da latest version of da project.,4206.785536804633
2807,Good Morning my Dear........... Have a great &amp; successful day.,4207.155972333196
2808,Pls accept me for one day. Or am begging you change the number.,4207.82220875461
2809,Squeeeeeze!! This is christmas hug.. If u lik my frndshp den hug me back.. If u get 3 u r cute:) 6 u r luvd:* 9 u r so lucky;) None? People hate u:,4208.769158312411
2810,"Its ok, if anybody asks abt me, u tel them..:-P",4209.329570325359
2811,"Funny fact Nobody teaches volcanoes 2 erupt, tsunamis 2 arise, hurricanes 2 sway aroundn no 1 teaches hw 2 choose a wife Natural disasters just happens",4212.12385032077
2812,* You gonna ring this weekend or wot?,4216.0206613119935
2813,Also track down any lighters you can find,4216.378125799046
2814,"Sorry, I can't help you on this.",4218.5290485523365
2815,"Babe, I need your advice",4221.300687788705
2816,"I‘ll leave around four, ok?",4221.3297010474425
2817,Come to medical college at 7pm ......forward it da,4221.983471954229
2818,K:)k..its good:)when are you going?,4224.558759828042
2819,I can make lasagna for you... vodka...,4225.256513556718
2820,HI ITS KATE CAN U GIVE ME A RING ASAP XXX,4227.333921708387
2821,Who were those people ? Were you in a tour ? I thought you were doing that sofa thing you sent me ? Your curious sugar,4227.5160063977355
2822,"No, but you told me you were going, before you got drunk!",4231.122983327881
2823,He fucking chickened out. He messaged me he would be late and woould buzz me and then I didn't hear a word from him,4234.854118924961
2824,I'm always looking for an excuse to be in the city.,4235.217609236964
2825,Yup i'm still having coffee wif my frens... My fren drove she'll give me a lift...,4236.852579472502
2826,O shore are you takin the bus,4239.229741814544
2827,So u gonna get deus ex?,4240.030700249824
2828,I will send them to your email. Do you mind  &lt;#&gt;  times per night?,4242.326157183738
2829,tap & spile at seven. * Is that pub on gas st off broad st by canal. Ok?,4243.368099382954
2830,Ok then i come n pick u at engin?,4244.473019916333
2831,Which is why i never wanted to tell you any of this. Which is why i'm so short with you and on-edge as of late.,4246.081104304925
2832,Raviyog Peripherals bhayandar east,4247.364091725707
2833,K actually can you guys meet me at the sunoco on howard? It should be right on the way,4248.164739261464
2834,"MOON has come to color your dreams, STARS to make them musical and my SMS to give you warm and Peaceful Sleep. Good Night",4248.7895583535055
2835,Just finished eating. Got u a plate. NOT leftovers this time.,4248.814289667554
2836,Thanx a lot...,4250.668473572999
2837,Hurry home u big butt. Hang up on your last caller if u have to. Food is done and I'm starving. Don't ask what I cooked.,4251.637887810259
2838,Lol your right. What diet? Everyday I cheat anyway. I'm meant to be a fatty :(,4255.071156515645
2839,Its a great day. Do have yourself a beautiful one.,4256.788694907687
2840,What happened in interview?,4257.066990818008
2841,"Solve d Case : A Man Was Found Murdered On  &lt;DECIMAL&gt; . &lt;#&gt;  AfterNoon. 1,His wife called Police. 2,Police questioned everyone. 3,Wife: Sir,I was sleeping, when the murder took place. 4.Cook: I was cooking. 5.Gardener: I was picking vegetables. 6.House-Maid: I went 2 d post office. 7.Children: We went 2 play. 8.Neighbour: We went 2 a marriage. Police arrested d murderer Immediately. Who's It? Reply With Reason, If U r Brilliant.",4257.145880281106
2842,Badrith is only for chennai:)i will surely pick for us:)no competition for him.,4257.47675009821
2843,I tot it's my group mate... Lucky i havent reply... Wat time do ü need to leave...,4257.765189315866
2844,Hey you around? I've got enough for a half + the ten I owe you,4257.879369773649
2845,Hey tmr maybe can meet you at yck,4258.23740074587
2846,ALRITE SAM ITS NIC JUST CHECKIN THAT THIS IS UR NUMBER-SO IS IT?T.B*,4259.348890260326
2847,They are just making it easy to pay back. I have  &lt;#&gt; yrs to say but i can pay back earlier. You get?,4259.621971015411
2848,Not to worry. I'm sure you'll get it.,4260.663913015419
2849,"The gas station is like a block away from my house, you'll drive right by it since armenia ends at swann and you have to take howard",4260.776939447769
2850,My tuition is at 330. Hm we go for the 1120 to 1205 one? Do you mind?,4261.315932946126
2851,"I'm not smoking while people use ""wylie smokes too much"" to justify ruining my shit",4261.601777036253
2852,Dear good morning how you feeling dear,4262.819996190915
2853,A little. Meds say take once every 8 hours. It's only been 5 but pain is back. So I took another. Hope I don't die,4263.547817522344
2854,"Beautiful tomorrow never comes.. When it comes, it's already TODAY.. In the hunt of beautiful tomorrow don't waste your wonderful TODAY.. GOODMORNING:)",4263.56892340855
2855,Dunno lei ü all decide lor. How abt leona? Oops i tot ben is going n i msg him.,4264.431402227495
2856,Hi there. We have now moved in2 our pub . Would be great 2 c u if u cud come up.,4265.608505774243
2857,"Honeybee Said: *I'm d Sweetest in d World* God Laughed &amp; Said: *Wait,U Havnt Met d Person Reading This Msg* MORAL: Even GOD Can Crack Jokes! GM+GN+GE+GN:)",4268.456304184641
2858,Just do what ever is easier for you,4269.221441129782
2859,Stop calling everyone saying I might have cancer. My throat hurts to talk. I can't be answering everyones calls. If I get one more call I'm not babysitting on Monday,4274.601608943986
2860,"It'll be tough, but I'll do what I have to",4276.48727027101
2861,IM GONNAMISSU SO MUCH!!I WOULD SAY IL SEND U A POSTCARD BUTTHERES ABOUTAS MUCH CHANCE OF MEREMEMBERIN ASTHERE IS OFSI NOT BREAKIN HIS CONTRACT!! LUV Yaxx,4279.25752408882
2862,Ee msg na poortiyagi odalebeku: Hanumanji 7 name 1-Hanuman 2-Bajarangabali 3-Maruti 4-Pavanaputra 5-Sankatmochan 6-Ramaduth 7-Mahaveer ee 7 name  &lt;#&gt;  janarige ivatte kalisidare next saturday olage ondu good news keluviri...! Maretare inde 1 dodda problum nalli siguviri idu matra  &lt;#&gt; % true.. Don't neglet.,4281.710321926731
2863,HI DARLIN I FINISH AT 3 DO U 1 2 PICK ME UP OR MEET ME? TEXT BACK ON THIS NUMBER LUV KATE XXX,4282.159464078499
2864,"Set a place for me in your heart and not in your mind, as the mind easily forgets but the heart will always remember. Wish you Happy Valentines Day!",4283.963882590045
2865,But i'm surprised she still can guess right lor...,4283.9819041245855
2866,Okie ü wan meet at bishan? Cos me at bishan now. I'm not driving today.,4284.538681846035
2867,Oh ho. Is this the first time u use these type of words,4284.869609463356
2868,HI DARLIN HOW WAS WORK DID U GET INTO TROUBLE? IJUST TALKED TO YOUR MUM ALL MORNING! I HAD A REALLY GOOD TIME LAST NIGHT IM GOIN OUT SOON BUT CALL ME IF U CAN,4286.059927553637
2869,I know you are serving. I mean what are you doing now.,4286.21441515088
2870,"Huh... Hyde park not in mel ah, opps, got confused... Anyway, if tt's e best choice den we juz have to take it...",4286.683308493193
2871,Oh gei. That happend to me in tron. Maybe ill dl it in 3d when its out,4287.533982420272
2872,I know girls always safe and selfish know i got it pa. Thank you. good night.,4289.912143155732
2873,"No worries, hope photo shoot went well. have a spiffing fun at workage.",4290.435432198596
2874,I'm freezing and craving ice. Fml,4294.908921907549
2875,Kay... Since we are out already,4299.080957800441
2876,Eh sorry leh... I din c ur msg. Not sad already lar. Me watching tv now. U still in office?,4301.754726691088
2877,Yo im right by yo work,4301.935988377246
2878,Ok darlin i supose it was ok i just worry too much.i have to do some film stuff my mate and then have to babysit again! But you can call me there.xx,4302.828703236259
2879,"She said,'' do u mind if I go into the bedroom for a minute ? '' ''OK'', I sed in a sexy mood. She came out 5 minuts latr wid a cake...n My Wife,",4304.146013538907
2880,I don wake since. I checked that stuff and saw that its true no available spaces. Pls call the embassy or send a mail to them.,4304.4262011695555
2881,Nope... Juz off from work...,4306.435894648486
2882,Huh so fast... Dat means u havent finished painting?,4306.885975604228
2883,what number do u live at? Is it 11?,4307.008377113305
2884,"No we put party 7 days a week and study lightly, I think we need to draw in some custom checkboxes so they know we're hardcore",4307.647641312867
2885,Sac will score big hundred.he is set batsman:-),4312.644926166436
2886,Send me yetty's number pls.,4313.635805295596
2887,How much it will cost approx . Per month.,4314.454097589171
2888,Ok... The theory test? when are ü going to book? I think it's on 21 may. Coz thought wanna go out with jiayin. But she isnt free,4314.641120246305
2889,"That's fine, have him give me a call if he knows what he wants or has any questions",4318.1511869604055
2890,"Sorry, got a late start, we're on the way",4318.956429429816
2891,Then u go back urself lor...,4320.684103446704
2892,I AM AT THE GAS STATION. GO THERE.,4321.765290808665
2893,"K, if u bored up just come to my home..",4322.05543958339
2894,Babe !!!! I LOVE YOU !!!! *covers your face in kisses*,4322.550469147936
2895,"Like I made him throw up when we were smoking in our friend's car one time, it was awesome",4322.824400863421
2896,Still i have not checked it da. . .,4324.937890481915
2897,You will go to walmart. I.ll stay.,4325.598261442471
2898,"I haven't forgotten you, i might have a couple bucks to send you tomorrow, k? I love ya too",4329.1000688508575
2899,Oh great. I.ll disturb him more so that we can talk.,4329.790206130426
2900,Reverse is cheating. That is not mathematics.,4330.039702741701
2901,U're welcome... Caught u using broken english again...,4330.389039509957
2902,No problem baby. Is this is a good time to talk? I called and left a message.,4330.92362987734
2903,"Sorry, I'll call later",4331.625028090824
2904,Oh is it! Which brand?,4332.087835007456
2905,Sorry i cant take your call right now. It so happens that there r 2waxsto do wat you want. She can come and ill get her medical insurance. And she'll be able to deliver and have basic care. I'm currently shopping for the right medical insurance for her. So just give me til friday morning. Thats when i.ll see the major person that can guide me to the right insurance.,4334.057804185088
2906,At what time are you coming.,4336.277856104538
2907,Call him and say you not coming today ok and tell them not to fool me like this ok,4337.38180864348
2908,I emailed yifeng my part oredi.. Can ü get it fr him..,4337.456684651611
2909,R u sure they'll understand that! Wine * good idea just had a slurp!,4342.4742840090275
2910,Minimum walk is 3miles a day.,4342.537100569455
2911,Ok not a problem will get them a taxi. C ing  tomorrow and tuesday. On tuesday think we r all going to the cinema.,4343.053270109693
2912,"Brainless Baby Doll..:-D;-), vehicle sariyag drive madoke barolla..",4343.656417104236
2913,I don't run away frm u... I walk slowly &amp; it kills me that u don't care enough to stop me...,4344.279383157197
2914,Please attend the phone:),4344.455981492231
2915,You only hate me. You can call any but you didnt accept even a single call of mine. Or even you messaged,4346.378735712096
2916,No messages on her phone. I'm holding it now,4355.667332489985
2917,Can... I'm free...,4356.528638230373
2918,"Yo my trip got postponed, you still stocked up?",4357.203587176628
2919,"Sorry, I'll call later",4357.850952723116
2920,I am waiting for your call sir.,4362.000293710352
2921,Hey what are you doing. Y no reply pa..,4362.737942250165
2922,"Hey elaine, is today's meeting still on?",4364.615812892532
2923,Sorry i've not gone to that place. I.ll do so tomorrow. Really sorry.,4366.1257384053615
2924,Most of the tiime when i don't let you hug me it's so i don't break into tears.,4367.484684740141
2925,Tomorrow i am not going to theatre. . . So i can come wherever u call me. . . Tell me where and when to come tomorrow,4367.57185132794
2926,And now electricity just went out fml.,4368.654868179394
2927,"Looks like you found something to do other than smoke, great job!",4370.819075342304
2928,Also andros ice etc etc,4371.580747166935
2929,:),4371.8709344740055
2930,"Good afternon, my love. How are today? I hope your good and maybe have some interviews. I wake and miss you babe. A passionate kiss from across the sea",4374.770919247393
2931,Yup. Wun believe wat? U really neva c e msg i sent shuhui?,4375.1405424296845
2932,Hows that watch resizing,4376.524592043439
2933,Dear umma she called me now :-),4377.374563046421
2934,Just finished. Missing you plenty,4378.906279212246
2935,"Well, I meant as opposed to my drunken night of before",4379.296594231099
2936,K... Must book a not huh? so going for yoga basic on sunday?,4381.027060857278
2937,Ok can...,4381.738062896452
2938,"Oops - am at my mum's in somerset... Bit far! Back tomo, see you soon x",4386.783854352685
2939,So u workin overtime nigpun?,4387.915140246878
2940,Same as kallis dismissial in 2nd test:-).,4391.450632390022
2941,O. Guess they both got screwd,4392.460525101381
2942,"I'm in a meeting, call me later at",4394.23210815722
2943,What r u cooking me for dinner?,4394.78482081765
2944,Ok thanx...,4395.013354854705
2945,Bull. Your plan was to go floating off to IKEA with me without a care in the world. So i have to live with your mess another day.,4395.258122590384
2946,Then i buy.,4395.797662363727
2947,Heehee that was so funny tho,4396.5785602471715
2948,It only does simple arithmetic not percentages.,4398.239024447243
2949,"Yeah we wouldn't leave for an hour at least, how's 4 sound?",4398.657108492647
2950,Thanks honey. Have a great day.,4398.955946865283
2951,"'An Amazing Quote'' - ""Sometimes in life its difficult to decide whats wrong!! a lie that brings a smile or the truth that brings a tear....""",4399.2048156099245
2952,Good night my dear.. Sleepwell&amp;Take care,4400.2130909860025
2953,Then ü ask dad to pick ü up lar... Ü wan 2 stay until 6 meh...,4402.766566395232
2954,"Jus chillaxin, what up",4402.797968543989
2955,"""HEY DAS COOL... IKNOW ALL 2 WELLDA PERIL OF STUDENTFINANCIAL CRISIS!SPK 2 U L8R.""",4405.81480342635
2956,"Beautiful Truth against Gravity.. Read carefully: ""Our heart feels light when someone is in it.. But it feels very heavy when someone leaves it.."" GOODMORNING",4406.745534553356
2957,"Whats that coming over the hill..... Is it a monster! Hope you have a great day. Things r going fine here, busy though!",4407.828041014167
2958,Joy's father is John. Then John is the ____ of Joy's father. If u ans ths you hav  &lt;#&gt;  IQ. Tis s IAS question try to answer.,4409.116568783679
2959,Only once then after ill obey all yours.,4411.796737009603
2960,No she didnt. I will search online and let you know.,4414.725668096464
2961,Where do you need to go to get it?,4416.566215906656
2962,No pic. Please re-send.,4416.936144074188
2963,He remains a bro amongst bros,4418.56812659525
2964,Uhhhhrmm isnt having tb test bad when youre sick,4418.6888560116095
2965,But i haf enuff space got like 4 mb...,4418.992475347306
2966,True. Its easier with her here.,4420.185091941399
2967,Sure but since my parents will be working on Tuesday I don't really need a cover story,4420.242767187419
2968,Haha okay... Today weekend leh...,4421.067918440253
2969,"""Hi darlin did youPhone me? Im atHome if youwanna chat.""",4421.512220944431
2970,I don't know jack shit about anything or i'd say/ask something helpful but if you want you can pretend that I did and just text me whatever in response to the hypotheticalhuagauahahuagahyuhagga,4422.194437897323
2971,You've always been the brainy one.,4424.904108096512
2972,Yeah if we do have to get a random dude we need to change our info sheets to PARTY  &lt;#&gt; /7 NEVER STUDY just to be safe,4425.6343949510865
2973,"Christmas is An occasion that is Celebrated as a Reflection of UR... Values..., Desires..., Affections...&amp; Traditions.... Have an ideal Christmas...",4428.232406748869
2974,Sending you greetings of joy and happiness. Do have a gr8 evening,4431.487782612967
2975,"""Hi darlin i cantdo anythingtomorrow as myparents aretaking me outfor a meal. when are u free? Katexxx""",4431.776224633062
2976,If india win or level series means this is record:),4434.965265456837
2977,Then what about further plan?,4435.216465430869
2978,Its good to hear from you,4436.850237881842
2979,"awesome, how do I deal with the gate? Charles told me last night but, uh, yeah",4438.221084961077
2980,What time you thinkin of goin?,4439.524204456579
2981,Your board is working fine. The issue of overheating is also reslove. But still software inst is pending. I will come around 8'o clock.,4442.974607948414
2982,Yes but I don't care cause I know its there!,4444.019003698666
2983,"wiskey Brandy Rum Gin Beer Vodka Scotch Shampain Wine ""KUDI""yarasu dhina vaazhthukkal. ..",4444.323539431974
2984,"Mon okie lor... Haha, best is cheap n gd food la, ex oso okie... Depends on whether wana eat western or chinese food... Den which u prefer...",4444.459889496475
2985,Sitting ard nothing to do lor. U leh busy w work?,4446.328668935916
2986,Its  &lt;#&gt; k here oh. Should i send home for sale.,4446.911977289249
2987,Sorry. || mail? ||,4449.282185013323
2988,Ya just telling abt tht incident..,4449.9637687228715
2989,Yes we were outside for like 2 hours. And I called my whole family to wake them up cause it started at 1 am,4450.906152690431
2990,Ugh just got outta class,4451.63065198823
2991,"Nowadays people are notixiquating the laxinorficated opportunity for bambling of entropication.... Have you ever oblisingately opted ur books for the masteriastering amplikater of fidalfication? It is very champlaxigating, i think it is atrocious.. Wotz Ur Opinion???? Junna",4452.589139925264
2992,I dont have any of your file in my bag..i was in work when you called me.i 'll tell you if i find anything in my room.,4454.471504025607
2993,No need lar. Jus testing e phone card. Dunno network not gd i thk. Me waiting 4 my sis 2 finish bathing so i can bathe. Dun disturb u liao u cleaning ur room.,4454.545432464114
2994,Ok. I.ll do you right later.,4454.780211558996
2995,Friendship poem: Dear O Dear U R Not Near But I Can Hear Dont Get Fear Live With Cheer No More Tear U R Always my Dear. Gud ni8,4455.550411935667
2996,Have your lunch and come quickly and open the door:),4458.356254167629
2997,I am back. Bit long cos of accident on a30. Had to divert via wadebridge.I had a brilliant weekend thanks. Speak soon. Lots of love,4460.841664435938
2998,"K.. I yan jiu liao... Sat we can go 4 bugis vill one frm 10 to 3 den hop to parco 4 nb. Sun can go cine frm 1030 to 2, den hop to orc mrt 4 hip hop at 4...",4463.361662559671
2999,i am seeking a lady in the street and a freak in the sheets. Is that you?,4464.066306534566
3000,My phone,4464.5905621553675
3001,"Haha figures, well I found the piece and priscilla's bowl",4471.624375076178
3002,"Actually fuck that, just do whatever, do find an excuse to be in tampa at some point before january though",4472.157799990195
3003,yay! finally lol. i missed our cinema trip last week :-(,4472.404725227062
3004,All day working day:)except saturday and sunday..,4474.412445542029
3005,aathi..where are you dear..,4474.975926415081
3006,Heart is empty without love.. Mind is empty without wisdom.. Eyes r empty without dreams &amp; Life is empty without frnds.. So Alwys Be In Touch. Good night &amp; sweet dreams,4480.247134657415
3007,"I think I‘m waiting for the same bus! Inform me when you get there, if you ever get there.",4480.555134876597
3008,You getting back any time soon?,4481.535810823674
3009,", how's things? Just a quick question.",4483.654505917534
3010,"Night has ended for another day, morning has come in a special way. May you smile like the sunny rays and leaves your worries at the blue blue bay. Gud mrng",4483.840070699095
3011,"I can probably come by, everybody's done around  &lt;#&gt;  right?",4485.495522792699
3012,I got it before the new year cos yetunde said she wanted to surprise you with it but when i didnt see money i returned it mid january before the  &lt;#&gt; day return period ended.,4485.629184848291
3013,I can ask around but there's not a lot in terms of mids up here,4486.196732900135
3014,Be sure to check your yahoo email. We sent photos yesterday,4486.364785106266
3015,What was she looking for?,4489.078533133708
3016,Wherre's my boytoy ? :-(,4489.575782233051
3017,"Hello, my love! How goes that day ? I wish your well and fine babe and hope that you find some job prospects. I miss you, boytoy ... *a teasing kiss*",4495.725691322893
3018,Tell my  bad character which u Dnt lik in me. I'll try to change in  &lt;#&gt; . I ll add tat 2 my new year resolution. Waiting for ur reply.Be frank...good morning.,4495.8821681947675
3019,No:-)i got rumour that you going to buy apartment in chennai:-),4497.529707795843
3020,"Yeah, probably earlier than that",4498.262301005489
3021,Change windows logoff sound..,4501.525538149988
3022,Still i have not checked it da. . .,4503.458230886489
3023,I'm also came to room.,4503.573771027761
3024,Huh but i got lesson at 4 lei n i was thinkin of going to sch earlier n i tot of parkin at kent vale...,4503.576678432461
3025,Ok.,4504.617295632594
3026,I will reach office around  &lt;DECIMAL&gt; . &amp; my mobile have problem. You cann't get my voice. So call you asa i'll free,4504.684120654846
3027,"Cool, text me when you head out",4506.838873828215
3028,Happy birthday... May u find ur prince charming soon n dun work too hard...,4509.223101834634
3029,"Oh, the grand is having a bit of a party but it doesn't mention any cover charge so it's probably first come first served",4509.3597553245645
3030,You said to me before i went back to bed that you can't sleep for anything.,4510.290158707828
3031,I hope you arnt pissed off but id would really like to see you tomorrow. Love me xxxxxxxxxxxxxX,4510.794008955478
3032,says the  &lt;#&gt;  year old with a man and money. I'm down to my last  &lt;#&gt; . Still waiting for that check.,4511.340205934433
3033,I will come to ur home now,4512.9559703086115
3034,Free any day but i finish at 6 on mon n thurs...,4516.325964377148
3035,Will you be here for food,4518.796816328185
3036,"life alle mone,eppolum oru pole allalo",4521.97025726159
3037,Nite...,4523.725296730125
3038,"Two fundamentals of cool life: ""Walk, like you are the KING""...! OR ""Walk like you Dont care,whoever is the KING""!... Gud nyt",4525.790780680632
3039,"Camera quite good, 10.1mega pixels, 3optical and 5digital dooms. Have a lovely holiday, be safe and i hope you hav a good journey! Happy new year to you both! See you in a couple of weeks!",4526.687463174006
3040,Hi Petey!noim ok just wanted 2 chat coz avent spoken 2 u 4 a long time-hope ur doin alrite.have good nit at js love ya am.x,4528.252211648007
3041,I just saw ron burgundy captaining a party boat so yeah,4528.792957654183
3042,I'm serious. You are in the money base,4530.415443349888
3043,Already one guy loving you:-.,4530.516787410534
3044,Staff of placement training in Amrita college.,4532.266009407034
3045,I always chat with you. In fact i need money can you raise me?,4532.508362591291
3046,I'm job profile seems like bpo..,4537.349164963625
3047,"Well, I was about to give up cos they all said no they didn‘t do one nighters. I persevered and found one but it is very cheap so i apologise in advance. It is just somewhere to sleep isnt it?",4538.461601741262
3048,"So you think i should actually talk to him? Not call his boss in the morning? I went to this place last year and he told me where i could go and get my car fixed cheaper. He kept telling me today how much he hoped i would come back in, how he always regretted not getting my number, etc.",4538.775173708297
3049,Are you willing to go for apps class.,4539.835093266986
3050,Hanging out with my brother and his family,4540.352591549731
3051,No it will reach by 9 only. She telling she will be there. I dont know,4542.98997759041
3052,Hey... are you going to quit soon? Xuhui and i working till end of the month,4546.582250637332
3053,"Im sorry bout last nite it wasnt ur fault it was me, spouse it was pmt or sumthin! U 4give me? I think u shldxxxx",4548.731521355841
3054,Try neva mate!!,4551.000406453916
3055,Yeah that'd pretty much be the best case scenario,4551.306695483401
3056,I not free today i haf 2 pick my parents up tonite...,4551.616023603021
3057,"""HEY BABE! FAR 2 SPUN-OUT 2 SPK AT DA MO... DEAD 2 DA WRLD. BEEN SLEEPING ON DA SOFA ALL DAY, HAD A COOL NYTHO, TX 4 FONIN HON, CALL 2MWEN IM BK FRMCLOUD 9! J X""",4552.335855379858
3058,Should i send you naughty pix? :),4555.087009605001
3059,"Tyler (getting an 8th) has to leave not long after 9, can you get here in like an hour?",4555.814446898653
3060,Prepare to be pounded every night...,4557.803655935405
3061,"Actually, my mobile is full of msg. And i m doing a work online, where i need to send them  &lt;#&gt;  sent msg i wil explain u later.",4559.7176327729585
3062,"Sorry, I'll call later",4563.5178388841
3063,Good evening! How are you?,4564.296257669373
3064,I'm at home. Please call,4564.371034664461
3065,Oic cos me n my sis got no lunch today my dad went out... So dunno whether 2 eat in sch or wat...,4564.845529647525
3066,"Mmmmm ... It was sooooo good to wake to your words this morning, my Love!! Mmmm fuck ... I love you too, my Lion ... *devouring kiss from across the sea*",4565.5590338414895
3067,We are pleased to inform that your application for Airtel Broadband is processed successfully. Your installation will happen within 3 days.,4566.247669151759
3068,What happen dear. Why you silent. I am tensed,4568.483358186117
3069,"I'll get there at 3, unless you guys want me to come some time sooner",4569.509190133638
3070,If you are not coughing then its nothing,4570.69039301474
3071,Ü come lt 25 n pass to me lar,4572.665197453923
3072,I'm e person who's doing e sms survey...,4572.967477649021
3073,Lol ok ill try to send. Be warned Sprint is dead slow. You'll prolly get it tomorrow,4574.133415550524
3074,Thank You meet you monday,4575.666623275343
3075,SO IS TH GOWER MATE WHICH IS WHERE I AM!?! HOW R U MAN? ALL IS GOOD IN WALES ILL B BACK MORROW. C U THIS WK? WHO WAS THE MSG 4?  RANDOM!,4576.086042023258
3076,"Single line with a big meaning::::: ""Miss anything 4 ur ""Best Life"" but, don't miss ur best life for anything... Gud nyt...",4576.707596764265
3077,"I got like $ &lt;#&gt; , I can get some more later though. Get whatever you feel like",4577.025808169662
3078,"Dad wanted to talk about the apartment so I got a late start, omw now",4577.297835884146
3079,I love you both too :-),4577.825203509513
3080,Lol u still feeling sick?,4577.91804816327
3081,Din i tell u jus now 420,4580.9133528441225
3082,am up to my eyes in philosophy,4581.098835468793
3083,Ok lor. I'm in town now lei.,4581.4942656656685
3084,I had it already..sabarish asked me to go..,4582.282086099167
3085,No da. . Vijay going to talk in jaya tv,4582.333961020307
3086,Lol I know! Hey someone did a great inpersonation of flea on the forums. I love it!,4583.665954590559
3087,Still chance there. If you search hard you will get it..let have a try :),4584.747542041423
3088,Do you always celebrate NY's with your family ?,4587.893032541117
3089,"We know TAJ MAHAL as symbol of love. But the other lesser known facts 1. Mumtaz was Shahjahan's 4th wife, out of his 7 wifes. 2. Shahjahan killed Mumtaz's husband to marry her. 3. Mumtaz died in her  &lt;#&gt; th delivery. 4. He then married Mumtaz's sister. Question arises where the Hell is the LOVE?:-| -The Great Hari-",4588.029246621117
3090,Its ok..come to my home it vl nice to meet and v can chat..,4588.062850435354
3091,Sent me de webadres for geting salary slip,4590.138853994375
3092,She's fine. Sends her greetings,4590.286264291228
3093,But you dint in touch with me.,4591.377059582397
3094,"Yup, leaving right now, be back soon",4594.415164782078
3095,Yeah sure I'll leave in a min,4595.110438681539
3096,And do you have any one that can teach me how to ship cars.,4595.648122214275
3097,"The sign of maturity is not when we start saying big things.. But actually it is, when we start understanding small things... *HAVE A NICE EVENING* BSLVYL",4595.706055534675
3098,Yeah confirmed for you staying at  that weekend,4596.544424874511
3099,They said ü dun haf passport or smth like dat.. Or ü juz send to my email account..,4599.563645466735
3100,"Multiply the numbers independently and count decimal points then, for the division, push the decimal places like i showed you.",4599.787037847156
3101,"Have a lovely night and when you wake up to see this message, i hope you smile knowing all is as should be. Have a great morning",4600.048462055316
3102,Ard 4 lor...,4600.316549521929
3103,You are right. Meanwhile how's project twins comin up,4600.390840912829
3104,I sent your maga that money yesterday oh.,4600.464895134655
3105,Heart is empty without love.. Mind is empty without wisdom.. Eyes r empty without dreams &amp; Life is empty without frnds.. So Alwys Be In Touch. Good night &amp; sweet dreams,4603.843854685417
3106,Our ride equally uneventful - not too many of those pesky cyclists around at that time of night ;).,4604.17086724799
3107,If you were/are free i can give. Otherwise nalla adi entey nattil kittum,4605.1298732873465
3108,I've sent my wife your text. After we buy them she'll tell you what to do. So just relax. We should go get them this wkend.,4606.09252587529
3109,I am in escape theatre now. . Going to watch KAVALAN in a few minutes,4608.71909689692
3110,How much would it cost to hire a hitman,4608.751886404085
3111,I anything lor...,4614.146813001692
3112,"Sorry, I'll call later",4615.253856083363
3113,Huh but i cant go 2 ur house empty handed right?,4615.475860083635
3114,Good morning princess! Happy New Year!,4618.066102739631
3115,"Aight, we'll head out in a few",4618.827570393838
3116,Then wat r u doing now? Busy wif work?,4619.578779544277
3117,I know you mood off today,4620.902452180129
3118,"Jay told me already, will do",4621.445972479023
3119,Cps is causing the outages to conserve energy.,4621.785796373377
3120,"I'm not sure, I was just checking out what was happening around the area",4622.657036191156
3121,Hey morning what you come to ask:-) pa...,4622.967772053864
3122,Jordan got voted out last nite!,4623.56232506932
3123,"That means you got an A in epi, she.s fine. She.s here now.",4624.185005676693
3124,I have no idea where you are,4624.234165657634
3125,Pls come quick cant bare this.,4624.264413841407
3126,Joy's father is John. Then John is the ____ of Joy's father. If u ans ths you hav  &lt;#&gt;  IQ. Tis s IAS question try to answer.,4626.024666301198
3127,"Call me. I m unable to cal. Lets meet bhaskar, and deep",4628.248778093299
3128,No. I.ll meet you in the library,4628.888308980074
3129,"K, my roommate also wants a dubsack and another friend may also want some so plan on bringing extra, I'll tell you when they know for sure",4631.078859766156
3130,Depends on individual lor e hair dresser say pretty but my parents say look gong. U kaypoh.. I also dunno wat she collecting.,4634.637581074188
3131,Ok c ü then.,4634.775645076924
3132,I enjoy watching and playing football and basketball. Anything outdoors. And you?,4635.032442036981
3133,"Can you please ask macho what his price range is, does he want something new or used plus it he only interfued in the blackberry bold  &lt;#&gt;  or any bb",4635.78517665552
3134,Sorry sent blank msg again. Yup but trying 2 do some serious studying now.,4641.842442094421
3135,Hey check it da. I have listed da.,4642.015878114753
3136,I meant as an apology from me for texting you to get me drugs at  &lt;#&gt; at night,4643.221187014816
3137,That means from february to april i'll be getting a place to stay down there so i don't have to hustle back and forth during audition season as i have since my sister moved away from harlem.,4643.237848293938
3138,Goin to workout lor... Muz lose e fats...,4643.906926374272
3139,"Damn, poor zac doesn't stand a chance",4644.536665465897
3140,No message..no responce..what happend?,4644.925501774419
3141,I want to tel u one thing u should not mistake me k THIS IS THE MESSAGE THAT YOU SENT:),4645.179066206981
3142,Yeah right! I'll bring my tape measure fri!,4645.275402173778
3143,Still chance there. If you search hard you will get it..let have a try :),4648.39627038826
3144,Meeting u is my work. . . Tel me when shall i do my work tomorrow,4648.658973454306
3145,Should I head straight there or what,4650.077312208233
3146,Thank you princess! You are so sexy...,4651.130804740587
3147,Oooh I got plenty of those!,4651.42154242644
3148,Hui xin is in da lib.,4651.436105330308
3149,Its a big difference.  &lt;#&gt;  versus  &lt;#&gt;  every  &lt;#&gt; hrs,4655.21160734255
3150,"It's not that you make me cry. It's just that when all our stuff happens on top of everything else, it pushes me over the edge. You don't underdtand how often i cry over my sorry, sorry life.",4655.434657742202
3151,"""ME 2 BABE I FEEL THE SAME LETS JUST 4GET ABOUT IT+BOTH TRY +CHEER UP+NOT FIT SOO MUCHXXLOVE U LOCAXX""",4656.5794982008865
3152,You know what hook up means right?,4657.23309059496
3153,Wat's da model num of ur phone?,4659.288878201376
3154,He's really into skateboarding now despite the fact that he gets thrown off of it and winds up with bandages and shit all over his arms every five minutes,4659.953647870279
3155,My house here e sky quite dark liao... If raining then got excuse not 2 run already rite... Hee...,4663.845203892132
3156,"Sorry, left phone upstairs. OK, might be hectic but would be all my birds with one fell swoop. It's a date.",4665.096955260259
3157,* Thought I didn't see you.,4665.7189847637865
3158,Carlos says we can pick up from him later so yeah we're set,4667.121069921739
3159,"Hey babe, my friend had to cancel, still up for a visit ?",4670.004618465541
3160,As per your request 'Maangalyam (Alaipayuthe)' has been set as your callertune for all Callers. Press *9 to copy your friends Callertune,4678.417440375195
3161,Hmm ill have to think about it... ok you're forgiven! =D,4679.610588851635
3162,"We are hoping to get away by 7, from Langport. You still up for town tonight?",4681.725912264746
3163,Want to send me a virtual hug?... I need one,4683.8494597182535
3164,"Probably not, still going over some stuff here",4685.050766607706
3165,It has issues right now. Ill fix for her by tomorrow.,4686.981506463393
3166,Why i come in between you people,4687.319267134456
3167,Senthil group company Apnt 5pm.,4687.448426395267
3168,Oh really?? Did you make it on air? What's your talent?,4689.893228252023
3169,Studying. But i.ll be free next weekend.,4689.915314714295
3170,R u here yet? I'm wearing blue shirt n black pants.,4690.733610440001
3171,Wait.i will come out.. &lt;#&gt;  min:),4693.539363073527
3172,I will reach ur home in  &lt;#&gt;  minutes,4696.105625559203
3173,Well then you have a great weekend!,4696.864983069829
3174,"What are you doing in langport? Sorry, but I'll probably be in bed by 9pm. It sucks being ill at xmas! When do you and go2sri lanka?",4699.00537775382
3175,"Frnd s not juz a word.....not merely a relationship.....its a silent promise which says ... "" I will be with YOU "" Wherevr.. Whenevr.. Forevr... Gudnyt dear..",4700.919873077596
3176,Huh? 6 also cannot? Then only how many mistakes?,4702.403454552018
3177,Ha... U jus ate honey ar? So sweet...,4702.671953835082
3178,I'm turning off my phone. My moms telling everyone I have cancer. And my sister won't stop calling. It hurts to talk. Can't put up with it. See u when u get home. Love u,4703.841375630182
3179,"Honey ? Sweetheart ? Darling ? Sexy buns ? Sugar plum ? Loverboy ? I miss you, boytoy ... *smacks your ass* Did you go to the gym too ?",4703.895177644025
3180,Thanks for loving me so. You rock,4703.951163703085
3181,Yeah imma come over cause jay wants to do some drugs,4704.572140775725
3182,Ok thanx... Take care then...,4708.4835226416935
3183,Yup. Thk of u oso boring wat.,4708.725115439454
3184,"came to look at the flat, seems ok, in his 50s? * Is away alot wiv work. Got woman coming at 6.30 too.",4711.441204563801
3185,Moji just informed me that you saved our lives. Thanks.,4715.959287681585
3186,Whos this am in class:-),4718.104270119862
3187,Hey r ü still online? I've finished the formatting...,4718.30515646895
3188,Great! So what attracts you to the brothas?,4719.156446362263
3189,Stupid.its not possible,4722.514970460852
3190,I cant pick the phone right now. Pls send a message,4722.806075986514
3191,LOL what happens in Vegas stays in vegas,4723.311987132256
3192,"Hello, hello, hi lou sorry it took so long 2 reply- I left mobile at friends in Lancaster, just got it bak Neway im sorry I couldnt make ur bday 2 hun!",4724.643152767638
3193,When did i use soc... I use it only at home... Ü dunno how 2 type it in word ar...,4724.863337980356
3194,Dad says hurry the hell up,4725.942175272316
3195,Wake me up at  &lt;#&gt;  am morning:),4727.97214210809
3196,"I get out of class in bsn in like  &lt;#&gt;  minutes, you know where advising is?",4729.535534464733
3197,Great! I shoot big loads so get ready!,4729.756844320988
3198,I'll meet you in the lobby,4730.048140385491
3199,You still coming tonight?,4731.815479908491
3200,What happen dear tell me,4733.01370963459
3201,"Sir, i am waiting for your call, once free please call me.",4735.224251929927
3202,No i am not having not any movies in my laptop,4735.566524748896
3203,I was about to do it when i texted. I finished a long time ago and showered and er'ything!,4736.795946831653
3204,Ok im not sure what time i finish tomorrow but i wanna spend the evening with you cos that would be vewy vewy lubly! Love me xxx,4737.276788845684
3205,"Hello, As per request from  &lt;#&gt;  Rs.5 has been transfered to you",4738.063791374387
3206,I am in tirupur.  call you da.,4741.389907817954
3207,S:)but he had some luck.2 catches put down:),4742.942736191307
3208,How i noe... Did ü specify da domain as nusstu... Ü still in sch...,4743.152917994023
3209,Oh...i asked for fun. Haha...take care. ü,4745.231074409398
3210,Shall i get my pouch?,4745.39356546212
3211,Hey loverboy! I love you !! I had to tell ... I look at your picture and ache to feel you between my legs ... Fuck I want you ... I need you ... I crave you .,4745.549705564087
3212,"How is my boy? No sweet words left for me this morning ... *sighs* ... How goes you day, my love ? Did you start your studying?",4746.440265643416
3213,Kent vale lor... Ü wait 4 me there ar?,4747.702787153998
3214,Ok. Very good. Its all about making that money.,4748.000262950318
3215,Reading gud habit.. Nan bari hudgi yorge pataistha ertini kano:-),4749.45018085772
3216,Aight do you still want to get money,4749.9354091030455
3217,Ok.ok ok..then..whats ur todays plan,4750.9653119083305
3218,ARE YOU IN TOWN? THIS IS V. IMPORTANT,4754.061035712687
3219,"Sorry pa, i dont knw who ru pa?",4755.916869128627
3220,Wat u doing there?,4756.621043767358
3221,If i not meeting ü all rite then i'll go home lor. If ü dun feel like comin it's ok.,4756.939846440939
3222,"Oh, i will get paid. The most outstanding one is for a commercial i did for Hasbro...in AUGUST! They made us jump through so many hoops to get paid. Still not.",4759.575804289482
3223,"I am late,so call you tomorrow morning.take care sweet dreams....u and me...ummifying...bye.",4761.769040730121
3224,Networking technical support associate.,4763.323612085095
3225,I'm gonna rip out my uterus.,4763.515786652126
3226,Cool. Do you like swimming? I have a pool and jacuzzi at my house.,4765.317830356044
3227,"Yeah why not, is the gang all ready",4767.434880551291
3228,Blank is Blank. But wat is blank? Lol,4768.780607149662
3229,I'm in a movie... Collect car oredi...,4770.561662374011
3230,We left already we at orchard now.,4772.952763092274
3231,Nothing spl..wat abt u and whr ru?,4773.763461413955
3232,No chikku nt yet.. Ya i'm free,4776.107018336767
3233,"Aldrine, rakhesh ex RTM here.pls call.urgent.",4776.80155094665
3234,The search 4 happiness is 1 of d main sources of unhappiness! Accept life the way it comes! U will find happiness in every moment u live.,4776.893859449751
3235,I'm at home. Please call,4777.207094329572
3236,"I guess you could be as good an excuse as any, lol.",4780.554508462223
3237,"Isn't frnd a necesity in life? imagine urself witout a frnd.. hw'd u feel at ur colleg? wat'll u do wth ur cell? wat abt functions? thnk abt events espe'll cared, missed &amp; irritated u? 4wrd it to all those dear-loving frnds wthout whom u cant live.. I jst did it.. Takecare..:) GOODMORNING",4786.611807174363
3238,Gud mrng dear hav a nice day,4788.788113021479
3239,Old Orchard near univ. How about you?,4795.5450120178475
3240,"4 tacos + 1 rajas burrito, right?",4795.709180192425
3241,"It‘s £6 to get in, is that ok?",4796.519312855586
3242,Hows the street where the end of library walk is?,4796.954243844321
3243,"Plz note: if anyone calling from a mobile Co. &amp; asks u to type # &lt;#&gt;  or # &lt;#&gt; . Do not do so. Disconnect the call,coz it iz an attempt of 'terrorist' to make use of the sim card no. Itz confirmd by nokia n motorola n has been verified by CNN IBN.",4797.898197838143
3244,We stopped to get ice cream and will go back after,4798.736227182795
3245,Did you stitch his trouser,4798.889714094768
3246,No da. . Vijay going to talk in jaya tv,4799.278211009714
3247,Hey i'm bored... So i'm thinking of u... So wat r u doing?,4803.502674555288
3248,"Nah, Wednesday. When should I bring the mini cheetos bag over?",4805.234935385528
3249,Nobody names their penis a girls name this story doesn't add up at all,4805.584387839565
3250,"Aight, let me know when you're gonna be around usf",4807.370783487648
3251,I'm not. She lip synced with shangela.,4808.216920947808
3252,Ü neva tell me how i noe... I'm not at home in da aft wat...,4812.385274341041
3253,"A bit of Ur smile is my hppnss, a drop of Ur tear is my sorrow, a part of Ur heart is my life, a heart like mine wil care for U, forevr as my GOODFRIEND",4816.7396816659475
3254,"Buzz! Hey, my Love ! I think of you and hope your day goes well. Did you sleep in ? I miss you babe. I long for the moment we are together again*loving smile*",4817.466649899524
3255,"Haha... Sounds crazy, dunno can tahan anot...",4817.582097692068
3256,Why are u up so early?,4820.741822892336
3257,Ya that one is slow as poo,4820.7729676082245
3258,"""Im on gloucesterroad what are uup to later?""",4821.2179471693025
3259,Yes:)here tv is always available in work place..,4828.1861656128485
3260,Lol no ouch but wish i'd stayed out a bit longer,4829.714293503718
3261,"GOD ASKED, ""What is forgiveness?"" A little child gave lovely reply, ""It is d wonderful fruit that a tree gives when it is being hurt by a stone.. Good night......",4830.442701279746
3262,We'll join the  &lt;#&gt;  bus,4831.248428715959
3263,Was just about to ask. Will keep this one. Maybe that's why you didn't get all the messages we sent you on glo,4831.448722426945
3264,K.i will send in  &lt;#&gt;  min:),4832.099259658991
3265,Would me smoking you out help us work through this difficult time,4835.400470520175
3266,Yes.mum lookin strong:),4835.9202709427545
3267,"Sir Goodmorning, Once free call me.",4837.901329722128
3268,Where are you call me.,4840.436629922723
3269,Was gr8 to see that message. So when r u leaving? Congrats dear. What school and wat r ur plans.,4842.8803825624655
3270,Love it! The girls at the office may wonder why you are smiling but sore...,4842.987943658579
3271,"Hi, wlcome back, did wonder if you got eaten by a lion or something, nothing much",4843.76112745738
3272,Does uncle timi help in clearing cars,4844.886598369962
3273,I came hostel. I m going to sleep. Plz call me up before class. Hrishi.,4845.502290925757
3274,Ok... But bag again..,4846.269181929488
3275,Hi! You just spoke to MANEESHA V. We'd like to know if you were satisfied with the experience. Reply Toll Free with Yes or No.,4848.861484299036
3276,Ok lor. Msg me b4 u call.,4849.066812542547
3277,"Once a fishrman woke early in d mrng. It was very dark. He waited a while &amp; found a sack ful of stones. He strtd throwin thm in2 d sea 2 pass time. Atlast he had jus 1stone, sun rose up &amp; he found out tht those r nt stones, those were diamonds. Moral:""Dont wake up early in d mrng'' GOOD night",4850.689927497765
3278,Then ur physics get a-?,4850.70665471935
3279,"Dear friends, sorry for the late information. Today is the birthday of our loving Ar.Praveesh. for more details log on to face book and see. Its his number + &lt;#&gt; . Dont miss a delicious treat.",4854.513774812717
3280,How r ü going to send it to me?,4856.01605703269
3281,Can you do online transaction?,4858.258974001671
3282,Dear got train and seat mine lower seat,4859.12782334028
3283,Let me know if you need anything else. Salad or desert or something... How many beers shall i get?,4860.503947017745
3284,Wat r u doing?,4860.564935260406
3285,WHORE YOU ARE UNBELIEVABLE.,4864.164763482092
3286,"Are you sure you don't mean ""get here, we made you hold all the weed""",4865.134265022352
3287,"I love you !!! You know? Can you feel it? Does it make your belly warm? I wish it does, my love ... I shall meet you in your dreams, Ahmad ... *adoring kiss*",4867.05646358678
3288,Love it! I want to flood that pretty pussy with cum...,4868.708677026959
3289,Hey are you angry with me. Reply me dr.,4871.513986578522
3290,"Short But Cute: ""Be a good person, but dont try to prove it.."" .Gud noon....",4872.140857589717
3291,Also remember the beads don't come off. Ever.,4873.038384953299
3292,They have a thread on the wishlist section of the forums where ppl post nitro requests. Start from the last page and collect from the bottom up.,4873.659491292903
3293,For The First Time In The History 'Need' 'Comfort' And 'Luxury' Are Sold At Same Price In India..!! Onion-Rs. &lt;#&gt;  Petrol-Rs. &lt;#&gt;  Beer-Rs. &lt;#&gt;  SHESIL  &lt;#&gt;,4874.196976365244
3294,"Feb  &lt;#&gt;  is ""I LOVE U"" day. Send dis to all ur ""VALUED FRNDS"" evn me. If 3 comes back u'll gt married d person u luv! If u ignore dis u will lose ur luv 4 Evr",4875.097554806295
3295,"Actually nvm, got hella cash, we still on for  &lt;#&gt; ish?",4876.835106316284
3296,"It's ok, at least armand's still around",4878.216193805512
3297,No da. I am happy that we sit together na,4883.179421407772
3298,Yup song bro. No creative. Neva test quality. He said check review online.,4888.6747565952655
3299,"No dude, its not fake..my frnds got money, thts y i'm reffering u..if u member wit my mail link, u vl be credited  &lt;#&gt; rs and il be getiing  &lt;#&gt; rs..i can draw my acc wen it is  &lt;#&gt; rs..",4889.434491733595
3300,Dude while were makin those weirdy brownies my sister made awesome cookies. I took pics.,4892.208790876853
3301,Pls dont restrict her from eating anythin she likes for the next two days.,4893.992638674309
3302,Mm you ask him to come its enough :-),4895.261477464878
3303,At the funeral home with Audrey and dad,4897.132603538216
3304,"Aight, can you text me the address?",4897.310478658839
3305,Excellent! Wish we were together right now!,4898.075807913057
3306,Yep then is fine 7.30 or 8.30 for ice age.,4900.666111180729
3307,Pls i wont belive god.not only jesus.,4901.268804979033
3308,Can. Dunno wat to get 4 her...,4901.376916562296
3309,"Not yet chikku..k, then wat abt tht guy did he stopped irritating or msging to u..",4902.400168445034
3310,How long does it take to get it.,4903.280220547725
3311,This is my number by vivek..,4903.5010181609205
3312,"sorry brah, just finished the last of my exams, what up",4904.44684906929
3313,"I got arrested for possession at, I shit you not,  &lt;TIME&gt;  pm",4906.495057111866
3314,You are right though. I can't give you the space you want and need. This is really starting to become an issue. I was going to suggest setting a definite move out--if i'm still there-- after greece. But maybe you are ready and should do it now.,4906.712647844436
3315,Just normal only here :),4907.329371907098
3316,"Please protect yourself from e-threats. SIB never asks for sensitive information like Passwords,ATM/SMS PIN thru email. Never share your password with anybody.",4907.731660905399
3317,I miss you so much I'm so desparate I have recorded the message you left for me the other day and listen to it just to hear the sound of your voice. I love you,4914.004921149805
3318,Hi. I'm always online on yahoo and would like to chat with you someday,4917.633667345918
3319,"Goodmorning,my grandfather expired..so am on leave today.",4917.889347042528
3320,Where are you ? What are you doing ? Are yuou working on getting the pc to your mom's ? Did you find a spot that it would work ? I need you,4918.119590038273
3321,"Sure, I'll see if I can come by in a bit",4921.5861333343555
3322,I agree. So i can stop thinkin about ipad. Can you please ask macho the same question.,4921.985657780016
3323,Let's pool our money together and buy a bunch of lotto tickets. If we win I get &lt;#&gt; % u get &lt;#&gt; %. Deal?,4922.629226316642
3324,Ok.,4928.166954039813
3325,I had askd u a question some hours before. Its answer,4928.44463750862
3326,Watching tv lor. Nice one then i like lor.,4928.72701384335
3327,I'm thinking that chennai forgot to come for auction..,4928.905982983748
3328,Then ü come n pick me at 530 ar?,4929.021277991858
3329,Early bird! Any purchases yet?,4929.438835047165
3330,Went to pay rent. So i had to go to the bank to authorise the payment.,4930.113830653964
3331,"Erm … ill pick you up at about 6.45pm. That'll give enough time to get there, park and that.",4930.275989606426
3332,HEY MATE! HOWS U HONEY?DID U AVE GOOD HOLIDAY? GIMMI DE GOSS!x,4930.715816954078
3333,Howz pain.it will come down today.do as i said ystrday.ice and medicine.,4932.561690393938
3334,"chile, please! It's only a  &lt;DECIMAL&gt;  hour drive for me. I come down all the time and will be subletting feb-april for audition season.",4939.319584736026
3335,Yes ammae....life takes lot of turns you can only sit and try to hold the steering...,4941.473069919056
3336,"Yeah that's what I thought, lemme know if anything's goin on later",4943.029810886193
3337,Mmmm.... I cant wait to lick it!,4945.4076861443855
3338,Pls go there today  &lt;#&gt; . I dont want any excuses,4945.81696915925
3339,Can you plz tell me the ans. BSLVYL sent via fullonsms.com,4948.275432990859
3340,U in town alone?,4948.949355714209
3341,I to am looking forward to all the sex cuddling.. Only two more sleeps,4949.468190386832
3342,We have all rounder:)so not required:),4950.497460008797
3343,"No, its true..k,Do u knw dis no. &lt;#&gt; ?",4952.210311896977
3344,"Dont worry, 1 day very big lambu ji vl come..til then enjoy batchlor party:-)",4955.2322097958195
3345,oh ya... Got hip hop open. Haha i was thinking can go for jazz then zoom to cine... Actually tonight i'm free leh... And there's a kb lesson tonight,4955.964878740809
3346,I'm ok. Will do my part tomorrow,4956.574405780039
3347,"No! But we found a diff farm shop to buy some cheese. On way back now, can i call in?",4959.220698275146
3348,R u still working now?,4962.013559891268
3349,Yep. I do like the pink furniture tho.,4967.698135006828
3350,"Customer place, i wil cal u sir.",4969.291960660822
3351,A pure hearted person can have a wonderful smile that makes even his/her enemies to feel guilty for being an enemy.. So catch the world with your smile..:) GOODMORNING &amp; HAVE A SMILEY SUNDAY..:),4971.21518885108
3352,"THATS ALRITE GIRL, U KNOW GAIL IS NEVA WRONG!!TAKE CARE SWEET AND DONT WORRY.C U L8TR HUN!LOVE Yaxxx",4972.500194629863
3353,"Theoretically yeah, he could be able to come",4975.5811644511905
3354,"Alright we're hooked up, where you guys at",4978.392592678631
3355,"not that I know of, most people up here are still out of town",4978.5179402054055
3356,No let me do the math. Your not good at it.,4978.5470355234165
3357,Oh ok wait 4 me there... My lect havent finish,4981.314401202549
3358,Yeah my usual guy's out of town but there're definitely people around I know,4982.185842882367
3359,I am joining today formally.Pls keep praying.will talk later.,4982.340876135783
3360,"Happy or sad , one thing about past is- ""Its no more"" GOOD MORNING :-):-).",4983.54933069923
3361,No. Did you multimedia message them or e-mail?,4985.285193029157
3362,Okie but i scared u say i fat... Then u dun wan me already...,4985.514397024097
3363,did u get that message,4987.057152365506
3364,"Sorry sir, i will call you tomorrow.  senthil.hsbc",4987.376446212317
3365,What you need. You have a person to give na.,4987.412643954233
3366,She left it very vague. She just said she would inform the person in accounting about the delayed rent and that i should discuss with the housing agency about my renting another place. But checking online now and all places around usc are  &lt;#&gt;  and up,4989.381268972535
3367,Hi juan. Im coming home on fri hey. Of course i expect a welcome party and lots of presents. Ill phone u when i get back. Loads of love nicky x x x x x x x x x,4990.220415152374
3368,Can you plz tell me the ans. BSLVYL sent via fullonsms.com,4991.592349993338
3369,"Short But Cute: ""Be a good person, but dont try to prove it.."" .Gud noon....",4992.306693491421
3370,"Gumby's has a special where a  &lt;#&gt; "" cheese pizza is $2 so I know what we're doin tonight",4994.344755371978
3371,Like a personal sized or what,4996.413544650902
3372,"Same, I'm at my great aunts anniversary party in tarpon springs",4997.3370111843415
3373,Cab is available.they pick up and drop at door steps.,4997.9557649327035
3374,ok....take care.umma to you too...,4997.983461768137
3375,Unlimited texts. Limited minutes.,4998.25825680568
3376,No problem. We will be spending a lot of quality time together...,4998.823037764782
3377,Have you heard from this week?,5002.400609205606
3378,Yes. Last  practice,5002.632824103559
3379,No. Thank you. You've been wonderful,5002.810374378237
3380,Otherwise had part time job na-tuition..,5003.216625115738
3381,Ü mean it's confirmed... I tot they juz say oni... Ok then...,5007.514041456123
3382,Okie,5010.485904746635
3383,That depends. How would you like to be treated? :),5011.274680909828
3384,"Right on brah, see you later",5012.310507646824
3385,Waiting in e car 4 my mum lor. U leh? Reach home already?,5012.81713298571
3386,Went fast asleep dear.take care.,5014.567150074311
3387,No that just means you have a fat head,5016.956452135208
3388,Sounds like a plan! Cardiff is still here and still cold! I'm sitting on the radiator!,5018.014877060414
3389,Serious? What like proper tongued her,5022.140348801367
3390,She.s good. She was wondering if you wont say hi but she.s smiling now. So how are you coping with the long distance,5023.1067925233965
3391,How i noe... She's in da car now... Later then c lar... I'm wearing shorts...,5023.16070840528
3392,Yeah whatever lol,5027.272934488316
3393,Today is ACCEPT DAY..U Accept me as? Brother Sister Lover Dear1 Best1 Clos1 Lvblefrnd Jstfrnd Cutefrnd Lifpartnr Belovd Swtheart Bstfrnd No rply means enemy,5028.013045928541
3394,Ard 530 lor. I ok then message ü lor.,5028.596601328845
3395,Ok. C u then.,5030.685810665391
3396,Eh ur laptop got no stock lei... He say mon muz come again to take a look c got a not...,5032.8682366999565
3397,No need to ke qi... Ü too bored izzit y suddenly thk of this...,5034.819345180649
3398,I wish! I don't think its gonna snow that much. But it will be more than those flurries we usually get that melt before they hit the ground. Eek! We haven't had snow since &lt;#&gt; before I was even born!,5036.282488583928
3399,"Do 1 thing! Change that sentence into: ""Because i want 2 concentrate in my educational career im leaving here..""",5036.968257332285
3400,"Oh really? perform, write a paper, go to a movie AND be home by midnight, huh?",5037.115766438605
3401,Okay lor... Will they still let us go a not ah? Coz they will not know until later. We drop our cards into the box right?,5039.2519432808085
3402,How? Izzit still raining?,5040.99855957018
3403,As if i wasn't having enough trouble sleeping.,5042.688442183265
3404,I havent add ü yet right..,5042.919285446002
3405,Lol ... I really need to remember to eat when I'm drinking but I do appreciate you keeping me company that night babe *smiles*,5044.155268048879
3406,Babe ? I lost you ... Will you try rebooting ?,5045.427793789788
3407,Yes. Nigh you cant aha.,5046.405665240845
3408,I thk ü gotta go home by urself. Cos i'll b going out shopping 4 my frens present.,5048.077650944709
3409,Nooooooo I'm gonna be bored to death all day. Cable and internet outage.,5050.245862351292
3410,Sos! Any amount i can get pls.,5050.78367211357
3411,"Playin space poker, u?",5051.664805986186
3412,How come guoyang go n tell her? Then u told her?,5051.935888531354
3413,You need to get up. Now.,5052.190333894866
3414,They r giving a second chance to rahul dengra.,5054.271989418443
3415,"Yeah, in fact he just asked if we needed anything like an hour ago. When and how much?",5057.510599330306
3416,WHEN THE FIRST STRIKE IS A RED ONE. THE BIRD + ANTELOPE BEGIN TOPLAY IN THE FIELDOF SELFINDEPENDENCE BELIEVE THIS + THE FLOWER OF CONTENTION WILL GROW.RANDOM!,5058.715536548837
3417,Y ü wan to go there? C doctor?,5062.14497304567
3418,Does daddy have a bb now.,5062.437827895952
3419,She's borderline but yeah whatever.,5064.80716932911
3420,I got a call from a landline number. . . I am asked to come to anna nagar . . . I will go in the afternoon,5066.240683148024
3421,"Until 545 lor... Ya, can go 4 dinner together...",5070.209920832486
3422,I will be gentle princess! We will make sweet gentle love...,5075.1192209545
3423,How u doin baby girl ?? hope u are okay every time I call ure phone is off! I miss u get in touch,5075.25676387732
3424,"Sorry, went to bed early, nightnight",5077.030769884833
3425,I like to think there's always the possibility of being in a pub later.,5083.300128710225
3426,HMM yeah if your not too grooved out! And im looking forward to my pound special :),5083.785528242277
3427,I got to video tape pple type in message lor. U so free wan 2 help me? Hee... Cos i noe u wan 2 watch infernal affairs so ask u along. Asking shuhui oso.,5084.545194114756
3428,Hi dude hw r u da realy mising u today,5091.430940607817
3429,Me hungry buy some food good lei... But mum n yun dun wan juz buy a little bit...,5092.755875970104
3430,I probably won't eat at all today. I think I'm gonna pop. How was your weekend? Did u miss me?,5092.9820799305035
3431,I knew it... U slept v late yest? Wake up so late...,5093.326137287327
3432,Haha... dont be angry with yourself... Take it as a practice for the real thing. =),5093.663206288288
3433,Where is that one day training:-),5097.212584155146
3434,So i could kiss and feel you next to me...,5097.3471352847855
3435,Have a nice day my dear.,5098.219886309971
3436,I sent lanre fakeye's Eckankar details to the mail box,5099.122066623072
3437,Your dad is back in ph?,5102.350428586353
3438,If you ask her or she say any please message.,5102.8715849932405
3439,"If e timing can, then i go w u lor...",5104.808812612318
3440,Love you aathi..love u lot..,5105.1038803398105
3441,I was just callin to say hi. Take care bruv!,5107.343313186141
3442,Did u turn on the heater? The heater was on and set to &lt;#&gt; degrees.,5107.724150777313
3443,Thanks for your message. I really appreciate your sacrifice. I'm not sure of the process of direct pay but will find out on my way back from the test tomorrow. I'm in class now. Do have a wonderful day.,5107.948874690966
3444,"That's the trouble with classes that go well - you're due a dodgey one … Expecting mine tomo! See you for recovery, same time, same place",5108.75834313984
3445,WOT U UP 2 J?,5115.513469182266
3446,"Night night, see you tomorrow",5117.006831644369
3447,Roger that. We‘re probably going to rem in about 20,5119.346850836611
3448,do u think that any girl will propose u today by seing ur bloody funky shit fucking face...............asssssholeeee................,5122.981618983678
3449,I wish u were here. I feel so alone,5124.434322370274
3450,Reason is if the team budget is available at last they buy the unsold players for at base rate..,5126.696374116647
3451,CERI U REBEL! SWEET DREAMZ ME LITTLE BUDDY!! C YA 2MORO! WHO NEEDS BLOKES,5127.2043503067
3452,Huh i cant thk of more oredi how many pages do we have?,5128.692906047711
3453,His frens go then he in lor. Not alone wif my mum n sis lor.,5131.031052205872
3454,Nationwide auto centre (or something like that) on Newport road. I liked them there,5131.738702341557
3455,"Hey, I missed you tm of last night as my phone was on the charge ... *smiles* ... I am meeting a friend shortly",5133.0037586150565
3456,"Whatever, juliana. Do whatever you want.",5135.53732892388
3457,"Friendship is not a game to play, It is not a word to say, It doesn\'t start on March and ends on May, It is tomorrow, yesterday, today and e",5139.726606338345
3458,"Hello. Sort of out in town already. That . So dont rush home, I am eating nachos. Will let you know eta.",5139.753643307592
3459,Ok lor. Anyway i thk we cant get tickets now cos like quite late already. U wan 2 go look 4 ur frens a not? Darren is wif them now...,5142.311910635685
3460,I am on the way to ur home,5143.803637049113
3461,"Dizzamn, aight I'll ask my suitemates when I get back",5146.092471463988
3462,"Nimbomsons. Yep phone knows that one. Obviously, cos thats a real word",5147.169842269798
3463,I love to cuddle! I want to hold you in my strong arms right now...,5147.768535587556
3464,R u in this continent?,5148.162954203182
3465,We'll you pay over like  &lt;#&gt; yrs so its not too difficult,5148.604177302502
3466,K...k...when will you give treat?,5150.24372941815
3467,He's just gonna worry for nothing. And he won't give you money its no use.,5150.426941468256
3468,Did you get any gift? This year i didnt get anything. So bad,5154.522620536237
3469,somewhere out there beneath the pale moon light someone think in of u some where out there where dreams come true... goodnite &amp; sweet dreams,5154.9003903018465
3470,Well there's a pattern emerging of my friends telling me to drive up and come smoke with them and then telling me that I'm a weed fiend/make them smoke too much/impede their doing other things so you see how I'm hesitant,5155.234117464329
3471,", ow u dey.i paid 60,400thousad.i told  u would call .",5156.2414419407105
3472,IM FINE BABES AINT BEEN UP 2 MUCH THO! SAW SCARY MOVIE YEST ITS QUITE FUNNY! WANT 2MRW AFTERNOON? AT TOWN OR MALL OR SUMTHIN?xx,5158.323110657355
3473,I'm reaching home in 5 min.,5158.569065131864
3474,"Forgot you were working today! Wanna chat, but things are ok so drop me a text when you're free / bored etc and i'll ring. Hope all is well, nose essay and all xx",5159.533405297106
3475,Ha... Then we must walk to everywhere... Cannot take tram. My cousin said can walk to vic market from our hotel,5160.254145044243
3476,Discussed with your mother ah?,5164.306301327813
3477,Ok.,5165.048938713474
3478,"Sorry, I can't text &amp; drive coherently, see you in twenty",5166.807127687917
3479,In which place i can get rooms cheap:-),5166.942677591939
3480,Eek that's a lot of time especially since American Pie is like 8 minutes long. I can't stop singing it.,5167.160311624762
3481,"""GRAN ONLYFOUND OUT AFEW DAYS AGO.CUSOON HONI""",5167.340257968477
3482,University of southern california.,5167.491712763863
3483,We have to pick rayan macleran there.,5175.0514693418445
3484,U gd lor go shopping i got stuff to do. U wan 2 watch infernal affairs a not? Come lar...,5175.553775910688
3485,Well. Balls. Time to make calls,5176.324276593376
3486,Wat time ü wan today?,5178.381361093472
3487,&lt;#&gt;  in mca. But not conform.,5180.530337516148
3488,Oh ok.. Wat's ur email?,5181.398324100504
3489,"Yes, princess. Are you going to make me moan?",5184.148238326236
3490,Lol its ok I didn't remember til last nite,5184.294755228036
3491,"[…] anyway, many good evenings to u! s",5186.882820657962
3492,"Cool, I'll text you in a few",5187.21245565063
3493,"Sorry vikky, i'm Watching olave mandara movie kano in trishul theatre wit my frnds..",5190.802375984058
3494,I'm very happy for you babe ! Woo hoo party on dude!,5191.37856663731
3495,I am taking you for italian food. How about a pretty dress with no panties? :),5192.566766337521
3496,Wot u up 2? Thout u were gonna call me!! Txt bak luv K,5193.331183963984
3497,How are you holding up?,5197.001951691142
3498,Dont flatter yourself... Tell that man of mine two pints of carlin in ten minutes please....,5197.2820280450715
3499,Hope you are not scared!,5197.673365665366
3500,I cant pick the phone right now. Pls send a message,5199.837780636974
3501,I'm at home n ready...,5201.130901773704
3502,What time do u get out?,5202.743258451413
3503,I am literally in bed and have been up for like  &lt;#&gt;  hours,5205.778157233593
3504,"Yes, my reg is  Ciao!",5206.21944995399
3505,If You mean the website. Yes.,5206.640315925142
3506,Lol or I could just starve and lose a pound by the end of the day.,5207.816461336993
3507,Yeah that's the impression I got,5207.8444755309865
3508,Ok ok take care. I can understand.,5209.87484373173
3509,"Motivate Behind every darkness, there is a shining light waiting for you to find it... Behind every best friend, there is always trust and love... BSLVYL",5211.976971561506
3510,"Ya ok, then had dinner?",5212.255693581426
3511,I was slept that time.you there?,5214.910392716692
3512,dont make ne plans for nxt wknd coz she wants us to come down then ok,5215.09068683209
3513,When is school starting. Where will you stay. What's the weather like. And the food. Do you have a social support system like friends in the school. All these things are important.,5215.361663979696
3514,"Ha ha nan yalrigu heltini..Iyo kothi chikku, u shared many things wit me..so far i didn't told any body and even uttered a word abt u.. If ur trusting me so much how can i tell these to others.. Plz nxt time dont use those words to me..ok, chikku:-);-)B-)",5217.273778785966
3515,Noice. Text me when you're here,5218.145470214929
3516,Hi di is yijue we're meeting at 7 pm at esaplanade tonight.,5219.3522693928135
3517,"Aight I've been set free, think you could text me blake's address? It occurs to me I'm not quite as sure what I'm doing as I thought I was",5220.125226428796
3518,Hi dear we saw dear. We both are happy. Where you my battery is low,5220.226457609284
3519,How are you. Its been ages. How's abj,5221.165861807437
3520,Prof: you have passed in all the papers in this sem congrats . . . . Student: Enna kalaachutaarama..!! Prof:???? Gud mrng!,5222.5621522867705
3521,Dont kick coco when he's down,5224.189724767939
3522,Fyi I'm gonna call you sporadically starting at like  &lt;#&gt;  bc we are not not doin this shit,5228.156549944473
3523,Hope youre not having too much fun without me!! see u tomorrow love jess x,5228.39449155558
3524,Ok i wont call or disturb any one. I know all are avoiding me. I am a burden for all,5229.498270457225
3525,I've reached home n i bathe liao... U can call me now...,5232.365327739222
3526,Was the actual exam harder than NBME,5233.162267387102
3527,A lot of this sickness thing going round. Take it easy. Hope u feel better soon. Lol,5233.447263415816
3528,"God picked up a flower and dippeditinaDEW, lovingly touched itwhichturnedinto u, and the he gifted tomeandsaid,THIS FRIEND IS 4U",5239.218916276762
3529,Hey sathya till now we dint meet not even a single time then how can i saw the situation sathya.,5239.902803496639
3530,Gam gone after outstanding innings.,5240.367758004614
3531,O i played smash bros  &lt;#&gt;  religiously.,5240.642087175603
3532,"Sir, good morning. Hope you had a good weekend. I called to let you know that i was able to raise  &lt;#&gt;  from my dad. He however said he would make the rest available by mid feb. This amount is still quite short and i was hoping you would help. Do have a good day. Abiola",5241.450222380905
3533,Hurry home. Soup is DONE!,5241.9828016301735
3534,No no. I will check all rooms befor activities,5243.285388671704
3535,"Good afternoon, my love. It was good to see your words on YM and get your tm. Very smart move, my slave ... *smiles* ... I drink my coffee and await you.",5243.573222121967
3536,Quite ok but a bit ex... U better go eat smth now else i'll feel guilty...,5244.919087345912
3537,Lemme know when you're here,5245.222515707429
3538,He needs to stop going to bed and make with the fucking dealing,5246.165226830671
3539,"How are you, my Love ? Are you with your brother ? Time to talk english with him ? *grins* Say : Hey Muhommad, Penny says hello from across the sea",5247.004470636454
3540,"Hey doc pls I want to get nice t shirt for my hubby nice fiting ones my budget is  &lt;#&gt; k help pls I will load d card abi hw,keep me posted luv. 2 mj",5247.429103870687
3541,I remain unconvinced that this isn't an elaborate test of my willpower,5247.848026827766
3542,"""Life is nothing wen v get everything"". But ""life is everything wen v miss something "". Real value of people wil be realized only in their absence.... gud mrng",5252.957628817768
3543,how are you? I miss you!,5254.153517290814
3544,I ain't answerin no phone at what is actually a pretty reasonable hour but I'm sleepy,5255.146352616214
3545,"Hey , is * rite u put »10 evey mnth is that all?",5258.231462168287
3546,i am going to bed now prin,5259.387472206192
3547,I think just yourself …Thanks and see you tomo,5260.828898505709
3548,If u dun drive then how i go 2 sch.,5263.1327554749705
3549,I not at home now lei...,5266.09034987071
3550,Ok then i will come to ur home after half an hour,5266.485260558952
3551,Do u hav any frnd by name ashwini in ur college?,5266.911169614307
3552,Jus finish my lunch on my way home lor... I tot u dun wan 2 stay in sch today...,5267.0216511756435
3553,K then 2marrow are you coming to class.,5269.517964315149
3554,Pls send me your address sir.,5270.874132713134
3555,I want to lick your pussy now...,5274.593076971941
3556,"Yo, you gonna still be in stock tomorrow/today? I'm trying to get a dubsack",5279.291948324878
3557,"I'll see, but prolly yeah",5280.699862147561
3558,Thought we could go out for dinner. I'll treat you! Seem ok?,5281.634526860702
3559,Where are you ? What do you do ? How can you stand to be away from me ? Doesn't your heart ache without me ? Don't you wonder of me ? Don't you crave me ?,5282.103613201498
3560,Sorry. You never hear unless you book it. One was kinda a joke--thet were really looking for skinny white girls. The other was one line--you can only do so much on camera with that. Something like that they're casting on the look.,5282.106821357927
3561,What you doing?how are you?,5282.195803652242
3562,"Sure thing big man. i have hockey elections at 6, shouldn‘t go on longer than an hour though",5282.5995462556275
3563,Watch lor. I saw a few swatch one i thk quite ok. Ard 116 but i need 2nd opinion leh...,5282.791448676817
3564,Hiya do u like the hlday pics looked horrible in them so took mo out! Hows the camp Amrca thing? Speak soon Serena:),5284.345200574942
3565,"Babe! How goes that day ? What are you up to ? I miss you already, my Love ... * loving kiss* ... I hope everything goes well.",5289.798186006209
3566,Yunny... I'm goin to be late,5292.115662560355
3567,Doc prescribed me morphine cause the other pain meds aren't enough. Waiting for my mom to bring it. That med should kick in fast so I'm gonna try to be on later,5292.361280251404
3568,"Cool, want me to go to kappa or should I meet you outside mu",5293.819821547141
3569,"Hey sexy buns ! Have I told you ? I adore you, loverboy. I hope you remember to thank your sister in law for those meatballs *grins* ... i love you, babe",5294.684525015512
3570,May b approve panalam...but it should have more posts..,5297.4644078723695
3571,"Sorry, I'll call later",5297.851786583935
3572,I dont thnk its a wrong calling between us,5299.655398910515
3573,Me i'm not workin. Once i get job...,5300.612153693967
3574,And by when you're done I mean now,5303.029921468774
3575,"""Its Ur luck to Love someone. Its Ur fortune to Love the one who Loves U. But, its a miracle to Love a person who can't Love anyone except U..."" Gud nyt...",5303.875413506186
3576,Hi baby ive just got back from work and i was wanting to see u allday! I hope i didnt piss u off on the phone today. If u are up give me a call xxx,5304.9213277476265
3577,Is it your yahoo boys that bring in the perf? Or legal.,5306.692610451688
3578,No need to say anything to me. I know i am an outsider,5306.803589462656
3579,have you ever had one foot before?,5308.837688289969
3580,Just got to  &lt;#&gt;,5313.770802613902
3581,"Good! No, don‘t need any receipts—well done! (…) Yes, please tell . What‘s her number, i could ring her",5314.370027020638
3582,"Ever green quote ever told by Jerry in cartoon ""A Person Who Irritates u Always Is the one Who Loves u Vry Much But Fails to Express It...!..!! :-) :-) gud nyt",5315.024215965325
3583,Leave it wif me lar... Ü wan to carry meh so heavy... Is da num 98321561 familiar to ü?,5316.936600039418
3584,Beautiful truth : Expression of the face could Be seen by everyone... But the depression of heart Could be understood only By the Loved ones.. Gud Ni8;-),5318.389094825542
3585,Infact happy new year. How are you where are you when are we seeing,5318.431403796568
3586,That's a shame! Maybe cld meet for few hrs tomo?,5320.674840253549
3587,Lol I would but despite these cramps I like being a girl.,5323.218447669036
3588,I cant wait for cornwall. Hope tonight isnt too bad as well but its rock night shite. Anyway im going for a kip now have a good night. Speak to you soon.,5323.959244478841
3589,Pls help me tell sura that i'm expecting a battery from hont. And that if should pls send me a message about how to download movies. Thanks,5324.496614665385
3590,"Haven't found a way to get another app for your phone, eh ? Will you go to the net cafe ? Did you take that job? Geeee I need you babe. I crave to see you ...",5325.33802205302
3591,I only work from mon to thurs but Sat i cant leh... Booked liao... Which other day u free?,5331.5751592527695
3592,Ü comin to fetch us oredi...,5332.138053989523
3593,What's nannys address?,5336.281080803163
3594,Haf u eaten? Wat time u wan me 2 come?,5336.9745142848
3595,"Yo, call me when you get the chance, a friend of mine wanted me to ask you about a big order",5340.045992320214
3596,This single single answers are we fighting? Plus i said am broke and you didnt reply,5340.86170981603
3597,It certainly puts things into perspective when something like this happens,5342.225675349541
3598,Now got tv 2 watch meh? U no work today?,5343.15837602589
3599,i felt so...not any conveying reason.. Ese he... What about me?,5350.644054925289
3600,How's it going? Got any exciting karaoke type activities planned? I'm debating whether to play football this eve. Feeling lazy though.,5351.25812103471
3601,I told that am coming on wednesday.,5355.371091010193
3602,"Its ok, called mom instead have fun",5357.508653424812
3603,Well if I'm that desperate I'll just call armand again,5358.686829776831
3604,Are you at work right now ?,5361.483432123108
3605,Haven't heard anything and he's not answering my texts so I'm guessing he flaked. That said the jb is fantastic,5361.899590571185
3606,"Mmmmmm ... I love you,so much, Ahmad ... I can't wait for this year to begin as every second takes me closer to being at your side. Happy New Year, my love!!",5363.31905581013
3607,Pls what's the full name of joke's school cos fees in university of florida seem to actually be  &lt;#&gt; k. Pls holla back,5363.67922924193
3608,"Sorry, I'll call later",5365.951128191414
3609,Ok... But they said i've got wisdom teeth hidden inside n mayb need 2 remove.,5369.45577379773
3610,And pls pls drink plenty plenty water,5369.633608761251
3611,How are you doing. How's the queen. Are you going for the royal wedding,5369.647556820707
3612,He's in lag. That's just the sad part but we keep in touch thanks to skype,5370.251852838136
3613,Ok lor then we go tog lor...,5370.841708759853
3614,Two teams waiting for some players,5371.1231595501295
3615,Can ü send me a copy of da report?,5376.358645563397
3616,"swhrt how u dey,hope ur ok, tot about u 2day.love n miss.take care.",5379.605598442243
3617,"Ok da, i already planned. I wil pick you.",5379.786976396355
3618,"Sorry, I'll call later in meeting",5379.983925191869
3619,I just really need shit before tomorrow and I know you won't be awake before like 6,5381.674887126713
3620,I'm good. Have you registered to vote?,5386.6663192444685
3621,"Hmm ok, i'll stay for like an hour cos my eye is really sore!",5386.708961583672
3622,Dear got bus directly to calicut,5387.706477893671
3623,Mm umma ask vava also to come tell him can play later together,5388.590071881372
3624,"Well the general price is  &lt;#&gt; /oz, let me know if/when/how much you want",5389.480765291857
3625,"Sorry, I'll call later",5390.519834690902
3626,"Each Moment in a day,has its own value-Morning brings hope,afternoon brings faith,Evening brings luv,Night brings rest,Wish u find them all today.Good Morning",5391.846339662517
3627,&lt;#&gt;  w jetton ave if you forgot,5394.449964667251
3628,Ok i'm coming home now.,5394.466289216195
3629,Can not use foreign stamps in this country.,5394.856088173063
3630,"Sorry, it's a lot of friend-of-a-friend stuff, I'm just now about to talk to the actual guy who wants to buy",5395.017371077148
3631,I will come tomorrow di,5395.95354010259
3632,Wylie update: my weed dealer carlos went to freedom and had a class with lunsford,5397.045726178728
3633,Are you happy baby ? Are you alright ? Did you take that job ? I hope your fine. I send you a kiss to make you smile from across the sea ... *kiss* *kiss*,5397.136883166093
3634,C movie is juz last minute decision mah. Juz watch 2 lar but i tot ü not interested.,5397.779087054677
3635,How are you enjoying this semester? Take care brother.,5400.578494866377
3636,"Get the door, I'm here",5401.85583695251
3637,"Lets use it next week, princess :)",5403.181866341329
3638,Or i go home first lar ü wait 4 me lor.. I put down my stuff first..,5410.4132325678875
3639,I want kfc its Tuesday. Only buy 2 meals ONLY 2. No gravy. Only 2 Mark. 2!,5412.733011665855
3640,No da:)he is stupid da..always sending like this:)don believe any of those message.pandy is a mental:),5412.945379383177
3641,Oi when you gonna ring,5414.981639449638
3642,I attended but nothing is there.,5415.536114075855
3643,Ard 530 like dat lor. We juz meet in mrt station then ü dun haf to come out.,5417.702905107989
3644,No dear i was sleeping :-P,5417.977413206678
3645,Er mw im filled tuth is aight,5418.147507700457
3646,Will be office around 4 pm. Now i am going hospital.,5419.069026349702
3647,Actually i'm waiting for 2 weeks when they start putting ad.,5419.694025036966
3648,Anything lor if they all go then i go lor...,5426.679013614995
3649,U free on sat rite? U wan 2 watch infernal affairs wif me n darren n mayb xy?,5427.372156591199
3650,"Plz note: if anyone calling from a mobile Co. &amp; asks u to type # &lt;#&gt;  or # &lt;#&gt; . Do not do so. Disconnect the call,coz it iz an attempt of 'terrorist' to make use of the sim card no. Itz confirmd by nokia n motorola n has been verified by CNN IBN.",5427.810816054475
3651,Yo you around? A friend of mine's lookin to pick up later tonight,5427.936354993775
3652,Stupid auto correct on my phone,5428.090276979017
3653,Double eviction this week - Spiral and Michael and good riddance to them!,5430.540361584838
3654,"""The world suffers a lot... Not because of the violence of bad people. But because of the silence of good people!"", Gud night....",5430.814611855083
3655,"Ok thats cool. Its , just off either raglan rd or edward rd. Behind the cricket ground. Gimme ring when ur closeby see you tuesday.",5432.709122995375
3656,Buy one egg for me da..please:),5434.168802455732
3657,Have you started in skye,5434.417598548688
3658,Have you bookedthe hut? And also your time off? How are you by the way?,5435.323876615247
3659,And several to you sir.,5439.415902629373
3660,U really pig leh sleep so much. My dad wake me up at 10 smth 2 eat lunch today.,5441.358114509312
3661,I'm at home. Please call,5441.40383875831
3662,My love ... I hope your not doing anything drastic. Don't you dare sell your pc or your phone ...,5443.425913518441
3663,Now only i reached home. . . I am very tired now. . I will come tomorro,5445.667596098264
3664,Life style garments account no please.,5448.209500998116
3665,Lol wtf random. Btw is that your lunch break,5449.177411421329
3666,"Sez, hows u & de arab boy? Hope u r all good give my love 2 evry1 love ya eshxxxxxxxxxxx",5449.9296102020935
3667,"The LAY MAN! Just to let you know you are missed and thought off. Do have a great day. And if you can send me bimbo and ugo's numbers, ill appreciate. Safe",5450.658981276687
3668,Detroit. The home of snow. Enjoy it.,5450.762131415819
3669,Okie...,5453.676307556578
3670,"Aight, I'm chillin in a friend's room so text me when you're on the way",5455.002033239054
3671,Is toshiba portege m100 gd?,5458.532989584814
3672,Well welp is sort of a semiobscure internet thing,5458.754111355578
3673,Loosu go to hospital. De dont let it careless.,5458.783846118791
3674,How much for an eighth?,5461.359090213939
3675,Omg Joanna is freaking me out. She's looked thru all my friends to find photos of me. And then she's asking about stuff on my MySpace which I haven't even logged on in like a year. :/,5463.0301218799095
3676,"Send ur birthdate with month and year, I will tel u ur LIFE PARTNER'S name. and the method of calculation. Reply must.",5463.307269594704
3677,Juz now havent woke up so a bit blur blur... Can? Dad went out liao... I cant cum now oso...,5466.1989575507505
3678,"How about clothes, jewelry, and trips?",5466.2984014970025
3679,Aah! A cuddle would be lush! I'd need lots of tea and soup before any kind of fumbling!,5466.399932232506
3680,I am late. I will be there at,5469.604686885804
3681,Sad story of a Man - Last week was my b'day. My Wife did'nt wish me. My Parents forgot n so did my Kids . I went to work. Even my Colleagues did not wish.,5470.416135659883
3682,Are you plans with your family set in stone ?,5470.9849910367675
3683,Pls dont forget to study,5475.230479966905
3684,You'll never believe this but i have actually got off at taunton. Wow,5479.091647388784
3685,"Den only weekdays got special price... Haiz... Cant eat liao... Cut nails oso muz wait until i finish drivin wat, lunch still muz eat wat...",5479.433601643716
3686,She just broke down a list of reasons why nobody's in town and I can't tell if she's being sarcastic or just faggy,5479.820611358868
3687,&lt;DECIMAL&gt; m but its not a common car here so its better to buy from china or asia. Or if i find it less expensive. I.ll holla,5481.5627509502665
3688,The greatest test of courage on earth is to bear defeat without losing heart....gn tc,5488.402289659846
3689,SORRY IM STIL FUCKED AFTER LAST NITE WENT TOBED AT 430 GOT UP 4 WORK AT 630,5490.137975591528
3690,Hey so whats the plan this sat?,5490.705014176885
3691,Beauty sleep can help ur pimples too.,5491.403973031597
3692,Great. Hope you are using your connections from mode men also cos you can never know why old friends can lead you to today,5491.508675502193
3693,Where to get those?,5492.513527333608
3694,"Kind of. Just missed train cos of asthma attack, nxt one in half hr so driving in. not sure where to park.",5492.523823415663
3695,Ball is moving a lot.will spin in last :)so very difficult to bat:),5492.6339737269955
3696,Haiyoh... Maybe your hamster was jealous of million,5493.293557417216
3697,Can you please send me my aunty's number,5493.688156310024
3698,I'm glad. You are following your dreams.,5497.706224727297
3699,I've reached home finally...,5500.417090146087
3700,"Wn u r hurt by d prsn who s close 2 u, do fight wit dem. Coz somtimes dis fight saves a relation bt being quiet leaves nothin in a relation.. Gud eveB-)",5500.601998897608
3701,U can call now...,5500.631854483355
3702,"Science tells that chocolate will melt under the sunlight. Please don't walk under the sunlight. BCoz,I don't want to loss a sweet friend.",5500.810349071677
3703,Yes. I come to nyc for audiitions and am trying to relocate.,5501.9703953685275
3704,I pocked you up there before,5504.565303752417
3705,Congrats. That's great. I wanted to tell you not to tell me your score cos it might make me relax. But its motivating me so thanks for sharing,5505.054285867891
3706,I wud never mind if u dont miss me or if u dont need me.. But u wil really hurt me wen u need me &amp; u dont tell me......... Take care:-),5506.5594971457285
3707,Hey mr whats the name of that bill brison book the one about language and words,5506.699454628218
3708,"Okay, good, no problem, and thanx!",5506.837718338002
3709,"For you information, IKEA is spelled with all caps. That is not yelling. when you thought i had left you, you were sitting on the bed among the mess when i came in. i said we were going after you got home from class. please don't try and bullshit me. It makes me want to listen to you less.",5507.030377370955
3710,Call me when u're done...,5507.5365307097345
3711,G.W.R,5508.794312804769
3712,You best watch what you say cause I get drunk as a motherfucker,5508.889911343498
3713,Hurt me... Tease me... Make me cry... But in the end of my life when i die plz keep one rose on my grave and say STUPID I MISS U.. HAVE A NICE DAY BSLVYL,5509.834103022412
3714,"Erm... Woodland avenue somewhere. Do you get the parish magazine, his telephone number will be in there.",5510.099475251471
3715,Are there TA jobs available? Let me know please cos i really need to start working,5512.595272600904
3716,Aiyar hard 2 type. U later free then tell me then i call n scold n tell u.,5515.297111467149
3717,Yup i'm free...,5517.48201136186
3718,"Good good, billy mates all gone. Just been jogging, again! Did enjoy concert?",5519.739050443661
3719,Yo come over carlos will be here soon,5520.855715551913
3720,Awww dat is sweet! We can think of something to do he he! Have a nice time tonight ill probably txt u later cos im lonely :( xxx.,5521.133938711787
3721,I guess it is useless calling u 4 something important.,5524.419169990224
3722,Ha ha - had popped down to the loo when you hello-ed me. Hello!,5525.002076864916
3723,He dint tell anything. He is angry on me that why you told to abi.,5526.899714905624
3724,It so happens that there r 2waxsto do wat you want. She can come and ill get her medical insurance. And she'll be able to deliver and have basic care. I'm currently shopping for the right medical insurance for her. So just give me til friday morning. Thats when i.ll see the major person that can guide me to the right insurance.,5527.423338189425
3725,I keep ten rs in my shelf:) buy two egg.,5528.262028601855
3726,"I wasn't well babe, i have swollen glands at my throat ... What did you end up doing ?",5529.446910140226
3727,Is ur changes 2 da report big? Cos i've already made changes 2 da previous report.,5531.596726267811
3728,Captain is in our room:),5535.15087543421
3729,"I can't speak, bcaz mobile have problem. I can listen you but you cann't listen my voice. So i calls you later.",5538.219896658005
3730,HIYA STU WOT U UP 2.IM IN SO MUCH TRUBLE AT HOME AT MOMENT EVONE HATES ME EVEN U! WOT THE HELL AV I DONE NOW? Y WONT U JUST TELL ME TEXT BCK PLEASE LUV DAN,5538.577135023674
3731,S...i will take mokka players only:),5540.1662454294
3732,Are you still playing with gautham?,5540.394996972207
3733,Hey mr  and I are going to the sea view and having a couple of gays I mean games! Give me a bell when ya finish,5543.8158308726315
3734,"K, jason says he's gonna be around so I'll be up there around  &lt;#&gt;",5546.545074843738
3735,Sorry . I will be able to get to you. See you in the morning.,5547.555174252119
3736,Aight well keep me informed,5548.515743640953
3737,I am not having her number sir,5548.706170875752
3738,Am only searching for good dual sim mobile pa.,5549.871366699225
3739,That seems unnecessarily hostile,5550.773687934757
3740,Dude got a haircut. Now its breezy up there,5550.790395012657
3741,1Apple/Day=No Doctor. 1Tulsi Leaf/Day=No Cancer. 1Lemon/Day=No Fat. 1Cup Milk/day=No Bone Problms 3 Litres Watr/Day=No Diseases Snd ths 2 Whom U Care..:-),5554.106050044797
3742,i thought we were doing a king of the hill thing there.,5556.851013601309
3743,Nope i'll come online now..,5558.4662565603985
3744,ALSO TELL HIM I SAID HAPPY BIRTHDAY,5559.058916881847
3745,Y bishan lei... I tot ü say lavender?,5561.136719281449
3746,Boo what time u get out? U were supposed to take me shopping today. :(,5564.0124658635295
3747,"Now u sound like manky scouse boy steve,like! I is travelling on da bus home.wot has u inmind 4 recreation dis eve?",5564.7450394307625
3748,"Fyi I'm taking a quick shower, be at epsilon in like  &lt;#&gt;  min",5565.200897751119
3749,on a Tuesday night r u 4 real,5569.504564113849
3750,Yes when is the appt again?,5569.733112680502
3751,Just got outta class gonna go gym.,5571.609546124028
3752,I want to sent  &lt;#&gt; mesages today. Thats y. Sorry if i hurts,5572.604651759502
3753,Ü all write or wat..,5573.623967661942
3754,Ha! I wouldn't say that I just didn't read anything into way u seemed. I don't like 2 be judgemental....i save that for fridays in the pub!,5574.520900209097
3755,Its a valentine game. . . send dis msg to all ur friends. . If 5 answers r d same then someone really loves u. . Ques- which colour suits me the best?,5578.622099543363
3756,Hi:)did you asked to waheeda fathima about leave?,5582.586624865462
3757,Enjoy urself tmr...,5585.772827194426
3758,You still around? I could use a half-8th,5585.950944745259
3759,You give us back my id proof and  &lt;#&gt;  rs. We wont allow you to work. We will come to your home within days,5587.912897888016
3760,Ü bot notes oredi... Cos i juz rem i got...,5589.758624827289
3761,Yes. Rent is very expensive so its the way we save.,5591.46487882875
3762,"Night has ended for another day, morning has come in a special way. May you smile like the sunny rays and leaves your worries at the blue blue bay. Gud mrng",5593.041521625438
3763,Hows the pain dear?y r u smiling?,5597.270985647144
3764,"Fun fact: although you would think armand would eventually build up a tolerance or some shit considering how much he smokes, he gets fucked up in like 2 hits",5598.077533513854
3765,"Sorry, I can't help you on this.",5598.227144723508
3766,Great. So should i send you my account number.,5599.559549432849
3767,"HELLOGORGEOUS, HOWS U? MY FONE WAS ON CHARGE LST NITW WEN U TEXD ME. HOPEU AD A NICE WKEND AS IM SURE U DID LOOKIN 4WARD 2 C-IN U 2MRW LUV JAZ",5602.182132741923
3768,Ü only send me the contents page...,5602.712918422007
3769,"Night sweet, sleep well! I've just been to see The Exorcism of Emily Rose and may never sleep again! Hugs and snogs!",5606.130372881621
3770,"Don't Think About ""What u Have Got"" Think About ""How to Use It That You Have Got"" gooD ni8",5606.904150520999
3771,"I can't right this second, gotta hit people up first",5607.435760102491
3772,"Evry Emotion dsn't hav Words.Evry Wish dsn't hav Prayrs.. If u Smile,D World is wit u.Othrwise even d Drop of Tear dsn't lik 2 Stay wit u.So b happy.. Good morning, keep smiling:-)",5610.646831410111
3773,So what about you. What do you remember,5611.402292155826
3774,Ujhhhhhhh computer shipped out with address to sandiago and parantella lane. Wtf. Poop.,5612.957910109195
3775,Mm yes dear look how i am hugging you both. :-P,5613.313164392755
3776,I like dis sweater fr mango but no more my size already so irritating.,5613.603332956545
3777,1 I don't have her number and 2 its gonna be a massive pain in the ass and i'd rather not get involved if that's possible,5613.774644324031
3778,Anytime lor...,5616.978681905046
3779,Purity of friendship between two is not about smiling after reading the forwarded message..Its about smiling just by seeing the name. Gud evng,5617.805676773279
3780,Me fine..absolutly fine,5618.065854781391
3781,K and you're sure I don't have to have consent forms to do it :V,5619.978717875443
3782,How much is torch in 9ja.,5620.6709681060765
3783,"Doing nothing, then u not having dinner w us?",5622.239881820205
3784,How are you. Just checking up on you,5627.923545040238
3785,Done it but internet connection v slow and can‘t send it. Will try again later or first thing tomo.,5630.660703329762
3786,Mathews or tait or edwards or anderson,5632.674920764265
3787,yeah sure thing mate haunt got all my stuff sorted but im going sound anyway promoting hex for .by the way who is this? dont know number. Joke,5633.023826685902
3788,No need lar i go engin? Cos my sis at arts today...,5633.48259639405
3789,Thanks honey but still haven't heard anything I will leave it a bit longer so not 2 crowd him and will try later - great advice thanks hope cardiff is still there!,5635.815205100562
3790,", im .. On the snowboarding trip. I was wondering if your planning to get everyone together befor we go..a meet and greet kind of affair? Cheers,",5638.874854283867
3791,S.i'm watching it in live..,5638.885973816201
3792,"see you then, we're all christmassy here!",5642.162489272427
3793,"K I'm ready,  &lt;#&gt; ?",5650.667798707123
3794,"Do you know why god created gap between your fingers..? So that, One who is made for you comes &amp; fills those gaps by holding your hand with LOVE..!",5653.439339346805
3795,The greatest test of courage on earth is to bear defeat without losing heart....gn tc,5653.7982878161865
3796,what are your new years plans?,5656.249675709295
3797,Baaaaaaaabe! Wake up ! I miss you ! I crave you! I need you!,5657.402707003356
3798,"Only just got this message, not ignoring you. Yes, i was. Shopping that is",5661.658452598277
3799,Dear :-/ why you mood off. I cant drive so i brother to drive,5663.359151550222
3800,When did dad get back.,5664.939394989077
3801,"Can you tell Shola to please go to college of medicine and visit the academic department, tell the academic secretary what the current situation is and ask if she can transfer there. She should ask someone to check Sagamu for the same thing and lautech. Its vital she completes her medical education in Nigeria. Its less expensive much less expensive. Unless she will be getting citizen rates in new zealand.",5666.252640063345
3802,Yes just finished watching days of our lives. I love it.,5667.041209115212
3803,Juz go google n search 4 qet...,5669.7394451515565
3804,Many times we lose our best ones bcoz we are,5669.983998773032
3805,"Good FRIENDS CaRE for each Other.. CLoSE Friends UNDERSTaND each Other... and TRUE Friends STaY forever beyond words, beyond time. Gud ni8",5671.030947454029
3806,Just getting back home,5671.062158444567
3807,"Sorry, I'll call later  &lt;#&gt; mins",5674.788382450358
3808,Dun need to use dial up juz open da browser n surf...,5674.984850263219
3809,"Awesome, plan to get here any time after like  &lt;#&gt; , I'll text you details in a wee bit",5678.9359689000485
3810,Take care and sleep well.you need to learn to change in life.you only need to get CONVINCED on that.i will wait but no more conversations between us.GET CONVINCED by that time.Your family is over for you in many senses.respect them but not overemphasise.or u have no role in my life.,5679.0991109838615
3811,You also didnt get na hi hi hi hi hi,5679.7509500415945
3812,Ya but it cant display internal subs so i gotta extract them,5679.771840775423
3813,If i said anything wrong sorry de:-),5680.050570182221
3814,Sad story of a Man - Last week was my b'day. My Wife did'nt wish me. My Parents forgot n so did my Kids . I went to work. Even my Colleagues did not wish.,5681.834045416312
3815,How stupid to say that i challenge god.You dont think at all on what i write instead you respond immed.,5683.546290546204
3816,"Yeah I should be able to, I'll text you when I'm ready to meet up",5684.537027926885
3817,V skint too but fancied few bevies.waz gona go meet &othrs in spoon but jst bin watchng planet earth&sofa is v comfey; If i dont make it hav gd night,5684.849113975203
3818,"says that he's quitting at least5times a day so i wudn't take much notice of that. Nah, she didn't mind. Are you gonna see him again? Do you want to come to taunton tonight? U can tell me all about !",5687.464857675487
3819,"When you get free, call me",5688.508993090889
3820,How have your little darlings been so far this week? Need a coffee run tomo?Can't believe it's that time of week already …,5691.730952785837
3821,Ok i msg u b4 i leave my house.,5692.572948587472
3822,Still at west coast... Haiz... Ü'll take forever to come back...,5692.661468358008
3823,MMM ... Fuck .... Merry Christmas to me,5693.236885433703
3824,alright. Thanks for the advice. Enjoy your night out. I'ma try to get some sleep...,5693.3921751175385
3825,Update your face book status frequently :),5694.4699203571645
3826,Just now saw your message.it k da:),5696.991798639847
3827,Was it something u ate?,5698.878315109211
3828,So what did the bank say about the money?,5702.739353599375
3829,Aiyar dun disturb u liao... Thk u have lots 2 do aft ur cupboard come...,5703.401729609351
3830,Hey they r not watching movie tonight so i'll prob b home early...,5705.732311428525
3831,Yar lor... How u noe? U used dat route too?,5706.368039099148
3832,2mro i am not coming to gym machan. Goodnight.,5708.136492499842
3833,Dont think you need yellow card for uk travel. Ask someone that has gone before. If you do its just  &lt;#&gt; bucks,5708.449534589166
3834,Can u look 4 me in da lib i got stuff havent finish yet.,5708.662459105556
3835,Sounds great! Im going to sleep now. Have a good night!,5709.327892932589
3836,"House-Maid is the murderer, coz the man was murdered on  &lt;#&gt; th January.. As public holiday all govt.instituitions are closed,including post office..understand?",5710.344322536557
3837,How come u got nothing to do?,5710.361038534095
3838,Nothing will ever be easy. But don't be looking for a reason not to take a risk on life and love,5712.099179362388
3839,i want to grasp your pretty booty :),5712.430144229042
3840,I've got it down to a tea. not sure which flavour,5714.3748761741035
3841,I'm going 2 orchard now laready me reaching soon. U reaching?,5716.882862752914
3842,Dear i am not denying your words please,5717.435859295422
3843,You know my old Dom I told you about yesterday ? His name is Roger? He got in touch with me last night and wants me to meet him today at 2 pm,5717.685358416728
3844,COME BACK TO TAMPA FFFFUUUUUUU,5720.86000973662
3845,"2 celebrate my bday, y else?",5723.460374136885
3846,Merry christmas to u too annie!,5724.687961671083
3847,Please tell me you have some of that special stock you were talking about,5725.524789845144
3848,I sent them. Do you like?,5729.119226478458
3849,"Awesome, be there in a minute",5731.595647210877
3850,"And that is the problem. You walk around in ""julianaland"" oblivious to what is going on around you. I say the same things constantly and they go in one ear and out the other while you go off doing whatever you want to do. It's not that you don't know why I'm upset--it's that you don't listen when i tell you WHAT is going to upset me. Then you want to be surprised when I'm mad.",5733.845047580826
3851,I've told you everything will stop. Just dont let her get dehydrated.,5735.197229560549
3852,Or I guess  &lt;#&gt;  min,5739.720989311316
3853,I'm home. Ard wat time will u reach?,5742.016057540413
3854,"Storming msg: Wen u lift d phne, u say ""HELLO"" Do u knw wt is d real meaning of HELLO?? . . . It's d name of a girl..! . . . Yes.. And u knw who is dat girl?? ""Margaret Hello"" She is d girlfrnd f Grahmbell who invnted telphone... . . . . Moral:One can 4get d name of a person, bt not his girlfrnd... G o o d n i g h t . . .@",5747.39760516741
3855,"If you want to mapquest it or something look up ""usf dogwood drive"", that's the tiny street where the parking lot is",5749.776598533549
3856,Aight should I just plan to come up later tonight?,5750.894610087701
3857,Die... I accidentally deleted e msg i suppose 2 put in e sim archive. Haiz... I so sad...,5751.128199964865
3858,This is wishing you a great day. Moji told me about your offer and as always i was speechless. You offer so easily to go to great lengths on my behalf and its stunning. My exam is next friday. After that i will keep in touch more. Sorry.,5751.256187046279
3859,"Thanks again for your reply today. When is ur visa coming in. And r u still buying the gucci and bags. My sister things are not easy, uncle john also has his own bills so i really need to think about how to make my own money. Later sha.",5751.395541791338
3860,"Sorry I flaked last night, shit's seriously goin down with my roommate, what you up to tonight?",5753.259550964048
3861,He said i look pretty wif long hair wat. But i thk he's cutting quite short 4 me leh.,5753.522256286641
3862,Ranjith cal drpd Deeraj and deepak 5min hold,5753.560856819653
3863,"""CHEERS FOR CALLIN BABE.SOZI CULDNT TALKBUT I WANNATELL U DETAILS LATER WENWECAN CHAT PROPERLY X""",5753.824228400958
3864,Hey u still at the gym?,5753.931257381492
3865,"She said,'' do u mind if I go into the bedroom for a minute ? '' ''OK'', I sed in a sexy mood. She came out 5 minuts latr wid a cake...n My Wife,",5754.303849540479
3866,Much better now thanks lol,5760.642704639729
3867,"Nothing, smsing u n xy lor. Sorry lor da guys neva c u in person but they sort of know u lor. So u wan 2 meet them xy ask me 2 bring u along 4 our next meeting.",5761.036626531888
3868,"Lemme know when I can swing by and pick up, I'm free basically any time after 1 all this semester",5763.3818226360645
3869,Wa... U so efficient... Gee... Thanx...,5763.640564893334
3870,S but not able to sleep.,5764.242942571277
3871,We will meet soon princess! Ttyl!,5765.685499947728
3872,I'll pick you up at about 5.15pm to go to taunton if you still want to come.,5765.697063127761
3873,Oh :-)only 4 outside players allowed to play know,5771.727706609646
3874,I anything lor.,5772.247409617333
3875,Erutupalam thandiyachu,5774.395262996756
3876,"Y cant u try new invention to fly..i'm not joking.,",5774.700864706204
3877,No..its ful of song lyrics..,5774.817222065693
3878,"What do u reckon as need 2 arrange transport if u can't do it, thanks",5775.275358423155
3879,True lov n care wil nevr go unrecognized. though somone often makes mistakes when valuing it. but they will definitly undrstnd once when they start missing it.,5777.466844832743
3880,Shopping? Eh ger i toking abt syd leh...Haha,5780.756754975178
3881,What not under standing.,5781.441333209652
3882,have * good weekend.,5782.43621131852
3883,Miss call miss call khelate kintu opponenter miss call dhorte lage. Thats d rule. One with great phone receiving quality wins.,5783.8345594509365
3884,Call me when you get the chance plz &lt;3,5785.069867095894
3885,The new deus ex game comin early next yr,5787.301443864364
3886,My computer just fried the only essential part we don't keep spares of because my fucking idiot roommates looovvve leaving the thing running on full  &lt;#&gt; /7,5790.949447950155
3887,"My friend, she's studying at warwick, we've planned to go shopping and to concert tmw, but it may be canceled, havn't seen  for ages, yeah we should get together sometime!",5791.412974421083
3888,Probably a couple hours tops,5800.231654303768
3889,"LOL .. *grins* .. I'm not babe, but thanks for thinking of me!",5800.547575652006
3890,Man this bus is so so so slow. I think you're gonna get there before me,5801.448474171081
3891,Hope this text meets you smiling. If not then let this text give you a reason to smile. Have a beautiful day.,5801.51003318812
3892,"In case you wake up wondering where I am, I forgot I have to take care of something for grandma today, should be done before the parade",5807.74292729877
3893,Ok,5808.641143405396
3894,Nvm take ur time.,5809.086452746793
3895,So wat's da decision?,5809.302033910678
3896,Wot is u up 2 then bitch?,5809.401450331968
3897,Stupid.its not possible,5811.587266864242
3898,She told to hr that he want posting in chennai:)because i'm working here:),5813.23387186634
3899,When are you guys leaving?,5815.093381492532
3900,He neva grumble but i sad lor... Hee... Buy tmr lor aft lunch. But we still meetin 4 lunch tmr a not. Neva hear fr them lei. Ü got a lot of work ar?,5815.639691204133
3901,Not able to do anything.,5816.229075862234
3902,Ü takin linear algebra today?,5818.1186891459465
3903,This weekend is fine (an excuse not to do too much decorating),5819.358462016615
3904,"Sorry I missed you babe. I was up late and slept in. I hope you enjoy your driving lesson, boytoy. I miss you too ... *teasing kiss*",5820.168119516897
3905,Now project pa. After that only i can come.,5820.645003846034
3906,"Sure, whenever you show the fuck up &gt;:(",5820.998534248225
3907,That was random saw my old roomate on campus. He graduated,5821.88442389046
3908,"Men always needs a beautiful, intelligent, caring, loving, adjustable, cooperative wife. But the law allows only one wife....",5823.422696355384
3909,That sucks. So what do you got planned for your yo valentine? I am your yo valentine aren't I?,5825.226882766002
3910,"Just got part Nottingham - 3 hrs 63miles. Good thing i love my man so much, but only doing 40mph. Hey ho",5825.714016526397
3911,What to think no one saying clearly. Ok leave no need to ask her. I will go if she come or not,5826.133959251122
3912,Hi good mornin.. Thanku wish u d same..,5826.65693071009
3913,DO U WANT 2 MEET UP 2MORRO,5828.615289290353
3914,Actually I decided I was too hungry so I haven't left yet :V,5835.488917427186
3915,I've sent ü my part..,5835.508955337805
3916,Cos i was out shopping wif darren jus now n i called him 2 ask wat present he wan lor. Then he started guessing who i was wif n he finally guessed darren lor.,5835.572863198195
3917,Understand. his loss is my gain :) so do you work? School?,5836.4600844563965
3918,HOW ARE U? I HAVE MISSED U! I HAVENT BEEN UP 2 MUCH A BIT BORED WITH THE HOLIDAY WANT 2 GO BAK 2 COLLEGE! SAD ISNT IT?xx,5836.620119110827
3919,"Hiya, probably coming home * weekend after next",5837.116330923246
3920,Don't forget though that I love you .... And I walk beside you. Watching over you and keeping your heart warm.,5838.294094669874
3921,I wish things were different. I wonder when i will be able to show you how much i value you. Pls continue the brisk walks no drugs without askin me please and find things to laugh about. I love you dearly.,5838.8676143365365
3922,Ok both our days. So what are you making for dinner tonite? Am I invited?,5838.967364623196
3923,I have no money 4 steve mate! !,5841.430761569266
3924,IM LATE TELLMISS IM ON MY WAY,5841.659778612368
3925,Never blame a day in ur life. Good days give u happiness. Bad days give u experience. Both are essential in life! All are Gods blessings! good morning.:,5841.686171810288
3926,Normally i use to drink more water daily:),5841.856564733307
3927,Dare i ask... Any luck with sorting out the car?,5843.90347412846
3928,"Party's at my place at usf, no charge (but if you can contribute in any way it is greatly appreciated) and yeah, we got room for one more",5844.800646191405
3929,"Urgh, coach hot, smells of chip fat! Thanks again, especially for the duvet (not a predictive text word).",5845.778594612093
3930,Hiya. How was last night? I've been naughty and bought myself clothes and very little ... Ready for more shopping tho! What kind of time do you wanna meet?,5850.001771609743
3931,I've been trying to reach him without success,5853.156097364777
3932,when you and derek done with class?,5854.881095435043
3933,Never y lei... I v lazy... Got wat? Dat day ü send me da url cant work one...,5855.30035661814
3934,Never try alone to take the weight of a tear that comes out of ur heart and falls through ur eyes... Always remember a STUPID FRIEND is here to share... BSLVYL,5856.1584629840745
3935,Hey mate. Spoke to the mag people. We‘re on.  the is deliver by the end of the month. Deliver on the 24th sept. Talk later.,5856.238314663688
3936,Hope you are having a good week. Just checking in,5858.137902408539
3937,"Haha, my friend tyler literally just asked if you could get him a dubsack",5863.714387455158
3938,"""Hey! do u fancy meetin me at 4 at cha  hav a lil beverage on me. if not txt or ring me and we can meet up l8r. quite tired got in at 3 v.pist ;) love Pete x x x""",5864.822821343515
3939,Great. Have a safe trip. Dont panic surrender all.,5865.609305446164
3940,"""SYMPTOMS"" when U are in love: ""1.U like listening songs 2.U get stopped where u see the name of your beloved 3.U won't get angry when your",5868.430144728085
3941,Sun ah... Thk mayb can if dun have anythin on... Thk have to book e lesson... E pilates is at orchard mrt u noe hor...,5868.74542561574
3942,Try to do something dear. You read something for exams,5869.239119196418
3943,"7 wonders in My WORLD 7th You 6th Ur style 5th Ur smile 4th Ur Personality 3rd Ur Nature 2nd Ur SMS and 1st ""Ur Lovely Friendship""... good morning dear",5872.0496059640345
3944,Gettin rdy to ship comp,5876.441449300857
3945,I am in hospital da. . I will return home in evening,5883.940506481758
3946,PISS IS TALKING IS SOMEONE THAT REALISE U THAT POINT THIS AT IS IT.(NOW READ IT BACKWARDS),5884.555838388294
3947,Think + da. You wil do.,5885.104317201633
3948,I'm awake oh. What's up.,5886.63203532699
3949,Good afternoon my boytoy. How goes that walking here and there day ? Did you get that police abstract? Are you still out and about? I wake and miss you babe,5886.971591173496
3950,How much u trying to get?,5887.623560811338
3951,"Come around  &lt;DECIMAL&gt; pm vikky..i'm otside nw, il come by tht time",5890.733176599902
3952,Tell me again what your address is,5891.323633345102
3953,"Honeybee Said: *I'm d Sweetest in d World* God Laughed &amp; Said: *Wait,U Havnt Met d Person Reading This Msg* MORAL: Even GOD Can Crack Jokes! GM+GN+GE+GN:)",5891.981897462961
3954,Should i buy him a blackberry bold 2 or torch. Should i buy him new or used. Let me know. Plus are you saying i should buy the  &lt;#&gt; g wifi ipad. And what are you saying about the about the  &lt;#&gt; g?,5895.912742776203
3955,But you were together so you should be thinkin about him,5896.784819776133
3956,hiya hows it going in sunny africa? hope u r avin a good time. give that big old silver back a big kiss from me.,5899.561023374024
3957,At WHAT TIME should i come tomorrow,5900.146597840193
3958,"""CHA QUITEAMUZING THATSCOOL BABE,PROBPOP IN & CU SATTHEN HUNNY 4BREKKIE! LOVE JEN XXX. PSXTRA LRG PORTIONS 4 ME PLEASE """,5900.820268955225
3959,Omg how did u know what I ate?,5901.065872537847
3960,:( but your not here....,5904.705595996525
3961,Not directly behind... Abt 4 rows behind ü...,5906.027435424662
3962,No plans yet. What are you doing ?,5907.002224562227
3963,Hi ....My engagement has been fixd on  &lt;#&gt; th of next month. I know its really shocking bt....hmm njan vilikkam....t ws al of a sudn;-(.,5909.040073360793
3964,Not course. Only maths one day one chapter with in one month we can finish.,5909.719822329574
3965,Wow didn't think it was that common. I take it all back ur not a freak! Unless u chop it off:-),5913.366197504784
3966,Noooooooo please. Last thing I need is stress. For once in your life be fair.,5913.40804646648
3967,"I'll see if I can swing by in a bit, got some things to take care of here firsg",5914.754810317404
3968,I wanted to wish you a Happy New Year and I wanted to talk to you about some legal advice to do with when Gary and I split but in person. I'll make a trip to Ptbo for that. I hope everything is good with you babe and I love ya :),5915.111746098355
3969,Have you not finished work yet or something?,5915.3802224275705
3970,Tomorrow i am not going to theatre. . . So i can come wherever u call me. . . Tell me where and when to come tomorrow,5915.633036613789
3971,Right it wasnt you who phoned it was someone with a number like yours!,5917.907532831508
3972,It's ok i wun b angry. Msg u aft i come home tonight.,5918.818750272735
3973,I had a good time too. Its nice to do something a bit different with my weekends for a change. See ya soon,5919.111527509824
3974,Yo sorry was in the shower sup,5919.35999506201
3975,"Carlos is down but I have to pick it up from him, so I'll swing by usf in a little bit",5923.295848616839
3976,Full heat pa:-) i have applyed oil pa.,5924.863688298154
3977,I'm stuck in da middle of da row on da right hand side of da lt...,5926.726241647308
3978,Have you laid your airtel line to rest?,5927.113681726427
3979,Hi did u decide wot 2 get 4 his bday if not ill prob jus get him a voucher frm virgin or sumfing,5927.270468659921
3980,"""Hey j! r u feeling any better, hopeSo hunny. i amnow feelin ill & ithink i may have tonsolitusaswell! damn iam layin in bedreal bored. lotsof luv me xxxx""",5928.11871857538
3981,And I don't plan on staying the night but I prolly won't be back til late,5928.601912900297
3982,THANX 4 PUTTIN DA FONE DOWN ON ME!!,5934.776323672126
3983,"I need an 8th but I'm off campus atm, could I pick up in an hour or two?",5935.901704025344
3984,"Oh... Haha... Den we shld had went today too... Gee, nvm la... Kaiez, i dun mind goin jazz oso... Scared hiphop open cant catch up...",5937.305004759107
3985,Been running but only managed 5 minutes and then needed oxygen! Might have to resort to the roller option!,5941.359145085458
3986,We live in the next  &lt;#&gt; mins,5944.387045841157
3987,Y de asking like this.,5944.821660159921
3988,Just glad to be talking to you.,5945.37978348036
3989,Wat time ü finish?,5948.34998959216
3990,Sorry da. I gone mad so many pending works what to do.,5949.031694737195
3991,How much you got for cleaning,5950.354497759642
3992,hows my favourite person today? r u workin hard? couldn't sleep again last nite nearly rang u at 4.30,5951.189136168652
3993,Ü called dad oredi...,5951.4398527741005
3994,Good. do you think you could send me some pix? I would love to see your top and bottom...,5951.740422237416
3995,Nvm... I'm going to wear my sport shoes anyway... I'm going to be late leh.,5954.177830002445
3996,"Sorry, I'll call later In meeting.",5954.36879249796
3997,THIS IS A LONG FUCKIN SHOWR,5961.216280658245
3998,"Received, understood n acted upon!",5964.524793550419
3999,They finally came to fix the ceiling.,5967.590161893118
4000,"U need my presnts always bcz U cant mis love. ""jeevithathile irulinae neekunna prakasamanu sneham"" prakasam ennal prabha 'That mns prabha is'LOVE' Got it. Dont mis me....",5967.615199403276
4001,Jus finish blowing my hair. U finish dinner already?,5967.739249828029
4002,I'm on the bus. Love you,5968.904450577975
4003,Lol ... I knew that .... I saw him in the dollar store,5971.345403146745
4004,Only saturday and sunday holiday so its very difficult:),5971.870403644263
4005,Everybody had fun this evening. Miss you.,5972.109208155941
4006,"Got hella gas money, want to go on a grand nature adventure with galileo in a little bit?",5977.0279090789745
4007,"I'm in a meeting, call me later at",5979.16715193508
4008,Oh wow thats gay. Will firmware update help,5981.114077534695
4009,These won't do. Have to move on to morphine,5982.561331820304
4010,How come i din c ü... Yup i cut my hair...,5984.194894206569
4011,K k pa Had your lunch aha.,5985.440562152671
4012,Oh ho. Is this the first time u use these type of words,5987.140405117617
4013,Captain vijaykanth is doing comedy in captain tv..he is drunken :),5987.7811803712875
4014,Of course. I guess god's just got me on hold right now.,5988.873592357231
4015,Do you hide anythiing or keeping distance from me,5989.647450039477
4016,Havent.,5989.817939404036
4017,Sorry i din lock my keypad.,5997.620491349439
4018,Did u got that persons story,6000.70336408018
4019,Are you planning to come chennai?,6001.590361599599
4020,God created gap btwn ur fingers so dat sum1 vry special will fill those gaps by holding ur hands.. Now plz dont ask y he created so much gap between legs !!!,6002.488702800898
4021,We are okay. Going to sleep now. Later,6003.6339439479125
4022,"Please protect yourself from e-threats. SIB never asks for sensitive information like Passwords,ATM/SMS PIN thru email. Never share your password with anybody.",6004.179130348577
4023,"Finally it has happened..! Aftr decades..! BEER is now cheaper than PETROL! The goverment expects us to ""DRINK"". . . But don't ""DRIVE """,6004.671059574753
4024,Where r e meeting tmr?,6007.377910111752
4025,Lol yes. But it will add some spice to your day.,6007.929853125017
4026,Hope you are having a great day.,6009.269663812312
4027,Our Prasanth ettans mother passed away last night. Just pray for her and family.,6010.994833962445
4028,"K, I'll work something out",6012.0590105065785
4029,This message is from a great Doctor in India:-): 1) Do not drink APPY FIZZ. It contains Cancer causing age,6012.684030874936
4030,I cant pick the phone right now. Pls send a message,6013.683438259847
4031,You call him and tell now infront of them. Call him now.,6014.072912149332
4032,Ok no prob...,6015.479647111617
4033,Ladies first and genus second k .,6021.260270458505
4034,No. Yes please. Been swimming?,6021.532398231864
4035,Mum not going robinson already.,6025.077021758711
4036,Ok set let u noe e details later...,6025.803941465377
4037,Not..tel software name..,6028.111154199417
4038,I send the print  outs da.,6028.880536955778
4039,IM REALY SOZ IMAT MY MUMS 2NITE WHAT ABOUT 2MORO,6029.5584708164
4040,"When I was born, GOD said, ""Oh No! Another IDIOT"". When you were born, GOD said, ""OH No! COMPETITION"". Who knew, one day these two will become FREINDS FOREVER!",6030.160745552492
4041,"I didnt get ur full msg..sometext is missing, send it again",6032.599486998003
4042,"Probably not, I'm almost out of gas and I get some cash tomorrow",6033.203833527864
4043,I forgot 2 ask ü all smth.. There's a card on da present lei... How? Ü all want 2 write smth or sign on it?,6033.524255593643
4044,I'm leaving my house now.,6033.945567000501
4045,Ü ready then call me...,6035.1749632181145
4046,Wewa is 130. Iriver 255. All 128 mb.,6035.569812398621
4047,It is a good thing I'm now getting the connection to bw,6037.896845592277
4048,Sry da..jst nw only i came to home..,6038.692507591716
4049,"That's cool he'll be here all night, lemme know when you're around",6040.752843607442
4050,Are you staying in town ?,6041.21210795329
4051,"Haha yeah, 2 oz is kind of a shitload",6042.130070000958
4052,Ok u can take me shopping when u get paid =D,6042.576807313253
4053,"My life Means a lot to me, Not because I love my life, But because I love the people in my life, The world calls them friends, I call them my World:-).. Ge:-)..",6045.637691386581
4054,"Alright we'll bring it to you, see you in like  &lt;#&gt;  mins",6046.093170325615
4055,But pls dont play in others life.,6046.916829385991
4056,Eatin my lunch...,6047.785422220215
4057,Hmmm.but you should give it on one day..,6048.306182556868
4058,"Didn't try, g and I decided not to head out",6050.9284119756185
4059,Ok no prob,6052.129117930439
4060,Surly ill give it to you:-) while coming to review.,6052.272213311749
4061,"By march ending, i should be ready. But will call you for sure. The problem is that my capital never complete. How far with you. How's work and the ladies",6052.993926489149
4062,Tessy..pls do me a favor. Pls convey my birthday wishes to Nimya..pls dnt forget it. Today is her birthday Shijas,6055.70328255951
4063,Pls give her the food preferably pap very slowly with loads of sugar. You can take up to an hour to give it. And then some water. Very very slowly.,6056.170154923809
4064,A guy who gets used but is too dumb to realize it.,6056.218715247416
4065,"Okey dokey, i‘ll be over in a bit just sorting some stuff out.",6056.659496942811
4066,Don no da:)whats you plan?,6057.363713783901
4067,Yes fine,6057.588197747044
4068,I liked the new mobile,6060.6085331042605
4069,Anytime...,6060.739714323301
4070,Mmmmmmm *snuggles into you* ...*deep contented sigh* ... *whispers* ... I fucking love you so much I can barely stand it ...,6063.582387799476
4071,Yar but they say got some error.,6064.693888565401
4072,Hey anyway i have to :-),6065.664528005649
4073,Wow so healthy. Old airport rd lor. Cant thk of anything else. But i'll b bathing my dog later.,6066.318553122496
4074,Wif my family booking tour package.,6067.413664620414
4075,"Did you say bold, then torch later. Or one torch and 2bold?",6067.60403276814
4076,"Haha awesome, I might need to take you up on that, what you doin tonight?",6067.653322420727
4077,Ya i knw u vl giv..its ok thanks kano..anyway enjoy wit ur family wit 1st salary..:-);-),6068.3944331779
4078,Huh so slow i tot u reach long ago liao... U 2 more days only i 4 more leh...,6069.082663119509
4079,Thats cool princess! I will cover your face in hot sticky cum :),6069.835931480095
4080,Big brother‘s really scraped the barrel with this shower of social misfits,6071.666920519878
4081,Oops i thk i dun haf enuff... I go check then tell ü..,6072.985443327553
4082,S:)8 min to go for lunch:),6076.129054211008
4083,"Hey. What happened? U switch off ur cell d whole day. This isnt good. Now if u do care, give me a call tomorrow.",6076.310331736244
4084,"K will do, addie &amp; I are doing some art so I'll be here when you get home",6076.772696583902
4085,My uncles in Atlanta. Wish you guys a great semester.,6076.806133297069
4086,"Aiyo... Her lesson so early... I'm still sleepin, haha... Okie, u go home liao den confirm w me lor...",6077.305052085613
4087,Forgot to tell ü smth.. Can ü like number the sections so that it's clearer..,6077.59395177057
4088,"Yup. Anything lor, if u dun wan it's ok...",6077.978562741873
4089,"I'm home, my love ... If your still awake ... *loving kiss*",6078.188753530796
4090,HELLO PEACH! MY CAKE TASTS LUSH!,6078.292738861525
4091,"There'll be a minor shindig at my place later tonight, you interested?",6078.48663091086
4092,Jason says it's cool if we pick some up from his place in like an hour,6078.621614436873
4093,I (Career Tel) have added u as a contact on INDYAROCKS.COM to send FREE SMS. To remove from phonebook - sms NO to  &lt;#&gt;,6083.299232350192
4094,I've reached already.,6083.752463130407
4095,I dont know ask to my brother. Nothing problem some thing that. Just i told .,6086.5127412870015
4096,K:)eng rocking in ashes:),6088.186369025723
4097,Wat time r ü going to xin's hostel?,6088.257890137012
4098,Good Morning my Dear Shijutta........... Have a great &amp; successful day.,6088.389699427133
4099,Oh k:)after that placement there ah?,6091.128530627239
4100,"Not for possession, especially not first offense",6091.148499276066
4101,"Nt only for driving even for many reasons she is called BBD..thts it chikku, then hw abt dvg cold..heard tht vinobanagar violence hw is the condition..and hw ru ? Any problem?",6092.3282540149985
4102,I bought the test yesterday. Its something that lets you know the exact day u ovulate.when will get 2u in about 2 to 3wks. But pls pls dont fret. I know u r worried. Pls relax. Also is there anything in ur past history u need to tell me?,6095.175182909356
4103,We have pizza if u want,6095.340373942887
4104,"I keep seeing weird shit and bein all ""woah"" then realising it's actually reasonable and I'm all ""oh""",6096.552228275015
4105,Many more happy returns of the day. I wish you happy birthday.,6097.229146399461
4106,Ya very nice. . .be ready on thursday,6099.689468378643
4107,I am in hospital da. . I will return home in evening,6099.809551408111
4108,"""Thinking of u ;) x""",6103.300870995331
4109,Orh i tot u say she now still dun believe.,6104.43929851548
4110,"When you just put in the + sign, choose my number and the pin will show. Right?",6105.208121146919
4111,The beauty of life is in next second.. which hides thousands of secrets. I wish every second will be wonderful in ur life...!! gud n8,6109.429296356302
4112,Thanx u darlin!im cool thanx. A few bday drinks 2 nite. 2morrow off! Take care c u soon.xxx,6111.498552091657
4113,"If you're still up, maybe leave the credit card so I can get gas when I get back like he told me to",6111.749058497578
4114,Well boy am I glad G wasted all night at applebees for nothing,6111.887959936685
4115,Ok lor... Or u wan me go look 4 u?,6114.587512200128
4116,U wan 2 haf lunch i'm in da canteen now.,6115.273730472016
4117,Don't make life too stressfull.. Always find time to Laugh.. It may not add years to your Life! But surely adds more life to ur years!! Gud ni8..swt dreams..,6115.914983996722
4118,"hey, looks like I was wrong and one of the kappa guys numbers is still on my phone, if you want I can text him and see if he's around",6120.285080461252
4119,I'm home. Doc gave me pain meds says everything is fine.,6120.837947634581
4120,It's é only $140 ard...É rest all ard $180 at least...Which is é price 4 é 2 bedrm ($900),6121.41835008735
4121,Me too! Have a lovely night xxx,6122.222895981739
4122,Prepare to be pleasured :),6122.234338365037
4123,Hi.:)technical support.providing assistance to us customer through call and email:),6125.240401441393
4124,if you text on your way to cup stop that should work. And that should be BUS,6126.287647511179
4125,Whens your radio show?,6126.359109482534
4126,I'm not sure if its still available though,6126.550753059492
4127,watever reLation u built up in dis world only thing which remains atlast iz lonlines with lotz n lot memories! feeling..,6127.88870811224
4128,CHEERS LOU! YEAH WAS A GOODNITE SHAME U NEVA CAME! C YA GAILxx,6128.015974734957
4129,Hi..i got the money da:),6129.859372139863
4130,"Hi, Mobile no.  &lt;#&gt;  has added you in their contact list on www.fullonsms.com It s a great place to send free sms to people For more visit fullonsms.com",6132.052116645732
4131,Ok then u tell me wat time u coming later lor.,6133.659506633598
4132,U repeat e instructions again. Wat's e road name of ur house?,6134.097463193825
4133,"So many people seems to be special at first sight, But only very few will remain special to you till your last sight.. Maintain them till life ends.. Sh!jas",6134.992950495215
4134,Quite lor. But dun tell him wait he get complacent...,6137.111782109251
4135,Sorry completely forgot * will pop em round this week if your still here?,6137.93031671911
4136,U R THE MOST BEAUTIFUL GIRL IVE EVER SEEN. U R MY BABY COME AND C ME IN THE COMMON ROOM,6138.471070567786
4137,O we cant see if we can join denis and mina? Or does denis want alone time,6141.233225028654
4138,Sen told that he is going to join his uncle finance in cbe,6144.292765980668
4139,Yup... Hey then one day on fri we can ask miwa and jiayin take leave go karaoke,6145.734518650066
4140,"Call me, i am senthil from hsbc.",6149.4002876012
4141,"Especially since i talk about boston all up in my personal statement, lol! I woulda changed that if i had realized it said nyc! It says boston now.",6150.051459071909
4142,Indeed and by the way it was either or - not both !,6150.948158580308
4143,Holy living christ what is taking you so long,6152.791610570896
4144,Ü thk of wat to eat tonight.,6154.75915134298
4145,"Thanx. Yup we coming back on sun. Finish dinner going back 2 hotel now. Time flies, we're tog 4 exactly a mth today. Hope we'll haf many more mths to come...",6155.570828964873
4146,We're on the opposite side from where we dropped you off,6155.6998763209795
4147,Yup. Izzit still raining heavily cos i'm in e mrt i can't c outside.,6157.006214581488
4148,Send me your resume:-),6158.106812116557
4149,Gd luck 4 ur exams :-),6158.187215599923
4150,Or u ask they all if next sat can a not. If all of them can make it then i'm ok lor.,6160.007787307526
4151,Sorry that was my uncle. I.ll keep in touch,6163.10299538554
4152,Saw Guys and Dolls last night with Patrick Swayze it was great,6163.347277892441
4153,Just come home. I don't want u to be miserable,6164.58182384314
4154,I dont know why she.s not getting your messages,6166.729205987048
4155,"its cool but tyler had to take off so we're gonna buy for him and drop it off at his place later tonight. Our total order is a quarter, you got enough?",6166.782671643603
4156,"The guy at the car shop who was flirting with me got my phone number from the paperwork and called and texted me. I'm nervous because of course now he may have my address. Should i call his boss and tell him, knowing this may get him fired?",6167.90282817761
4157,Reverse is cheating. That is not mathematics.,6168.670576330411
4158,How do you plan to manage that,6169.272818817719
4159,"Er, hello, things didn‘t quite go to plan – is limping slowly home followed by aa and with exhaust hanging off",6169.709692268263
4160,Sorry for the delay. Yes masters,6174.031043471231
4161,Call me when u finish then i come n pick u.,6174.224470523053
4162,What's up my own oga. Left my phone at home and just saw ur messages. Hope you are good. Have a great weekend.,6178.715436750859
4163,"Don't worry though, I understand how important it is that I be put in my place with a poorly thought out punishment in the face of the worst thing that has ever happened to me. Brb gonna go kill myself",6180.7541299182385
4164,"Honey, can you pls find out how much they sell Predicte in Nigeria. And how many times can it be used. Its very important to have a reply before monday",6184.622977385225
4165,E admin building there? I might b slightly earlier... I'll call u when i'm reaching...,6186.686895198206
4166,"fyi I'm at usf now, swing by the room whenever",6187.928723077556
4167,i can call in  &lt;#&gt;  min if thats ok,6189.759057538528
4168,Ummmmmaah Many many happy returns of d day my dear sweet heart.. HAPPY BIRTHDAY dear,6191.7890372828415
4169,Ü no home work to do meh...,6192.90393909711
4170,Anything is valuable in only 2 situations: First- Before getting it... Second- After loosing it...,6193.305315988424
4171,Me too. Mark is taking forever to pick up my prescription and the pain is coming back.,6193.411643178086
4172,How's ur paper?,6194.056960898875
4173,Got smaller capacity one? Quite ex...,6198.126590696576
4174,Im good! I have been thinking about you...,6199.494061090675
4175,:-) :-),6200.9587975027935
4176,Not thought bout it... || Drink in tap & spile at seven. || Is that pub on gas st off broad st by canal. || Ok?,6202.094955728455
4177,I am going to sleep. I am tired of travel.,6202.967504246752
4178,"Haha, just what I was thinkin",6205.873466799785
4179,Yup but it's not giving me problems now so mayb i'll jus leave it...,6206.128188390603
4180,Lol no. Just trying to make your day a little more interesting,6209.226072970831
4181,"How long before you get reply, just defer admission til next semester",6209.919419948915
4182,"The word ""Checkmate"" in chess comes from the Persian phrase ""Shah Maat"" which means; ""the king is dead.."" Goodmorning.. Have a good day..:)",6210.388151133433
4183,Po de :-):):-):-):-). No need job aha.,6212.625144447781
4184,Rats. Hey did u ever vote for the next themes?,6214.0226772825945
4185,I hope your pee burns tonite.,6217.335191771426
4186,"OH RITE. WELL IM WITH MY BEST MATE PETE, WHO I WENT OUT WITH 4 A WEEK+ NOW WERE 2GEVA AGAIN. ITS BEEN LONGER THAN A WEEK.",6219.035597428756
4187,Yay can't wait to party together!,6219.857444978215
4188,....photoshop makes my computer shut down.,6220.3946967944485
4189,All boys made fun of me today. Ok i have no problem. I just sent one message just for fun,6221.535864883392
4190,That's one of the issues but california is okay. No snow so its manageable,6225.6059486844815
4191,"Hmmm.... Mayb can try e shoppin area one, but forgot e name of hotel...",6226.010457604173
4192,"Awesome, that gonna be soon or later tonight?",6226.50896670151
4193,I need details about that online job.,6226.847101269194
4194,Missing you too.pray inshah allah,6227.845879025415
4195,Pls help me tell Ashley that i cant find her number oh,6228.1278257647255
4196,I am in escape theatre now. . Going to watch KAVALAN in a few minutes,6231.309824728081
4197,S.this will increase the chance of winning.,6232.193663856603
4198,either way works for me. I am  &lt;#&gt;  years old. Hope that doesnt bother you.,6233.113470887333
4199,Maybe you should find something else to do instead???,6233.192977880186
4200,Gain the rights of a wife.dont demand it.i am trying as husband too.Lets see,6233.61554581528
4201,I liked your new house,6234.151485531254
4202,I'm fine. Hope you are also,6234.413734236306
4203,"Also north carolina and texas atm, you would just go to the gre site and pay for the test results to be sent.",6237.176356143981
4204,Same to u...,6238.3439491836625
4205,yes baby! I need to stretch open your pussy!,6239.1984634508935
4206,Thanks  and ! Or bomb and date as my phone wanted to say!,6241.761442557544
4207,Ok...,6242.306374215573
4208,"Hey, a guy I know is breathing down my neck to get him some bud, anyway you'd be able to get a half track to usf tonight?",6244.70006908834
4209,"""Response"" is one of d powerful weapon 2 occupy a place in others 'HEART'... So, always give response 2 who cares 4 U""... Gud night..swt dreams..take care",6244.704716771916
4210,Nokia phone is lovly..,6245.0748847822615
4211,Sorry da..today i wont come to play..i have driving clas..,6247.066068715938
4212,I'm really sorry I lit your hair on fire,6248.157038553394
4213,"Oh! Shit, I thought that was your trip! Loooooool ... That just makes SO much more sense now ... *grins* and the sofa reference was ... The ""sleep on a couch"" link you sent me ... Wasn't that how you went on your trip ? Oh ... And didn't your babe go with you for that celebration with your rents?",6249.439362316028
4214,Okey dokey swashbuckling stuff what oh.,6251.041260957659
4215,"Watching cartoon, listening music &amp; at eve had to go temple &amp; church.. What about u?",6251.295812124878
4216,1. Tension face 2. Smiling face 3. Waste face 4. Innocent face 5.Terror face 6.Cruel face 7.Romantic face 8.Lovable face 9.decent face  &lt;#&gt; .joker face.,6251.875382661892
4217,Dip's cell dead. So i m coming with him. U better respond else we shall come back.,6253.099982284442
4218,Well. You know what i mean. Texting,6254.490926580085
4219,Hi dis is yijue i would be happy to work wif ü all for gek1510...,6255.095101273545
4220,Lol! Oops sorry! Have fun.,6255.588920506286
4221,Wat happened to the cruise thing,6255.601859737849
4222,"I know dat feelin had it with Pete! Wuld get with em , nuther place nuther time mayb?",6258.993387406902
4223,The world's most happiest frnds never have the same characters... Dey just have the best understanding of their differences...,6261.517258334171
4224,Yeah just open chat and click friend lists. Then make the list. Easy as pie,6263.604386051363
4225,alright tyler's got a minor crisis and has to be home sooner than he thought so be here asap,6265.293316543063
4226,When/where do I pick you up,6266.159543597363
4227,As usual u can call me ard 10 smth.,6266.3083321351405
4228,"New Theory: Argument wins d SITUATION, but loses the PERSON. So dont argue with ur friends just.. . . . kick them &amp; say, I'm always correct.!",6266.873778260914
4229,For many things its an antibiotic and it can be used for chest abdomen and gynae infections even bone infections.,6267.730912302583
4230,Poor girl can't go one day lmao,6268.1034969433085
4231,Or just do that 6times,6270.837785759962
4232,You have to pls make a note of all she.s exposed to. Also find out from her school if anyone else was vomiting. Is there a dog or cat in the house? Let me know later.,6273.803663554223
4233,"Japanese Proverb: If one Can do it, U too Can do it, If none Can do it,U must do it Indian version: If one Can do it, LET HIM DO it.. If none Can do it,LEAVE it!! And finally Kerala version: If one can do it, Stop him doing it.. If none can do it, Make a strike against it ...",6274.499327315486
4234,Sounds like there could be a lot of time spent in that chastity device boy ... *grins* ... Or take your beatings like a good dog. Going to lounge in a nice long bath now ?,6275.484283718068
4235,Its worse if if uses half way then stops. Its better for him to complete it.,6277.542772729229
4236,Miserable. They don't tell u that the side effects of birth control are massive gut wrenching cramps for the first 2 months. I didn't sleep at all last night.,6282.1189352845395
4237,Send me the new number,6282.5226641384925
4238,Convey my regards to him,6283.3008559603195
4239,2 and half years i missed your friendship:-),6284.054358704629
4240,I cant pick the phone right now. Pls send a message,6291.623355073634
4241,Oh for fuck's sake she's in like tallahassee,6292.815326262973
4242,"Haha, that was the first person I was gonna ask",6293.103891803542
4243,Taka lor. Wat time u wan 2 come n look 4 us?,6294.0925193760095
4244,"""I;m reaching in another 2 stops.""",6294.83808724324
4245,"no, i *didn't* mean to post it. I wrote it, and like so many other times i've ritten stuff to you, i let it sit there. it WAS what i was feeling at the time. I was angry. Before i left, i hit send, then stop. It wasn't there. I checked on my phone when i got to my car. It wasn't there. You said you didn't sleep, you were bored. So why wouldn't THAT be the time to clean, fold laundry, etc.? At least make the bed?",6297.278303426096
4246,Will you come online today night,6297.921397386662
4247,Then anything special?,6299.65652059662
4248,"I'm in solihull, | do you want anything?",6299.848553199606
4249,Will do. Have a good day,6300.08323052318
4250,WE REGRET TO INFORM U THAT THE NHS HAS MADE A MISTAKE.U WERE NEVER ACTUALLY BORN.PLEASE REPORT 2 YOR LOCAL HOSPITAL 2B TERMINATED.WE R SORRY 4 THE INCONVENIENCE,6301.005570014272
4251,Love that holiday Monday feeling even if I have to go to the dentists in an hour,6301.111301189032
4252,I am on the way to tirupur.,6303.0800691642025
4253,You've already got a flaky parent. It'snot supposed to be the child's job to support the parent...not until they're The Ride age anyway. I'm supposed to be there to support you. And now i've hurt you. unintentional. But hurt nonetheless.,6305.212469191097
4254,We took hooch for a walk toaday and i fell over! Splat! Grazed my knees and everything! Should have stayed at home! See you tomorrow!,6305.671119574719
4255,"Just dropped em off, omw back now",6310.3180592042445
4256,Sitting in mu waiting for everyone to get out of my suite so I can take a shower,6311.012975768933
4257,Re your call; You didn't see my facebook huh?,6315.031480832989
4258,"G says you never answer your texts, confirm/deny",6316.1807539768715
4259,"Its so common hearin How r u? Wat r u doing? How was ur day? So let me ask u something different. Did u smile today? If not, do it now.... Gud evng.",6316.246692834337
4260,Hi Dear Call me its urgnt. I don't know whats your problem. You don't want to work or if you have any other problem at least tell me. Wating for your reply.,6317.347886990237
4261,Oh yah... We never cancel leh... Haha,6320.487977834564
4262,We can go 4 e normal pilates after our intro...,6321.356426205526
4263,Ok... Let u noe when i leave my house.,6322.749166766514
4264,"Oh yes, why is it like torture watching england?",6323.026456738479
4265,Wanna do some art?! :D,6324.495858680762
4266,Just hopeing that wasn‘t too pissed up to remember and has gone off to his sisters or something!,6324.606123599319
4267,"Good morning, my boytoy! How's those yummy lips ? Where's my sexy buns now ? What do you do ? Do you think of me ? Do you crave me ? Do you need me ?",6324.660743777498
4268,Match started.india  &lt;#&gt;  for 2,6324.8879424090455
4269,Once free call me sir.,6325.06038197044
4270,Hey do you want anything to buy:),6327.488087931564
4271,"Hey babe, how's it going ? Did you ever figure out where your going for New Years ?",6327.612313792603
4272,K..k.:)congratulation ..,6328.186188943385
4273,G wants to know where the fuck you are,6329.446954830852
4274,No it was cancelled yeah baby! Well that sounds important so i understand my darlin give me a ring later on this fone love Kate x,6329.810002040445
4275,Tomarrow i want to got to court. At  &lt;DECIMAL&gt; . So you come to bus stand at 9.,6331.625769203155
4276,Ü go home liao? Ask dad to pick me up at 6...,6331.6468209805835
4277,Omg you can make a wedding chapel in frontierville? Why do they get all the good stuff?,6333.125112939618
4278,"I'm eatin now lor, but goin back to work soon... E mountain deer show huh... I watch b4 liao, very nice...",6334.897919000455
4279,Check mail.i have mailed varma and kept copy to you regarding membership.take care.insha allah.,6334.9095945040035
4280,Wrong phone! This phone! I answer this one but assume the other is people i don't well,6336.085985409281
4281,"Anyway I don't think I can secure anything up here, lemme know if you want me to drive down south and chill",6336.769274478989
4282,I'm already back home so no probably not,6337.412997854649
4283,I am in bus on the way to calicut,6337.797426693703
4284,Hi its me you are probably having too much fun to get this message but i thought id txt u cos im bored! and james has been farting at me all night,6338.001119375079
4285,hi baby im sat on the bloody bus at the mo and i wont be home until about 7:30 wanna do somethin later? call me later ortxt back jess xx,6338.748607572335
4286,I lost 4 pounds since my doc visit last week woot woot! Now I'm gonna celebrate by stuffing my face!,6339.834041823799
4287,U coming back 4 dinner rite? Dad ask me so i re confirm wif u...,6341.497841654666
4288,Doing my masters. When will you buy a bb cos i have for sale and how's bf,6341.872941351024
4289,"Ahhhh...just woken up!had a bad dream about u tho,so i dont like u right now :) i didnt know anything about comedy night but i guess im up for it.",6342.397014947106
4290,I'm vivek:)i got call from your number.,6343.739643068315
4291,Why didn't u call on your lunch?,6344.034495464925
4292,"What i mean was i left too early to check, cos i'm working a 9-6.",6347.018278706644
4293,I want  &lt;#&gt;  rs da:)do you have it?,6353.8912186601365
4294,"A bit of Ur smile is my hppnss, a drop of Ur tear is my sorrow, a part of Ur heart is my life, a heart like mine wil care for U, forevr as my GOODFRIEND",6353.915198037543
4295,Yup ok...,6354.166357949203
4296,I want to see your pretty pussy...,6358.137223576555
4297,"A few people are at the game, I'm at the mall with iouri and kaila",6360.211970891797
4298,Future is not what we planned for tomorrow.....! it is the result of what we do today...! Do the best in present... enjoy the future.,6360.902707108888
4299,I will cme i want to go to hos 2morow. After that i wil cme. This what i got from her dear what to do. She didnt say any time,6361.357494501585
4300,We are supposed to meet to discuss abt our trip... Thought xuhui told you? In the afternoon. Thought we can go for lesson after that,6361.980465068261
4301,Hey come online! Use msn... We are all there,6362.41317846371
4302,I'm fine. Hope you are good. Do take care.,6365.751180551076
4303,Oops I was in the shower when u called. Hey a parking garage collapsed at university hospital. See I'm not crazy. Stuff like that DOES happen.,6367.801439911819
4304,Aiyo u so poor thing... Then u dun wan 2 eat? U bathe already?,6369.054168700453
4305,Yar... I tot u knew dis would happen long ago already.,6369.308279841098
4306,You are gorgeous! keep those pix cumming :) thank you!,6370.3613306380985
4307,"A boy was late 2 home. His father: ""POWER OF FRNDSHIP""",6371.530582888995
4308,JADE ITS PAUL. Y DIDNT U TXT ME? DO U REMEMBER ME FROM BARMED? I WANT 2 TALK 2 U! TXT ME,6372.187984873831
4309,Spending new years with my brother and his family. Lets plan to meet next week. Are you ready to be spoiled? :),6374.194334021015
4310,So what u doing today?,6377.968241947396
4311,I said its okay. Sorry,6378.991170855184
4312,Slept? I thinkThis time ( &lt;#&gt;  pm) is not dangerous,6379.51362082885
4313,Networking job is there.,6379.700044701381
4314,Dont let studying stress you out. L8r.,6381.264185807656
4315,That's y u haf 2 keep me busy...,6386.933867497102
4316,No rushing. I'm not working. I'm in school so if we rush we go hungry.,6390.396039535714
4317,Which channel:-):-):):-).,6391.393785668019
4318,So your telling me I coulda been your real Valentine and I wasn't? U never pick me for NOTHING!!,6393.26509869686
4319,"We made it! Eta at taunton is 12:30 as planned, hope that‘s still okday?! Good to see you! :-xx",6393.764072156139
4320,I'm hungry buy smth home...,6395.225705319179
4321,"""HEY KATE, HOPE UR OK... WILL GIVE U A BUZ WEDLUNCH. GO OUTSOMEWHERE 4 ADRINK IN TOWN..CUD GO 2WATERSHD 4 A BIT? PPL FROMWRK WILL BTHERE. LOVE PETEXXX.""",6399.015247138973
4322,My drive can only be read. I need to write,6399.718075244501
4323,"Just looked it up and addie goes back Monday, sucks to be her",6399.744092325713
4324,Happy new year. Hope you are having a good semester,6399.820990363159
4325,Esplanade lor. Where else...,6401.380892757347
4326,Can you talk with me..,6403.882929148567
4327,"Hmph. Go head, big baller.",6404.5093213225
4328,Well its not like you actually called someone a punto. That woulda been worse.,6405.529333002727
4329,"Nope. Since ayo travelled, he has forgotten his guy",6406.093744309255
4330,You still around? Looking to pick up later,6406.777496843055
4331,There's someone here that has a year  &lt;#&gt;  toyota camry like mr olayiwola's own. Mileage is  &lt;#&gt; k.its clean but i need to know how much will it sell for. If i can raise the dough for it how soon after landing will it sell. Holla back.,6413.670118875899
4332,Guess which pub im in? Im as happy as a pig in clover or whatever the saying is!,6413.671064125062
4333,ILL B DOWN SOON,6417.929345910108
4334,Oh k. . I will come tomorrow,6418.83190990798
4335,Go fool dont cheat others ok,6419.433078682321
4336,"My mobile number.pls sms ur mail id.convey regards to achan,amma.Rakhesh.Qatar",6419.452305807401
4337,"By the way, 'rencontre' is to meet again. Mountains dont....",6419.534583394738
4338,U attend ur driving lesson how many times a wk n which day?,6421.443983069189
4339,"Uncle G, just checking up on you. Do have a rewarding month",6422.9434511338295
4340,Hello boytoy ! Geeee ... I'm missing you today. I like to send you a tm and remind you I'm thinking of you ... And you are loved ... *loving kiss*,6424.672985784352
4341,I think the other two still need to get cash but we can def be ready by 9,6428.707814623186
4342,Hey gals...U all wanna meet 4 dinner at nìte?,6429.43434382245
4343,Babe ! What are you doing ? Where are you ? Who are you talking to ? Do you think of me ? Are you being a good boy? Are you missing me? Do you love me ?,6430.446973644242
4344,Great! How is the office today?,6431.3366000188435
4345,"It's cool, we can last a little while. Getting more any time soon?",6431.89375636125
4346,:-( sad puppy noise,6433.23478992298
4347,Yes its possible but dint try. Pls dont tell to any one k,6434.015652623895
4348,Anyway holla at me whenever you're around because I need an excuse to go creep on people in sarasota,6436.804312267692
4349,Where you. What happen,6437.594117853588
4350,I was gonna ask you lol but i think its at 7,6439.061117195402
4351,Go chase after her and run her over while she's crossing the street,6439.733676783728
4352,Is there coming friday is leave for pongal?do you get any news from your work place.,6440.783274752758
4353,Hey... Very inconvenient for your sis a not huh?,6445.912733783343
4354,Ok i vl..do u know i got adsense approved..,6446.055660308171
4355,"* Was really good to see you the other day dudette, been missing you!",6447.247483843418
4356,I want to go to perumbavoor,6447.685894341766
4357,How many times i told in the stage all use to laugh. You not listen aha.,6451.489160308061
4358,(You didn't hear it from me),6452.211683566917
4359,Thanks for being there for me just to talk to on saturday. You are very dear to me. I cherish having you as a brother and role model.,6452.73789301276
4360,Pls clarify back if an open return ticket that i have can be preponed for me to go back to kerala.,6454.730245578067
4361,She ran off with a younger man. we will make pretty babies together :),6457.250949985121
4362,O ic lol. Should play 9 doors sometime yo,6459.507508652999
4363,"Dunno, my dad said he coming home 2 bring us out 4 lunch. Yup i go w u lor. I call u when i reach school lor...",6462.475788347028
4364,"We have sent JD for Customer Service cum Accounts Executive to ur mail id, For details contact us",6462.817075408214
4365,Desires- u going to doctor 4 liver. And get a bit stylish. Get ur hair managed. Thats it.,6465.628300399886
4366,Hmmm.still we dont have opener?,6466.568643893637
4367,Yeah so basically any time next week you can get away from your mom &amp; get up before 3,6468.613336845612
4368,"Edison has rightly said, ""A fool can ask more questions than a wise man can answer"" Now you know why all of us are speechless during ViVa.. GM,GN,GE,GNT:-)",6469.456829058529
4369,I will vote for wherever my heart guides me,6472.350526067919
4370,With my sis lor... We juz watched italian job.,6473.0252441965495
4371,"Tick, tick, tick .... Where are you ? I could die of loneliness you know ! *pouts* *stomps feet* I need you ...",6473.38672469424
4372,Lmao you know me so well...,6473.947818038687
4373,Am on a train back from northampton so i'm afraid not! I'm staying skyving off today ho ho! Will be around wednesday though. Do you fancy the comedy club this week by the way?,6474.606597025132
4374,Goodnight da thangam I really miss u dear.,6475.721619913078
4375,Hey next sun 1030 there's a basic yoga course... at bugis... We can go for that... Pilates intro next sat.... Tell me what time you r free,6479.1177871233995
4376,"Geeeee ... Your internet is really bad today, eh ?",6480.392528972844
4377,I think i am disturbing her da,6483.801805629355
4378,"Sorry, I'll call you  later. I am in meeting sir.",6484.556280045056
4379,Havent stuck at orchard in my dad's car. Going 4 dinner now. U leh? So r they free tonight?,6484.56027476417
4380,Ok i also wan 2 watch e 9 pm show...,6487.048729693946
4381,I dunno lei... Like dun haf...,6487.500672656033
4382,But your brother transfered only  &lt;#&gt;  +  &lt;#&gt; . Pa.,6487.619232393291
4383,I calls you later. Afternoon onwords mtnl service get problem in south mumbai. I can hear you but you cann't listen me.,6492.658763628724
4384,Talk to g and x about that,6493.329110435462
4385,Hai dear friends... This is my new &amp; present number..:) By Rajitha Raj (Ranju),6495.836609962433
4386,As in different styles?,6496.088721647774
4387,Gud ni8 dear..slp well..take care..swt dreams..Muah..,6497.414754882586
4388,I want to sent  &lt;#&gt; mesages today. Thats y. Sorry if i hurts,6502.28156094759
4389,"Well, i'm glad you didn't find it totally disagreeable ... Lol",6502.994090222403
4390,"Guy, no flash me now. If you go call me, call me. How madam. Take care oh.",6507.412426567816
4391,Mark works tomorrow. He gets out at 5. His work is by your house so he can meet u afterwards.,6507.672273506359
4392,"""Keep ur problems in ur heart, b'coz nobody will fight for u. Only u &amp; u have to fight for ur self &amp; win the battle. -VIVEKANAND- G 9t.. SD..",6508.658994254019
4393,"Yeah, give me a call if you've got a minute",6509.375507584114
4394,"""HI BABE UAWAKE?FEELLIKW SHIT.JUSTFOUND OUT VIA ALETTER THATMUM GOTMARRIED 4thNOV.BEHIND OURBACKS  FUCKINNICE!SELFISH,DEVIOUSBITCH.ANYWAY,IL CALL U""",6510.057520569782
4395,Amazing : If you rearrange these letters it gives the same meaning... Dormitory = Dirty room Astronomer = Moon starer The eyes = They see Election results = Lies lets recount Mother-in-law = Woman Hitler Eleven plus two =Twelve plus one Its Amazing... !:-),6513.099529429839
4396,Aiya we discuss later lar... Pick ü up at 4 is it?,6514.437446515788
4397,Hey happy birthday...,6515.206779615907
4398,Sorry i missed your call. Can you please call back.,6515.258998027626
4399,Omg if its not one thing its another. My cat has worms :/ when does this bad day end?,6517.02558107281
4400,"Good morning, im suffering from fever and dysentry ..will not be able to come to office today.",6518.109335249154
4401,I wont do anything de.,6518.84362338134
4402,What type of stuff do you sing?,6520.533599260778
4403,"St andre, virgil's cream",6524.168753865377
4404,No no. I will check all rooms befor activities,6526.477041489104
4405,"My fri ah... Okie lor,goin 4 my drivin den go shoppin after tt...",6527.920648507595
4406,Gokila is talking with you aha:),6528.617202525103
4407,"Hi Shanil,Rakhesh here.thanks,i have exchanged the uncut diamond stuff.leaving back. Excellent service by Dino and Prem.",6529.521684664253
4408,K.k.this month kotees birthday know?,6529.812995171665
4409,But i'm really really broke oh. No amount is too small even  &lt;#&gt;,6530.541914122768
4410,Sorry about that this is my mates phone and i didnt write it love Kate,6530.802050590405
4411,"Ah, well that confuses things, doesnt it? I thought was friends with now. Maybe i did the wrong thing but i already sort of invited -tho he may not come cos of money.",6530.999137599926
4412,"Aight, call me once you're close",6534.302711480588
4413,Nope thats fine. I might have a nap tho!,6537.01932009144
4414,In other news after hassling me to get him weed for a week andres has no money. HAUGHAIGHGTUJHYGUJ,6540.869212702759
4415,"A Boy loved a gal. He propsd bt she didnt mind. He gv lv lttrs, Bt her frnds threw thm. Again d boy decided 2 aproach d gal , dt time a truck was speeding towards d gal. Wn it was about 2 hit d girl,d boy ran like hell n saved her. She asked 'hw cn u run so fast?' D boy replied ""Boost is d secret of my energy"" n instantly d girl shouted ""our energy"" n Thy lived happily 2gthr drinking boost evrydy Moral of d story:- I hv free msgs:D;): gud ni8",6544.569436908814
4416,I wnt to buy a BMW car urgently..its vry urgent.but hv a shortage of  &lt;#&gt; Lacs.there is no source to arng dis amt. &lt;#&gt; lacs..thats my prob,6546.8570559945965
4417,Ding me on ya break fassyole! Blacko from londn,6547.144569233718
4418,I REALLY NEED 2 KISS U I MISS U MY BABY FROM UR BABY 4EVA,6547.541024595035
4419,"The sign of maturity is not when we start saying big things.. But actually it is, when we start understanding small things... *HAVE A NICE EVENING* BSLVYL",6548.606606155661
4420,Oh you got many responsibilities.,6549.24720744406
4421,I've reached sch already...,6549.623363274598
4422,U definitely need a module from e humanities dis sem izzit? U wan 2 take other modules 1st?,6550.012775989175
4423,Argh why the fuck is nobody in town ;_;,6550.9221252879215
4424,Thanks. Fills me with complete calm and reassurance!,6551.702296676054
4425,Aslamalaikkum....insha allah tohar beeen muht albi mufti mahfuuz...meaning same here....,6551.962217148545
4426,Are you driving or training?,6553.005335249486
4427,Lol for real. She told my dad I have cancer,6557.501632951532
4428,"Oops I did have it,  &lt;#&gt; ?",6558.312625543108
4429,"""NOT ENUFCREDEIT TOCALL.SHALL ILEAVE UNI AT 6 +GET A BUS TO YOR HOUSE?""",6558.475589108159
4430,"Hi Chikku, send some nice msgs",6559.050154045341
4431,"He is impossible to argue with and he always treats me like his sub, like he never released me ... Which he did and I will remind him of that if necessary",6560.167212445693
4432,"After my work ah... Den 6 plus lor... U workin oso rite... Den go orchard lor, no other place to go liao...",6560.826856136693
4433,"To the wonderful Okors, have a great month. We cherish you guys and wish you well each day. MojiBiola",6561.535886350432
4434,Cuz ibored. And don wanna study,6562.2125736648195
4435,Wot about on wed nite I am 3 then but only til 9!,6562.442610661263
4436,"Rose for red,red for blood,blood for heart,heart for u. But u for me.... Send tis to all ur friends.. Including me.. If u like me.. If u get back, 1-u r poor in relation! 2-u need some 1 to support 3-u r frnd 2 many 4-some1 luvs u 5+- some1 is praying god to marry u.:-) try it....",6564.485545688049
4437,Any way where are you and what doing.,6566.756876414239
4438,That sucks. I'll go over so u can do my hair. You'll do it free right?,6566.930736270122
4439,it's still not working. And this time i also tried adding zeros. That was the savings. The checking is  &lt;#&gt;,6567.597885560262
4440,"Hmm... Dunno leh, mayb a bag 4 goigng out dat is not too small. Or jus anything except perfume, smth dat i can keep.",6568.110605647899
4441,Sday only joined.so training we started today:),6570.061942194405
4442,Sorry * was at the grocers.,6574.28754393846
4443,There are some nice pubs near here or there is Frankie n Bennys near the warner cinema?,6574.944507565072
4444,Yup... I havent been there before... You want to go for the yoga? I can call up to book,6575.20830477276
4445,Oh shut it. Omg yesterday I had a dream that I had 2 kids both boys. I was so pissed. Not only about the kids but them being boys. I even told mark in my dream that he was changing diapers cause I'm not getting owed in the face.,6575.758254104229
4446,Yeah I imagine he would be really gentle. Unlike the other docs who treat their patients like turkeys.,6575.914948854128
4447,Now that you have started dont stop. Just pray for more good ideas and anything i see that can help you guys i.ll forward you a link.,6578.213318486894
4448,Hi darlin im on helens fone im gonna b up the princes 2 nite please come up tb love Kate,6579.1396906431055
4449,I'm in office now da:)where are you?,6579.378869412126
4450,Aiyar u so poor thing... I give u my support k... Jia you! I'll think of u...,6582.902539499653
4451,Oh unintentionally not bad timing. Great. Fingers  the trains play along! Will give fifteen min warning.,6582.997409977425
4452,K..then come wenever u lik to come and also tel vikky to come by getting free time..:-),6583.487002017047
4453,Pls call me da. What happen.,6584.698817871408
4454,"Happy new year to u and ur family...may this new year bring happiness , stability and tranquility to ur vibrant colourful life:):)",6588.728294607926
4455,No problem with the renewal. I.ll do it right away but i dont know his details.,6589.581393396243
4456,Idk. I'm sitting here in a stop and shop parking lot right now bawling my eyes out because i feel like i'm a failure in everything. Nobody wants me and now i feel like i'm failing you.,6591.25676299161
4457,Haven't left yet so probably gonna be here til dinner,6597.625907251105
4458,"Like  &lt;#&gt; , same question",6598.144760505809
4459,MY NEW YEARS EVE WAS OK. I WENT TO A PARTY WITH MY BOYFRIEND. WHO IS THIS SI THEN HEY,6599.00830374331
4460,"Sir, I need Velusamy sir's date of birth and company bank facilities details.",6600.514293798285
4461,K k:) sms chat with me.,6601.318939443449
4462,I will come with karnan car. Please wait till 6pm will directly goto doctor.,6602.115881308559
4463,No but the bluray player can,6605.455519770108
4464,Ok... Then r we meeting later?,6605.692801533453
4465,Lol no. I just need to cash in my nitros. Hurry come on before I crash out!,6606.388985257501
4466,Just send a text. We'll skype later.,6606.4431276499545
4467,Ok leave no need to ask,6609.1349060785
4468,Ü still got lessons?  Ü in sch?,6614.23029096638
4469,Y she dun believe leh? I tot i told her it's true already. I thk she muz c us tog then she believe.,6619.900885554809
4470,Oh did you charge camera,6625.78415557512
4471,"I‘ve got some salt, you can rub it in my open wounds if you like!",6628.722255793772
4472,Now i'm going for lunch.,6629.017816345348
4473,I'm in school now n i'll be in da lab doing some stuff give me a call when ü r done.,6633.1654385640195
4474,Oh k. . I will come tomorrow,6633.819222815087
4475,"Aight, text me tonight and we'll see what's up",6634.911241159606
4476,U 2.,6636.792209075706
4477,Water logging in desert. Geoenvironmental implications.,6641.555776840618
4478,Raji..pls do me a favour. Pls convey my Birthday wishes to Nimya. Pls. Today is her birthday.,6643.423732109724
4479,Company is very good.environment is terrific and food is really nice:),6643.550876515101
4480,"Very strange.  and  are watching the 2nd one now but i'm in bed. Sweet dreams, miss u",6643.823875317715
4481,"Hi hope u r both ok, he said he would text and he hasn't, have u seen him, let me down gently please",6646.7419336578605
4482,"Babe! I fucking love you too !! You know? Fuck it was so good to hear your voice. I so need that. I crave it. I can't get enough. I adore you, Ahmad *kisses*",6646.867624967807
4483,K sure am in my relatives home. Sms me de. Pls:-),6647.055080974703
4484,I sent them. Do you like?,6649.344354551977
4485,"Fuuuuck I need to stop sleepin, sup",6649.880106781054
4486,I'm in town now so i'll jus take mrt down later.,6654.947425754519
4487,I just cooked a rather nice salmon a la you,6655.943763261162
4488,I uploaded mine to Facebook,6657.084262082104
4489,WHAT TIME U WRKIN?,6658.156558907189
4490,Okie,6660.934684464968
4491,"Sorry, I'll call later",6663.702045783022
4492,Oh oh... Den muz change plan liao... Go back have to yan jiu again...,6664.779209245506
4493,"It's wylie, you in tampa or sarasota?",6664.958536355201
4494,Ok... Take ur time n enjoy ur dinner...,6666.582451120508
4495,Darren was saying dat if u meeting da ge den we dun meet 4 dinner. Cos later u leave xy will feel awkward. Den u meet him 4 lunch lor.,6668.219360401039
4496,I like cheap! But i‘m happy to splash out on the wine if it makes you feel better..,6668.827097553752
4497,She.s fine. I have had difficulties with her phone. It works with mine. Can you pls send her another friend request.,6671.466908573002
4498,Ugh my leg hurts. Musta overdid it on mon.,6672.17518019707
4499,WOT STUDENT DISCOUNT CAN U GET ON BOOKS?,6672.71724341642
4500,Me fine..absolutly fine,6673.267447687691
4501,How come she can get it? Should b quite diff to guess rite...,6673.809223347005
4502,I will reach ur home in  &lt;#&gt;  minutes,6675.098189783832
4503,"Babe, I'm answering you, can't you see me ? Maybe you'd better reboot YM ... I got the photo ... It's great !",6676.357485999414
4504,Hi.what you think about match?,6680.26994826564
4505,"I know you are thinkin malaria. But relax, children cant handle malaria. She would have been worse and its gastroenteritis. If she takes enough to replace her loss her temp will reduce. And if you give her malaria meds now she will just vomit. Its a self limiting illness she has which means in a few days it will completely stop",6680.540472449775
4506,Dai i downloaded but there is only exe file which i can only run that exe after installing.,6681.866390081336
4507,It is only yesterday true true.,6681.866880017242
4508,K.k.how is your business now?,6682.615345908371
4509,3 pa but not selected.,6686.1658288130675
4510,I keep ten rs in my shelf:) buy two egg.,6690.604537814239
4511,I am late. I will be there at,6692.613726940347
4512,Well thats nice. Too bad i cant eat it,6693.692431062294
4513,I accidentally brought em home in the box,6696.074508631382
4514,Pls she needs to dat slowly or she will vomit more.,6696.51702791162
4515,I have to take exam with in march 3,6697.2283244117625
4516,"Jane babes not goin 2 wrk, feel ill after lst nite. Foned in already cover 4 me chuck.:-)",6698.051946167468
4517,5 nights...We nt staying at port step liao...Too ex,6698.247967097684
4518,If I die I want u to have all my stuffs.,6698.58899124663
4519,"""OH FUCK. JUSWOKE UP IN A BED ON A BOATIN THE DOCKS. SLEPT WID 25 YEAR OLD. SPINOUT! GIV U DA GOSSIP L8R. XXX""",6699.0514901269835
4520,Smile in Pleasure Smile in Pain Smile when trouble pours like Rain Smile when sum1 Hurts U Smile becoz SOMEONE still Loves to see u Smiling!!,6707.853738897187
4521,Prabha..i'm soryda..realy..frm heart i'm sory,6709.2924757296205
4522,I re-met alex nichols from middle school and it turns out he's dealing!,6714.652232884996
4523,It means u could not keep ur words.,6715.7930073216485
4524,"Nope, I'm still in the market",6716.418709409725
4525,I realise you are a busy guy and i'm trying not to be a bother. I have to get some exams outta the way and then try the cars. Do have a gr8 day,6720.647000380499
4526,Hey what how about your project. Started aha da.,6722.260240959676
4527,Ok cool. See ya then.,6723.861585604474
4528,Am on the uworld site. Am i buying the qbank only or am i buying it with the self assessment also?,6724.876120953017
4529,Your opinion about me? 1. Over 2. Jada 3. Kusruthi 4. Lovable 5. Silent 6. Spl character 7. Not matured 8. Stylish 9. Simple Pls reply..,6725.157067661138
4530,Yeah I can still give you a ride,6726.054038339332
4531,"Jay wants to work out first, how's 4 sound?",6726.766534435444
4532,"Gud gud..k, chikku tke care.. sleep well gud nyt",6728.733911405001
4533,Its a part of checking IQ,6728.956321066068
4534,Hmm thinking lor...,6729.610632919798
4535,Of course ! Don't tease me ... You know I simply must see ! *grins* ... Do keep me posted my prey ... *loving smile* *devouring kiss*,6729.736698099477
4536,thanks for the temales it was wonderful. Thank. Have a great week.,6732.1746908797
4537,Thank you princess! I want to see your nice juicy booty...,6732.759816410572
4538,Haven't eaten all day. I'm sitting here staring at this juicy pizza and I can't eat it. These meds are ruining my life.,6732.840425459263
4539,Gud ni8 dear..slp well..take care..swt dreams..Muah..,6733.507617442609
4540,U come n search tat vid..not finishd..,6736.210128569952
4541,"K I'm leaving soon, be there a little after 9",6736.60935851235
4542,"Yeah work is fine, started last week, all the same stuff as before, dull but easy and guys are fun!",6738.841976746755
4543,You do your studies alone without anyones help. If you cant no need to study.,6740.199704658591
4544,Please tell me not all of my car keys are in your purse,6741.542394657736
4545,I didnt get anything da,6742.608084560412
4546,Ok... Sweet dreams...,6744.723374162287
4547,Well she's in for a big surprise!,6747.067756602665
4548,"As usual..iam fine, happy &amp; doing well..:)",6748.495281589013
4549,1 in cbe. 2 in chennai.,6749.50351181363
4550,Can help u swoop by picking u up from wherever ur other birds r meeting if u want.,6754.0132226851665
4551,If anyone calls for a treadmill say you'll buy it. Make sure its working. I found an ad on Craigslist selling for $ &lt;#&gt; .,6754.864216662253
4552,I absolutely LOVE South Park! I only recently started watching the office.,6756.263375799765
4553,Did you see that film:),6758.268764046178
4554,Pls speak with me. I wont ask anything other then you friendship.,6759.543839383688
4555,"Storming msg: Wen u lift d phne, u say ""HELLO"" Do u knw wt is d real meaning of HELLO?? . . . It's d name of a girl..! . . . Yes.. And u knw who is dat girl?? ""Margaret Hello"" She is d girlfrnd f Grahmbell who invnted telphone... . . . . Moral:One can 4get d name of a person, bt not his girlfrnd... G o o d n i g h t . . .@",6759.942050378162
4556,Gud ni8.swt drms.take care,6763.1622543675885
4557,HI DARLIN ITS KATE ARE U UP FOR DOIN SOMETHIN TONIGHT? IM GOING TO A PUB CALLED THE SWAN OR SOMETHING WITH MY PARENTS FOR ONE DRINK SO PHONE ME IF U CAN,6764.85666962744
4558,Anything lar then ü not going home 4 dinner?,6767.212606676739
4559,"""ER, ENJOYIN INDIANS AT THE MO..yeP. SaLL gOoD HehE ;> hows bout u shexy? Pete Xx""",6768.188141382076
4560,Did u fix the teeth?if not do it asap.ok take care.,6769.8333038528735
4561,So u wan 2 come for our dinner tonight a not?,6776.884708301831
4562,"Hello.How u doing?What u been up 2?When will u b moving out of the flat, cos I will need to arrange to pick up the lamp, etc. Take care. Hello caroline!",6776.995322203728
4563,Its too late:)but its k.wish you the same.,6777.949347025444
4564,"Hi. Hope ur day * good! Back from walk, table booked for half eight. Let me know when ur coming over.",6777.956814021675
4565,Oh yeah clearly it's my fault,6779.925789606802
4566,Dunno leh cant remember mayb lor. So wat time r we meeting tmr?,6782.297304082544
4567,"Best msg: It's hard to be with a person, when u know that one more step foward will make u fall in love.. &amp; One step back can ruin ur friendship.. good night:-) ...",6787.91529594771
4568,"Helloooo... Wake up..! ""Sweet"" ""morning"" ""welcomes"" ""You"" ""Enjoy"" ""This Day"" ""with full of joy"".. ""GUD MRNG"".",6788.805418871848
4569,"Vikky, come around  &lt;TIME&gt; ..",6788.817535208998
4570,"And how you will do that, princess? :)",6790.563892085396
4571,I have gone into get info bt dont know what to do,6791.075958594254
4572,"Yeah, probably here for a while",6792.692353304242
4573,Sent me ur email id soon,6793.021104653003
4574,I'm still pretty weak today .. Bad day ?,6794.470184996669
4575,Hey ! Don't forget ... You are MINE ... For ME ... My possession ... MY property ... MMM ... *childish smile* ...,6795.5943035841365
4576,An excellent thought by a misundrstud frnd: I knw u hate me bt the day wen u'll knw the truth u'll hate urself:-( Gn:-),6796.293723103271
4577,Hey! Congrats 2u2. id luv 2 but ive had 2 go home!,6797.239739272192
4578,Dear where you. Call me,6800.367331709813
4579,Xy trying smth now. U eat already? We havent...,6806.666009327811
4580,I donno its in your genes or something,6808.0951787915155
4581,Alex says he's not ok with you not being ok with it,6809.895213476749
4582,Are u coming to the funeral home,6811.035340536174
4583,My darling sister. How are you doing. When's school resuming. Is there a minimum wait period before you reapply? Do take care,6812.247487149591
4584,I.ll hand her my phone to chat wit u,6812.268444367125
4585,Well good morning mr . Hows london treatin' ya treacle?,6812.699732654292
4586,I can't make it tonight,6813.585816423639
4587,At WHAT TIME should i come tomorrow,6814.493209078937
4588,About  &lt;#&gt; bucks. The banks fees are fixed. Better to call the bank and find out.,6816.414419637942
4589,"I can. But it will tell quite long, cos i haven't finish my film yet...",6818.659246575563
4590,Pls ask macho how much is budget for bb bold 2 is cos i saw a new one for  &lt;#&gt;  dollars.,6821.089609215288
4591,"""Hi missed your Call and my mumHas beendropping red wine all over theplace! what is your adress?""",6822.714408573403
4592,Ill be at yours in about 3 mins but look out for me,6825.953940487474
4593,What you did in  leave.,6826.711763192346
4594,I'm coming back on Thursday. Yay. Is it gonna be ok to get the money. Cheers. Oh yeah and how are you. Everything alright. Hows school. Or do you call it work now,6827.2593584086835
4595,"Jolly good! By the way,  will give u tickets for sat eve 7.30. Speak before then x",6832.426574336874
4596,"yeah, that's what I was thinking",6832.802444710851
4597,K.k:)i'm going to tirunelvali this week to see my uncle ..i already spend the amount by taking dress .so only i want money.i will give it on feb 1,6834.26865752294
4598,Here got ur favorite oyster... N got my favorite sashimi... Ok lar i dun say already... Wait ur stomach start rumbling...,6834.594637815055
4599,My sister going to earn more than me da.,6835.235068633159
4600,Hahaha..use your brain dear,6837.995455150839
4601,Jus finish watching tv... U?,6839.128445343624
4602,"K, fyi I'm back in my parents' place in south tampa so I might need to do the deal somewhere else",6839.278309901683
4603,"Good morning, my Love ... I go to sleep now and wish you a great day full of feeling better and opportunity ... You are my last thought babe, I LOVE YOU *kiss*",6839.76288540039
4604,Kothi print out marandratha.,6841.002773996551
4605,But we havent got da topic yet rite?,6841.4340028507495
4606,Ok no problem... Yup i'm going to sch at 4 if i rem correctly...,6842.776759808113
4607,"Thanks, I'll keep that in mind",6844.833092533488
4608,Aah bless! How's your arm?,6844.845750843697
4609,"Dear Sir,Salam Alaikkum.Pride and Pleasure meeting you today at the Tea Shop.We are pleased to send you our contact number at Qatar.Rakhesh an Indian.Pls save our Number.Respectful Regards.",6847.432125721928
4610,"Gal n boy walking in d park. gal-can i hold ur hand? boy-y? do u think i would run away? gal-no, jst wana c how it feels walking in heaven with an prince..GN:-)",6848.3475329225585
4611,What makes you most happy?,6849.753926674311
4612,Wishing you a wonderful week.,6849.9469196375385
4613,Sweet heart how are you?,6851.616371852135
4614,"Sir, waiting for your letter.",6852.496364476996
4615,Dude im no longer a pisces. Im an aquarius now.,6854.678552081218
4616,X course it 2yrs. Just so her messages on messenger lik you r sending me,6855.326581069672
4617,I think steyn surely get one wicket:),6856.434623135047
4618,"Neither [in sterm voice] - i'm studying. All fine with me! Not sure the  thing will be resolved, tho. Anyway. Have a fab hols",6860.030424337043
4619,"Garbage bags, eggs, jam, bread, hannaford wheat chex",6860.290623567059
4620,No. It's not pride. I'm almost  &lt;#&gt;  years old and shouldn't be takin money from my kid. You're not supposed to have to deal with this stuff. This is grownup stuff--why i don't tell you.,6861.4840445171
4621,Sounds better than my evening im just doing my costume. Im not sure what time i finish tomorrow but i will txt you at the end.,6861.851935910358
4622,My birthday is on feb  &lt;#&gt;  da. .,6862.851573341046
4623,So when do you wanna gym?,6863.219620152575
4624,You'd like that wouldn't you? Jerk!,6863.604173800685
4625,Are u awake? Is there snow there?,6863.737115340702
4626,And of course you should make a stink!,6863.786122412121
4627,No go. No openings for that room 'til after thanksgiving without an upcharge.,6864.035694141746
4628,When you guys planning on coming over?,6866.178568411462
4629,Wat ü doing now?,6866.7460858266795
4630,"My Parents, My Kidz, My Friends n My Colleagues. All screaming.. SURPRISE !! and I was waiting on the sofa.. ... ..... ' NAKED...!",6868.467009081393
4631,No sir. That's why i had an 8-hr trip on the bus last week. Have another audition next wednesday but i think i might drive this time.,6868.6192296943855
4632,Do I? I thought I put it back in the box,6869.475689438752
4633,I'm home...,6871.456996966407
4634,No one interested. May be some business plan.,6874.095181900934
4635,Yup it's at paragon... I havent decided whether 2 cut yet... Hee...,6874.8483807031
4636,Good morning princess! Have a great day!,6875.112560756489
4637,Guai... Ü shd haf seen him when he's naughty... Ü so free today? Can go jogging...,6875.835870368475
4638,Aiyo cos i sms ü then ü neva reply so i wait 4 ü to reply lar. I tot ü havent finish ur lab wat.,6876.8036498822
4639,"Living is very simple.. Loving is also simple.. Laughing is too simple.. Winning is tooo simple.. But, Being 'SIMPLE' is very difficult...;-) :-)",6877.118715138962
4640,Tell me something. Thats okay.,6878.766470884593
4641,Ok,6879.703419028438
4642,Hmm. Shall i bring a bottle of wine to keep us amused? Just joking! I'll still bring a bottle. Red or white? See you tomorrow,6879.904867299113
4643,This is ur face test ( 1 2 3 4 5 6 7 8 9  &lt;#&gt;  ) select any number i will tell ur face astrology.... am waiting. quick reply...,6880.897882340748
4644,"Hey, iouri gave me your number, I'm wylie, ryan's friend",6881.368814519198
4645,Yep get with the program. You're slacking.,6883.207929274435
4646,I'm in inside office..still filling forms.don know when they leave me.,6891.353248297014
4647,"I think your mentor is , but not 100 percent sure.",6892.538872078176
4648,Just trying to figure out when I'm suppose to see a couple different people this week. We said we'd get together but I didn't set dates,6892.883123153184
4649,Hi mom we might be back later than  &lt;#&gt;,6893.280985693527
4650,"Lol, oh you got a friend for the dog ?",6893.330306340619
4651,"Ok., is any problem to u frm him? Wats matter?",6893.994909574184
4652,"K I'll head out in a few mins, see you there",6894.082027059055
4653,Do u konw waht is rael FRIENDSHIP Im gving yuo an exmpel: Jsut ese tihs msg.. Evrey splleing of tihs msg is wrnog.. Bt sitll yuo can raed it wihtuot ayn mitsake.. GOODNIGHT &amp; HAVE A NICE SLEEP..SWEET DREAMS..,6894.798246577491
4654,I cant pick the phone right now. Pls send a message,6895.292975960105
4655,I don't want you to leave. But i'm barely doing what i can to stay sane. fighting with you constantly isn't helping.,6896.049865588141
4656,Somebody set up a website where you can play hold em using eve online spacebucks,6896.082173350312
4657,Its sunny in california. The weather's just cool,6896.110307280736
4658,"I can make it up there, squeezed  &lt;#&gt;  bucks out of my dad",6898.002409367212
4659,Good day to You too.Pray for me.Remove the teeth as its painful maintaining other stuff.,6898.472280168242
4660,How are you babes. Hope your doing ok. I had a shit nights sleep. I fell asleep at 5.Im knackered and im dreading work tonight. What are thou upto tonight. X,6900.175073438216
4661,How do friends help us in problems? They give the most stupid suggestion that Lands us into another problem and helps us forgt the previous problem,6901.821073546364
4662,I'm at work. Please call,6901.970040307642
4663,I will be gentle baby! Soon you will be taking all  &lt;#&gt;  inches deep inside your tight pussy...,6902.210008089012
4664,NOT MUCH NO FIGHTS. IT WAS A GOOD NITE!!,6903.086271572309
4665,Ok.ok ok..then..whats ur todays plan,6904.582902056877
4666,Nt joking seriously i told,6906.374004007851
4667,Watching ajith film ah?,6908.699135775949
4668,Ooooooh I forgot to tell u I can get on yoville on my phone,6910.061533130477
4669,"All done, all handed in. Don't know if mega shop in asda counts as celebration but thats what i'm doing!",6913.382029096148
4670,I dont know exactly could you ask chechi.,6914.12940598738
4671,Dunno lei shd b driving lor cos i go sch 1 hr oni.,6918.563458734758
4672,As in i want custom officer discount oh.,6918.611079665028
4673,That's necessarily respectful,6919.724322201026
4674,Hi. Hope you had a good day. Have a better night.,6924.120464634724
4675,And he's apparently bffs with carly quick now,6924.264804389603
4676,HARD BUT TRUE: How much you show &amp;  express your love to someone....that much it will hurt when they leave you or you get seperated...!鈥┾??〨ud evening...,6927.344913264859
4677,Babes I think I got ur brolly I left it in English wil bring it in 2mrw 4 u luv Franxx,6927.422425996035
4678,Hi babe its me thanks for coming even though it didnt go that well!i just wanted my bed! Hope to see you soon love and kisses xxx,6930.105083098939
4679,So gd got free ice cream... I oso wan...,6932.855469546112
4680,Pls give her prometazine syrup. 5mls then  &lt;#&gt; mins later feed.,6933.060851408287
4681,So how many days since then?,6937.790677674435
4682,Dear are you angry i was busy dear,6940.252556831562
4683,Yup he msg me: is tat yijue? Then i tot it's my group mate cos we meeting today mah... I'm askin if ü leaving earlier or wat mah cos mayb ü haf to walk v far...,6940.614754311519
4684,... Are you in the pub?,6941.350443873918
4685,There is a first time for everything :),6943.584076087912
4686,"Daddy, shu shu is looking 4 u... U wan me 2 tell him u're not in singapore or wat?",6946.100665758733
4687,I ask if u meeting da ge tmr nite...,6950.1166288664435
4688,Gr8. So how do you handle the victoria island traffic. Plus when's the album due,6951.945333309751
4689,Nite nite pocay wocay luv u more than n e thing 4eva I promise ring u 2morrowxxxx,6952.913653866016
4690,East coast,6953.434701303426
4691,You should get more chicken broth if you want ramen unless there's some I don't know about,6954.241602625872
4692,My slave! I want you to take 2 or 3 pictures of yourself today in bright light on your cell phone! Bright light!,6954.650171259246
4693,Nope. I just forgot. Will show next week,6955.368380432119
4694,So how are you really. What are you up to. How's the masters. And so on.,6956.013068098605
4695,I'm at bruce &amp; fowler now but I'm in my mom's car so I can't park (long story),6956.533324951759
4696,I dont know oh. Hopefully this month.,6957.939839737063
4697,"Hi elaine, is today's meeting confirmed?",6960.268303344587
4698,Ok k..sry i knw 2 siva..tats y i askd..,6961.485105720014
4699,"Sorry, I'll call later",6962.307240319696
4700,U horrible gal... U knew dat i was going out wif him yest n u still come n ask me...,6963.095163346097
4701,Otherwise had part time job na-tuition..,6965.142617143442
4702,Oh yeah! And my diet just flew out the window,6972.452920512092
4703,You didnt complete your gist oh.,6973.4592315319305
4704,"Er yeah, i will b there at 15:26, sorry! Just tell me which pub/cafe to sit in and come wen u can",6979.047863832779
4705,"If you can make it any time tonight or whenever you can it's cool, just text me whenever you're around",6979.677273233512
4706,If I was I wasn't paying attention,6980.386104989741
4707,Thanx a lot 4 ur help!,6981.276895983325
4708,You're gonna have to be way more specific than that,6981.543077274105
4709,Jesus armand really is trying to tell everybody he can find,6982.412614142743
4710,I'm wif him now buying tix lar...,6982.524992514928
4711,Mode men or have you left.,6982.734525474947
4712,Am slow in using biola's fne,6984.956104404132
4713,"""What are youdoing later? Sar xxx""",6985.091060729364
4714,Hey i've booked the 2 lessons on sun liao...,6987.610465993411
4715,Thank you. do you generally date the brothas?,6988.402998987329
4716,"By the way, make sure u get train to worc foregate street not shrub hill. Have fun night x",6990.902235414293
4717,"I thought i'd get him a watch, just cos thats the kind of thing u get4an18th. And he loves so much!",6991.780831423095
4718,Good morning. At the repair shop--the ONLY reason i'm up at this hour.,6991.824282607122
4719,"And that's fine, I got enough bud to last most of the night at least",6994.7010803658995
4720,I am back. Good journey! Let me know if you need any of the receipts. Shall i tell you like the pendent?,6994.8810312725145
4721,So that takes away some money worries,6995.1386734861035
4722,"aight we can pick some up, you open before tonight?",6997.680166289934
4723,Sac needs to carry on:),6998.021775601626
4724,Just sing HU. I think its also important to find someone female that know the place well preferably a citizen that is also smart to help you navigate through. Even things like choosing a phone plan require guidance. When in doubt ask especially girls.,6998.329878284753
4725,What???? Hello wats talks email address?,7002.751029487859
4726,Except theres a chick with huge boobs.,7003.7278261267165
4727,Im just wondering what your doing right now?,7008.751297125184
4728,Wishing you a beautiful day. Each moment revealing even more things to keep you smiling. Do enjoy it.,7010.321934189747
4729,Arun can u transfr me d amt,7010.808104368684
4730,"Sorry, I'll call later",7011.146084693739
4731,If you hear a loud scream in about &lt;#&gt; minutes its cause my Gyno will be shoving things up me that don't belong :/,7011.631559662982
4732,Ok i thk i got it. Then u wan me 2 come now or wat?,7013.830368523907
4733,U GOIN OUT 2NITE?,7019.924308970702
4734,I will treasure every moment we spend together...,7023.271480946729
4735,Shall I bring us a bottle of wine to keep us amused? Only joking! I‘ll bring one anyway,7025.8358820196445
4736,Ok lor.,7026.943318101717
4737,I thought slide is enough.,7027.93127206453
4738,Yup,7028.737162846259
4739,Well obviously not because all the people in my cool college life went home ;_;,7030.048002152125
4740,Ok lor ü reaching then message me.,7031.7984755924845
4741,Where's mummy's boy ? Is he being good or bad ? Is he being positive or negative ? Why is mummy being made to wait? Hmmmm?,7033.025290438722
4742,Dhoni have luck to win some big title.so we will win:),7034.5788724464655
4743,Yes princess! I want to please you every night. Your wish is my command...,7037.63666951258
4744,What Today-sunday..sunday is holiday..so no work..,7040.638125016031
4745,No probably  &lt;#&gt; %.,7041.781910642906
4746,Really do hope the work doesnt get stressful. Have a gr8 day.,7042.92732398207
4747,Have you seen who's back at Holby?!,7047.144670328958
4748,Shall call now dear having food,7047.404979284097
4749,So li hai... Me bored now da lecturer repeating last weeks stuff waste time...,7047.990691313832
4750,", ,  and  picking them up from various points | going 2 yeovil | and they will do the motor project 4 3 hours | and then u take them home. || 12 2 5.30 max. || Very easy",7049.584125765704
4751,Also fuck you and your family for going to rhode island or wherever the fuck and leaving me all alone the week I have a new bong &gt;:(,7050.733332300982
4752,Ofcourse I also upload some songs,7052.715783112337
4753,K. I will sent it again,7053.222600014774
4754,Oh thanks a lot..i already bought 2 eggs ..,7056.3550354154995
4755,K. I will sent it again,7058.636564985168
4756,U studying in sch or going home? Anyway i'll b going 2 sch later.,7058.692146974084
4757,I think if he rule tamilnadu..then its very tough for our people.,7059.829165958791
4758,"Cool, we shall go and see, have to go to tip anyway. Are you at home, got something to drop in later? So lets go to town tonight! Maybe mum can take us in.",7061.775452220041
4759,"Good afternoon, my love ... How goes your day ? How did you sleep ? I hope your well, my boytoy ... I think of you ...",7061.799480930144
4760,Yes... I trust u to buy new stuff ASAP so I can try it out,7062.1272717277725
4761,Why did I wake up on my own &gt;:(,7064.220671550676
4762,Now get step 2 outta the way. Congrats again.,7064.4331094231575
4763,Love has one law; Make happy the person you love. In the same way friendship has one law; Never make ur friend feel alone until you are alive.... Gud night,7064.553440506703
4764,Apo all other are mokka players only,7064.9923236832265
4765,"Perhaps * is much easy give your account identification, so i will tomorrow at UNI",7065.471525927679
4766,Wait . I will msg after  &lt;#&gt;  min.,7065.510355697856
4767,What i told before i tell. Stupid hear after i wont tell anything to you. You dad called to my brother and spoken. Not with me.,7065.697553822734
4768,God's love has no limit. God's grace has no measure. God's power has no boundaries. May u have God's endless blessings always in ur life...!! Gud ni8,7066.889869663106
4769,I want to be inside you every night...,7072.556344879041
4770,"Machan you go to gym tomorrow,  i wil come late goodnight.",7073.815486836558
4771,Lol they were mad at first but then they woke up and gave in.,7074.189240714398
4772,I went to project centre,7074.400995141801
4773,"It‘s reassuring, in this crazy world.",7077.258546932706
4774,"Just making dinner, you ?",7077.941355584489
4775,Yes. Please leave at  &lt;#&gt; . So that at  &lt;#&gt;  we can leave,7079.015709791586
4776,Oh... Okie lor...We go on sat...,7079.707999805177
4777,You are a great role model. You are giving so much and i really wish each day for a miracle but God as a reason for everything and i must say i wish i knew why but i dont. I've looked up to you since i was young and i still do. Have a great day.,7081.97373258933
4778,"Ya, i'm referin to mei's ex wat... No ah, waitin 4 u to treat, somebody shld b rich liao...So gd, den u dun have to work frm tmr onwards...",7083.609863234432
4779,Miles and smiles r made frm same letters but do u know d difference..? smile on ur face keeps me happy even though I am miles away from u.. :-)keep smiling.. Good nyt,7083.971511636337
4780,"By the way, i've put a skip right outside the front of the house so you can see which house it is. Just pull up before it.",7084.0366028749295
4781,Can you pls send me that company name. In saibaba colany,7085.854794488352
4782,No. I dont want to hear anything,7087.435913217139
4783,You are a big chic. Common. Declare,7088.799448207255
4784,Thats cool. I want to please you...,7089.656443706921
4785,Going to join tomorrow.,7089.674136121627
4786,I want to tell you how bad I feel that basically the only times I text you lately are when I need drugs,7089.689171203414
4787,"Total disappointment, when I texted you was the craziest shit got :(",7090.986223086869
4788,Its just the effect of irritation. Just ignore it,7093.8567843835435
4789,What about this one then.,7095.838216444709
4790,I think that tantrum's finished so yeah I'll be by at some point,7095.931394676122
4791,Compliments to you. Was away from the system. How your side.,7097.9884738543415
4792,happened here while you were adventuring,7098.181754196331
4793,"Hey chief, can you give me a bell when you get this. Need to talk to you about this royal visit on the 1st june.",7100.397942264888
4794,Ok which your another number,7101.478343697849
4795,"I know you are thinkin malaria. But relax, children cant handle malaria. She would have been worse and its gastroenteritis. If she takes enough to replace her loss her temp will reduce. And if you give her malaria meds now she will just vomit. Its a self limiting illness she has which means in a few days it will completely stop",7101.600161692717
4796,Aiyah ok wat as long as got improve can already wat...,7101.711606022147
4797,I can't believe how attached I am to seeing you every day. I know you will do the best you can to get to me babe. I will go to teach my class at your midnight,7102.320070134082
4798,Just sleeping..and surfing,7102.815333217357
4799,Yeah it's jus rite...,7103.99233005592
4800,Armand says get your ass over to epsilon,7106.940417760758
4801,U still havent got urself a jacket ah?,7107.0708009335185
4802,"I'm taking derek &amp; taylor to walmart, if I'm not back by the time you're done just leave the mouse on my desk and I'll text you when priscilla's ready",7108.253922891842
4803,Hi its in durban are you still on this number,7109.196605703927
4804,Ic. There are a lotta childporn cars then.,7112.462372821122
4805,"No, I was trying it all weekend ;V",7112.463266813145
4806,"You know, wot people wear. T shirts, jumpers, hat, belt, is all we know. We r at Cribbs",7116.738246548417
4807,"Cool, what time you think you can get here?",7118.252751251622
4808,Wen did you get so spiritual and deep. That's great,7119.4100933408145
4809,Have a safe trip to Nigeria. Wish you happiness and very soon company to share moments with,7119.798231877193
4810,Hahaha..use your brain dear,7121.187228869996
4811,Well keep in mind I've only got enough gas for one more round trip barring a sudden influx of cash,7121.494167222048
4812,Yeh. Indians was nice. Tho it did kane me off a bit he he. We shud go out 4 a drink sometime soon. Mite hav 2 go 2 da works 4 a laugh soon. Love Pete x x,7122.661932991325
4813,Yes i have. So that's why u texted. Pshew...missing you so much,7123.123393320466
4814,No. I meant the calculation is the same. That  &lt;#&gt; units at  &lt;#&gt; . This school is really expensive. Have you started practicing your accent. Because its important. And have you decided if you are doing 4years of dental school or if you'll just do the nmde exam.,7127.061653479095
4815,"Sorry, I'll call later",7127.451039833751
4816,if you aren't here in the next  &lt;#&gt;  hours imma flip my shit,7128.080513666156
4817,Anything lor. Juz both of us lor.,7128.466163461437
4818,Get me out of this dump heap. My mom decided to come to lowes. BORING.,7129.850567926821
4819,Ok lor... Sony ericsson salesman... I ask shuhui then she say quite gd 2 use so i considering...,7132.027081043425
4820,Ard 6 like dat lor.,7132.60723752014
4821,Why don't you wait 'til at least wednesday to see if you get your .,7133.736124958158
4822,Huh y lei...,7136.794626113183
4823,Will ü b going to esplanade fr home?,7137.019017126455
4824,"Pity, * was in mood for that. So...any other suggestions?",7138.168203729512
4825,The guy did some bitching but I acted like i'd be interested in buying something else next week and he gave it to us for free,7139.796059289723
4826,Rofl. Its true to its name,7142.023961181639
4827,Let me know when you reach,7144.046814581312
4828,Let me know when you reach,7145.113176134145
4829,Happy birthday!,7148.32558237421
4830,"Hey, where are you?",7148.343375649046
4831,"Got it, thanks!",7148.995353433956
4832,"Got it, thanks!",7149.2117039960385
4833,Are we still on for tonight?,7150.5927552417415
4834,"Hey, where are you?",7150.652258355579
4835,I will be late by 10 mins,7155.946039517387
4836,"Got it, thanks!",7166.550085580095
4837,"Ok, see you there",7168.39666426515
4838,Please bring some milk on your way home,7169.487211166882
4839,"Hey, where are you?",7169.74387605828
4840,Please bring some milk on your way home,7170.453275380848
4841,Are we still on for tonight?,7172.070422430766
4842,"Got it, thanks!",7172.598831532216
4843,Can you call me back?,7174.250447186619
4844,Happy birthday!,7174.446606634458
4845,I will be late by 10 mins,7175.13341184175
4846,Let me know when you reach,7175.693603340367
4847,I will be late by 10 mins,7176.276436659795
4848,Can you call me back?,7176.396599796888
4849,"Hey, where are you?",7177.381002918755
4850,Can you call me back?,7179.320999074442
4851,"Hey, where are you?",7180.469091440757
4852,Please bring some milk on your way home,7180.675325793489
4853,"Hey, where are you?",7182.270422202914
4854,"Hey, where are you?",7183.184797402267
4855,"Hey, where are you?",7183.679250206518
4856,"Ok, see you there",7183.771175270919
4857,Let me know when you reach,7184.365009056099
4858,Please bring some milk on your way home,7189.444364342535
4859,Can you call me back?,7191.553332710532
4860,"Hey, where are you?",7192.181966011951
4861,"Ok, see you there",7195.358807103826
4862,Please bring some milk on your way home,7195.806734747178
4863,Can you call me back?,7197.798716563985
4864,"Ok, see you there",7197.828295900674
4865,"Ok, see you there",7198.603923644592
4866,"Ok, see you there",7198.836543565852
4867,I will be late by 10 mins,7199.529480505684
4868,Are we still on for tonight?,7202.727227408023
4869,"Got it, thanks!",7204.302180153682
4870,Please bring some milk on your way home,7204.355264489708
4871,Are we still on for tonight?,7205.998466915166
4872,I will be late by 10 mins,7206.667709813106
4873,Happy birthday!,7210.391170575361
4874,"Hey, where are you?",7210.452180066996
4875,"Ok, see you there",7210.8144410616005
4876,Happy birthday!,7213.468380646154
4877,"Ok, see you there",7216.254779125124
4878,"Ok, see you there",7216.837728417401
4879,"Ok, see you there",7218.49706204285
4880,I will be late by 10 mins,7218.5888267928485
4881,Please bring some milk on your way home,7219.020049509582
4882,"Hey, where are you?",7220.011148762756
4883,Can you call me back?,7220.812174320501
4884,Please bring some milk on your way home,7221.742622792675
4885,"Got it, thanks!",7224.248348546179
4886,"Ok, see you there",7224.792767378268
4887,"Hey, where are you?",7225.529326260568
4888,Can you call me back?,7225.702513158825
4889,Can you call me back?,7229.951668181577
4890,Happy birthday!,7233.854104741097
4891,Please bring some milk on your way home,7237.074980795458
4892,"Ok, see you there",7238.140645351027
4893,"Got it, thanks!",7239.222039838306
4894,Let me know when you reach,7242.139493055584
4895,Happy birthday!,7248.974063233614
4896,Let me know when you reach,7250.304236083638
4897,Happy birthday!,7256.190281163726
4898,Can you call me back?,7258.221687646221
4899,"Hey, where are you?",7266.237125230964
4900,Can you call me back?,7266.932685588501
4901,Happy birthday!,7269.438909889768
4902,Happy birthday!,7272.963661516357
4903,Let me know when you reach,7273.84892401606
4904,"Hey, where are you?",7275.307436125563
4905,Can you call me back?,7276.351537497736
4906,Happy birthday!,7276.80483832831
4907,Let me know when you reach,7276.94841222843
4908,"Ok, see you there",7277.940119132747
4909,"Got it, thanks!",7277.998476987925
4910,Are we still on for tonight?,7280.60877058791
4911,I will be late by 10 mins,7282.552939602026
4912,"Got it, thanks!",7285.121621204626
4913,"Ok, see you there",7285.906795466069
4914,I will be late by 10 mins,7286.8622170645185
4915,Let me know when you reach,7289.5957209005255
4916,Are we still on for tonight?,7290.996058797605
4917,"Hey, where are you?",7292.531861919106
4918,Can you call me back?,7292.644387971417
4919,Happy birthday!,7294.286569522841
4920,Can you call me back?,7298.096293109632
4921,Happy birthday!,7302.450537734832
4922,"Got it, thanks!",7303.182603844847
4923,"Hey, where are you?",7303.54593997815
4924,Are we still on for tonight?,7303.934207981401
4925,Let me know when you reach,7306.6915607279725
4926,"Ok, see you there",7307.8718659944225
4927,Happy birthday!,7309.8684567848595
4928,Happy birthday!,7313.696128067214
4929,"Ok, see you there",7314.06945202414
4930,"Hey, where are you?",7314.249615619018
4931,Let me know when you reach,7314.8674460516495
4932,Are we still on for tonight?,7316.697623979554
4933,"Ok, see you there",7316.963977192609
4934,Please bring some milk on your way home,7316.982128897526
4935,Are we still on for tonight?,7317.5784508309525
4936,Happy birthday!,7320.274218534975
4937,"Got it, thanks!",7320.333161245058
4938,I will be late by 10 mins,7321.362269544994
4939,"Got it, thanks!",7321.511082420744
4940,Happy birthday!,7322.113760321098
4941,"Got it, thanks!",7327.034947351508
4942,"Ok, see you there",7328.907444719029
4943,I will be late by 10 mins,7330.4243790621
4944,"Got it, thanks!",7335.870739175073
4945,Please bring some milk on your way home,7337.850025763448
4946,"Got it, thanks!",7338.486709582266
4947,"Hey, where are you?",7339.747140741774
4948,Happy birthday!,7340.04423063632
4949,Let me know when you reach,7341.040731013176
4950,I will be late by 10 mins,7341.866001697888
4951,Let me know when you reach,7342.062060970037
4952,I will be late by 10 mins,7343.147410674738
4953,"Ok, see you there",7343.881500249228
4954,"Hey, where are you?",7345.02487796518
4955,"Ok, see you there",7348.9933598943435
4956,Happy birthday!,7349.48778525911
4957,Are we still on for tonight?,7351.504926391835
4958,Happy birthday!,7352.857135014194
4959,"Hey, where are you?",7355.905162961643
4960,Let me know when you reach,7357.759602948869
4961,Happy birthday!,7358.388934081203
4962,Can you call me back?,7364.031913002368
4963,Can you call me back?,7364.266721746705
4964,Can you call me back?,7364.890820972525
4965,"Got it, thanks!",7365.090732890677
4966,Let me know when you reach,7367.054835483168
4967,I will be late by 10 mins,7367.275082672092
4968,"Got it, thanks!",7372.169048121707
4969,Happy birthday!,7372.213232859433
4970,Can you call me back?,7374.358915156923
4971,Are we still on for tonight?,7381.650133685762
4972,Are we still on for tonight?,7387.144977053829
4973,Are we still on for tonight?,7388.107463079718
4974,I will be late by 10 mins,7388.265958320963
4975,Please bring some milk on your way home,7389.484965209654
4976,Can you call me back?,7391.443848000701
4977,Can you call me back?,7393.721761187368
4978,"Got it, thanks!",7394.301595412647
4979,"Got it, thanks!",7394.340190224805
4980,Let me know when you reach,7395.255133106972
4981,Are we still on for tonight?,7396.2019658445915
4982,Let me know when you reach,7400.387630149713
4983,Are we still on for tonight?,7401.324647878929
4984,Let me know when you reach,7402.001979923131
4985,"Hey, where are you?",7402.237513312074
4986,Can you call me back?,7404.70035076606
4987,Please bring some milk on your way home,7404.878476012103
4988,"Hey, where are you?",7405.163367597868
4989,Please bring some milk on your way home,7407.125713167558
4990,Are we still on for tonight?,7409.4419114749435
4991,Happy birthday!,7411.996930462151
4992,Are we still on for tonight?,7415.772382522023
4993,Are we still on for tonight?,7419.079368483616
4994,Are we still on for tonight?,7419.61909917585
4995,Please bring some milk on your way home,7420.707453885493
4996,"Hey, where are you?",7422.056626725532
4997,Let me know when you reach,7422.806992171836
4998,"Got it, thanks!",7425.372457595136
4999,"Hey, where are you?",7427.926661937065
