msg_id,text,timestamp
0,thanks! I've been here all day but neglecting my twitter,0.2096297266124108
1,Another sales pitch today for a potential #surface customer. I do more sales than development these days,0.33359947407163915
2,Waiting at the airport for my ride while I get harassed by 2 men trying to sell me ugly hats.. Why me?! I just want to sleep..,0.490035007294643
3,I know what you mean.. its always like that in Malabon.,1.1058898537483128
4,has a really bad cold,1.1556230947902497
5,I'm not in mood+situation to write internals but will have to write DMW tomo,1.1583467095306301
6,"just writ a thing, it is spamming people with tickets for bands with &quot;that word&quot; in. Probably children too",1.2138111306923198
7,"i wanna see twilight again. love it, but i don't have the dvd. oh well... guess i surive.",1.8763838640909922
8,noo I got this wack ass iPhone,1.8992840631158205
9,"I NEVER THOUGHT THAT I COULD HATE SOMBODY, BUT I REALLY HATE YOU ï¿½TOBE D....ï¿½, I ONLY GAVE YOU ALL OF MY LOVE AND YOU PAY ME SO BAD!",1.9049968866795988
10,I'm making a cup of tea. It's steeping now. The dog is out on the porch. The door is also open. I hope That not bugs come inside.,1.907663339875719
11,Today's weather really sucks compared to yesterday,2.1655816861077604
12,At my dads talent show dinner thing. No one else is here yet my parents are to busy schmoozing so i am sitting by myself at our table.,2.166788011237577
13,Its 5am and I'm awake,2.2099864678644887
14,"really now, time for sleep. dreaming of my city, more tattoos, and other great things. waking up to early morning sociology",2.4601732053755305
15,:| dat one hurt my feelings,2.4856600132365827
16,i just want to sleep,2.4871035706970206
17,I strongly dislike people who make stupid comments and dont know the whole story,2.6218964797684396
18,"pears &amp; Brie, bottle of Cabernet, and &quot;Win a Date With Tad Hamilton&quot;... oh gawwd my life flashed forward to when I'm 40 with my 75 cats",2.8015853350662883
19,Wondering why gamebattles is down,2.9293229021994214
20,- too difficult??? who ARE these people?? no doubt the ones who only ever see Africans as starving and helpless - grrrrrr,2.9424200805745158
21,wishing i was 5 again,3.0083685191991587
22,5 months since the Metro Station &amp; Cash Cash concert,3.026100867623051
23,I am really digging this weather too bad I have to serve people wings today inside,3.0828956128468
24,it'll take 3 days for my sister to get her passport,3.1345652673641102
25,throat to 'just stop',3.3516792175122436
26,"Last day at home today Catching the train at 10am tomorrow. Has been a nice break! But now I need some breakfast, a shower and a shave!",3.4340627749097408
27,i must go...,3.542734090512916
28,OMJ the Jonas Brothers still are NOT comming to Australia I&quot;m like thir biggest fan EVA lol and i still luv Joe the Sexiest guy eva lol,3.5465431018077136
29,I have huge head ache,3.755610437339397
30,"with Cody, but that was horrible. never again. I'm traumatized",3.8610731878429103
31,i think i might be coming down with something,4.3760340327810585
32,Ahhhhh so when are you leaving? Will you not make Friday?,4.5504159639544115
33,can't believe the crap that's on the radio. i need in my life,4.748245522098692
34,"trying to figure out what exactly this thing does, how it works, etc...i guess it really does take me while to figure these sites out",4.953431559937566
35,Yawn!! Just got up. Getting ready for school.,5.083615626762134
36,has had a really unproductive day I've got loads to doo arghh,5.153231055360338
37,"Retired to bed now, bit of gta ds before sleeping. Hip still poorly",5.326611660139779
38,Emily will be glad when Mommy is done training at her new job. She misses her.,5.3441079796921676
39,lol yeah iv been thinking about it. probobly wount do it. dont have the money,5.52341562710076
40,"I thank everyone for following me. I am on Twitter most of the day, I am unemployed at the moment",5.545073459694391
41,"i'm in my clinic, its booring",5.640690933207408
42,I ragequit because I died like 5 times haha. BUT GOOD LUCK TO YOU!,5.65278130321058
43,I'm in season five...around episode 6 or 7...and I'm starting to like Will Bailey. But I feel like I'm cheating on Sam Seaborn,5.826301874175493
44,So do we. The appropriate authorities have been informed.,5.8618903024332525
45,they are saying on the radio that they've found that some fast food has a high level of saturated fat- why did nobody tell me,5.887845230533495
46,Finished the second research paper of the week. It's Tuesday...kind of. Kill me. Test Friday.,5.995059082658311
47,"no, i don't have money, i'm very upset too",6.349567017858245
48,I'm soooo mad I'm not going tonight yall are like my fav band but I thought I had to work and I don't,6.374888763545882
49,so I messed up in setting my alarm last night and over slept no time to study for my test..hope I am able to wing it and pass!,6.806156235861328
50,thelma I can't see shiz I see blank and me and u comments,7.352898019612019
51,"ugh, just read on #CNN that they found the Cantu girl's body in a pond near their home. How terrible for her family",7.37025118395569
52,Nothing on iTunes Australia.,7.5582338629901615
53,"unfort, msn is a douche and a half to me",7.804108316437414
54,Part two of my HP saga: Black cartridge I bought way back dried out since I couldn't actually use it in my printer. 15 ï¿½ gone.,7.983716194645761
55,"Curry even too spicy for Mr. C, so not a hope for me to fully enjoy. Big shame as this is usually my favourite one *sad*",8.0570782962907
56,work all day long,8.12650516036974
57,"going to Livy's party later ..... really freaking tired, my alergies were extremely bad last night and i couldnt sleep",8.17675649851151
58,"Yup, 5 exams and 4 coursework, kmft..plus my pratical nxt mtnh! how woz ur driving lesson? knocked over any pigeons? :p",8.280829390237018
59,Missed most of tonights the night goin to have to iplayer it and watch it on a stupid tiny blurry screen.,8.312849657195883
60,cant sleep but im still feelin like a piece of shit,8.49946445683759
61,"Will try... but am all still, so we will see! Hope yours is better!",9.673141080105587
62,because he doesn't like you,9.82325223750413
63,going to bed and waking up tomorrow to write papers for class,9.958257522306935
64,"Yeah, not good. Even going back to 2.2.1 didn't resolve it.",10.104412410191626
65,My poor innocent tulips didn't stand a chance against East TN's screwed up weather.,10.24883723870485
66,I will miss you on the show... you were awesome! What a shock!!,10.478449455135479
67,"I know, I suck maybe I'll have better luck next week.",10.57707547053034
68,"Sun and Dï¿½ner, what a great lunch break. But now it's project time again Upcoming meeting: Masterplan - sounds important BUT IS ...",10.905008577728351
69,That wasnt very nice of them they could have told you! it wouldnt have been to difficult or impolite how are you?,11.044820842526505
70,I'm officially obsessed with fml &amp; just got the app on my crackberry. But why can't I send twitpics? It always freezes up!,12.103656711079601
71,just finished cleaning my closet... It's so empty,12.905911497863523
72,"80 in dc, walk on the crecent trail.. back to bmore, bbq @ fire house.. wat a great day. except for the capitals 2-0 in series w/ NY",13.066665892661561
73,had a great time with Sarah going to Moe's in Ormond Beach!! I wish I could have spent more time with her but finals are almost here,13.097823946685958
74,- You never told your cow story! We were waiting for it.,13.133465440665276
75,I want one.,13.738494193870741
76,Oh dear. That means I won't be driven away to do something more productive,13.754964803468438
77,yeaah smth. goltv isnt showing RM til tmrw anyways want to text me the end score tho? &lt;3 have a good day xoxo,14.698851138737645
78,"too cold and tired to write good twitter. everyone was obeying the cops tonight, total dissappointment. we were so close",14.732719676008482
79,oh but there's one bestie missing,15.016799452648513
80,"the Yankees arent looking too impressive Spent all that money for an allstar team, they shouldnt lose A game!!!",15.551360515301466
81,Feeling really sick today how about you?,15.559206531366177
82,I wish I was at Coachella,15.631175328090691
83,"bahah, two days before my birthday, i'll be in the shittest mood ever! D: beware of seb on the 28th of April",15.730983340476364
84,needs to study for quant and do legal process assessment for 2moro,15.884319764150648
85,With my cousin and JC trying to get back to my car so I'm not extremely late for work.... Gunna be late though I think worth it! Good day,16.632708364861106
86,The Simpsons on demand thing doesn't work in the UK,16.725554203204528
87,i want starbucks,16.7407903481554
88,"Goodmorning! hahaha, let me guess .... CB? hahaha me not",16.914876607949402
89,oh I bet I got more than a lot of people... But I have a no reason to be up right now...,16.953921606266306
90,Lunchbreak......and I feel ill today.....,17.233135258377352
91,"yeah I know same here,just cant it to do what I need",17.595455681734887
92,lying in bed wishing i was home...i miss my honey,18.09815798960594
93,God I am so hungry!!! I want real food !!,18.312081582481433
94,Tax day it is! Started the tedious task by saying hello to my friend Turbo Tax. It is such a fun day I can't even put into words,19.042595495156114
95,"but I have to work now, so no time to play",19.279746389833917
96,I though groups of Google Apps were something like Google groups (groups.google.com),19.412976552758415
97,have to work today,19.74487779630749
98,ande now I'm not sure I want to associate with such a violet product may have a re-think about my screen name,20.162559370024333
99,Can't get out of bed today,20.24985617071862
100,washing the dishes boohoo,20.564618108439717
101,"so bored, i wish today was nicer so i could go outside !",20.987140224120587
102,Scary dream.,21.49603318141296
103,"ALF!!! I DVR that, but my mom always deletes it for her COPS episodes! he was my fav!",21.859440481861707
104,"he wrote most of the album, but ironically, the singles he did not write",21.99225461950465
105,I think there's a problem with the ISP in this area or something...my connection go too slow to do anything online yesterday &amp; today,22.103544226777323
106,"I cant change my biog from my mobile gutted! Need to change it, any ideas?",22.257056955582996
107,"Hope your knee feels better quickly, though, after having been on it all night.",22.28666574926468
108,aww fun fun! I hope you didn't erase them,22.342818701079697
109,"nobody has replied to any of my updates well one guy did once, asked me when mothers day was a while ago but no one else",22.351221802356342
110,"gets kinda annoyed for no apparent reason off to do some religion homework, then some english D:",22.475304188359356
111,Don't think that's the right username for Mr Brooks,22.988368499601993
112,I'm starting to wonder if I have some sort of magnetic field around me that breaks computers...now my office computer is down.,23.558910265366684
113,- This is yk not feeding us,23.789370677978646
114,Eurrrghhhh!!!! Not a fan of Lapsang Souching. Tastes like smoking,23.87208233996303
115,Just got text friend gone in for c-section at 30 weeks,24.28183040255753
116,Working and Derby are losing and its sunny outside ( bummer...,25.096195153794895
117,"oooh let me get over there...i am on a friends computer, they are all sleeping so i dont have anything to share",25.1574290995445
118,"I wake up at 2am and think, ah yes, that's mice running around in the ceiling again",25.7589330738462
119,im getting a rash from that necklace. ughhh i hate being allergic to metal.,26.388792489884775
120,Its only Tuesday gorgeous!! hasnt even reached mid week yet,26.475158956106643
121,Crap! Forgot lipstick &amp; straw hat. And I know they'll interview me today. Got SPF50 but woulda liked to look good for interview,27.201857317561736
122,my no drinking rule didn't work out so well I'll start today,27.54959605164014
123,My mouth is now on fire,27.706439224042445
124,"connor, it's me, febi are you really really mad at me??",28.187532866340227
125,Cannot believe she is awake at 6AM on a tuesday. *yawn* And I had a bad dream. Bummer,28.378074470261335
126,Maybe next contest Ill invest in making it available to everyone I just lost 2 followers for some reason.,28.426899976722662
127,I am officially banning godaddy.com from my comp. My head hurts from the small print AND I wasted $10 that could've happily gone to Boba,28.492517589737425
128,wishing I could watch the Red Wings play tonite in the Stanley Cup Playoffs,28.654385676045095
129,dragging myself to work.,28.66156997468194
130,"i'll miss you more night love you too, so much",28.67287182198036
131,"That is still terrible, but unfortunately these things happen. Hope your friend wasn't too upset about being conned like that",28.973183134149632
132,Somebody is selling the Japan only release of my first album on E Bay for $25. Damn thats it? A classic is worth more than that!,29.184870565940358
133,What up?,29.46230723814565
134,I have a competition I'm gonna look like crap,29.70377263371729
135,Hubby and kids away for night..missing them,29.825533514374886
136,is coughing too much!!,30.01393163982411
137,hopes she wouldnt have that toothache again,30.417862157066907
138,has a headache...it wont go away and i dont want to od on panadol....lol....seriously though it hurts,30.45689017378779
139,i know .. did you here shes in london on wednseday,30.546847880183204
140,How sad.,30.555874558410395
141,I'm with you. Terrible injuries and devastation to families. Hate them. And yet Mr BZB got himself a Hog for his 40th.,30.746405119810913
142,Oh i know! BAD TIMES. We will have a Twitter convo tonight!!! It's been a while...,31.138268206244202
143,I wish I knew people here so someone could bring me soup and meds ill just sleep it off,31.177922952373038
144,"weight training,humanities,astronomy x2,math - guitar ; last day of sunshine &lt;3",31.366624905901155
145,Just remembered that I've forgotten my best friends birthday,31.719878271096196
146,are you a superpupermegaovermodel? sorry idk precisely but thank you for adding me here and on myspace ;P,31.737679637303955
147,"r.i.p baby girl sandra cantu.....my prayers r with the cantu family, be strong!",31.864755256142814
148,"damn, sorry I missed it... But I'll be in Brisbane until Thursday night",31.91558211515529
149,"missing #coachella and how is #record store day going? i'm in a bubble, so folks, let me know what's going on out there!",32.01435780723533
150,today is just not my day,32.09479004531404
151,actually - i sold it years ago maybe THAT&quot;s WHY!,32.189194808816026
152,M is the only thing I know like that back of my hand,32.24618194017342
153,Here it comes again,32.406592991305075
154,so freaking glad that its gonna be warm on monday. hell ya. sad that ryan is moving in november,32.41119981834604
155,nothing i'm not able to setup twitter on my mobile i sms the code but still it wont give me sms alerts any help ?,32.447347617600954
156,Just been whooped at bowling but I killed my bro at air hockey,32.59093251932114
157,Kean univ. Senior formal 2moprrow night.. gonna be crizaxy.. the dj never has a date lol,33.11617257953851
158,"In joule library, but no good books to read",33.3262931839481
159,Back to work I go!!,33.34616429663432
160,"To transcode a 100MB .wmv to a 100MB .flv file without loss of quality - possible, or not? Anyone know? Everything I try is terrible",33.3954277668082
161,you know a Monday's really bad when it spills over to tuesday.,33.40552319208638
162,"Rain, what? I was gonna two-wheel it to the SC office today.",33.891390950060995
163,cant seem to get VMware Workstation6 to use NAT - my openSUSE vm cant get a net connection,34.50831088895014
164,body clock still up the chuffer..note never ever stay up late again -also afro is back,34.76567813902228
165,Sorry to hear that you are not allowed to eat bacon Find anything as tasty? I think I'll start a Bacon FanClub...,34.7667425544213
166,Yawwwn! Gotta get up early tomorrow who's ready for the weekend???,34.895795457288045
167,aww did you guys win any events?,35.05545362200217
168,ahh ai dreptate Pixar,35.299158614528004
169,did you know that johnsons baby use animals like cute bunnies to test their products?,35.34606367641527
170,ive told her she either stops painting or i refuse to sleep in my room and she wont stop painting,35.52955889429003
171,nawww take me to london please? cornwall's boring,35.68641431543529
172,wishing i was in louisville for Thunder,35.6870628955646
173,yay but then had to spend 200 of it on bills,36.04399833797251
174,"I tried my best to deter my family from the shit storm that is Nicholas cage, but I failed.",36.21578375182084
175,"get em Gilly!!!! see yall in a minute!!! they closed freakin labrea at fountain, and im not movin",36.66887202043441
176,i need new glasses...mines is hangnon 1 arm,36.81321920343292
177,Thanks... Also: argh. And gah. And a bit of meh.,36.86502058822544
178,is tired and has a headache.,36.98614761183758
179,Nah. It has not came out yet. I do not think it is this weekend either. Ima mega sad.,37.27311785015859
180,What about me?,37.56675726428171
181,not feeling well,37.62359697011236
182,I MISS YOU!,37.76778712134434
183,- The closest thing to snow i've ever seen,37.773818200119635
184,"got home for a stand up comedy thing, had a blast, but its too freaking cold out i want summerrrr!!",37.789658242177985
185,love the french. I tell people here in the south i'm qtr. french and they snarl at me. french are beautiful people,38.453746946427536
186,I think I drove on it too long,38.674059609889255
187,Should nott be up this early fuckk me,38.69615622558596
188,Downy weather Where's the summer?,38.81718363977533
189,Too much work Grrr,38.9188579397569
190,Lost 3 followers. Was it something I said? Oh well. I could have told you I was boring! :-D,39.005310767958974
191,Headed home from work. Don't think I'm going to make it to the Run For Mercy tomorrow even if it isn't raining. Sorry Gene.,39.05402644046911
192,"No go on the battery at the moment, Speedy is not happy having to stay in the garage this weekend",39.17235322149821
193,The end of College Road Trip always makes me cry. Its just so sad!,39.30765807591989
194,so. homework takes up 3/4ths of my life,39.50711138999394
195,"I came into the shop yesterday (to return mysteriously missing C4), but you weren't there. Let's plan a tweetup.",39.59694370068951
196,"I'm fed up of Sainsbury's altogether, just been for the dreaded big shop. Our cat food now only available in small boxes",40.14152140706457
197,Bored from doing homework What is pingping doing?,40.273449266739014
198,"a pic, and the darn thing flew off before I could. I can never get those close up shots like in &quot;Birds and Blooms&quot;",40.599210135526654
199,was late to work and hopes she is not in trouble...,40.67468301585114
200,tired and borrrrrred this vacation sooooooo hot,41.0052906561222
201,Sick at home The worst part is I can't even play Guitar Hero World Tour... My life sucks...,41.07190126245596
202,"Put vacation photos online a few yrs ago. PC crashed, and now I forget the name of the site.",41.26159084572995
203,I'm bummed that my version of Batman Beyond is edited!,41.26345429589553
204,Oh no.. post camp depression is kicking in,42.03503356549787
205,so soo sick of revision! this sucks,42.07517430410746
206,...I just did laundry! But now it's 7am. Lame,42.71683019426084
207,Could someone please send me some energy? I'm not functioning on all cylinders,42.833915667769716
208,4 more hours before I head to work,43.08715423113948
209,Bah! Hairline fracture in the impellor hub #titsuptuesday,43.09692071628838
210,"half an hour to go and I'm off to meet Eefje at the Bora Bora, a restaurant at the beach but without the sun aargh",43.11805089766417
211,danm I wanted to hear that studying sucks,43.29516516737684
212,"Aidan's soccer team wins, Matthew's bball team splits the double-header. Shoulda won the 2nd game",43.452426364454126
213,Good Morning! Looks like a perfectly awesome day in Long Beach for racing!! But..I won't be there! I'll be hanging @ the hotel....blah!!,43.5132120752125
214,fuck why couldn't they hold it on a weekend I have school,43.549057646400975
215,"AH i know. Their so expensive, I have to get straight A's a college prep school to go to demis",43.571910286683526
216,man... Im nervous for today haha fuck you rachael for leaving me,43.87014069555671
217,Ok i'm going to kick pete wentz's butt the weather is pretty now! I'm heart broken.,43.88261775865307
218,No. Only close friends and family I'm afraid. I'm only a work colleague.,43.9665034053496
219,"has a poorly cat at home, i want to be their to hold her fur back and pass her tissues",44.4165800382308
220,i think i miss josh but still dont like him at the same time,44.52817795514073
221,So it snowed last night. Not enough to call in for a snow day at work though.,44.77110690182376
222,sounds like ouchies though,44.88204254342941
223,"Nah not really, feeling it come back on",44.89707484518931
224,Someone gave me a biscotti that tastes like it has freezer burn and they won't leave so now I think I am obligated to eat the whole thing,44.98336382271902
225,there doesn't seem to be many gurus coming,45.045805265064324
226,Im having chinese take-out. Probably not as good as italian.,45.44152840111311
227,que me muera ?,45.91852798907585
228,I desperatly wanna get my license,45.92798449629
229,good morning world ! its to early to be at work !,46.20783481124383
230,how far away will tier 3 be!?,46.29848302337622
231,"Aww, Sandra Cantu is found dead in a suitcase Missing children stories never seem to go good. Poor family.",46.43785314498262
232,is sooo proud with her bro! huhu.. he's so talentfull.. i wish i could do best like him..,46.44768306436742
233,Chris and I have been up for over an hour and a half while the rest of the family sleeps. Yay Pacific time!,46.661087903281725
234,You have waited too long...just like myself. I am hurting all over as well,46.74541227097459
235,aww helen is dying. so sad to see her like that,47.14649533779346
236,I feel like the only developer not invited to #swfoocamp,47.187863920001206
237,"Quite possible I'm afraid, shouldn't happen but can. I had a set replaced under warranty at &lt;2000 miles last year",47.50920651882695
238,"lo siento. You're not the only one tonight, if it's any consolation.",47.74324492031973
239,"Debbugging old VB6 code, the day could have started better . . .",47.97152124115934
240,aaaaah im insanely annoyed at the fact that i didnt get to meet you and i wanted it to be my birthday wishhh. ahah awwwwwww.,48.1367787598719
241,still feeling bad no fun. but going to eat with the dad and stepmom.,48.19351194694725
242,"Getting excited with Ginger Garrett's newest book, 'In The Shadow of Lion'. But I don't think I can find it here",48.22226569935967
243,"Train rammed, fellow commuters vile . Special derision reserved for the man who appeared out of nowhere to claim 'his' seat. Luggage rack",48.42079891329183
244,Megan equals Murder.,48.630390183244074
245,can't find my cell,49.236343049905464
246,I dreamt that i owned GTA4,49.540015292313925
247,nothing right now,49.989747416951474
248,bedtime. wake up call at 7am,50.197134476523246
249,Done with all my calls before my second shift. I only convinced 3 peeps to donate. bah!,50.26875538607446
250,Thanks for the wishes Todd. I haven't updated Twitter. I had to put him down on Tuesday. It was for the best.,50.47274918653656
251,ugh glasses for another week it turns out another appointment on saturday @ 10:30 which means...how will we get the tickets??!,50.74698661282015
252,It amazes me men like you actually exist... I hope I find someone someday who will love and value me,50.838717226759414
253,do I sense a blog coming on? Too bad I have to leave in like 10 mins xxx,51.90264424766361
254,Cleaning the awful fish tank Been craving some Lemon I-talian iCeeee,51.92400923484453
255,I seriously had hopes of wearing something short sleeved for Easter Sunday Service... Probably need a shawl or sweater!,52.51998834333695
256,How 'bout &quot;This hurts me more than it does you.&quot;? Nope that one's already taken by my parents.,52.599495275709266
257,cannot find her phone,52.74542533318084
258,Search for chametz finished. Last bread meal tomorrow morning.,52.78387301944474
259,Everyone wants froyo tonight too... so I has to wait on this long line,53.30705560009623
260,"my beellly hurts so just laying around, thinking about a bunch of stuff. textme.",53.445456882845676
261,...well I played a nice game of Battlefield Heroes but I've now been told to clean my room,53.60246997949684
262,is loving the sun but is upset she cant make the picnic thurs,53.66309271521449
263,"My bro and sis but very young, mums working today so thought i would help out... I don't have any sun",53.67367296437201
264,At beach. Will get about / less than 6 hrs and 45 min of sleep. XD I still miss some people &amp; the Despair Faction. &lt;3,53.81845430462979
265,strings to cstrings,53.85449326883359
266,not looking forward to going to work,53.91029841784168
267,: poxa,53.93946014075281
268,stooopppiddd Abbey National!! i need to get dosh out and its blooming shut!,54.179682259056285
269,Why so mean?,54.31444123307086
270,wishes things were easier,54.35170743441399
271,back to work and have to work a little later than normal,54.50114490083923
272,Been up 15min. already having a bad day,54.64819795020127
273,really miss talking to missy,54.78194017626593
274,"Long day of moving and painting with the fam, they even &quot;treated&quot; me to a huge McDonnalds dinner people need to learn about health food",55.25128466188861
275,I current;y hate FriendBlastPro... it's being dumb... And making my life harder,55.60824061904278
276,lol i know..and i'm really tired but i'm expecting a visitor soon so i can't go back to sleep,55.79773873860799
277,"Busy week! Advising appt, dinner with new roomies, 2 tests, and tons of homework",56.52083577848677
278,"Why didn't you tweet that you are in Germany, Heard about the concert in Marburg in the Radio 1 hour before it started.",56.54008870778504
279,Tossed and turned all night long cos my back is damn burnt Youch!,56.91520345094304
280,Is not a happy chappy....,57.22225595417365
281,"i wanna go, but I am only 20!!!!",57.31430594385851
282,no more rain pleaaaaseeee,57.6965427573976
283,Jeffree! How do you keep your hair one color? My PERMANENT dye fades within the week,58.004799396712556
284,winkler tomo! have to get up at 6,58.31310289688331
285,"im lonely keep me company! 22 female, Duluth - Minnesota",58.4733402532866
286,"well, the problem with rain here is that it comes with extreme coldness.",58.613410062939025
287,My dislocated toe has decided to redislocate itself so now its reverse dislocated . And it hurts .,58.72853147812129
288,sadly we can't turn back time we have to help to re-build everything &amp; give those poor families much love,58.938518512937584
289,ugh. cant sleep. its 1:30am.,58.966995970645684
290,"dang, I'll get HOUSE off iTunes. I hear it was a devastating episode",59.37466080945081
291,Don't want to get up out of bed,59.54577063337192
292,Dont make me jealous of not being home in glasgow,59.62235227630072
293,gonna try to get some sleep in this hotel room,59.676373805167614
294,haha I'm unsure what I can deliver for Foss.my. I'm not using alot of opensource software ( Hail Adobe for being expensive ),59.70199271258844
295,is really bored and really sleepy...and mad she can't find a custom lanyard maker that wont make me buy 1000000 minimum,59.807225520064904
296,Such a tough game to watch tonight for State Finally going to bed after also staying up to watch the season premiere of the Hills!,60.28982401846042
297,The Kasabian single that is played on the Sony Bravia Zoetrope ad is not available until June. Probably not the best way to sell music.,60.584243261211924
298,"Morning Twitterverse, my condolences to all the Spartan fans",60.82349722690431
299,i miss my old friends from elementary ans middle school,61.051554124704914
300,so wish i could go to ravens training camp this year,61.412861940336825
301,want to see P!nk again,61.518743222017704
302,yes! Thanks. I've just dropped my phone and the screen is smashed up,61.62200235765229
303,the Skype3 phone is not available in the U.S,61.64669464116125
304,another night alone..,61.68184465245091
305,"i'm bleeding ! , i shaved my legs and now i'm bleeding haha, i'm a loser xp",61.75615643939446
306,lol..photography! NICE..It is my lost hobby. I was an art history major and never went to Europe,61.90550109621076
307,I NEED to post a video!!!! But I'm stuck...,61.917231839925414
308,waitt she's following him too!!! no fun!,61.918029750391995
309,"At Sonic in Florence (Y'all), KY after chasing N9UMJ-7 balloon. It landed up in a 100 foot tree in a ravine in rural southeast IN, oops",61.97170897909527
310,canucks won! sweet! it's a friday night and i'm ready for bed. i'm super lame. nite nite.,61.992199900599985
311,There's nothing like the smell of a fresh cat deuce while playing #wow dang litterbox.,62.02105582327108
312,Just invoked quicksilver. Now i am over BumpTop Beta only beings Windows for now. Poor Windows and no Quicksilver,62.20395658853802
313,Fuxing homework,62.30592399315488
314,Gotta take Roxxie to the vet or we shall see,62.56208145689214
315,LOL I think twitter is just behind by 6 minutes or so!will check ur e mail shortly!on phone to insurance company,63.01489718099872
316,Going to work,63.15158820743298
317,"I think only girls sleep on their hands, cause I always hear of girls waking up with F's or X's on their cheeks. That sucks",63.15442801078447
318,"Hates his pills, oh god why do they have to taste so fuckin horrible. 0,5 liter of coke to flush them down isnt even enough",63.29814758253604
319,"Thanks for the Rebuilders/Rebuilding tip. She's trying to help her mom thru a divorce, and herself thru a breakup.",63.581171387238406
320,Stupid 3 year project! feels like you've conquered something then you realised it's only 1 year down,63.66627525288822
321,12 hours of my son's baseball tournaments today. No twitter backgrounds today Maybe I can get some good nature photos while out and about,63.78527122163858
322,Awake. Such a busy day! And its yucky out. That stinks,63.84686581894864
323,was goooooooooood. you never came on missed naked time LMFAO xx,64.05264201749807
324,You never reply to me,64.17516649108472
325,ok to get more serious again: I'm now poking in me nose! trying to find some green but can't find none,64.33951006662515
326,My blog's mysql is down..,64.51727737093704
327,"We don't know results yet It's going well, though! Not helping, I know...",65.07390565278031
328,this weekend will consist of my trying to write my research paper... oooo so much fun,65.43807595485956
329,I'm so sorry to hear about your dog,65.54963670978694
330,hmmm yes especially when I have a hard time with the block button I don't wanna be mean!,65.6273374776612
331,"just read tonnes of jb gossip, and think its all crap but watch the video of miley n nick when he hits his car. poor nick i feel for him",65.73517390392404
332,Er. I wanna watch it naa. Can`t `cause I`m busyy. :|,65.77926617350604
333,me neither and nobody is awake... NOBODY. I'm drunk and alone,65.79848013564869
334,ohhh. I love it. ps I'm sad we didn't get to hang out,66.02177448590943
335,"Is at the dentist and I've gotta get a tooth extracted damn you pepsi, coffee, and candy...",66.30592368169901
336,"Ack, no lunch break in training! I'm gettin hungry, too",66.40603938429095
337,i'm so un-realisticly gutted that i can't go download this year and see papa roach.,66.68613684770182
338,That stinks. I'm glad it's ok now. You're the only one I know that got it!,66.91944411268332
339,"...Now *I'm* sick, so I may have to be quarantined when you guys are up... I'll live in the closet.",67.38850344791088
340,Brahbrah. Ugh. Bed in a hour.,67.68178912428938
341,It looks like winterrr.,68.12116496803174
342,it must be because i slash their characters sighhh gonna go sleep and dream happy things about kutner,68.33741036403723
343,I suck at French,68.66365270721414
344,My phones about to break. It was in a puddle of water,68.69140387108236
345,"Meany, you got me all excited for 90210 and its not out today what cha doing?",68.72441976079067
346,"I cant watch, it sucks",68.75977284792782
347,so i'll just be waiting here for 14 hours for my music to copy on to my other computer..,68.91508256412024
348,Man im too fucked to be in work,69.19267529288918
349,I can't see ur cakes bb I will check later,69.33607342963256
350,"I wish everyone would just get along ah well, c'est la vie",69.52693007677435
351,so friggen jealous of sarah. BRADIE WEBB WAS TALKING TO HER!,69.6116999820354
352,"PLEASE tell me they can put me on another earlier flight since mines cancelled! . I hate Texas, it's weather and not being home",70.15647088318504
353,I heard them making announcements trying to find them. The mother looked so worried.,70.68046005822404
354,At work,70.8288945029015
355,there aren't any &quot;Sean for dictator&quot; rooms either I bet it's almost as if no one wants me to be dictator,70.91661870471587
356,UGH! Why don't I live in California?! Coachella's lineup is SICK. fml,71.06308247184488
357,"Guess it's official the now ex gf brought over my stuff from her apt sad. she brought me subway with cookies, that was really nice of her",71.08082636497105
358,wants to go watch the footy but has no one to go with,71.11175455693127
359,but work is demanding for so much more,71.13877317905259
360,aaaaand back to my literature review At least i have a friendly cup of coffee to keep me company.,71.15137683287374
361,Godspeed my lonely angel,71.2054941281942
362,I'm so sad I know it's fun!,71.25625784126449
363,"no cause i have no one to go with tbh or no one has the money to go now, gutted cause i live like 10 mins from the venue xx",71.35739846557611
364,is this it 4 u? Its ' officially over ' 4 me this go round!,71.43789683351147
365,"really now, time for sleep. dreaming of my city, more tattoos, and other great things. waking up to early morning sociology",71.65602789975324
366,"No i havent, i tried downloading it and it said error 1206 made me mad.",71.70505756753161
367,missing you!,71.82148610238845
368,saw someone at the apple store told that their warranty was voided cuz they unlocked their phone.,71.84538886963297
369,ARGH...Firefox has just removed a Bookmarks folder - my SharePoint folder including all links within No idea why/how,71.89379118699506
370,i know.. mine to.. you never reply me.,71.91093589068866
371,true your art gets to live on forever but shot glasses are finite lmao,71.96487569839763
372,its only been two days and i miss dance already class blahhhh xo,72.02958517205833
373,now I'm having a hard time digesting disappointment,72.33766647314512
374,"It's Race Day Down Under! Unfortunately, I have to go to work No live race watching &amp; twittering for me.",72.41873726462082
375,"you mean just dry stuff? tbh he eats very little soft stuff and we give him dentabites, got teeth like his 'daddy' probs",72.6429170657937
376,im boredd. gah i wish i could just sleep and get it over with but ive had toooo muchh cooooffffeeeeeeeee bahaha,72.82033421670718
377,UGH I DIDN'T MEAN TO SIGN OFF and then when I got back you were gone,72.92958979694144
378,rob pattinson deleted his twitter,73.0199547589772
379,ok I'm sick and spent an hour sitting in the shower cause I was too sick to stand and held back the puke like a champ. BED now,73.06191373797117
380,"Haven't twittered for days! Cat was sick and to the vet, now my four year old is sick with a bronchial infection and fever",73.1795520036365
381,"just got home from training , ate dinner , now have to complete an assignment",73.23122918237078
382,62 Farhenheit and CLOUDY. I'm sorry,73.23651131225796
383,"there were times in Twilight I thought Edward's eyebrows were a bit too dark, I was hoping they would fix it",73.5686156517658
384,"Yep yep! Certainly more child-friendly than HK. Wide pavements, no tricky maneuvers for strollers. But air not too gd too.",73.83153957359035
385,My rattie is still sick has pneumonia n a tumor im really run down n depressed n havin a fibro day.,73.8689946889053
386,i think they are slowly trying to phase us out,73.98990599795601
387,just working the beautiful weekend away Boo. But i have a birthday next week!!,74.1463417391239
388,is sorry she doesnt tweet as often as others :p but i do have a terrible case of flu at the moment boooo,74.18746628794608
389,forgot to go to work !!! i sleep too much...... hahaha,74.25026370891561
390,My contacts have been bugging me all night. Ugh. Gonna watch csi. It's glasses day tomorrow.,74.89395809534982
391,sittin in the breakroom eattin a meatball sub and waiting to curl back up in bed for a looooong sleep. i hates being sick. boo!,75.0189009726298
392,Just trying to figure out what twitter is all about....none of my friends are on here,75.01952721056836
393,"Boo no work. in unrelated news can you get your highly-paid roommate to contact me? I sent an email last week, no response.",75.0362941728084
394,in work early for team meeting but forgot my lunch,75.44952670203222
395,"Am gutted, checked weather report for the wrong day! No fishing for me today",75.558902987405
396,Bah! Just found out we didn't win a pitch because the client felt the team didn't click. What are you sayin? We're not cool enough? Sad.,75.87183820180591
397,I always feel like that too have an amazing day though xx,76.06345981997102
398,"When an Xbox shows those three red lights, it means it's dead and needs to be fixed for a month at Microsoft HQ.",76.35022521503423
399,6.30am wake up (5.30am uk time) ouch! Off to catch the eurostar back to london,76.45563501309408
400,didnt twitter all day yesterday,76.7141525681688
401,"hnn, text me (or call me :\) if you want to like/want/whatev to talk to me , but hmm, i see, you want to ignore me",76.99346036973867
402,definitely no vacation for me...,77.05217007140864
403,I hate starting my weekend with a trip to the chiropractor. I'm too young to have a bad back.,77.2736796876463
404,I am very close to buying a MacBook,77.8873570821808
405,i love chutney......,78.09196515818162
406,Fed bokkie too many birthday treats-sicko,78.42848531476731
407,grrr - some relationships are worth too much effort ... and you wonder whether it is really worth it,78.77246546234589
408,allergies suck!! I have been having to take zyrtec for the last wk now..,78.87953499735451
409,"you know, I'm tempted to make the switch. first 's customer service was great, but now i feel",79.35658905520071
410,"I am glad you are safe, but now I worry for the prairie chicks",79.47478184776838
411,I'm sorry to hear about the death of your beloved canine,80.18315312183205
412,it is,80.70897106506108
413,Great idea with the iTunes promo codes - they don't work in the UK iTunes store though,80.76769263980016
414,"Wish I could welcome the #Spartans back to EL, but I am stuck in class #msu",80.83157594918009
415,"So ur just gonna delete me like that...Y do I feel like &quot;Tom Cruise&quot; on Jerry Maguire when he got fired right now, yo. LOL!",81.24709204474907
416,i know ehh robert is taken ma nigga.,81.32173849412445
417,"is pissed off, running from that old man who tried too trash our tent has left me with the battle wombs",81.62918884585905
418,no art tomorrow. and nice to see you've joined twitter!,81.7032693832421
419,i gave up i checked everywhere!!! i cant find it ='[ but its okay i guess coz i will put it in my memory box! ily xxxx,81.77529921908055
420,haven't heard from Hannah at all yet!! it's very disappointing,81.85187903572236
421,"law student study on Friday night, as well as Saturdays and Sundays. I feel for you, love.",82.00906198360296
422,On my way home from terra haute :p i'm so sore,82.31537209942327
423,aw no Get better soon! Have honey and lemon drinks!,82.32088611712197
424,i just got so emotional at jeremy kyle,82.74483957707396
425,I can't see anything Stupid YouTube and their location restrictions. Who's in the Speedo?,82.87061690937664
426,wouldn't you rather be at home?,83.01010857522671
427,"HaHAH lol, ignoring definately does not work.. cause they end up jus pissingannoying u more, well ive found that anyway",83.09302244353967
428,Did you delete your facebook?,83.12401755558137
429,"im lonely keep me company! 22 female, New Haven - Connecticut",83.21495894394855
430,KUTNERRRR! WHY??? WHY?????? And to think that 13 is still on the show?? UGH. Kutner/Kal Penn - you've been the bright star in Ho ...,83.34708306347925
431,"I think that's a good idea, I had to, it was a very expensive ear infection I wanted to die! I hope you get better soon.",83.38003745779218
432,I'm in pain,83.56268866730818
433,I hate it when people say Rocky 5 was horrible. That's my favorite Rocky film. Just for the street fighting...,83.59388303595469
434,Lost some cash on the pokies,84.11620700600182
435,I miss the homie Remy!,84.15569364471901
436,mines is in for repair,84.65680570342583
437,sweet! Josh is at work though,84.81037925232863
438,We're supposed to be getting Tesco in the states but nothing in my area yet.,85.27265434501724
439,"my mighty mouse,is no longer so mighty. itï¿½s getting strange. oh,apple - whyyyy?!",85.58106538587163
440,Guess I should go to bed... Have to be up in 5.5 hours... haven't been able to sleep lately too stressed about website not being done yet,85.67989838447406
441,Sitting at work wishing I could have ran the Susan G instead,85.71519259141533
442,"Hahaha, i'm devestated by it! I just want to go outside and PLAY How's the animation going anyway?",85.8120898859225
443,I hate no sex week,86.08708705684184
444,really need to do something. watched one to many hannah montanna's,86.11155551877033
445,not feeling so hot today,86.20191054527625
446,not looking like it no...,86.24044440323092
447,*sigh... gonna take a while to find all the files argh,86.59303305121281
448,Watching 'The Breakfast Club' and missing/thinking about Katie&lt;3 xoxo,86.59455642920932
449,Today is totally a death day,87.0957344676637
450,better excuse than &quot;my parrot ate my headset&quot;. Literally - once did 2 in 40 mins - Blew $160 /sob,87.10428367892894
451,"figuring out what's up for today, why's it cold?",87.27664806953878
452,You really should put your website URL on your Twitter profile. Took me a while to find it.,87.82528236072564
453,Glad to hear that! Sorry I didn't come,87.83406294401061
454,Errrggggg! My tummy hurts.,88.76363747638047
455,HEROES just isn't doing it for me this season...,88.79535483823018
456,At work again......it is going to be gorgeous outside and I will be inside!,88.88254040921862
457,you are touring every place to place,88.93991496019194
458,Anyone else sick of folks who don't understand twitter constantly bashing on it for how &quot;stupid and pointless it is&quot; uninformed FTL,89.18156678624513
459,tired but cant sleep.............,89.21046138608325
460,WHAT THE FUCK YOUKU I WANT TO WATCH SKINS.,89.69407398123465
461,"Off this weekend! Selma reenactment tomorrow, it's supposed to rain figures",89.71468671560302
462,"damn it, i still can't find a decent sized photo",89.98116242826232
463,"Yeah so physio was crap, still about a month away from any form of real physical activity. Couldnt even sit and straignthen my leg",90.24945867143612
464,My legs are hot. No seriously I've been sat here with my laptop and it's been slowly cooking my legs. I think my wrists are also cooked.,90.25164952751254
465,"Revision, again. Oh, and morning !",90.32160959740693
466,NOOOOO!! Are they really angry? :'(,91.06578166971678
467,Listening to A Prairie Home Companion. Last new ep for a while.,91.3062917192964
468,"If ever there was a day for staying in bed, today is it",91.54470061732488
469,ahahaa. your a loser!!!!!!!!!!!!!!!,91.64321264825489
470,Sims 2 shut down on me again.,93.03362383981953
471,Deep papercut on miles to go. :/...listening to music.,93.46076315826673
472,Rickey Smiley is okay but I really miss the Big Phat morning show,93.48782822675017
473,now I'm kind of sad after all the bullshit I found out,93.89480463622237
474,going home today such an awesome vacay!,93.92358466916453
475,I'm fine xD I'm running an online shop and its doing pretty good =D I miss graphic designing though,94.16365810817432
476,Two hours late for school. Guess gotta go for make up again,94.25468521180129
477,Oh no!!! I hope you haven't lost your voice again,94.66080499648658
478,The pool was actually closed! couldn't even swim good thing i biked and ran this morning...even on a busted foot!,94.74055182957858
479,I have work to do I will be back l8r (I hope),94.8102020236533
480,beach!! Which one. I am so jealous. The ocean beach is always super windy,95.00945071913782
481,mythics... can't queue as a wb any more so it became a big pug fest.. and you know how well that works!,95.65230244124167
482,"I know what you would do, thats what worries me",96.11749752972499
483,I'm so cold,96.17713187555735
484,"Today is crap. Drawing all day, i don't want to, the one i done the other day was horrific. It gets worse every day. Boring. 17 Again",96.20360133812758
485,I'm glad I'm watching the Bats win and not the Yankees lose,96.27855854945354
486,i feel slow i dnt understand this shit,97.02316415985611
487,"back in the land of the living, but alas, have head in work!",97.2245079122984
488,"Special Olympics canceled cause of thunderstorm ; damn, i love to volunteer, but april showers bring may flowers haha.",97.50919740686037
489,youre going to be in mexico on easter? why?,97.51944539981805
490,shfeek u tweet more in arabic,97.81865304001678
491,lol yea I thought about tht ..sowey but thnx I have some rod ones sitting around&quot; orange my fav color just didn't kno how 2 use,97.93264072132739
492,Yep. That's what Anderson Cooper said. Bad form Mr. Cooper,98.05867268705731
493,can't upload my pic,98.43868798324127
494,"im going 2 bed nowww - surprising??? Not rly, i have school 2morow, thats right, my spring break days r over",98.75347021356663
495,Rereading the first chapters of my favourite (WIP) fic. Waiting for updates is such a drag and I'm running out of chs to reread,98.77531280216081
496,"is still sick, and worrying the orange she just ate is going to come back up... ugh.",99.19041760468691
497,third budget of the yr in ireland today. they want to tax text messages. pray for the poets,99.71891916610298
498,"Getting ready to head out, doing my cousins hair for her and then the dentist ugh to have yet another tooth yanked out lord help me lol",99.82219476902243
499,here at working going through SNMP trap logs....2 more hours and I'm out of here...didn't get to study,99.95823810293304
500,is sad cause its time to get up,100.08644845352553
501,NEED UUUUUUUUUUUUUU.....,100.37263716979534
502,good morning..... up at 5:30 am. couldn't sleep,100.45491645147747
503,I will be down there in 3 weeks... but u will be gone We need to catch up!,100.67844915944939
504,Why is Changes by 2Pac not on iTunes? Boo,100.79841110647514
505,Off to hong kong-Again! Goodbye guys,102.13378345092394
506,"It is nice here too, 50s, but the temps are going to drop today",102.91910082812404
507,I can't...too bored,102.96673502018233
508,why you ain't updating??? thats not like you! is somethin' wrong? whuts wrong??,103.34874597891945
509,"dear , what's with all of the &quot;over capacity&quot; message? and why doesn't my &quot;update&quot; button work fro the web?",103.35639903845318
510,I admit it. It was all my fault. I accidentally pulled the power cord to Twitter thinking it was for my laptop,103.4006734000528
511,kevin has suddenly realized that all his cds are suddenly not where they should be! where the heck have they gone?!?,103.41186792593231
512,"Awee, not fair Im sorry.",103.49668194129138
513,"Reeked of alcohol at the dentist this morning + was drunk when i put on my tshirt, realised it had a huge stain. Dentist looked disgusted",103.64643218309614
514,get up lady! See you in work ... Boohoo,103.77699900569334
515,OMG you were so the person that caused the whole of the M1 to come to a standstill today? Sorry bout the car btw!,103.93340686526612
516,"WWJBD: they meant Jimmy Buffet, I thought Joe Biden.",103.94928802759343
517,"i really want to see them filming it! i love hathaway, and my mum mocks me because she thinks fox is really weird",103.97029712532226
518,"No, i can't believe I just wrote that. The reason why she couldn't make it was: Her neighbor shot himself yesterday. OMG! Rest In peace.",104.07104317581633
519,He has Karate tournament in 8 weeks,104.36972562740445
520,Ugh....92 degrees tomorrow,104.37328244462014
521,"would have been delighted by this snow a few days ago but.. i just sent my winter coat, hat, gloves, uggs, etc. home with the parents #fb",104.70736747892117
522,Getting ready. Missed the sunshine Not happy,104.89115753449805
523,gloomy weather...again,105.14843784309862
524,"im lonely keep me company! 22 female, california",105.20389590292028
525,damn tha last message didnt work,105.99381337764369
526,Ahhhhh that Hoff programme sounded CLASSS!!!! I fuckin missed it hopes there's a repeat innit,106.28115427329057
527,"Feeling quite ill, think i'm coming down with something",106.61579545845909
528,I suppose there aren't any around Alabama though.,106.73345309444166
529,Trying to get rid of a stupid virus off of our computer. Hubby accidentally opened something ridiculous!,106.99078479619926
530,"sorry, can't help there",108.08577292812515
531,i feel like i've been stabbed in the stomach,108.23386346454076
532,"I have family that just moved to Tassie, it looks gorgeous. I am so jealous. Our acreage here is nice, but not green at all...",108.8250990864852
533,No phantasy star yesterday going to work...,109.17986664042714
534,has caught either the flu..or a cold....so far symptoms are consistent with a cold...xam on mon :O (wish i could defer),109.46692458305203
535,watching the roadworks develop outside the office that'll make me late for the next 10 weeks #fb,109.50183520001335
536,I HATE CLEANING MY KITCHEN,109.62981268619761
537,Ahhh!! The Drafthouse had a surprise world premiere screening of the new Star Trek last night! And I was at Torchys!,109.91874069574381
538,"Ads on twitter - y ruin a good thing Google chief sings Twitter's praises, open to ad deal",110.15515129381669
539,Im in the mood for some chocolate. I want..... Miniature Reeses cups. Now,110.18069106293733
540,Its beautiful out! These r the days when i hate being stuck inside with homework,110.30591038357248
541,Meeting Time!!! Is it Friday yet???,110.30971247597861
542,Clean Me!,110.4618690121552
543,i wish i could make work disappear with the snap of my fingers,110.60497510510301
544,Train late again!! ... I'm gonna have to walk the hall of shame,110.81136897283919
545,I hope for you it is not a sign...otherwise you will spend the day in pain,111.18984952949758
546,hoping I can fall asleep after watching Knowing. Definitely wasn't National Treasure,111.37586296773873
547,not feeling v good abt myself,111.42228226828882
548,"yes, but sadly i can't make it family commitment from forever ago...",111.44365403294081
549,some bird keeps waking me up right now. I wish it would shut up.,111.5333135005194
550,the one of don't forgot that someone made of jb and miley its pretty sad,111.5652911960637
551,"26 mile ride today, got to see my brother-in-law and his family. Good day so far! Yard work may be the plan for the afternoon.",111.59799577410877
552,I so hate homeworks -.- My head hurts so bad,111.75959436265245
553,how come?,112.07905562689997
554,I have no idea how to use twitter. No one wants to follow me cause I'm a bland person.,112.208100950485
555,I miss school and my friends,112.71034596382842
556,is so late today. 12mn pa ako mkakalabas ng office,112.80672475070281
557,rottedd,113.07149377085256
558,I need a holiday only one day off this year.,113.11128366481081
559,Ah well ..win some lose some ! Wouldve been nice to have bet on the 100 to 1 winner!! ( if wishes were horses !).,113.16744958951605
560,not feeling so good anymore after that ride,113.32118561794792
561,"I just wrote and entire story, and it didn't save. Motherfucker.",113.69052632145694
562,Just got back from swimming in Telford... I have pulled a groin muscle and it really hurts I'm sooo tired so I'm going to sleep night xx,113.7472523109285
563,you want xD &amp; i miss youu already silly ilusfdm bffl. &lt;3,114.02606430142131
564,*cries* I can't see Niko,114.25352010345455
565,feels like shes been through the wars and I've only been to work mann my head and feet cane.,114.54842727230645
566,OMG- did daughter not come home last night?? What a huge worry. I would have been out of my mind. Poor you!,114.66297809820193
567,me too... I'll see on Amazon uk.. otherwise they make me pay custom tax if I order it from the US,114.76470227195648
568,It didn't work!,114.80880500913875
569,oww the poor darling Body of missing Tracy girl Sandra Cantu found inside suitcase www.tinyurl.com/dfhvzg #tracy,114.85712788456497
570,"basketball is on the bottom of the totem pole when it comes to sports for me... but yeah, good tough win. cavs tho",115.3715704046759
571,"Oh ,I am so sorry...I am confused about what you are asking. Maybe go into the forums on CP. They are very helpful!",115.37511841769475
572,good luck!!! look forward to the update. run not an option in this wind seriously!!!! blowing a real gale,115.6572844545697
573,just realized i forgot my lunch at home,115.77680748642337
574,"Once upon a time Hundred Islands was the pride of Philippine tourism, but coral/clam/rare fish poaching did it in. Kinda sad",115.79083803070715
575,Entered a online poker tournement against 49 others... finished 18th,116.17189178773194
576,At ASF studio! I'm hungry and I want to be at starbucks,116.20354845203373
577,"i didnt, i dropped the table on it yesterday at krew...",116.22439045189174
578,"Just checked, pretty sure it's a repeat",116.3791033758275
579,it hurts to smile,116.39109157303616
580,also: Someone find me a freakin job,116.66276219844414
581,awww o.o oohje can i help you?? xDD,116.84288537760729
582,Misses the cousins,116.87178234496339
583,ugh i hate funerals,116.90295200692971
584,didn't like the sound of &quot;if and when&quot;.....,116.93204690943965
585,feeling inspired to do a number of things..to busy to do them though creative outlet needed.,117.1581525157497
586,"god, i need to get a life... a new low adding twitter to the endless list of ways to avoid work...",117.16425530289925
587,"I'd love to hire you again too, it was tons of fun last time. I don't do the budget tho. Or the hiring",117.21626251991545
588,what about me jay I want a keychain,117.6893343236526
589,u know who can help u Melaine (TKC) she knows very good looking gilrs up there.. how u been? I missed u during wmc,118.05940334528022
590,do i neeI dotn get any comments and suggestions,118.19491489091828
591,work to be done first,118.45488295887439
592,??to treat (someone to something). Remember? Just had something come up 4 l8r. ?????????????????????????????????,118.48462654149098
593,listening to Murd and 9th wonder- just chillen out missing my crazy sex life,118.77966093373561
594,I've been neglecting my twitter lately how tragic,119.5702577719948
595,"Unfortunately, that's been happening since yesterday",119.60798773024179
596,is in pain after having her braces tightened,119.80697773943385
597,bleh. i strongly dislike working at 5:45am everyday.,119.87466896630364
598,"Ian has joined me for an evening of DVD watching. Trouble is, he is so fussy, that we have dimissed 25 films so far.Grrrrr",119.87975608767164
599,Saw kate in town she has &quot;0% off facials i want o go but i doubt i'll be able to,119.89705793540121
600,"Sorry, we see this twitter account is for you personally. Should we follow another for #qt4 community events? Are we alone?",120.09726045625392
601,Yeah got 4-5 cm of snow in Newmarket yesterday - seems to be following me,120.11205830310438
602,i am the REAL selena gomez and i am locking my account cuz some kids whr trying to hac it sorry to all u good ppl,120.41622068865234
603,I screwed up big time,120.45973518831163
604,- yeah my web cam is tres bien...fuzzy,120.62019934901441
605,I'm stuck on Chapter 3 Incineration Destination.,120.74269204186392
606,Can you not become a seperate program rather than use AIR? AIR is awful and this RAM leakage is bloody annoying!,120.76254912933867
607,Keeping my fingers crossed for my buddy He is not feeling well.,121.64035006899422
608,Can't believe i'm stuck working on such a lovely day. Off tomorrow so can bet its gonna rain,121.70929263892016
609,The Mighty Tap are doing a one-date world tour but I will have a newborn,122.51960471917052
610,More snow this morning here in the Adirondacks. It's covering my crocus that were coming up,122.96364143489687
611,Wish I could but Twitter nixed animation It's grandfathered 4 those who have it.,123.05472215252905
612,A lot of swearing though,123.29900958003982
613,"no one likes a mediocre sandwich Right, ?",123.84950802520578
614,Can't sleep. Need to talk to someone.,123.85066833976055
615,9/2 (4 ov; 5 wides). Might be a chase to watch after all but I cannot fight the wrath of the wife to watch BGLR put up a challenge! #IPL,123.95391534540147
616,I wanna go back to sleep,124.04265239147136
617,bored as hell but working... what will this rainy day bring me... miss my boo,124.07272614320073
618,had a fun day with highschool buddies. But came home to find one goldfish had died. and I don't know what it died of!,124.2172452192962
619,"Is about to go paint a house, and missing my bestest friend",124.38590081299176
620,work work n more work with the occasional moan from a very moody teenager!!!!!! I h8 the school holidays,124.51878653351052
621,No youth baseball games today here..rained out,124.67796885323867
622,Watching spiderman 3. Batmans better. But not on,124.87277369230011
623,Grounded,124.93342305605005
624,- and its gonna get worse. days are getting shorter and shorter..,124.95291576052446
625,glad I was able help you feel better. I hate to see you sick Love you!,125.13745578214035
626,I wish I could go to bed...,125.35594820833558
627,"Ugh im waiting to hear back from a uni ive applied to, i really really really wanna get in so much, sad times",125.62823021129105
628,awe I feel u i just woke up for school hopefully we both have a better rest of the day.. &amp; I hope that includes meeting u lol,125.78366530297689
629,"I want FFXII really bad, I never got a chance to play it.",126.01556361776538
630,OMG the saddest thing just happened! so most people might think its realy wierd but i think its soooooo sweet! anyone that knows me.....,126.18115856308161
631,i wish lol theres like 12 friend requests and the rest is just pure junk,126.23203705130425
632,Yea I am working tp hack my server to do the 12player thing for folks,126.45090929964479
633,my mom just had a root canal also...i feel your pain buddy!,126.65344310295009
634,omg that place that's really sad what happened,126.83925554224092
635,"meeting @ 10 today, then possibly headed home to sleep off this terrible stomach ache",127.0747362858635
636,So sick! I don't wanna miss class today,127.20288450708901
637,"67 degrees, but here comes the rain",127.22900757841816
638,Bunnies want to stay outside on the grass - I feel mean taking them inside for the night. Silly Brandy bunny,127.31427696741562
639,It'll be a sad day for Endemol.,127.32392220776686
640,"Feeling really unspeakably bummed out today. Have absolutely no idea why, which is bumming me out even more. Bah.",127.36625794155022
641,"That quote expresses the core of my deepest worry right now. Many things can be fixed, but not if the liberty itself is gone.",128.30705202866645
642,: Had to come inside because the cable didn't reach to the bit of the garden with sun Now sitting in the lounge instead...,129.32230205273157
643,im so confused This SUCKS!!!!!,129.43780180309935
644,"just gotten out of bed, I hope I start feeling some life in the old girl soon, gonna go and tackle my 16 year olds bedroom in a mo smell",129.5094818183579
645,just got home from work sooo tired..i miss my baby,129.84451715149225
646,might go hiking in the big thicket in a couple weeks. what monsters are supposed to be in this area? chupacabra? i hope not,129.890691098581
647,aww porr mr sock he just wants a shower get my invite? hope u can come along xx,130.22769852558235
648,is going to have a late one at MQU today,130.36252536349699
649,getting out of bed? last day in so cal,130.49485939712642
650,"I had a CRAZY dream about you, I asked you to shave your beard in order to sleep with me I never found out if you did it or not",130.5192986690952
651,im sad now Miss.Lilly,131.19242163489736
652,its snowing i cant even walk to my friends house,131.32585162621473
653,i hate my mom!! i need to see Demi!!,131.88280024171505
654,is soooo not feeling good. suckss,132.02435867064744
655,"Just called animal control...not feeling good about having the kitten picked up, but no other options at this point...",132.09450433808237
656,"Working on the Etsy and Artfire shops...Man, people are going to start hating on me soon with these Tweeted Etsy updates...",132.65112040226074
657,Did you listen to Back in the Saddle??,132.71543697815045
658,"im lonely keep me company! 22 female, Wichita - Kansas",133.2826690369752
659,I've totally forgotten that I have a Twitter account,133.31407266127255
660,where did Top Cat go?,133.36165678721002
661,This is insanity! I can't handle all this crap at work,134.02317429018333
662,still sore from Astros loss yesterday,134.07577612016544
663,Needs to stop sleeping all day.. Causes some problems when you're wide awake at 2:45am...,134.42760627967584
664,getting ready..! My hair will not do as i wish!!,135.11954261446135
665,I meant &quot;rly&quot; not &quot;fly&quot; in my other tweet,135.24035235187696
666,jim shearer!?!,135.32693022723933
667,"Gorgeous, I told you that your foundation has been discontinued yes? It's getting recalled on April 14 xox",135.3380449813457
668,Cant believe the cardinals have given up the lead and Im sitting here hoping they can get it back.......,135.3423464938667
669,it got cancelled hrs ago.,135.3886880199704
670,my choices are limited since they blocked my HULU..,135.7778537106972
671,studying for finals good ol' stock valuation.. options &amp; futures.. and duration management... its gonna be a long day!,136.64132019144927
672,12 hours + on doing 3 of my assessments which is due tomorrow,136.69307096605402
673,"ARGH every time I wash a certain pair of my jeans, they become so tight I can't get them off HELP!",137.5522232341179
674,any chance you can switch from bit.ly to tiny url? I can't read any of your links at work as bit.ly gets stopped as 'malicious'.,137.80598949431624
675,Im sitting here in the middle east hating the fact that i have sand in every part of my body,138.28713346575748
676,just got an orientation at our new @ work gym! Exciting! But now I don't have an excuse to not work out lol #fb,138.38404671101006
677,1 hr left of work...then spending the rest of the day with my sick lil girl,138.42729493413458
678,my mac is breaking two weeks after the warranty has expired,138.46420984837553
679,trying to cool down my itchy skin that is reacting to retinolic acid cosmetic stuff.,138.56842571045576
680,Call me retarded...but i just figured out how to see my @ replies on here...my Twitter game is not on point,138.9938643861512
681,ummm added a picture! lol sorry don't have much of me.,139.39881857114102
682,holy shindigs. thats HOT.,139.41796722166276
683,Does Not Want co-worker's various lurgies,139.7414431737461
684,"Thanks, I'll need it. I hate packing",139.8106628599456
685,That's so cool! can;t wait to see it! To bad it's not ognna be sold here in NZ!,139.97004779512505
686,"Wow! How disappointing! I, for one, really looked forward to them each quarter.",140.04803691861426
687,"lol I did read it, of course! I just wanted to be a secret agent.....*sigh* You tread on my dreams as Yeats would say Ouch",140.2753210653807
688,V. has left to go meet up with some friends. So very bored. Gem won't even entertain me,140.82204021378695
689,ooo Dr Who is on in HD...... ok ok I'm officially a sad techy geek,140.92072800198696
690,"feeling better today, thank you Lord! Going to try and tackle Wal-Mart and the grocery store today.",140.94378793205126
691,Just woke up and as soon as I was about to start getting ready to party.. its raining,141.15383178265884
692,ok but in for an op in 3 weeks and a biopsy,141.1875117582748
693,how is it that i am more heart broken about 5* today then yesterday!!!!,141.38952901734825
694,oh no really? What a bummer.,141.52812232946383
695,&quot; - Well if you get one before Saturday you should go. My roundtrip tickets were less than $100,142.25839426740765
696,Need a hug,142.4460846452216
697,It's beginning to wind me up now because it always picks the worst possible moments to freeze,142.60585476327768
698,"aw don't remind me, I love this time of year cos there is so much rugby on but it also means the end of the season is nigh",142.90348058136126
699,My best friend Amy is coming round today to i've got to clean the house and i've got to find my amp cable,143.01523193070696
700,- Legs feel worse than they did yesterday,143.02521549124376
701,lol so how is everyone and btw i have to go to my grans soon :@,143.19823357887867
702,Rehearsal at 8:15 tomorrow.,143.2036008167576
703,thinks the NFL won't be the same without John Madden,143.29878987813828
704,I was actually signed on to YM and NOT invisible for a few hours. Not one person said Hi.,143.37234956301538
705,It's snowing.....no more needs to be said!,143.83909518352525
706,"Bored, woke up too early... Still got another hour...",144.03713145727718
707,i'm freezing,144.11811583011362
708,Just got home from LDN miss it tones already but will return soon lpl,144.28670687081944
709,I feel your pain! boohoo some of us have ALOT to do in Apr.,144.51569689848054
710,I love uni coffee????? BET you won't get this one. ILPC oh ps uni tomorrow pick u up at 12:52! PS 1000 word assignment! ARG,144.73354978400715
711,looooooooooong day but home and chillaxin with my shane now ;),144.9475532915373
712,miley and demi please reply,145.0039263691373
713,WHY ARE YOU IN NOLA?!?!?!,145.23458464821945
714,I was just told I'm old,145.71157845796463
715,"So I was looking forward 2 lunch b/c Brock brings in That 70's Show, but he forgot to bring the DVD's in What r we supposed 2 do now?",145.89853337679367
716,Off to the hospital soon. Kinda sucks I'm not allowed to eat anything x,145.98207578970766
717,why can you not come up North and see us?,146.32591324921444
718,about that... I am gonna be in mexico,147.0438395355402
719,sickk in class essay tomorrow last day of school on thurs woooohhh,147.37366923940863
720,Its gonna be a boring week cause everyone's on vacation,147.38100991883644
721,"Yeah, that does bother me a lot as well. I'm all for multiculturalism as long as someone isn't being hurt or oppressed.",147.4778191037909
722,Good morning! just helping otu to clean the house...,147.67052968809878
723,"work 9-2 then my cousins wedding, by myself then i really dont know :/ blah.",148.17641009371363
724,Just as my dream was about to finish rendering I woke up,148.3944959951834
725,Good morning... I wish the weather was as good as in Germany today,148.61628918112717
726,i want it to rain! just liddo sprinkles right now,149.04353042502083
727,missing out on wine tasting with my mom-in-law. oh so sad,149.55048390157327
728,ouch mine too,149.970196352556
729,Did you guys see that mmo-champion are wiping their Hall of Fame as Freya (+Thorim and General) is getting made harder?,149.9849690812698
730,What do you do if a blonde throws a grenade at you? Pull the pin and throw it back. hahahaha not.. I need a good joke,150.07657458011263
731,"what was going on with you guys over the weekend Shak??? was not happy, my CD collection is outdated!!",150.26128289358903
732,Lost $90 in cash at the mall today. Fell out of my pocket. That puts a damper on the weekend.,150.54402989850843
733,will check it out. Just want a couple to read while away. New one at Liquid Silver. Just some GOOD reads-read some rubbish lately,151.06821868351707
734,"The sun is shining, gotta get to work",151.11240773501837
735,Finally gave in and was bored enough to start this thing. I think the 140 is going to be a problem for me tho. its like a myspace status.,151.1222205577044
736,Just got done watching the new House episode.Definitely one of the saddest episodes ever.,151.19328754940108
737,"STILL reconcilling bloody key deposits,craving hot beaches, and blue sea's my baby and me sitting under palm tree's! Not gonna happen!",151.41389580214837
738,"my first full week of class this week. no skipping, sad day",152.09461884826018
739,at last night,152.90329848549962
740,Another productive day! Both vehicles cleaned top to bottom! However...looks like it may rain well..atleast the lawn is raked!,153.04993881493218
741,lol i had to get up at 6:30 this morning,153.0756767328569
742,Ugh. still working on project just taking a small break,153.1405168886406
743,Dam I'm at work wishing the weekend was here.... It's only Tuesday people,153.33881019710336
744,"So I guess my 3 in 1 printer is just a 1 in 1 printer. It can't print or copy anymore, just scan....",153.56428435114634
745,observing ducks for my stupid paper. but other than that today will be a good day!,153.59926556361745
746,aww i forgot it's tomorrow!!!! i was going to go but i completely FORGOT! I'm so sad now ((((,153.6710636985745
747,but I thought I did Not my fault that you dont pay attention to my genitals!,153.89637637795894
748,Goodmorning my twitters!!!! I'm getting ready to get my eisom tooth tooken out pray for me!! LOL I don't want to go!!!!!!!!!,153.98478801773507
749,Found the perfect prom dress today! Shame about the price tag xxxx,154.11712041787237
750,"Sigh, I went to bed early last night, and I'm STILL tired.",154.1819083325857
751,"i'm playing neopets, watching top model re-runs, and tweeting at [ facebook is down for me ]. ahhhh spring break &lt;3",154.25040545535447
752,DDDDD: poor you,154.79384002007595
753,pls pls PHOTOS! Iï¿½m not gonna sign up to Facebook just to see photos. Put them on Flickr or something!,154.86201051350022
754,creepin me out dude. May have to cancel my trip to sydney now..... LOL,154.87970513923062
755,"Kat! Have a good vacation. Personally, 1st year on a new job=zero vacation days. hide the damn alarm clock tomorrow!",155.04100962463488
756,I know I need someone to save me and take me to the park..,155.16616963659325
757,I should have paid more attention when we covered photoshop in my webpage design class in undergrad,155.18776251167165
758,: getting ready for the eve ahead - one last beer with Dax before he facks off,155.3165402433486
759,i cant believe you &amp; amy are abandoning us...Criessss,155.71809527407697
760,"Playing after the others thanks to TV scheduling may well allow us to know what's go on, but it makes things look bad on Saturday nights",155.9376449457191
761,Somewhere in the world right now the sun is shining and people are busy...but not here,155.97158802845024
762,Thts al i wana hear! Man im such a bad wife,156.12996488839823
763,Just returned from my Caribean vacation... It was so nice and hot in Dominican Republic and so cold and rainy here,156.4887892785364
764,"abey lalloo.. Me n dake then went for the 8pm show @ cp.. U cud've made it .. Chal koi nahi, nxt weekend try karenge again",156.5946864629961
765,feels slightly ill. Guess i shouldnt have eaten Mc Ds after all.,157.08601608978776
766,*Takes a bite* These are really good cookies! To bad you can't try them Maybe I can share them with Jake if he comes over!,157.12906993457227
767,still want to meet a nice man who wants to have nice experiences together... missing intimacy I am!,157.8580318970058
768,"Lazy me lazy! Inspire me to get up and clean up my desk, tweeple... Or I've no hope",158.03852133928322
769,my butt hurts.,158.53482804304275
770,"'s Kinda Bummed. An Agency Just Told Me That I Didn't Have The 'LOOK' That They Were Going For. Ladies, Please Help Me Create The 'LOOK'",158.63730906712522
771,misses all my friends!,158.71610800824482
772,my last night in Japan...I will miss it so,158.74542342968292
773,I'm boardin' ...off to Germany xxx Miss the family Kiss Texas 4 me,158.8337273147673
774,"Sorry, SF. Rescheduling my SF trip for this coming weekend to mid May. Bad circumstances",159.44687006408708
775,left headphone dead.,159.58229870263216
776,why not saturday??,160.00088709498024
777,"should have done soo much school work today, but I diden't",160.07897495082116
778,omg thats horrible I hope the rest of your day gets better I hope the geese is ok,160.48317861502395
779,"Oh Johnnie, I guess we just weren't raised in an environment where every thing we did was special - poor us",160.66904564170036
780,Begining my ten page paper for media law this weekend after work blah! getting advertising quotes for the Paseo Art Festival t-shirts,160.6877911879287
781,STUCK at Corrine's. Can't find Deejay's fuckin' keys. Oh Lord.,160.94335094819294
782,"I am at work, wishing it was Sunday night",160.94714569034252
783,just woke upp [: CHEESE ON TOAST. yummmm. i want to wear my spongebob teeshirt but i cant find it,161.6030050826724
784,what's wrong?,161.7329344728815
785,"stomach cramps are getting worse, struggling to walk now.",161.9621042697179
786,"Snow mounted up to a couple of inches overnight, very pretty but I hope I don't lose my peaches, tree was in bloom",162.12889152527714
787,they are all out in the 'burbs i don't think Ben is going to drive 45 min for tater tots &amp; a limeade,162.33605820991957
788,oh no! How embarassing .,162.45477783858746
789,I've nearly finished my placement htis signals the end of my student life i dont have an excuse to be such a lazy drunken bum,162.82282564117685
790,bummin that my local Starbucks has no more Doubleshots (cans).,163.00817580822923
791,i am getting jip for watching F1 highlights on the web.....,163.03154725658928
792,I wish I had the day off. Some people have all the luck.,163.1986010530584
793,- I wish it was still Sat,163.2651768373101
794,didnt announce reading lineup,163.69686217901832
795,I hate bumble b's,163.96972183467096
796,"I must admit, i'm a little pissed ppl r starting to get hip to Drake. ... n correction, not just my Sorors, MY CHAPTER! E? baby all day!!",164.10629655453775
797,just finished a morning 4-miler...not too shabby although it looks like rain is coming work time...,164.45984804267997
798,Ugh! Been sick all week! Somebody save me!!!,164.48415197920087
799,"I totally adore cats, I have 2 males and a female. We recently lost our kitten female. She disappeared (7wks now)",164.64637806780007
800,Had 2 birthday partys on the farm today. Both had loads of fun! Easter bunny last day tomorrow!!,164.7371863467895
801,"Yeah, they're gonna cut off a nostril!! :O Poor little love, it won't help his looks any!",164.95619022291916
802,7?! Whaat?! I dont think ill be able to make it,165.42203886050004
803,just walked the dog. everyone else is hot but im stone cold,165.53052708546758
804,says ang tagal naman ng May 14,165.56252825205044
805,oh kell!! HUGS HUN!! you'll be home soon!! ;),165.87256721126
806,i'm sad i wasn't there,166.01252668189113
807,Thanks for the follow. Can't wait to meet you! We'll have to have drinks in Muncie at The Heorot (no Web site ),166.116291773974
808,"edison, please don't shut my power off yet or I will have no music to play all day",166.393585404881
809,is hungover and hurting real bad,166.5872933635467
810,is knackered after working nights,166.6743018777976
811,Watched a movie... feeling sleepy but know that when i actually get up from the lounge and move to bed I'll be wide awake,166.85696284090548
812,where has all the duchy originals peppermint tea gone?? down to last 2 bags with no replacements in sight,167.2296083122999
813,"OMG, more than 360 people is the death toll in Italy",167.4087232286374
814,so nervous i think im gonna crap my pants,167.79371376174765
815,"if someone left a phone at my work i wouldn't go through it but its sad you can't hope for the same in everyone, hey",167.8715158489982
816,Well that was a waste of time,167.91887693178174
817,off work yay Im so tired,168.20514607511353
818,Had lunch and I want to go to sleep now Think I'll go upstairs and put the washing mountain away!,168.21771617618947
819,but.... it doesn't come with a flashlight,168.33803207547203
820,Can't stop crying. Man.... 7pounds is no joke,168.58977816563095
821,woke up at 6am far too early...more coffee then,168.60798679022025
822,can't sleep. And wondering why my following keeps going down? Guess I gotta try and be more interesting! Haha.,169.02264891262817
823,wants to play resident evil but school and work getting in the way,169.12553091370606
824,Late nights suckkk! Gym always makes me feel better though!! Photoshoot for what?,169.51397202588828
825,"wow....wrote 4 pages in one hour, while playing around with music downloads...lol...i knew i could write the paper!!! now math hw",169.59253548279173
826,first game is at noon...its raining...,169.9796662239961
827,i dont sell very often on ebay.,170.2278609087277
828,"im lonely keep me company! 22 female, Buffalo - New York",170.27201244217585
829,No southpark for me,170.6986735063626
830,I wanna go to lamb of god,170.7268204181256
831,"thinking about chris, erin, and family today. they have to say goodbye to their beloved Dad and newly made Grandpa!",170.84697944827258
832,"it is soOo windy here!! I don't like this, at all! Not what I signed up for.",171.0540568633074
833,ow.,171.25612321030582
834,me too will you be there when I get back Wed. night for dinner at Tecce's??,171.98184941171638
835,booo to that test i just took,172.02196184364337
836,the mall at 10am... not fun,172.1232381214907
837,"goodness me, how did you find me?? it's good to hear from you Ben! I still have your video game and book...I apologize",172.69303884294106
838,this is way to early to go to work,173.36696364664243
839,Stuck indoors with the flu and missing my sister's Parma party tonight.,173.36806461935265
840,"the #walthamstowEMD has taken another twist, unfortunately I wont be able to get back for the public proposal days in a fortnight",173.63481237266564
841,Has a cold,173.84879786163262
842,were NOT going outta town,173.95883538126378
843,lol yea follow me though i need more followers lol,174.03294482931963
844,"I've just been Mikeyyd!! Deleted coupla peeps, changed my p'word and I'm up n runnin again. Phew!",174.31394584666756
845,wishing i was home underneath my covers,174.39555299093925
846,My baby has to leave soon.... Wish he would never go. Text it I guess 978 996 7280.,174.45763896093754
847,Wants to be followed by the King of Twitter,174.67534049943444
848,"watching b play video games. oh well, its his birthday. looove him. and fracking tired. lacking enough sleep to get through a full day.",174.75457268598632
849,"great! I got my first tattoo yesterday, so my neck is really sore!!",174.80590739739856
850,we're late leaving for wilmington but its gorgeous outside and realllyyy chilly in south carolina,174.950973524571
851,"so rylee,grace...wana go steve's party or not?? SADLY SINCE ITS EASTER I WNT B ABLE 2 DO MUCH BUT OHH WELL.....",175.0735394106864
852,the girl in the suitcase story is just messed up.. Can't imagine anyone doing something like that...,175.1703345677065
853,ahh wait im not,175.25070511257212
854,"rest your eyes? Where is the dedication dixon? Glos lost in edf final, very badly...",175.69508562336497
855,"Just dropped Alek off, didn't work out (mother nature) ughh",175.75246748957144
856,Its so nice out! Wish my boo was here,176.06618637689905
857,"wah, you was in Germany! wanna see you",176.12376412175442
858,"just wants to sleep, no matter how much she's missed school, people, and playing music. She's just worn out, and it's only Tuesday.",176.29929147005956
859,That's lame. I hope it improves as a whole. Yeah! It's gonna be fun! Pictures would be good so we can share!,176.72652170306253
860,the sunny day went away.... make it come back.,176.86713811459634
861,- at #democratic council training in Orange. Learning how to be a Democrat. It's all day though,176.901640381275
862,Just got twitter and has no clue how to use this thing,177.1321531307069
863,Awwww... come on... I have less than an acre and a push mower... uhm... it takes 45 min front and back...,177.20899299407276
864,sometimes I wonder where my money goes.,177.2275782314738
865,"Mom's brains are fried, not juicy. That's what she says when she's in front of teh compy too much. MY BRAINS ARE FRIED!",177.25153854772944
866,I want to stay in bed all day.,177.35324191087
867,"I agree, sendout cards rocks! Just sent one today to a dear friend that I had to let go",177.46012987652506
868,#dreams Had to speak at night honoring michelle obama as fashion icon. Did so wearing her clothes. Got pee on them while changing.,177.58700135438465
869,"customs are holding our container, so some of our customers can't go camping for Easter Boo to HM CUSTOMS!!",177.80900028404264
870,Work &lt; Prom Dinner with friends...,178.71919987549168
871,Still 3 more days until my Internet gets uncapped,179.21630401189944
872,at school on another makeup day and sill hatin it,179.2989167273467
873,ohhhh but I will be ever so sad and you know you need to talk to me atleast once aday!,179.632369769606
874,Yes I am. My grandchildren (2 boys and 1 girl) are spending the weekend. It's raining. We're inside,179.69472940403236
875,tried to make MD crabcakes last night from canned (dios mio!!) crabmeat..a sad affair. maybe they can fed ex crab from balmer?,179.8931346142102
876,u kno I luv the Isley Bros... Hey my friends band is def perf 4 Records Store day in lil 5pts but I fell asleep phuck!,179.94499558630557
877,"No, I'm old. You made it to 10:45! Whereas I usually only last til 10",180.23031265270637
878,is doing well with this Jewish essay,180.25877241359052
879,Sometimes YouTube has no sound on Ubuntu,180.26327414219472
880,fraid not and I love Zelda too ^^,180.42895090183964
881,Aww I am sorry! lol yu saw the HIlls too.. I wanna watch the season to see why Spencer calls LC to appologize lmao!,180.5152420007075
882,haha I would but you won't,180.63485357027463
883,seems TweetDeck won't show tweets in Chinese,180.65027096862818
884,Don't hav 2 much fun w/o me!,180.74191378958196
885,NEGATIVE.. you lost my vote of confidence,180.80669363141226
886,Wheres my $900 Im a poor uni student too,180.86256009048364
887,I'm off the phone,181.10840535094042
888,holy crap. I take a nap for 4 hours and Pitchfork blows up my twitter dashboard. I wish I was at Coachella.,181.37815057226456
889,"&quot;video not supported on iPhone&quot; could you just tweet the whole script, with a description of the action?",181.46410413904707
890,"Dammit, episode 3 of Kings won't play for some reason stopped in the middle now won't do anything",181.6770909780705
891,aawwwww i know what u mean. iv never been that girl with a sense of humor,181.7923773560165
892,"it's a beautiful day and I'm going to go in to work! But, I'll enjoy the sun tomorrow, so it's okay.",181.85150598983302
893,going to help my parents pack up for their big move...,181.95404832693478
894,I really wish I had not bought the camera-less E62 that day when my 6680 went dead. I miss photographing little things. dSLR is too bulky,181.95552495105667
895,Failing my stats class well dangerously close Meghan Rose &lt;3,182.20261420066004
896,Today's plan: driving back to Vienna: spring cleaning in my flat,182.28645391613054
897,Work laptop is officially dead .. Not happy at all..,182.3622951238379
898,"dropped my long suffering ipod, 5 years or so of original Ipod mini, but now he's a gonner!",182.73064471368207
899,"Cleaning and packing, we got to move again",183.07404562131245
900,Com mtoooo friooooo !,183.32275180082323
901,"'Thanks for all the good luck! Alas, I wasn't good enough don't really want to explain but thanks for everything I &lt;3 you all'",183.41141169261329
902,yay unemployment! I hate my life.,183.50867728253002
903,Wants to be a developer and not a support engineer,183.53177608719076
904,Out working with sheep,183.6082874405388
905,"I was tearing up, I gotta admit.",184.1855079197022
906,"aw mannn, i haven't tweeted half enough today! Wail* oh well, i'll make up for it now!",184.25225081814864
907,"I love the nice weather, but since yesterday my allergies started acting up...",184.44280217370104
908,ilp.nba.com inaccessible right now anybody have this problem too? #nba #nbaplayoffs,184.58786700516563
909,Shopping with little miss big boobs instead of laying in the sun,184.68629052515735
910,is rocking some swollen eyes...SEXY! haha,184.83279113586894
911,just back from asda with my sons girlfriend. going to see dad in hospital later,185.1189910860091
912,I'm pretty sure it's official...I have a cold. bleh,185.12242805411546
913,do u write back on twitter? i miss ya garee... x,185.25522246472607
914,- Today is the day. Gotta sell the scooter,185.279108570936
915,Oh! Did I mention it? &quot;Gooooood Moooorniiiiiiing&quot; from Germany! Im back in my cage....or better...my office,185.4136480302289
916,UGH! whyy do i still feel like this? mm i'm gonna eat some breakfast &amp; stop thinking haha,185.51612047428188
917,there are no courses online and prpoercourses are exy $$ best thing is practice,185.7672763573633
918,never been able to afford to get them out. I'd much rather go through the extraction than continue with what I deal with now.,185.83223126232704
919,"word on the street is that &quot;face time&quot; is not worth the $375.... No individual pics and rush, rush, rush.....",186.5758326042417
920,aww well i thought it was a fun website anyway. don't be lonely!,186.6491956930656
921,"Really wish I could fall asleep, but to much is going through my head",186.8519000568577
922,I had one outside my patio. I named him Rex. Then the gardner took him down. RIP Rex,186.9972749736448
923,Headache and yardwork = miserable hell,187.1637389961476
924,"Wow, I can't get my wife to get on twitter... #satchat",187.4714067359145
925,im sooo sad right now i need a hug,187.61701214907478
926,"This woman is an utter disgrace - should be charged with aggravated wasting of police time, Clifford given a caution",187.69546097298158
927,Same iMac came out $320 more in Indonesia than the States.,187.90808431982808
928,ouch they can be a pain get them at work with the bag tags and boarding passes at time ...,187.9862525595398
929,Eminem We Made You is GAWBAGE[/Rosci] ! Imma cop Asher Roth's album instead fuck em on his &quot;ass like that &quot; flow,188.16411826260844
930,"So, instead of running, I just spent copious amounts of time buried in the code of my website. Epic Nerd Fail. I suck.",188.6310974794785
931,getting annoyed easily today &gt;&gt;&gt; biofuel proposal: getting annoyed easily today &gt;&gt;&gt; biof..,188.76701526429304
932,every time you tweet about the redbull car I loose a little part of my soul.,188.91789415446323
933,Hey - you didn't tell me you had one of those!!! Jealous,189.0306721367392
934,feeling stressed about my little dog who looks like he has spinal injuries,189.16307938648737
935,"haha yeah, i thought it would be much more complicated :') and well ive just got home from school, we've not got holidays x",189.37031556624225
936,"Feeling very, very envious of everyone who has already seen Star Trek in Austin, TX and Australia.",189.50652935729238
937,It looked like the kind of thing I would've had to stay around for an hour or two to get an autograph. Sorry,190.62143461114024
938,"no, not yet But also need to finish the rest of it ;)",190.81228145826117
939,Eff boy-on-key she is the worst tranny EVER!,190.97102714517266
940,Thought as much,191.19777496302757
941,shit what at House. Kutner!,191.22028484720929
942,About to go to work,191.35424805266928
943,check out #pman all kicking off in Moldova. Hope people ok,191.5526079718287
944,they never play mcfly or jonas brothers on the radio,191.78943944760402
945,I'm gonna go with bible bashing. Get them all the time round my way,191.99270740000858
946,"Sadly that's not a feed For Wordpress a feed usually would be bla.com/feed/ or bla.com/?feed=rss2, but those two don't exist",192.27170071076557
947,can finally relax. its nice outside. about to go for a stroll. wish mike was here,192.30497869396055
948,"Trying to knock together a CoreData app. I have loads of ideas, but not enough ability to write them straight off",192.94523396332556
949,IDK...JUS A COUPLE PPL R ON ON MI PAGE,193.02020914389018
950,Someone just got disqualified for sending in multiple entries.,193.49583180111603
951,Pretty terrible driving weather to Austin.,193.60233281309633
952,Come on why is nobody replying to me?! Whats wrong with you people we used to be so close?,193.66293500298931
953,you did not respond to my tweet!,194.25730387260208
954,Hubby has such a tight scedule for us during easter vaca that its stressing me out... 8 visits all over Denmark in 6 days,194.58754020442507
955,just came home....drained.,194.7767836144703
956,at the hospital,195.3781087478252
957,Missed u today..no words of inspiration or deep questions ...hope to hear more from u 2morrow,195.48585365878156
958,gotta do my cooking assignment its too hard,195.71443874598444
959,...but twitter seems to be taking up my email time at the moment,195.799857139055
960,i just got hit in the face by a piece of hail....,196.25623614020768
961,Everyone is unstuck now but the snow plow skipped our road when he saw the vehicles.,196.42912168971577
962,Got my new psp today! Woop. No time to play it tho cos im at work. Not woop,196.52124650045292
963,soooo not looking forward to my solicitors appt this afternoon,196.97259606312298
964,I don't know anyone else I feeling like a stalker... lol &quot;following&quot; is such a stalker move hahahahah,197.18721096770795
965,quite sick going to doctor now,197.44789998692522
966,couple of mt texts didn't arrive here,197.7481631803687
967,going to sleep. long day. and i chipped a fuckin tooth! night everyone have good dreams,197.78464616611615
968,And my stream starting working. The world is a bad place,197.80612216452553
969,The Imposter showing had a great turn out!! Seemed like everyone was there...accept me...my flight was delayed cause of weather all good.,197.99747319194572
970,eek that sucks sorry,198.46585235945312
971,"Big hugs, I hope everything goes peacefully",199.3074792173507
972,has just said goodbye to her hubby who is off globe trotting away,199.39464826074527
973,Richelle is not feeling well. Staying home to tend to wife.Missing BarCamp Orlando today,199.826924680973
974,work! boo party tonight tho you live in canada! you should come down to florida,199.93045549197896
975,"Haven't been to bed yet. The perks of unemployment And yes, apparently your TwitterBerry updates DO come through.",199.96821043189885
976,"I know the feeling about getting your coworkers sick , oh well , think I got my cold from one",200.00197459491005
977,re: &quot;what is going on with my profile!? hacked!&quot; ..yes add to get twitter related info. very heplful follow,200.01107067493174
978,Can't concentrate on making banners when fiancï¿½ is playing Guitar Hero,200.38779558041563
979,Just wait till you have to unpack.,200.52254796763378
980,late night is all re-runs,200.58311265806614
981,"can't sleep, damn stomach ache",200.62873264433773
982,this situation really makes me rethink my time with ben,200.98206966591917
983,its always at this time that i dont want to switch off the com,201.45558172324098
984,Its sad knowing how they found her body. What a crazy world we live in. No child deserves that ya know.,201.60882078623155
985,The animatic project is done. Got a positive result. Now I just have to write a 20 page report in 2 days. It's gonna be fun.,201.86522702355433
986,you are just awful,202.03553175114644
987,Wow...perhaps beach front property in Costa Rica's a little out of my league $$$,202.27071341951714
988,no i wish.. We should all be down next wknd tho,202.40254915000904
989,"Been at the computer so much today, my vision is blurred",202.54861715522588
990,"today is day 1 of my fast &amp; i feel i may break b4 i go 2 bed i must hold out til the end of the wk! must stayed focused, wish me luck...",203.05141911889146
991,Almost finished my 600 word essay but I don't feel too confident about it,203.13276792139018
992,"i told you your cars broke!! actually i probably jinxed it, im terrible at doing that, sorry barlow whats happened now? xxx",203.2614069495326
993,Is feeling very confused and meh...,203.33550860407945
994,"I'm goin' to follow u, since u didn't LOL GO ANGELS!",203.43992733269198
995,I love csi vegas but it's not the same without Grissom &amp; Warrick,203.61313646979275
996,Why did I go to bed so late last night?! Uuughhhh.... F my life. I'm off to work,203.88493150817354
997,"Family today, Business Event tomorrow! When we get back, it's going to snow!",204.12489751743718
998,Major headache coming on! Whyy mee? ...,204.22367570954052
999,isnt feelin 100% 2day,204.28816467054884
1000,Crying crying crying over acting why do I get such epic scenes? I'm weak and small,204.58598846043077
1001,Back to work.,204.64905463533563
1002,Fuck the weather channel. They said it was supposed to rain today.,204.83502022292498
1003,"do you think he entred m&amp;g , he aint beeenn on in ages",204.9208025709382
1004,another long day today is it friday yet??!,205.08846403122692
1005,"Awww LOL! True, true. But it's the thought that counts, so thanks!!",205.11315342982508
1006,one triop down... one to go,205.38897037663307
1007,"I'm sorry, no one at LC will be able to open your link, because IT has now blocked access to bit.ly domain on LC computers",205.92342285636067
1008,I wish I was in Sydney!,206.32904611763118
1009,Schooling Sean about Twitter. I know less than I thought,206.53535606854285
1010,at the dulceria till 6,206.84999092734566
1011,Just ate the last of Easter,206.90020461667206
1012,feeling down today,207.13642444886182
1013,"Iï¿½d like to go to Madrid to see you but I think itï¿½s not possible anyway, Iï¿½ll watch you on tuesday on &quot;El hormiguero&quot;",207.25285148519745
1014,"back home. taking a nap because i am wore out, kinda on the sad side since i think its finally quits with the boyfriend",207.3184668605452
1015,"oh Jeez, by looking in the mirror i guess, my reflection looks like a tall pale ET.",207.45660517739682
1016,are you here yet? Have you noticed the sky is falling?,207.63848628399333
1017,missing my baby.. waiting for 2morrow to get her already..,207.7654481192532
1018,Taking my dog to the vet soon I hope everythings okay with her,207.9191554038459
1019,If I am a beta tester for os3 on the iPhone can i get MMS enabled? Because I can't at the moment....,208.07062462849538
1020,Amongst the spammers? This is bad news,208.13211333681872
1021,love my boyfriend but so tired of explaining to people why he's never out with me.,208.29498990814753
1022,im so sorry hope yours does too god i want you to be okay!!!,208.45486803234402
1023,awww no fair! i is a big girl but not a big boy! you will be sorry when i bite u on bum! then u see who is big playa,208.45772126283512
1024,urgh - look outside - it's winter wonderland all over again,208.88745183176422
1025,anyone want a '99 Navigator with a boat stuck in the back of it?,208.90646804428866
1026,Oh no the weather has turned bad. 3m seas predicted for tomorrow. This could cause a real problem hopefully the prediction is wrong,209.03123578286153
1027,Its not funn to shop witout money!!!,209.14627938493823
1028,"woke up to find this cold/flu/illness-type thing isn't going without a fight and, apparently, beats you up in your sleep. Sorry, keynote",209.33843829762156
1029,Lying in bed with a banging headache,209.37008391948135
1030,It's gonna be a long agonizing Tuesday.,209.51399306252497
1031,want to go into town but don't really feel like walking down their on my own,209.76121129660538
1032,you can have mine. She's well behaved. Btw the game was another repeat.,209.84358472563673
1033,has a really bad headache..or should say a neck ache..gahh and im nauseated. this sucks,210.2457469209985
1034,oh no! It became Undone.,210.485095813588
1035,Didn't know that Twitter screen names had to be that short....EnglishSenseiCafe didn't quit fit,210.54506627326958
1036,.... Hope you're okay?,210.74124441735907
1037,"i know quoting future episodes isn't really spoiling anything, but every time i read them, i feel spoiled",211.34866639619977
1038,"there is this letter infront of me and I know wats in it (stuff 2 do wid Trey Songz) and I really wnt 2 open it bt i can't, it's not mine",211.51844030765253
1039,"- cant see the flowers falling i dont have a camera, just my cellphone",211.61713589161397
1040,I'm sorry honey I had trouble sleeping last night too. I blame the bears.,211.86635260834498
1041,I cant sleep,212.14501651624175
1042,Is about to start studying for her next course Biology,212.31889361466202
1043,"suck , when you know you haven't done anything wrong , but it feels like you have",212.526285751071
1044,I'm getting really lazy with my Twitter updating,213.25746527149732
1045,a sad day I morn for my awesome car,213.55791147915687
1046,It's one thing to hear yourself sing. It's another to hear yourself read a passage from a book. My life is now changed forever.,213.69848338429696
1047,is probably going to the doctor tomorrow...my back hurts so bad,213.8941633543603
1048,"I'm having some trouble partitioning my external hard drive, i cant get it the way i want it..",213.93168118499133
1049,working thinkin of ways to leave this place feeling like Trey songz Just gotta make it lol i hate wall street its so Gray and sad,213.96988866912264
1050,is cracking on with her work....Ugghh I am SO bored,214.29317501307168
1051,Just got home from andreas house but i was having fun but i had to go bye bye!,214.53687096572943
1052,unfortunately not at civic camp.,214.75439257399972
1053,ha! I've been planning my &quot;dramatic walk-out speech&quot; (it would be a tupac rap) for sometime now...just need another job first,215.09460515699797
1054,ha I'm sad tho oh no can't wait to hear!,215.5721787340671
1055,Thanks for bursting my bubble,215.57841596229522
1056,is trying to work I dont feel so good.,215.6338069760125
1057,"Just finished watching the new Heroes episode....God, I can't wait for next weeks episode Heroes FTW",216.02198866828076
1058,damn its down.,216.27589343480957
1059,No 12-hour coma today. I had a nightmare that shook me awake.,216.2846457674181
1060,none of my friends have twitter !! gosh they are so boring,216.5169214512511
1061,so many important things going on at once,216.89454357840043
1062,WhY?,216.89589331974867
1063,"I wish I was there, too.",217.03210484390465
1064,omg i need plans for tonight!! no one is doing anything,217.08984533597328
1065,i would hope that most agree with you there. a worringly long day hope all goes in your favour x,217.64636620512493
1066,On my way to a 100plus day!,217.85485038690368
1067,"Also, bullying stories hit way too close to home",218.04694650402703
1068,Trying to get various family members to commit to seeing U2 in Vegas. Not having much luck,218.42223084100863
1069,"Lol, and most of my bugs are either duplicates or not bugs, I feel stupid #ipb",218.7605613038714
1070,awwwww. a kitty! right outside the gym. it's so cute! i think it's a stray.,218.81515329676878
1071,Time for court,219.29591755334474
1072,just back from 3hrs of cleaning at belfast house . now fed up and hungry!,219.32781337697756
1073,I would like to apologize for the repeated Video Games Live related tweets. I am going to have a stern discussion with Koodo soon. Stern.,219.461277391663
1074,better get your auto feature ironed out. that blast of advertisements was nothing less than industrial strength spam!,219.54308423141882
1075,no one wants to ring me lol kidding im hunting for zombies not witches (Y),219.6634736690065
1076,feeling ill today too so not having a great day,219.94512609363485
1077,"lol at least you're eating something this morning, i couldnt cuz i was rushed out the door to school :@",220.4835757584697
1078,Back From Work..Was A Longggggg Day..Have A Headache..,220.5132818810881
1079,what to do,220.52814118456521
1080,School/workout/home/homework,220.55138636364774
1081,I wanna go back to bed. Why can't I fall back asleep?,220.6859295165992
1082,$3 for coors light. not a good deal!,220.72448334305153
1083,"The episode broke my heart, even though we'd speculated that this was what was coming Will miss you terribly on the show.",220.77364899655683
1084,I'm shocked I thought NYC was cock full of quality nail shops,221.1664513434177
1085,nooooooooo I can hug you though! that was random sorrrry! ^.^,221.23671344108976
1086,I'm gonna cry ...&quot;TinaFey&quot; is a fake!,221.77072422207198
1087,"Up and studying in the early morn, motivated by my very bad dream!",222.41203434177686
1088,damn how can I get all my followers to write me???,222.64270385045305
1089,"ok listen here!! leave me alone! nobody told me gosh, i can still laugh. i'm gonna revoke ur brain status u keep bein mean",222.77727002727173
1090,I don't have anything in my paypal now. sent all to last time and i'm kangal,222.78437598812533
1091,excuse me when have i ever bullied you???,222.82374562573563
1092,I wish my computer wasn't broken so I could get a effin pic up..why can't I do it on my blackberrry,223.20312961234228
1093,Loving the weather outside. Wish I didnt have to go to work later,223.26180180118868
1094,need to pick up the golf from the VW garage. failed its MOT,223.3670639067995
1095,hiya which slides do you mean? Your contact photo in B/W? Had minor crisis too and had to replace all contacts so no photos,223.54101232996024
1096,My face again... I miss this hair -decora.deviantart.com/art/Amore-de-Mori-Fascinator-112915560,224.02436715193298
1097,is seriously freaked out...fuzz!,224.1690221618526
1098,assuming i wont get to see u before u leave...i'll miss u punkin : *,224.582201583293
1099,Really hungry and sad that I had to throw my breakfast in the bin,224.78206964475572
1100,At work till 5,224.81911931806758
1101,Nothin like throwin up on your customers front door,225.1728473756376
1102,"i have to study, but I don't want to it's so booooooring",225.19164046480452
1103,i miss,225.207584056029
1104,Awesome view! I miss Chi-town. Say hello for me!,225.59003511873883
1105,Awww Poor Zach I'm Sorry! That's Not Right Of People To Just Put Your Interviews Up On Youtube ! Like What !?! Mrs.CJBaran&lt;3,225.76135763812655
1106,Saving up is too hard! especially when Mathew Willaimson's line for H&amp;M starts thursday! xo,226.2055948455478
1107,Am trying to figure out how DD got 40 followers... upset is not the word,226.68546273730036
1108,hasnt done any work oh well!,226.99014179710946
1109,missed some good oppertunities...,227.16516663183958
1110,has a huge headache,227.22520848636614
1111,gooooodmorning twitter! gotta get started on my HOMEWORK thts due on Monday No Bueno!,227.2860413909702
1112,Where are you Haddad? Maybe my Tweetdeck just doesn't like your updates but I haven't seen you at all!!,227.70468907938948
1113,i have a stuffy nose,228.11854484748713
1114,hey kids ! i am back and i still have coke zero but no skittles . time to dance !! yay random song title time !!! HYPEEEEEEEEEEEEEEER !!!,228.50130375824327
1115,I just ate KFC,228.50628484006907
1116,"im lonely keep me company! 22 female, New Orleans - Louisiana",229.29543538367872
1117,ahhhh i wish i could go to the dallas show...but i wont be near there then,229.31293448083971
1118,"most random night ever, last day at the birch tomorrow..",229.3705330097539
1119,snowing again,229.5758900688404
1120,Have to update my picture cos I look old and fat. Oh I am old and fat playing badminton is not working on weight,229.68422070294997
1121,You're not a buckhead!,229.8505715518384
1122,Man I want some Nike Air Yeezy's but as i don't live in states have no chance in hell Ahh well spend the $200 on 2 pairs of sb's instead!,229.85444345090443
1123,That's what happens what you put a trickily worded Proposition in the hands of the electorate rather than the elected.,230.08954271094245
1124,Someone somewhere didn't like Sheepish ?id=141,230.11674235893676
1125,my &lt;3 is so heavy! Another bout of tears.,230.4708597294723
1126,isnt very happy with twitter at the moment.. wont let me upload my picture wishing dougie or tom would reply to me..,230.5044457546457
1127,I've just looked on your list and it isn't there ?tab=250,230.64102080499435
1128,might be getting a sore throat again,231.02051143190525
1129,Melanie fails. And I can't find the directions to the hair show I was gonna go to.,231.11612079448628
1130,"those morningside mo, bakker people are impossible to get a hold of. I've been trying for days.",231.37977225475316
1131,"Time for Warcraft yes, but for a simple game of a group of fans no Just let us know if u figure it out, you want the prize?",231.42349540586818
1132,"Good morning fellow tweets, there is allot of spamers on here. but thats ok, I'll just get rid of them.",231.66789438509963
1133,I miss 'em too.,231.68590684848527
1134,"is in study hall now, and i will log off immediately.",231.97105566893777
1135,Still shooting the office interior. We're all so tired. Still got another scene to do! Finish time: 9am!,232.11012639566673
1136,anyway if they go... i hope there will be a caffine replacement in that area,232.27111469256985
1137,Penelope is getting trimmed,232.5124403551287
1138,"my iphone was 6.02! not even 5.09, much less the required 5.08. so i sit and wait more",232.65028790326397
1139,exactly. Bad averts. and they should have ads for DQ at night when it is closed. That is cruel and unusual punishment,232.65353582814294
1140,"Had a sleepless night and a bad morning! in Grand Prairie, TX",233.19134379423173
1141,filling out my Call to the Bar form :/ just have to find 2 &quot;professional people&quot; to give me a reference,233.32615669871356
1142,hey saw u guys play @ pushover..didn't get 2 meet u tho cuz of th HUGE line i was very upset ='( lol..a msg would make up 4 it!,233.35185904114354
1143,"Job Interview in Cardiff today, wish me luck! Got about 3 hours sleep",233.73125948247085
1144,"I am not kidding they use your ID and slide it on the register, the ID check is automatic, but we cant get the vote right",233.79950416026534
1145,"no, you can't it's an autorefresh of I think the past 48 hours only.",233.8896831783464
1146,is hoping this tummy ache from too many cookies will go away soon. thanks brady,234.11220254607
1147,Im cooooold,234.42681002279454
1148,"Unreliable internet, potholes and a phone that doesn't dial properly. - Text formatting is being stripped from some pages, any ideas?",234.68431980878233
1149,"Why would emotions suddenly pour out..?? I just remembered something that happened, n im very badly feeling it..!!",234.73152201259393
1150,"Rode river circuit, asthma hit hard :O Too wet to mow Amazed or amused that W/pac cr limit raised, celebrated with Coles' shop, etc. ;)",234.82373883226043
1151,Why can't I sleep like her,234.9430670851274
1152,"Jeez! today is gona be the longest day in bloody history sat here,",234.95743441724355
1153,"Just had my credit card pwned, luckily I won't have to cough up for it, but still a pain going through the disputation process",235.04701710102069
1154,Misses Rach already,235.09596725144965
1155,I have a thing for blue eyes. Uh. I wish guys around where I lived looked like that. It is not fairr.,235.28265242404123
1156,cant believe i have to go all the way to Barnes for work today....instead of a 5minute walk to St Johns Wood,235.38239091064543
1157,"just burnt her breakfast. but i ate it anyway, bcuz i was hungry. tramp.",235.58157668001363
1158,"Home again, home again. Jiggidy Jig.",235.82319631581598
1159,Me toooooo! I feel like I've been on the verge of an anxiety attack all day.,236.16951463420887
1160,Whatching Prison Break sad only four mor episodes,236.19421566502896
1161,Last day of vacation. going to the outlet mall. Hopefully I won't go overboard on cute girly things!!,236.54634022278373
1162,Free E-waste event today in Eastlake at the Walmart. You all should come by until 3. And I see the irony in it being at Walmart,236.64739908226778
1163,"worked his heart out today, doubling my weight at each station. Result: Stiff and pulled muscles... OUCH!",236.9776656956568
1164,I think so too I always get it.,237.2960791875567
1165,Is just loving the fact that it is 3:30 in the a.m. and my lil daughter will not go back to sleep!!!,237.29822381697477
1166,I burnt the tips off my fingers being a fatty this morning,237.34597909705462
1167,"On my way to lakeview, really sad I couldn't make concert...",237.3792345179713
1168,Just realized my live stream wasn't sent to my twitter stream...ahhhh,237.56525939919464
1169,Feeling light headed and gross,237.61142052712165
1170,"me thinks it's a bust 2day, we're to late, we overslept But I can still keep u entertained w/o the perving lol",237.9617484517363
1171,its sprained!! so glad im on holidays,238.4300713321083
1172,i wanna make friends at twitter but enybody follow me just 6?? thts's nothing,238.6117799699405
1173,Don't suppose there's any chance of making the buggers pay i.e. asking parents etc? Long shot I guess,238.87055479195527
1174,my entire college. They fucking lost my transcript now I can't attend in the Summer to catch up w/ my credits,238.87494406946163
1175,"now i have a new problem... don't know which to buy, the MacBook Pro, or the 24&quot; iMac... much more power, for le$$... but no portable...",239.05051430365756
1176,what message,239.509050981063
1177,Headache,240.1017618565958
1178,now im gonna wait till the jonas brothers update!!...but since they r in the bahamas...they may not update.,240.1202271825994
1179,infrastructure and improving their coverage/service. most of the wifi hotspots are in adelaide/SA though,240.35683549488894
1180,oh my! i cannot believe miley and demi are both going to be in London!! i want to go soo bad,240.4208145545357
1181,"wishing i could be at coachella this weekend and trying to figure out facebook, its a bit confusing.",240.55064896677075
1182,bc i knew yall were not together man people just dont have a since of humor anymore. oh well,241.37721655886273
1183,"awww poor wee Callum isn't well gotta feel sorry for my wee baby, he's away back to bed crying that he's not well",242.04326255855426
1184,sick ...and giant accounting test at 6,242.28126834882445
1185,im bored and have nothing to do... plus in pain cause arm now really weak and hurting after the hospital,242.82225340206895
1186,"Saturday morning promotion: if there was only one firefox plugin, it should be (but it eats up my life",243.08874487656055
1187,coz its cold rain,243.697611885631
1188,"is back from New York, but wants to go back so badly",243.7352931345763
1189,ive bin rate limited on twitterific,243.86025253912126
1190,I'm quite tempted in getting one of the EEEPC's on Woot.com for $150 But I really need the slightly larger version for my hands,244.07973776828823
1191,omg... &quot;The Reader&quot; is making me,244.30414144038855
1192,tired of swollen hands...they don't feel good.,244.37128935255208
1193,what should i do today? hanging out in my dude's backyard with sonic youth fell through,244.4788256144292
1194,"At this point, I'm trying to remain optimistic that it won't be as delayed as Live365 but it's getting harder each day",244.49581297991287
1195,Word Twist isn't accepting &quot;Manmom&quot; as a word.,244.6329845687774
1196,I can't wait to read that one...still waiting on my copy,244.87923418574067
1197,- It's died!!! it was looking for its fathers Mcfly! ok crap joke,244.94074046866234
1198,"cant eat, drink or breath thanks to the bad throat infection",245.07564553336272
1199,that sounds almost as good as nandos ;-) related; nandos have increased prices again,245.16795426082095
1200,tigers should of won yesterday FUCKING detroit TEAMS,245.2424494448171
1201,all thats stapling chipped my nails,245.4387914633746
1202,know of any more sites to play games on? i'll never get past the second footpath on frogger,245.60902035096854
1203,"yes, more than 150 people killed and a lot missing",246.22494262331642
1204,everyone hates me so much,247.22246588184083
1205,"There's no wifi where we are at, so I will be without internets until Monday night, no BEDA posts either",247.3538185345744
1206,i just saw this im sorry,247.4913017783918
1207,"I normally go with pumpkin patch, but a bit skint at the minute",247.5287233421957
1208,Awww I soo wish I was there to see you finally comfortable! Im sad that I missed it,247.60861591340517
1209,Taking my son to get his 18 month shot. Hope it doesn't hurt all day long!! I'll let ya know how he takes it.,247.66423751416582
1210,They then it's alright to add me on last.fm,247.71648071980928
1211,@ work on a sat..,247.79507357215627
1212,"I wish you guys were making more stops in Cali, because as of right now I can't go.",247.85568460374995
1213,Missed Jon's tweets again last Knight He waits until I turn off my phone to start twittering! Still love him though! LOL!,247.87783545007815
1214,Shame processing pics isn't as much fun as actually taking them .,247.99882037778505
1215,Fell asleep . . . Really didn't mean too *christina*,248.0980377486804
1216,"Me too Why am I not going to Glasto?! Stupid girl! Crosby, Stills &amp; Nash are playing too!",248.10518505344166
1217,I really am jealous,248.14671524593106
1218,damn it i only have dial up so does that mean i cant download Akira ??.,248.4860343794143
1219,OK Im off to bed again,248.56702710008597
1220,I can't seem to message anyone it opens a file or something?,248.65298317073658
1221,"Biolife , class, choreographing some recital routines, cleaning..not a fun day, but at least my babe comes home tonight&lt;33",249.48909843145586
1222,Why did my baby have to eat 3 prunes today and now he finally went ! My poor baby,250.06476623334905
1223,7-10 Crusaders Lead!,250.17557464022227
1224,urghhhhhh tired i need a proper lie in :|,250.71630727478265
1225,On my way to work,251.13382978409336
1226,I've got that 'I can't do this anymore' feeling,251.37375672278233
1227,Road trip axed. Gotta catch up on a few things around here. Like Springtini ...and spring cleaning.,251.87601790669686
1228,does not get it........,251.93792321901992
1229,"bed time, stressful week",252.37103234178366
1230,wtf!? Is that the one from December's trip to GC? That makes me sad Did you find out what actually went wrong with it?,252.6563736966784
1231,Oh heyy lotr marathon!! so difficult. The two towers or a new hope? Crucial life desicions.,252.7352233253337
1232,Andre Riue on neighbours..what has the world come to...internets down lol,252.939897564116
1233,It wasn't a very good advice,252.995817783617
1234,Craaaaap. My Macbook Pro is kernel panicking a lot now. I think I'm going to be forced into an upgrade sooner than this summer,253.2373299898196
1235,"Lol, I doo, but I don't get tweet alerts",253.55109429901304
1236,Three cheers for fiber to the home... now we only have to wait 8 years for it,254.01570815915036
1237,is al twittered out,254.4034554031191
1238,"I saw a girl on the Blog thumbnails, went in, and she was WAYYYY CP... I feel dirty. I need a shower.",254.6486191809069
1239,Thanks. I now have &quot;What is love&quot; stuck in my head. What is love? Baby don't hurt me. Don't hurt me. No more,254.68562666824795
1240,I don't want to leave London if I can hide somewhere on the tube I will,254.7360718773936
1241,haven't talk with aaliyah love in a few miss her some. wife says to thank her for the mags she sent us ;),255.049286965827
1242,looking forward to checking out Jason Hodges tonight here in taranta. but i cant stay too late,255.1790136060406
1243,Seating here helping my baby with his papers...well he is forcing me too seat with him im sleepy,255.31843428565242
1244,wish me luck gotta go london ging great olmand street for a appointment really scared xxxx,255.4277469445262
1245,"sorry, couldn't help it",255.72936219555655
1246,"we had sunny days, now the rain is coming again can't go for a walk with my baby",255.91997105645163
1247,outside wif my laptop/working on a playlist for my outing with mike/pollen is makin' my throat itchy,255.9791180385209
1248,i need some food nothing in the house at all........ .......,256.07937120181157
1249,haha yeahh we should go together. My poor little sick car,256.5655461358236
1250,I just bawled my eyes out watching Marley and me.,256.7691098500112
1251,Yea!!! Calgary won last night!!!! poor Montreal lost to Ottawa though,257.3389036407779
1252,"misses having a roommate that would go get ice cream or go to the store in the middle of the night. kuhn, that means you.",257.3962573296172
1253,"nooooo!! I was doing so good, im not allowed to cry.. ughhh, staying up late makes me think about stuff..",257.9547537754799
1254,"Did some voluneering and now have to focus on Uni stuff. Need to write a press release, how hard... wish I had more practice",258.0928286189953
1255,I have homework and chores to do plus school starts monday. fml RIP to my wifes gpa,258.50019381036935
1256,long day today,258.54038166943195
1257,"Is super, super disappointed!",258.7024636076177
1258,wish you could perform where i live,258.9183723298515
1259,sorry to hear it Reivanna chronic ones I assume?,259.22930993905175
1260,Class At 1 Then Work At 2.....Gonna Be A Long Boring Day,259.6207516506925
1261,Hope that nasty sun burn heals quickly Dont worry babe your still beautiful even with the burn get better soon ;),259.9776208684885
1262,am not so much looking forward to being here at school til 730pm tonight,260.205961720454
1263,"haixt ,, it's been a bad day for me ,,",260.5204743229441
1264,Still feeling bleh... Spew burps and all,260.6718409285854
1265,@ the same shithole is @ guess my night is in the crapper,260.85464775184465
1266,Where's my hint of video?! #asot400,261.0796075078944
1267,I'm not getting the job after all. Back to square one.,261.608135593004
1268,Loved 17 Again!! But is not loving all the stuff she has to do this week...,261.962341611711
1269,Finally out of work. My back is a fucking wreck.,262.02896378467375
1270,"you're making me hungry. :/ i have nothing good to snack on, either.",262.8325925307035
1271,"haha yeah that is the most ad could manage!! this is hell were bloody brilliant, crowd turn out was pathertic though",262.8920951139823
1272,lol - nope! but i did have complete #camerafail,262.93748032829365
1273,"blahhh, my throat is sore &amp; i keep coughing. i hate being sick",263.1930625675443
1274,trying to kill time. everyone went to fiesta so im stuck at home til tonight. going to jon michaels appt. gah im so hungry,263.2475697115382
1275,I want some too!!! That sounds so good!,263.6532963221833
1276,lonely. i want to crawl into bed with my teddy and mope,263.66575239504004
1277,"my body is really hating me today. cut my knee, cut my elbow, cut my toe nail. all bleeding. plus tons of lifting and moving...",263.67829217768514
1278,Wish I was playing cs too.,263.74482802149487
1279,i hope this doesn't last too long. i feel miserable!,263.9472480473721
1280,"gettin me some eats, i have no stories to tell today",264.1539081317582
1281,Sky Sports on laptop.....seems to be about 5 mins behind. Wife watching Murray on TV,264.21389718588205
1282,My oldest little sister just woke up from her nap and she wants my iPod.,264.2208125924463
1283,i completely forgot about the exams.. i really cant be bothered to revise. *PERUface*,264.4448444078653
1284,I got pudgy,264.4859246934051
1285,The guys are back - gone is the quiet.,264.49373077654775
1286,Must not be a Filipino dish,264.5601404501909
1287,Clean Me!,264.56119360064196
1288,Deadline ahead,264.6351199284649
1289,Hate to burst your bubble but TV Guide's Matt Roush says it's a disaster! I was looking fwd to it also.,264.92861744510566
1290,"I'm home with a sick monkey again poor kidlet has some weird cough. and pinkeye, just had to ambush her with eye ointment... joy!",265.2872587895331
1291,i want to go to the con in the morn but doing it would be bad for me moneywise for the rest of the fortnite.,265.69572669605117
1292,Did get some time until daughter &amp; baby moved in as mum goes to bed around 8.00pm. Now hardly ever unless very late at night,265.7421209761468
1293,is moving to Georgia this summer,266.2651662436153
1294,"My cousins can't stop playing Frozen Bubble Twisted &amp; Resco Bubble. Bye bye #N85, see you after a week or two",266.3393481664033
1295,- boo for it disappearing,267.0648176382459
1296,why does Joy always look so unhappy on the show. At times very grumpy,267.1230360300115
1297,"Sunny day, and everything goes quiet in twitterland. Unfortunately some of us still have mountains of work to do. No sun for me",267.1865403111444
1298,awww we already left. Come to the galleria. PLEASE!,267.2488146504697
1299,"#asot400 no cut out at this great song some please twitter me the last song id, great vocals",267.7877299229321
1300,won't be doing the Frank Morgan race,267.86905726754725
1301,I'm fighting a losing battle with a broken heart.,267.9424202295753
1302,I wish the hills started here tonight aswell,268.1445777833052
1303,writing my report for uni!,268.21077258619033
1304,"emily, wth do you ever sleep???? lol Hey I miss the guys!!!",268.2339546593214
1305,Just been down to the opera house to see the star trek world premire...but missed it,268.58822989429717
1306,(Sad face) i would bring you one,268.90057817485007
1307,"Arghh! My hands are itchy!! Could it be that on top of my 'alergy' to beef, I also cannot eat chicken no more??",269.27139052508943
1308,I'm trying to plan trips...low budget though...don't think it is working,269.6857207024313
1309,"Another day at work! Is it 5 o'clock yet? Guess not 'cause I'm still here. Well, gotta go!",269.7362286381082
1310,itunes is fucked up,269.74944737244897
1311,gourgeous sunny saturday and I'm at work,270.8444855971021
1312,I'm back up north now,270.9367890063175
1313,Saracens losing Andy Farrell to retirement,270.9439591098704
1314,Sorry the kids are sick Try to enjoy your days off.,271.00227554947656
1315,"I'll have the gameboy colour! Mine has been stolen. (Not that I use it, but still..)",271.01620918786824
1316,I'm making tacos for dinner. Making tacos reminds me of taco dia..Which was bangin'.. And i'm sad they closed,271.2080451079658
1317,I may need you to give me a Twitter tutorial because I've missed all of the replies. They aren't forwarding to my twitterberry,271.5117278630067
1318,"I'd suggest that The Cure - Friday I mean, Tug. Sorry",271.8512421923633
1319,- I hate 2 B allergic i want a puppy soo bad that i've already thought some cool names,271.85196551876277
1320,my throat hurts which of your remedies solved yours? The las thing I need right now is to be sick and without a voice,272.1003869019555
1321,Just did 5km on the tready and want to die... I'm not built for running...,272.2471185218607
1322,I'm sick of living in this apartment by myself...I miss home so much,272.39173985496956
1323,aw that's no good. Dallas is a thumbsup though. I used to live in Austin. I miss it so badly.,272.7863702643967
1324,WHY does the Sims NEVER work on my laptop? WHYYYYY? Someone help me,272.94784134745646
1325,no le gusta house of house 5 min intro,272.98281803325546
1326,I can't view my comments from votehandmade,273.0605670408557
1327,"love the snow being Canadian and all but its April, should be NICE outside now.. not snowing!",273.44482056940194
1328,Watching snow fall in Winchester in April!,273.51789350334315
1329,just ok i guess poo didnt get a good person,273.553093296351
1330,ahh ive always wanted to see rent love the soundtrack!!,274.2671002113089
1331,Up early to get an oil change for my car and do a couple of errands before heading for Las Vegas.. so tired,274.3440162175946
1332,the only reason i don't talk to you as much is because there is nothing to talk about.,274.6038518794133
1333,"yeah, and he was working out west.",274.929256223684
1334,"been a quiet day, where are you z",275.2186227380997
1335,Too much internet. How it plagues me,275.2225252670502
1336,Awake ..why can't I sleep..... Got to work @ 6AM -4hours,275.30203287038665
1337,Still kinda miffed that my team got stuff I didn't.,275.55016719901744
1338,Just done 2 Rick Roll's. But then avoided it,275.6487684025076
1339,Nobody tells the difference with my hair,276.4942286754301
1340,Argh!! I tired what looked like the most-lite torpedo at Quiznos and after looking up nutrition info it was still 14 points,276.77378692144805
1341,Right - off to spend quality time with the kids as working over Easter...BOOOO,277.02741440716414
1342,"funerals are so hard, especially when it's someone so close to you like your dad, i only got to spend 15 years with him. i cant do this",277.08191747598374
1343,"is annoyed when other people are &quot;too busy&quot; to do their work, so they ask me to do it. not fair!",278.22624831745617
1344,"wahliao i seriously can't take the heat!!cold water isnt helping,fan blasting in my face isnt helping!how??",278.4789743667982
1345,i have to be out of my place in 3 days...any help i can get packing/painting/cleaning is much appreciated. oh. and RIP my wall,278.62688945014435
1346,wants her shoes to stop biting,279.0481982862209
1347,"lost in Proximus online site/maze, between 'e-Services' and 'MyProximus'. No way to send an email to support. And is a squatter",279.6200445404576
1348,nothin on the crib...but def didn't get errrythang back,279.85752397329725
1349,AWWW u seriously have the cutest dog Miley! Sorry your not with her now Hope u get some sleep! xoxo,279.8798331864694
1350,is soo bored and i just wanna go out and have some fun but thandis at some gay thing all day,280.03218319493044
1351,It's officially too damn early! My dark circles have dark circles!,280.04109901230066
1352,I've had 12 hours of sleep...and somehow I'm still tired?,280.06175561062423
1353,I hope you get better soon just make sure you have alot of fluids,280.19257277971514
1354,"2morw I get my blasted wisdom teeth pulled! Need sleep...cnt stop worryng, I hate needles",280.4641270617451
1355,What a pity YouTube is currently blocked in China. I can't see the vids.,280.5152326719765
1356,I saw a dead fox last week. And then a dead kestrel! Live in the making!,280.9962642684534
1357,Aww that's sad,281.12708287273244
1358,"Great weather, great day... but my last one...",281.2273282850524
1359,8 page essay,281.54917339937407
1360,i knocked out last night as if i got hit by a bus. super bummed i ddnt see .,281.6108948180486
1361,still in germany!,281.7587193503599
1362,"i guess so :/ but i'ma still be hell fucked off those nights regardless, i guess",282.55093321321317
1363,Headahes and scary nightmares!!! Ahhhh don't wanna fall asleep,282.74642122439
1364,SHOOTING OUTSIDE MY HOUSE :O NOT KIDDING! So SCARED,282.83095023017734
1365,Missing Shmoopy. She's growing up too fast,283.0956472719431
1366,where are you going to get one from?,283.2455942819081
1367,Yeah he was,283.35688665309345
1368,ALONE ON MY B/DAY I THINK MY B/F WANNA DUMP ME,283.48927405988593
1369,Planting a friend today. Not been to a funeral in &gt;20 years.,283.5770534723749
1370,I listed myself yesterday (in 20036) but am still not showing up,283.6479320884548
1371,watchin.. I'm not there. and missing heath ledger,283.930985017828
1372,mmf. I don't like being in an argument with tom if is wasn't for his stupid friends this wouldn't have happened...,283.9801323032509
1373,why won't anyone enjoy pretty films with me,283.9870456563444
1374,"Wtf...My photoshop serial stopped workin, {that sucks}",284.01200905783264
1375,My afternoon plans got cancelled I must find something to do that will allow me to soak up this awesome sunlight.,284.0185700754202
1376,"Just booked a dentist appointment, what joy",284.03166540665325
1377,Headache + Anthropology + work in 2.5 hours = need to be pampered,284.1440949596827
1378,you were right...I didn't make it to class this morning,284.1890417937242
1379,"thank you. Since I can only use the url once, I won't be able to add individual items",284.58621481803374
1380,My littlebrother just got home! I miss him when I'm not here..,285.14198376465885
1381,inconsistent method signatures make me sad,285.29367759930426
1382,sdafghjkl;jhgnfbdvsdfghjkj i hate things like this,285.33537952149715
1383,too many updates on twitter... not able to follow everything,285.56312484467355
1384,ahh Juicy fruit gum lose their flavour sooo quickly,285.95194790895897
1385,"I am bored.... Can't wait to get to Nashville in 5 days, but is really sad one of my best friends won't be there... DD",286.02456958426325
1386,havent update this in a while bin stuck with my gf during the week. now im bk in class learnin,286.39826962042775
1387,"wow, that isn't right at all.",286.4790578636937
1388,I always get insomnia at the most inopportune times.,286.4978194907572
1389,"wow, I've used 130MB today of bandwidth. Not a good thing since our whole org has 6GB for the whole month",286.5300659203802
1390,I'm not going to TCR when I go to NYC cuz my dialysis days changed and Mark can't switch the tickets back,286.8496760055811
1391,why did i have to miss all the snow in denver? i wanna play in the snow.,286.89932309768625
1392,"OK so I stayed up, but didn't watch heroes Did admin stuff and WP stuff, learned some new WP stuff and finally happy with the layout",286.90860177916005
1393,my condolences to natasha richardson's family,286.96623335790173
1394,thanks for shattering my dreams...,287.2818967480753
1395,"ShanSKYWALKER: I still need to meet my tracey -sniffs- remember that hotmail hacking time? LOL so, ya, msn later?! &lt;3",287.30286129915027
1396,"dear morrissey, stop cancelling shows. it bums people out. first ft lauderdale, now oakland. get it together. thanks &lt;3",287.5117455645651
1397,I'm out of smokes,287.5682278051203
1398,an hour has now passed n im still on this digital img thing. all nightaH.,287.7582555141653
1399,Had some ask me to make their site rank 1st in google for the word printing... Where do people get their information?,288.22494363120023
1400,its not like spring out there is snow,288.37883996106564
1401,didnt stretch before and after my oztag game... now im hurting,288.5983846630701
1402,I cut my finger up while drumming with my shoes on state street.,288.6069731882238
1403,"Sad, sad, sad. I don't know why but I hate this feeling I wanna sleep and I still can't!",288.76287010228276
1404,sorry wish employers had decency to let ppl know either way but keep trying!,288.81888805958033
1405,Oh no...! Who left the door opened?! grrr...,288.8718224996935
1406,"really wants to see Snow Patrol live again, seems like months ago and it was only 3 weeks",289.0893431685931
1407,"and now, to work.",289.19667435066947
1408,girls no naughty things for me tonite.. i can not be a tigress since hubby fell a sleep on the couch b/c of boredom,289.47208751263645
1409,I too have a puncture,289.7029377459275
1410,I feel sick ate too much,289.75963221434256
1411,Can't sleep and brother is at home with girlfriend and baby so i can't sleep in his room any more,289.77360252669445
1412,"Looking for a small SAN, trying to decide between vendors &amp; technologies. So many choices, so much money",289.77733940564445
1413,Twitter is getting boring. i dont know they hype is dying,289.78300485071327
1414,coffee keeps me going..... oh god work again tomorrowm good ol maccas,289.8953095355364
1415,everything in facebook is down,289.91437274327717
1416,No Internet = No updates Brilliant weekend down to Coloba and everywhere inbetween... Bringing home a monkey...,289.92175906540444
1417,American Apparel Kids,290.78274395436426
1418,Locked inside Davis when it's 88 degrees and sunny out.,290.8449189945114
1419,I wish I were at Coachella,290.8506983266906
1420,Uh-hum and this sister needs a huggg.,290.9082975188094
1421,Sorry we missed your bday bash!!!!,290.9457194288275
1422,I know! The poor thing must've been so scared! All these huge things coming towards it!,291.17083861520354
1423,"Working rite now, but have a MASSIVE Headache building, and feeling very sick. .",291.2254975693242
1424,i want to fly in the sun.. itï¿½s raaaaaining the hole day,291.29155017932715
1425,"I find Ekitan doesn't give the best results for a lot of searches, especially to/from airports",291.5357028593242
1426,"yeah its 05:45 here and am still awake and not even in work, it seems the USA comes out to play about now",291.7888386464831
1427,"Woke up (a little) late than usual... And I feel tired!!! Anyway, time for breakfast ;)",292.0691921233068
1428,"mandy moore &quot;cry&quot; ? - &quot;a walk to remember&quot; by far my favorite movie, so sad i cried like a baby",292.1349571171439
1429,lol... winter is the only season that I wanna experience sooo badly! Over here it's always hot cz of the tropical weather...,292.27390248596686
1430,Can't escape house spoilers even on the warcraft forums damn you internet.,292.61856812568175
1431,"this is true, lol but it's still a slap in the face after such a warm end of march",292.68903682214193
1432,"You know, I don't how you people can put up with my lack of spelling ability. Just looked over a couple of posts and I messed up a word.",293.09679630869164
1433,I think I'm going to have a bath in a bit. I haven't had a bath in some time now and I miss it,293.11217044861826
1434,"I hope that darkrai has moved on from our area, I don't want me and to have bad dreams again tonight",293.4133099476852
1435,at home just came bck from stratford!!! did alot of shoppin! YAY omg school is in like 2days xx,293.7086485413062
1436,"That fat guy on Britains got talent nearly made me want to hurl, sad am not going to be seeing anymore of this silly uni and no TV",294.12986119419776
1437,... but either full or 2 expensive - no space at home,294.18183843698625
1438,libtorrent.... why can't you just work and be nice and small at the same time?,294.3788510737931
1439,Why is it that someday you look nearly good and the next day you look totally fucked up? Today is the next day,294.78046227701867
1440,I cannot receive text messages on my phone anymore,294.944144068258
1441,soooo tirred and Jade won't pick up Im hungry. &amp; lost my voice for a while.,295.16148874600486
1442,I want to see sack and moomoo.,295.17618001943544
1443,school. and errands. without will and that's the sad part,295.46416682790004
1444,where are u now?,295.6327527096214
1445,I reckon,296.0741432948424
1446,is sick of it here!!!,296.4874196730698
1447,watching my talk shows.... but cant find Tyra...,296.5295282620711
1448,getting ready for bed. its gonna be an interesting night...,296.8707779999394
1449,Why is it snowing?,296.8793807206685
1450,Airlie is sick and now Mason is sick Too. He is going to miss his school disco,297.04659101924983
1451,Trying to decipher my german friend's message. The sad part is I can only speak english.,297.261100731626
1452,Has a huge headache but gotta go to work,297.28595799788866
1453,sighh i once again broke something..i broke my mp3player,297.6524941753325
1454,i missed my first class too. well... i'm going to. LOL i have too much stuff to do. i'm really scard about my grades for this,297.9061233791835
1455,missed Brent at praise band. No fun to not have your lead guitarist. &lt;pout&gt;,297.92734269340457
1456,- Italia I want to go back,298.02149107939016
1457,ohhh i hate civicsss,298.07631658270736
1458,"Really need to be getting work done, but Twitter is more entertaining right now",298.3300079609841
1459,Coffe at the cup with Sandi. It's a rainy morning though,298.33051418662
1460,Had too much fun last night- paying for it now... going to go and fry an egg,298.42667827049644
1461,"packing my overnight bag for tomorrow, going to the hospital",298.4593112660773
1462,We do talk else where &gt;&lt; I wasn't there,298.65569719035483
1463,Terribly! I was considering doing it today but.....my laptops bust! I CANT LIVE WITHOUT IT!!!! Love you lots freak x x x x x,298.6677044244083
1464,I'll never be able to find your messages now,298.6712989476623
1465,There is 1 less squirrel in the world now...,298.74654943383985
1466,CSK lose first #IPL match Where is Morkel and why did Murali sit out ?! :|,299.0750806765075
1467,Ditto! I was not impressed with last Wednesday's online ordering 'issues'!,299.14815353986353
1468,Sick on top of my chronic issues...home work even though I just had 3 weeks off and have a short week this week! Just so ill... BLAH!,299.27710108340955
1469,Bah! delayed another half hour. weather conditions in SFO,299.4404817431406
1470,uh...I feel so lonely I wish my BFFWIAMC (Best Friend Forever Who Is Also My Cousin) has a Twitter,299.6823103296512
1471,"Visiting this weekend is the Computer Musuem open on Saturday, last time I came it was closed",299.69062490156483
1472,Is Loving NIN today! - shame I cant chill with a beer or two and listen to them - have to do dissertation instead ah well back to it!,299.69299674992084
1473,"Had to leave Relay early Unfortunately, homework takes precedence over having fun.",299.6957044339988
1474,Flack for things that aren't my fault? Not cool.,299.960608130429
1475,is NOT a happy bunny. so-called friends have gone and ruined my chances on this project!,300.0012046064336
1476,Working till 2. It looks like we are going to have more rain and gray skies. Wish I could get back in bed,300.13942406041247
1477,whats wrong with the car? mines not behaving either,300.3142125295805
1478,bad day for SRM,300.53450609851313
1479,sick can't wait to go back to my room and sleeeeep.,300.58291315623103
1480,oh well please THANK her for answering my phone calls,300.64567924882004
1481,"my heart is broken every morning dropping Foo at pre school, now i understand when moms say &quot;he has my heart broken&quot;.",300.9450407579261
1482,Not able to check my DM's this morning via my mobile device. mentioned he sent me a DM &amp; I missed it. I apologized. #PRSANY,301.20985495072284
1483,"agreed! love the sound, but hates how everyone knows them",301.67952422344666
1484,coffee time - wish i had whiskey like,302.45100747698
1485,woke up from a nightmare and wasn't here. &lt;/3,302.5460015562879
1486,is all alone on a saturday morning,302.6557849434046
1487,me too,302.66720965314147
1488,"oh, AZ, I'm so sorry Still, many more chances to get it...",302.7082297853864
1489,is so sad KG isn't playing...,302.80444747071004
1490,ok House was sad.,302.8744681108777
1491,"Sony Ericsson W715, something seriously wrong with them. They decide when they want to send texts, most of the time they dont want to",302.89480723280184
1492,mann none of my cousins will be there... i dont wanna go now...,303.04809356989045
1493,havent been on here for a while......my nan diedd yesterday just thought id let everyone know....ill be back soon x,303.0687604141952
1494,"Hi sweetie, thats really mean people taking your food",303.1658003195338
1495,i am so sorry. i don't hate u plz forgive me. p.s. u r probably annoyed by me right now but plz forgive me,303.3594699333581
1496,Just saw 1 little and 1 huge stingray in foot-deep water off catseye beach at low tide. No turtles yet.,303.501991391796
1497,Either doing homework or in class til 7,303.78001657614067
1498,I wanna watch Dollhouse! I haven't seen any eps yet. I &lt;3 Eliza Dushku so much lol,304.0102451025443
1499,I don't know if my friends and family will support me...,304.0514078210317
1500,"seriously...if I had only stayed up for 1 more hour, I could have tweeted with the boss.",304.80762128376386
1501,This is the best leather sofa in the world! It's in the office though which means I'm still here working,305.09388740253416
1502,blegghhhh i have to go to work,305.41833791965234
1503,i think my life is horrible,306.4553673107818
1504,aww! I wanted to wear a dress today but I left it at my mom's?,306.68252764471663
1505,g'knight lovely ladies. i'm sleepy now,306.760447658047
1506,GOOD LUCK! i wish i could be thereee,306.9677245529246
1507,watched Marley &amp; Me finally....oh boy...cried like a baby~~though Owen Wilson would not have been my pick for Grogan,307.20556924600663
1508,"oops, hit enter! I'm not too bad today thanks - still hava bloody sore throat tho",307.49777707271636
1509,I had another scary dream,307.7785035337393
1510,"Oh balls, I forgot all about your article in the mail yesterday! Have you got a link to it or an electronic copy?",308.16486765945433
1511,there were actually 2 blankets. Out of control! Poor guy,308.23932986055246
1512,Not one item purchased in Green Bay. Oh sadness,308.89421434810504
1513,dealing with a last minute site decommission. 16 users. 2 days' notice.,309.48411339811474
1514,Roxie is singing &quot; I'm Moving Out&quot;......... By Billy Joel A-Mill named MVG of the ECSUHL,309.59518318106177
1515,ignore the picture! my computer is weird with uploading to twitter so i had to do it at my friends and thats the only picture she had.,309.7818306545747
1516,werdd. I need new rims for mine I bent the rear one when I was going fast then i tried to skid sideways... then ate shit. smh,309.8495123041535
1517,yay! 2am and not a bit tired.,310.0899456925366
1518,"Is at work, thinking how much graveyard shift sux",310.2257808518222
1519,PyPI fail: Installing Markdown with pip and easy_install downloads the Python 3 version,310.3435765491936
1520,someone keep me up....im at work,310.3852864550994
1521,completely failed to upload my cute picture. Format too big,310.6223448181645
1522,Had our 1st soccer game today and lost 2-4,310.6955490838771
1523,OMG! I have been so behind on everything. Didn't know you would be in Baton Rouge. Dies....,310.8070495778863
1524,Stretcher only just arrived - not good,310.8446191435651
1525,lol i know i hate old computers they suck big time! :p,310.88005443697136
1526,Home sick....not feeling good at all....I feel like I am coughing out my lungs!!!!....And I don't smoke....,311.2666823331618
1527,"going off to bed, gots to open pbread then closing appdizzle, the usual Saturday. no free time.",311.6955104848116
1528,good luck enduring the tiring journey!,311.71868850114174
1529,I really need to go to a dentist.,311.94522830780164
1530,Coming through Greensboro just a minute ago - sorry we didn't bring any fish,312.0015081889605
1531,Last night was fun!! but now i have bruises,312.4194853193114
1532,"seems to be coming down with a cold, which might help to explain the poor sleep",312.89587002094663
1533,ugh! i know the feeling! just dropped $400 on new tires last week,312.980904423425
1534,msu lost it in the first ten minutes. Maybe even the first five. Congrats!,313.22132674522857
1535,"bummed we're not in puerto rico rappelling down a waterfall,zip lining and bungee jumping with our couple boo to coming back early.",313.3105159931119
1536,Living not downtown sure isn't much fun.,313.45018520227876
1537,Birthday parties aren't what they used to be..I mean she's turning 30...where are the clowns,313.6276654710872
1538,disappointed he missed the new Star Trek last night.,313.64224816984057
1539,My Lumiquest Softbox III arrived! But all the batteries in my SB-800 are dead,314.05044902038946
1540,just passed a freeking stone..... 15hrs LATER!!!!! ouch,314.4410610996393
1541,"don't any of my friends want to go snowboarding lately? oh wait, they're all out west now. wish i had snowboard friends in Rochester",314.448059193914
1542,Another morning at .net towers.. still on deadline,314.5499376036258
1543,bored and lonely,314.5578287022942
1544,the stitches on my radiohead shirt are coming undone. wahhhh,314.84835952119255
1545,noooooo don't make me cry,314.85975202026265
1546,I wish I could go to the Jazz Festival this weekend..,314.93351802387986
1547,Not feeling too good today,315.0112506104715
1548,I wish was coming out tonight,315.0337926306401
1549,we've only got around 9 eps left of 24!,315.16343024430296
1550,i'm so tired. haven't slept since yesterday! hope the plan still goes through i'm not in the mood of sleeping my weekend away. AGAIN!,315.21617810739633
1551,Aww - you break my heart,315.3192998358351
1552,Phone going off - no tweets untill this afternoon,315.56388758241366
1553,I'll never find that mystic dream,315.7438097437333
1554,Working but looking 4ward 2 thailand and this weeks bank holiday weekend!,316.1089201606066
1555,What do you think,316.4601741507567
1556,i know ouch,316.7825118984347
1557,the chat broked?,316.85304186105094
1558,Trying to Shout but can't find people on the list,317.08924373689155
1559,"In Val d'Or, waiting for my wife and youngest's flight to leave. a long drive to Chisasibi for me.",317.17889246140044
1560,Heath Ledger. R.I.P,317.2373204904737
1561,is scared at how much James and me are alike,317.2799611294752
1562,fucking myspace!! Let me check my new comments nowwwwwww,317.41187477827623
1563,didn't see any in Whole Food last week haven't seen any there either,317.7344504739691
1564,Fresno is supposed to reach 97F on Tuesday. Blah.,317.8692414104743
1565,Late to work and still feeling like poo.,317.9228162096465
1566,"Geez what a busy afternoon. Meetings, emails, meetings and email and more meetings. 6pm and the day is still going! Ah its dark and",318.1450052756249
1567,I need some hangover remedies. Currently feeling a mess,318.18970903602496
1568,wee drunk night with my ladies .......so don't wont claire to go to oz,318.4102051412347
1569,Today is the last day and if I go I will just get a zero anyway because Im just not prepared at all,318.57631109138146
1570,"No, no notice. They told me I'd be working tomorrow, and then I called the agency to follow up and they said it was over.",318.9760957782748
1571,I'm Confoosed Haha,319.1012762506131
1572,"i can't see you tomorrow morning, we're going out for birthday breakfast with grandma. i'll talk to you when i get home",319.73160557222616
1573,Im so sick of bein lonely,319.9288511432587
1574,It took me waaay too long to get your message about being ashamed...right now I really am ashamed,320.2957850681199
1575,getting ready to clean the house from top to bottom,320.5243760445958
1576,I know the feeling today! I need you here to make coffee,320.69469517130864
1577,getting ready to take Preston to soccer...it's a very gloomy day,320.706043298973
1578,"Tried as hard as I could to stay away from BSG spoilers when I wasn't up to date, and yet it still happened. Still, I apologize.",320.86880389273415
1579,I'm supposed to be the one who falls in love with cute French ladies.,320.9864889528558
1580,I've been saying for months that we're going down. Do you believe me now? #nufc,321.30129299826143
1581,Hates goodbyes,322.00719251938466
1582,I swear if $ didn't matter I'd move out TODAY! So fed up I might had to just have no cable and/or food til I get a job...real talk!,322.0123690183425
1583,Wishing I was going to play golf today. Yard work instead. YAY,322.38012090560306
1584,"TweetDeck keeps crashing on me Writing my next blog post, will be up in a couple hours.",322.42537443485713
1585,a problem compounded by the fact there's no coffee in IT - sounds like monday 2.0,322.4678763081475
1586,LOL what Anna? Schmance? I soo wanna meet up with you in the holidays man haha - Im missing you so bad,322.7253936078451
1587,sorry to hear,323.26736603961024
1588,Why are there kids shows on PBS right now? Its supposed to be Nature!,323.40929413278656
1589,just bought a wheel barrow. time to start moving some rocks.,323.71347305018287
1590,Lol. Sounds like your search was unsuccessful,323.7343375908137
1591,About to go clean bathrooms,323.9442707728598
1592,"My prom was supposed to be yesterday, but it was canceled due to snow!",324.26147869448243
1593,"going to sleep, i'm tired..",324.4460629808022
1594,Helping the parents chop down a tree in the yard thats been there since we moved in. I'm going to miss it RIP Willow tree,324.6546249107573
1595,Games have been moved. 3 hour delay. Grrr. Have to wait till like 1:30 to play. Instead of 10:30,324.76773668786893
1596,Same here - looks really nice but just that little bit too cold to be pleasant,325.16361497090367
1597,I think I should not use twitter as I offend people unintentionally,325.2551109834593
1598,is B O R E D. Waiting for people to get twitter so i could follow themm!,325.77518518145956
1599,awww i'm sorry,326.1239866475197
1600,It is still eighteen hours until dim sum time.,326.6717310165613
1601,Flight delayed from 9:10 to 10:34,326.67386574231136
1602,came back from running and took a shower...why does my lower stomach still hurt after exercising?,326.9438150503747
1603,is in a proper shitty mood,326.96362344152465
1604,"woke up feeling naseous and headachey... went back to sleep for 3 hrs, woke up again, still icky",327.29698209582506
1605,"starting the day off in a nice, quiet engineering library. my &quot;.&quot; key is stuck. gotta clean out the laptop sometime",327.42435586806994
1606,I am soaked. This is not pleasant,327.449318878975
1607,Dont wanna go to work in the morning got soo much other stuff to do! Blahh. Good night,327.554448679883
1608,"i'm kind of in love with hathaway, and my mum just does not understand. I WANT THEM TO SEE THEM! i hope they make more",327.6449370808195
1609,Alarm clock = EPIC FAIL. Totally missed the stair climb this morning.,327.68901071865395
1610,Tried with smsjunction.com.. but got ODBC Driver errors.,327.7906936597037
1611,For saying 2 may change up ur twitter game I like u just the way u r on here,327.8987939089669
1612,It's the budget in Ireland.,327.9531920454806
1613,Headed to SFO for early flight to San Diego. Homesick already. Sniff sniff.,328.06281567464146
1614,Got to marine world early and I'm already impatient in the line to park,328.20892603690277
1615,No one has brought us a Mixtape yet.,328.37626535607956
1616,"no wait, their $10-cheaper package has 150 more voice minutes! It's cheaper and substantially better! Messsedd upppp!",328.8152668009821
1617,I still can't believe you have to move. I will be over after work to help paint. aww RIP your walllllll,328.8585695811897
1618,they end up back as read only ... and still the error persists. I cant add anything to the library now so cant update my ...,329.44101379733195
1619,Going to the circus.....kinda bummed cuz I'm missing a casino trip for this But hopefully it'll be fun,329.52723392940845
1620,Nemo why don't you hang out with us,329.7908057308599
1621,Weather not looking good,329.9753184960012
1622,I actually turned my TV on to watch the interview but saw nothing Did I miss something?!,330.1301754532098
1623,history test,330.5351854446117
1624,to tell you something? hmm,331.17749551500737
1625,so i read! i'm glad you're doing better.,331.1937587266822
1626,It should definately not be snowing outside!,331.33199101483694
1627,"awww yeah, you're not going to be on much longer are you",331.84486908775045
1628,Prom dress shopping with Katie and Riley. I miss Andrea,332.0099546520609
1629,Burnt my tongue...,332.0944937274927
1630,lacross games cancelled today.ï¿½ curses to you rain!ï¿½,332.1370511306996
1631,there is NOTHING worse than an ill-fitting bra,332.16256939913774
1632,oh no...oh no...oh no.... fake cm to check on Him was a bad idea...now i'm panicking over a response,332.3358966304907
1633,"i got smoke in my eyes, now they burn",332.5805946482457
1634,"At work, tho its friday its an awful friday, they have my take n income n calls for 9 hrs when I usually make outbound calls, what a day",332.64392641377276
1635,at work w asma3 nawal in fe obeerate alwatan TV,332.7042506963148
1636,is not looking forward to class and work tomorrow.,332.7273973254333
1637,no you wont i dont have a ride,332.87407335243716
1638,Drinking a Nuun lemon &amp; lime electrolyte tab drink. It's not sweet enough,333.2786172018373
1639,"listening to on bbc northampton. not going well, not our year",333.33717007484404
1640,is its suppose to my birthday festivities..but im feeling sad,333.95108169814944
1641,"is trying to catch a wounded bird outdoor, but he's even too fast for me",333.99896422025887
1642,is now scared of mirrors damnit,334.36800903699634
1643,shattered. netball's hard work,334.56855784123877
1644,"The lady in the bathroom,,the latest soul to come around me,,,said &quot;please&quot;.. feels like giving a cookie to a starving person,",334.60629929149184
1645,"At work tiiiiiiiiired in Oshkosh, WI",334.6264749522164
1646,Too tired to leave bed.,334.66310972092924
1647,just a case of photographing them all now,334.79787872950345
1648,Karelman: thinking in Italy. So sorry,334.9892798567199
1649,Why oh why was the Red Sox game rained out? I was so looking forward to opening day,335.041553553565
1650,When I was in school I thought I'd be a millionaire at 20 and retire at 21 Look at me today :-P,335.10167958145183
1651,cool! thank you thank you,335.70313450990864
1652,"still here, though the site is gone",335.7319136776992
1653,I don't wanna go to the wake,335.94102247920245
1654,Woke up with a migraine today can't even put contacts in its so bad. Wish I could call into work but can't hope the babies are not fussy,336.02880506871213
1655,I don't like the yfrog thingy..can't see the pics from the bberry,336.0309627835241
1656,find the truth about that. hope is not true @ all.,336.03466831858833
1657,"Brutal Legend not quite the megaton reveal we were both hoping for from , eh Pat?",336.1570845869996
1658,Anyone got any tips for a sore throat and swollen glands? lemsip is just making me ill,336.4455712609652
1659,I can still remember the original Trident gum ads Beyonce &amp; Trident Gum Concert: article:,336.60128273481826
1660,OH NO!!!! I got woke up this mornin!! Bad thng to do but I'm hella sick today for realz....,336.8688897407897
1661,And very fond of the booze and chocolate! lol That stinks having a crappy mom... not like you can 'find a new one',336.93590803462365
1662,"i'm sorry... go hold that little fable and inhale. feel better, sweet rebecca...",337.05605167598486
1663,"Food allergies suck! I became allergic to shellfish about 4 months ago out of the blue, and I used to love shrimp.",337.0769003025695
1664,i just want to relax!,337.1577675748179
1665,the poor spartans,337.217843326576
1666,our grass is so high that I let the dog out and he comes back soaked all over! poor thing,337.6707216441244
1667,i left my IDs at the location and now i can not go out to bars FUCKKKKKKKKKKKKK,337.88337337334207
1668,did not expect that Chen Super Kings wud start dis season wit a loss c'mon MS !!,338.0535812717185
1669,I just wanna wake up to a dozen red roses,338.0888247978259
1670,Does anyone use Flock? My accounts &amp; services info in the sidebar has disappeared. Anyone know how to recover them? No help from Flock,338.1954574347929
1671,"If I could offer you only one tip for the future, sunscreen would be it.... Should have read the Mary Schmich book - ouch",338.23133879255107
1672,is sad. watching HIMYM seas. 1 so i can be cool like everyone else. but not feeling it and keep forcing myself to watch the next episodes,338.5110233193689
1673,Got only 4 hours of sleep Off to Pomona!,338.7948225575327
1674,yeah i do. i have an application that runs every few minutes to do that but its the add-ons. they conflict all the time,338.82303852591235
1675,Katie just went home Bored now.,338.9324836447744
1676,Having a nurse come today to give me supplies for cemo at home This cancer thing really just blows.,339.20028127649186
1677,I hate windows SW. Modal windows appearing off screen making me think the app is hung...,339.2614851614064
1678,Thinking of the fun we missed last weekend but had to work,339.3018152345216
1679,"Well, honestly, your baritone isn't built for camp.",339.76913703162774
1680,it was close to 80 here in San Diego yesterday - now it's only 58,339.81247823524893
1681,sweet! That was fun... Except it stretched my browser... And I was watching Twit!,340.00919782932004
1682,"completing reports and meetings this morning. Interviewing people this afternoon, busy bee today blurrgghh",340.12531216625024
1683,"Hot compress not rily workng for pulled muscle gng to bed, good night",340.4894751281108
1684,is really sad and doesn't really know y!!??!!!,340.6134171871113
1685,why the hell is it snowing,340.88962120000184
1686,Man im sad that my whole DTP crew left me and now im pretending im with them through twitter updates...,340.96234589651664
1687,is losing her hubby for a week tomorrow for work. Easter and all,341.0154117506743
1688,Woo for three pages down and seven to go...why in heck do I procrastinate! Goal #1 for Grad School DO NOT WAIT!!!!!,341.13574687989
1689,"Nicole replied to every single pcdfan in my followinglist, just not me. I'm really really sad right now :'(",341.161397322333
1690,sitting on sisters computer,341.41934692689256
1691,im hungryyyy need more sushi,341.48618882697315
1692,do you happen to know anyone willing to give up a ticket for the ting tings tomorrow? There's none whatsoever for sell on CL.,341.5053865610864
1693,Bashpodder isn't working because wget is choking trying to download rss from feedburner.com. It's apparently blocked in China.,341.5949731456816
1694,Is in lake charles for an orthodontist appt.,341.7109104654764
1695,"Just so you all know, it looks as if Mikeyy's back",342.20498634561903
1696,there is a Tweetie for desktop Mac? What about PC?,342.7318217246983
1697,don't be a meanie! it doesn't matter the weather out when i could go tanning anytime in a cancer machine!,342.9272702193818
1698,happy friday twitter bugs!! have a safe and fun night! im stuck in the house studying,343.3505782645455
1699,"I messed up my &quot;Victory&quot; copy with a glass of Coke Can you send my another one, Kit?",343.4361072122482
1700,time for bed. im mad thirsty though. boring day ahead of me. no bootz til next sunday. arrrrrrrrr! whats an explora to do?,343.9940917709747
1701,Aye it did. My arms still hurt when I put on my shoes or backpack. I still can't fully stretch/bend my arms.,344.01681224113594
1702,I have to shoot baseball What are you singing?,344.1546850741282
1703,yeah ploughed around there last night.. .but nothing happening,344.37652585131434
1704,aww you dont have a youtube account? now youtube is gonna be less fun wiothout you 2!,344.4300951348771
1705,wishing we had an official #SXSEMIA Ford Car. Stuck with crappy Dodge Charger rental.,344.5979062831094
1706,"had a flu shot at work, now my arm hurts",344.75118409291827
1707,mourning the loss of my puppy Nala,344.89012567661814
1708,Ugh why am i awake so early,345.4979063235958
1709,just woke up. It's gonna be a perfectly shitty day,345.67248961702404
1710,I dont wanna look like a clown!! lol I dont have yellow.,345.7204571957594
1711,my lymph nodes are as massive as rahm emanuel's balls right now,345.7927756428892
1712,"today has gone really quickly for me, i dont know why since i have done nothing all day",346.1958990379685
1713,i want to visit at work but i cant,346.45434249075447
1714,haha! nah! no more. i go back twice a month. the bus tickets too expensive already,346.54653136238437
1715,has a throat infection and is feeling sorry for herself...,346.68450755916047
1716,I'm cold and nothing seems to be working today like its supposed too...let's see if I can fix something...,346.8541812162017
1717,is hanging out washing,346.94806592553846
1718,cooks rolling to leicester edi if u can put a shouta out 2 tonite its gna b amazing but im not going to be there lol NEED SOME FOLLOWERS,347.0516078142574
1719,OMG I am so mad! You were my favorite character I'll miss 'you',347.7534856467526
1720,wants to go downtown and take photos...but has no one to hang with,347.9395411213718
1721,davepeckens: Never received any DMs last night. Twitter was hacking up a lung or something.,348.34819165528836
1722,you said you'd NEVER forget!,348.34960381119413
1723,"preparing the move of an online-shop to on-rev. There is so much to pay attention to... but after move, many things will be much easier.",348.75390301959953
1724,there is a green hair on my screen and i cba to move it,348.81762937809077
1725,i miss u too. i'm totally comin back tho! Lastnight was sooooooo much fun!,348.95459053966204
1726,"Back to work So much to do; First thing, fight through this mountain of e-mails",349.0809819842723
1727,"Yay! Back home early, but the sods will no doubt make me work from home",349.27780938542304
1728,"Was going to make a site updates twitter account but nahh, it won't work",349.55542744771634
1729,Ready for sleep but having trouble sleeping,349.58917295540397
1730,Good morning cloudy day I hate cold spring morning !!,349.664903398569
1731,3 in the morning and I can't sleep.,349.67848961422567
1732,"done night shift,hit the gym on way home...wishing it was an O'Darby wkend....too bad about someone being on call in ER all wkend",349.95805665468924
1733,I just hurt the crap out of my finger while playing football with the boys. It's soo swollen and hurts.,350.0049048645214
1734,Oh goodie! I'm in class on a Saturday morning....gotta love graduate school,350.22620384775774
1735,I played fair.,350.30272255668734
1736,no wonder &amp; PLUS did you know that sterling can SING?! ive been stalking youtube for videos of him. i have a thing for singers.,350.34176144308424
1737,Wish I had all the XBLM downloads all on the gamertag 'Hitokyri'. This 5 gamertag thing is nonsense... and I'm tired of it,350.9875725475175
1738,ha no my friend is visiting and he brought his computer,351.02892441842306
1739,Everyone will have that kind of feeling... I had that kind of feeling when I graduated from high school too...,351.05834037552404
1740,Me and Al were going to call you last night to come out. But we thought you might be sick.,351.0898974153548
1741,Whats up with the world? why do ppl decide to shoot others? watching the news is so depressing,351.6121773447222
1742,I guess counting sheep didn't work Hope you get some sleep!,351.6579558711312
1743,too bad its not MY bday party! hehe,351.7222122810473
1744,sad im not going to the blazers game wahhhhh,352.22340421147305
1745,I'm more tired than a very tired thing today.,352.56588077021576
1746,home alone and lonely,352.59965157249604
1747,"Another rainy ass day in Houston, I can't see him in the rain",352.62257475934604
1748,aaww trey trey i'm sorry for being demanding i just wanted to hear from you. Please accept my apology,352.89126570749335
1749,nothinn nothings on tv maybe they've run out of programs,352.89329025021334
1750,joey we heard from her. please check your messages. Karyn sent you a message of what she said.we're calling for help. its bad.,353.1046817693402
1751,"back at work after a great weekend, my brothers have left home and gone back to england though with my gorgeous nephews, miss them",353.4803590475207
1752,dotnetnuke.com is down Server Error in '/' Application.,353.9841792357865
1753,i'm very bored right now,354.02880453578285
1754,Fuuuuuuuuuuuuuuuuuuuuuuuuck,354.04666016931577
1755,Loving life.....hubs missing out being indoors!,354.17853478815874
1756,"I am so tired, stayed up too late last night, Keltie and Mariah are still sleepiong, i want them to wake up niow though",354.23277079364436
1757,what a way to spend a friday night... i guess there's not much to do now that battlestar is over...,354.56505797035766
1758,"Just checked my user timeline on my blackberry, it looks like the twanking is still happening Are ppl still having probs w/ BGs and UIDs?",354.5659900843418
1759,i wish i was stranded near Famï¿½es,355.66658521114675
1760,haaaaa i want mac &amp; cheese toooooo!!! hahahaha hey..i still got the one u left here...i guess im making that today Oo lol,355.72452768693086
1761,I had a migraine and now I can't sleep. boo,355.91203504821846
1762,my kid is wheezing...AGAIN! i surely don't wanna go to the ER,356.06777095211424
1763,can i come too? I am sad.,356.20068666148455
1764,You missed bowling with the fam Wish you were still here!!,356.49606178261035
1765,I was in such a good mood this morning. Now? Not so much anymore. Stupid work! Stupid cellphone provider!,356.6584879412933
1766,No TravoRadio this morning. BlipFM is down.,356.8154861908308
1767,go wait at the airport for me I wanna come home to you! x,356.86608980778146
1768,"I know! I'm a night owl by nature, hahaha Am I a time zone behind you? It's almost 1 here",357.1411076314426
1769,where's the update? or have i missed something,358.08105372585123
1770,Aww I know I felt like that yesterday at work,358.1188014796676
1771,"Okay, Mother Nature, you win. My winter jacket is back on today.",358.31785980449996
1772,"Feeling like a fat chick, barely fitting in her clothes.",358.32449320988803
1773,I know! Two weeks went by wayyy too fast!! Seeing mcfly a week today! Stupid exams coming up really fast,358.6819663654714
1774,"That's disappointing, SCIENCE was golden",359.18690356398156
1775,we need to remember to get flowers on Sunday morning.,359.2395549478854
1776,"Eeek, I wanna read now but I can't Later, I'll be on there later *can't wait*",359.3097927791872
1777,well i have uni stuff and netball but after netbal if i've done uni stuff we can,359.7729150984157
1778,and it was a great song too,359.81969717664765
1779,why are you deleting your facebook account?,359.8561751468219
1780,rock band is hard..on expert!!!,360.03930616798567
1781,I can't sleep I'm stressing out JPC &lt;3,360.1746634301607
1782,- OH MY GOD !!he looks like one of the men I saw yesterday in the film &quot;Knowing&quot; !!! That means ...,360.38079652712133
1783,Ted just passed South of the Border..looks run down..,360.87981593159884
1784,sheesh such harsh words,360.96115925002806
1785,What a sad thought if it isnt! &lt;3 CC,361.0043629862956
1786,I need to find a liquor store in NYC that sells Hancock's Reserve,361.09473857693484
1787,Meat Week Day 3: Tummy hurts every night,361.11510340790096
1788,Pondering when to leave CA,361.3458229342888
1789,I remember like it was yesterday .. I miss you,361.3704123082919
1790,Going to coffee shop to get lots of work done on my report at least it's cloudy,361.8128698442102
1791,you're really hilarious this morning,362.0470008802464
1792,my school doesnt have spring break because they went on strike,362.26274992388977
1793,About to go to bed.. I'm tried and lonely since Matthew went to sleep.,362.4983107139962
1794,"arrrggghhh, and I hadn't seen last night's episode yet! Pity to lose you, though.",362.51085361066487
1795,It didn't snow at my house,362.58970800144573
1796,I can't find anyone that I know on Twitter,362.6012787121245
1797,I can has migraine?,362.6354724679601
1798,looks like another beautiful day here today - i love it! sorry,362.7549162734885
1799,"I'm so sorry to hear that. It's always sad when we lose those close to us, as we loved them.",362.8229356784378
1800,"I'm sick So I'm chilling, but not happy.",363.20060047703527
1801,good luck...Portia is a bitch and Andy is a born asshole,363.2385336084288
1802,Morning twitters... Im going on only 2.5 hours of sleep.,363.3372716619585
1803,Sad day!!!!. Totally thought it was Wednesday this morning! It's only tuesday! Gosh.... Sad day,363.64744739904285
1804,Being Lazy because i don't feel good,363.7371523697339
1805,"There's really a group like that? They should blend the two words together to form ï¿½ Knitter! Oh wait, I guess that's normal.",364.0407345455131
1806,"im lonely keep me company! 22 female, New Orleans - Louisiana",364.11518863637366
1807,no i was half asleep and turned off the laptop after that,364.12658644003307
1808,"Um, that would be a hell no to the fugly poker dog pants on the cruise! Hi Jonathan, sorry I missed you",364.2307822794947
1809,Good morning everyone .... Rob is trying to pull his foot out of his mouth this morning,364.3222037472022
1810,I've just started climbing again.haven't done a Dorset trip for yrs tbh...we're all to busy...,364.4629312715665
1811,im soo bored,364.60460896181735
1812,Depressing I'm ok this morning!,364.8972417896906
1813,Everything is still broken!,365.48856463019666
1814,": Did Kutner's *sniff, sniff* *sob, sob* leave of the show have to do with the actor, Kal Penn?",365.5705633895234
1815,"kno how to work n e thing so I jus went bak upstairs n did sit ups but later I played tennis 4 2 hrs, yay me!!",365.5909445025474
1816,"hears it's April, but still sees February when he looks outside. Also, woke up with PVCs. Lovely.",365.7408252146976
1817,seeing a doctor i hope?,365.7566831254346
1818,Michael Crichton,366.132003335788
1819,"as of now, it still ain't up yet",366.1796001608568
1820,@ work wish I was outside . I should take my break soon!!!!,366.31837669302547
1821,umm yeah. homework.,366.85663661497847
1822,Jade is looking for a new home...,367.094094183859
1823,Is stuck in traffic,367.26526550747315
1824,"(but thanks for the retweet despite your despair) if i buy you a box of jaffa cakes, would that go someway to making amends?",367.3710777779107
1825,woke up to early and can't go back to sleep,367.39058872709893
1826,"it doesnt make me laugh either,my friend hacked my twitter im sorry",367.4028294481608
1827,trying to do micro lab report and micro study guide for exam...but can't concentrate and too lazy....,367.53913316864623
1828,can u pls put up a pic in my default section... this crap is overwhelming... im going to bed. lol,367.6239483039515
1829,ughh... the only thing I hate about spring/summer is the GRASS grows and I have to cut it,367.6728056346461
1830,Glad my PC had stopped randomly crashing; it wasn't very conducive to work -,367.7979218929389
1831,I hate global warming and i hate snow. ITS APRIL ffs.,368.4784799147027
1832,I feel your pain my three bffs all have dates...no ones asking me :-/,368.84391255988
1833,twitterrific. NO,368.92218145956184
1834,Chocolate milk. I feel sad that updating this may be pointless at times.,368.92352665301763
1835,i had a terrible nightmare about failing my june A2 exams and i'm worried i'll have a similar nightmare tonight! exam stress is killin me,369.9121657280814
1836,Missin steve wishin he didnt go back over seas,370.3363384881687
1837,"I really want to go to Thunder today, but my dog is going crazy and I can't leave him all day long But I&quot;m boooooored",370.37967692599483
1838,Apparently so.,370.4226743981697
1839,Still trying to sell the prelude?,370.54951967460613
1840,We just can't seem to win this weekend...bummer,370.90765068036643
1841,is sad. No onimusha 2,370.97412643137477
1842,i keep looking out the window and wish i could just fly away !!!!,371.11567163618173
1843,The Pirate Bay lost,371.301001254876
1844,"you are very suspicious of spring, my friend. my status has changed, i am rested and ready for warm but cloudy day.",371.52200766240895
1845,sorry to hear about the car!,371.763734384827
1846,I am at my office right now,371.9401075238725
1847,"no gurl. His momma is gunna be at the Houston show, I think",372.03133296760785
1848,"Bummer, hope your OK!",372.03567534335644
1849,"Officially working too much lately. Not enough time to play with my lover, and neither of us is pleased.",372.27385321032483
1850,good question. I had a craving for blonde eyebrows. They dont look too terrible. But worse than before.,372.38585603885326
1851,Ahahah if only it were hot enough!! I want to work elsewhere... like stacking shelves in some grotty shop,372.56622628493113
1852,Oh no! I hope you feel better soon.,372.62320343349074
1853,i want my money,372.7790881548383
1854,Working from home today. It's not the same without my Poppy at my feet.,373.2680840621491
1855,would like a nap but can't,373.2847602393927
1856,I really dont feel like hanging around Milpark Hospital on Thursday *sad face*,373.3821892568493
1857,I hate dreaming then waking up to find that it never actually happened and knowing that it never will.,373.402156302642
1858,I haven't heard from you in while,373.502465359077
1859,"Must stay of Etch shop, Must stay of Etch shop, Must stay of Etch shop, Must stay of Etch shop . . . dammit",374.0439649041415
1860,"sorry to burst the sunny bubble, but pouring in Westboro, probs moving its way to you",374.0498309435678
1861,"My head is throbbing. Looks like I won't make it out to improv tonight, no ride home. wah wah wah.",374.4594619229409
1862,How do you fix lock jaw? This shit is killin me can't even open my mouth...HOW AM I GONNA EAT??,374.7032547190706
1863,my right nipple is sore,374.7419435620745
1864,animal kingdom and the studios today... Without Sam. She's on her way home.,374.7931934244911
1865,"lucky devil! I'm dreaming of a crispy bacon sandwich, but no one, as yet, has volunteered to go get one",375.0254206148905
1866,"I need to clean my room at some point today booo! My neighbor has tag sales every week,.. kinda weird",375.13156056830314
1867,is in my education class. Where did all the warm weather go??,375.16326194018797
1868,misses him right now. i need a hug,375.28137517044405
1869,is dreading 6:30 when H.B.I.C. wants me to shave her a landing strip.,375.6020422983337
1870,"Oh, you were joking? Well now I'm crushed! I was totally gonna stand in the middle of a field and wave my arms!",375.68140999888436
1871,Anyone going tonight i cant have people at my house after sorry,375.73288169973137
1872,"Went to this morning to get a Latte and it was ice cold Booooo, I had to heat in the microwave..blah.",375.90945701762803
1873,I am awake now because of twitters! I was just dozing off. . .,376.1463511755799
1874,what a shame! you can't type persian with tweetdeck So bad cos it's a good app,376.2091671913702
1875,OK - So that's that... I'm gonna have to buy a new MacPro - need more power Grrr...,376.2739104557327
1876,automated offiste backups for that sort of thing = happy no more drunken deletefest ruining your life. Don't ask how I know.,376.5552441348401
1877,"Prodigy were ace last night! Only managed a few hours sleep last night, not feeling myself today Have a cool day guys.",377.1335308699733
1878,"seriously girl, i know.",377.4199791555652
1879,"Not feeling well again. Stupid migraine making my tummy upset. and my whole body aches, shoot me now.",377.455614352678
1880,I work for a lot of photographers and what to learn the ropes...just can't afford one yet,377.5209845728499
1881,DANG... SOUNDS FUN.. BUT SADLY NO lol,377.5282832913155
1882,"The candy tricked us!!! It pulled us in with it's bright, happy colours then robbed us of all our money",377.9518743094473
1883,Baby boy crying when I left. Hurts my heart,378.02433129973116
1884,god its a gloomy rainy day,378.0840551841369
1885,just burnt my fingers on a hot cup of tea - ouch!!!,378.3790113835202
1886,"i miss you too Maybe i can see you guys tonight, if it's not too late..",378.39349670577917
1887,I hate being treated different by someone when other people are around.,378.4183851193862
1888,gotta go babysit - oh the joy. really cba. the kids annoy me lol toodles x,378.7636683381795
1889,"stop falling in love with my man, slut",379.1424627605466
1890,"I would, but all of my nice pants are either too big or too short I'm going with a dress. Hopefully there's no wind.",379.6063292792119
1891,is not a fan of rollercoasters... when is comes to relationships,379.81743977774755
1892,Bouts to start 24. Poor linny couldn't keep her eyes open. she tired and has to work tomorrow morning. Night .,380.0086609231293
1893,is doing a shit load of laundry - Laundry night,380.0389671454402
1894,trying to figure twitter out i dnt get it,380.19055471164637
1895,i still want more followers.... celebrities!! for my challenge is not working too well!!,380.3188806732827
1896,at this rate it's hard to tell when I'll get to I feel asleep watching the so from 2 weeks ago! Not the shows fault though.,381.00508609369996
1897,sigh... was going to go for a run ... but missing some vital ingredients.,381.0630242928336
1898,3 beautiful women here. all taken. grr. lol,381.1419528112753
1899,Of course now that I'm at school I feel shitty again. Such is my life.,381.22368379058616
1900,"Maybe that was unclear... I'm planning to post on my own website later than usual today, due to technical issues",381.8534704531308
1901,dan and i grabbed yardhouse earlier. why didn't you pirate it?! i was so disappointed,381.88278275494145
1902,"Good morning Catie! My husband just left to surfing class. I couldn't go, I am sick at home with the flu and feel very sleepy",381.9298373853618
1903,I so do not want to be awake right now boo school!,382.24364402841246
1904,"Yup! Obsessed! I bet they've run out of stock though Anyway thnx for the help with the phone, I was using the wrong code",382.40793366428056
1905,"found my Sana...and has realized, that just like a white girl, I eat my problems",382.55242118239494
1906,Ugh im so tired dont feel like goin to scool!,383.1462338622707
1907,Off to work. Almost dead. Its going to be a bad bad day I can just tell. Think of me whilst youre tucked up in bed sipping tea!,383.50992541729784
1908,is way too illin' to go out this day Perhaps someone could send me well wishes?,383.57167759699485
1909,"Well that made me sad, i sat down to watch tv, and then remembered i dont have cable anymore. Lol.",383.6912699747503
1910,"According 2 my lab tests, I've been on the wrong antibiotics for a week I had bad reaction to last antibios AND I still have kidney infec",383.8716527603471
1911,#asot400 cant get nothing,384.1177265241226
1912,Alone The silence and the dark make a bad combination. Eeek. Helpp.,384.18199658848397
1913,"is really, really tired, and hasn't slept in days. Can barely keep my eyes open Really missing my sanity.",384.49295721236274
1914,"*nodnod* It really boggles my mind. As Rydra says, most folks this is designed to catch aren't gonna be caught.",384.8598339174007
1915,I just saw a horrible accident outside my parents house. Someone ran head-on into a tree. Slumped over passed out. I hope they are ok!,385.21341243039325
1916,dear god. scariest image ever = stinky dave s. deep-throating a corndog,385.25268580822643
1917,nooooo only one more day of holiday left ... still so so much work to do...,385.33541549856847
1918,ok la. At least is following me. Jadilah,385.7027208343352
1919,Where is my Clash at Demonhead Virtual Console game??????,385.7266390164874
1920,I wanted to sleep in!,385.84464826583513
1921,can you guys just sing me to sleep.....please,385.9825440799013
1922,- I wanna wear my Doc Martens out! Haven't worn them since December.,386.1935613023256
1923,is lonely and has a minor sunburn. How very... not sexy at all.,386.3313448413983
1924,off to work horray im tired,386.8143714322937
1925,...Nose bleed?! I wish I never left bed.,387.38820361357324
1926,I just hope things aren't lost somewhere,387.514029912343
1927,i miss you guys too i think i'm wearing skinny jeans a cute sweater and heels not really sure what are you doing today,388.06869755912174
1928,omg i know i am so sad,388.0703766309148
1929,i know,388.15191645562714
1930,Saturday Class is no good,388.3255683170318
1931,Omg going to metro now,388.66720964026695
1932,Go too the schoolll i have sleeeppp,388.6734252681211
1933,thats y i never play uno all the green cards go,389.02323382060945
1934,what happened?,389.0323844434382
1935,Body Of Missing Northern Calif. Girl Found: Police have found the remains of a missing Northern California girl ..,389.15662104056133
1936,So sad,389.4112716048756
1937,Maya is being spayed today.I'm very nervous about it,389.8307579109641
1938,"YOU KNOW IT!!!! Got the leg workouts for days, but my leg is still fucked! sux",390.0628701209271
1939,"thanks. a little bit better today, actually washed hair + got cleaned up. the burn still looks terrifyingly bad, though.",390.36445856012176
1940,"But that means I have to leave the house I'll probably get one tomorrow, then.",390.4286821911038
1941,Lifee Gets Worsee &amp;&amp; Worsee,390.7991569818712
1942,Tryin to take a nap. I can't sleep!!,390.80413309918924
1943,Just watched Seven Pounds...How sad is that film,391.1760535128528
1944,my tummy hurts,391.4225488215674
1945,Just lost $160,391.8615725549245
1946,"Just wrote a 2 pg paper n 30 min, studied n now off 2 bed. Gotta wake up n 3 hours. OH JOY! Nite all!",392.00604039773856
1947,"I stayed up last night cause i didnt want to see today, it didnt work",392.0677737931105
1948,Homework,392.1290819219521
1949,"Wow, its way too early to be awake. Lots to do though, and software post at 8:30 so I actually have to be to work on time. Boo...",392.2720821509257
1950,just got twitter and has noone following me,392.3647791766388
1951,Aw.... I would have liked that...,392.3871917336216
1952,i want to eat chocolate,393.4296718573654
1953,"[and as far as I'm concerned, I can't help but feel I'm going about everything wrong. ]",393.76404135923207
1954,My comp is so screwed up,394.0862863080025
1955,Inadvertently I dressed jack in a light blue shirt. Sports fail,394.18123767924203
1956,omygosh! my lupus rash on my face is so awful this morning! I look like a monster,394.20387074206866
1957,is sadd cause she just realised brent is right,395.10488451289575
1958,IDK Y BUT IM FEELIN KINDA SAD,395.1235784265994
1959,Wow!It's been 19 minutes since you've twitted something! Is everythin ok?R u feelin all right?I'm worried :-P :-D,395.2815429248171
1960,jus got a flat tire,395.56809690617257
1961,what's wrong,395.75712413419353
1962,"Hates hearing his girl being ill, nothing I can do though",395.84504352110514
1963,they killed off a character on one of my favorite shows and now i'm upset,396.0401846662781
1964,will probably be in Scotland next week.,396.0482338348414
1965,"Ah come on u already got an OH, am all on my lonesome (its like BGT sob story lol)",396.3298241327839
1966,It is raining here...,396.374481434124
1967,Uhoh - Daddy is trying to hamper Mommy's plans to get me a kitteh pal to play with,396.53466657099415
1968,It's only tuesday,396.58665661503784
1969,ughhh I dont wannna gooo to work,396.888070022295
1970,is coldd,397.12808374144953
1971,how come you never reply to me?,397.30534081193775
1972,"strange start to the #f1 season. Brawn 1,2 in australia, abandoned race in malaysia and 0 points for ferrari so far",397.33646480650106
1973,totally need the toilet. got told my ben and jerrys failed at life,397.467046398676
1974,hello U. U my first day back since U have been gone. it was Yuck. had to field a lot of questions.,397.46804362230466
1975,going to work... the work that pays the bills not the fun one,397.5649078949523
1976,HEY DEMI WHY DO YOU NOT COME TO AUSTRIA???,397.5699778483323
1977,"dang well, I hope you are staying dry. be careful!",397.7501529058874
1978,The Red Shore and ent will make this Tuesday a little more enjoyable...but that's after class Hope I make it...,398.0577760186224
1979,cannot unlock espresso,398.2893552332575
1980,Oh no...Kutner's dead (watching House),398.2906537864141
1981,"Tonight: 8:30 Improvise Your Own Adventure, and 10:30: Cast Member 's final Theatresports! Don't miss it!",398.3094995411112
1982,and that attitude is why I'll never be unemployed. Validate your input or it can be subverted. I hope you don't code in C,398.49496138479486
1983,u can't sip crap vodka! Nope not done #c25k got ominous knee pain - not good,398.83704395555895
1984,"Isabeau Ella-Marie Carpenter wntd mommy 2 call in sick, i miss her",398.9509245379679
1985,- Hopefully you went through the bay area early. Traffic is a bitch right now,398.96307344751585
1986,Longing for yesterday,399.1782509097585
1987,Getting my new bed today!! Yay! Can't wait to sleep level again. Just gotta move a bunch of stuff out of the way of the delivery guys,399.45558557843896
1988,T-ball cancelled today.,399.6076495158841
1989,"I've got a blackberry by t-mobile, when I click to verify my acct it gives me a error message",399.79682323780855
1990,"Too tired to tweet, too tired to draw, to tired to look for work. Just plain worn out and short on hope.",399.9378817783975
1991,I'm sick Someone come and take care of me!,400.25106283966886
1992,ouch.,400.2798008428619
1993,no i want my lvl 55 back,400.86116689111213
1994,just had my lunch and did my chores boring....,400.9022077526336
1995,I'm so sorry to hear about your dog wishing you happier days to come!,400.9140257648918
1996,girlfriend troubles. Got some serious thinking to do,400.9970298548184
1997,I can already teel that it's going to b a rough day and it's not even 9:30 yet!,401.26301825390067
1998,Fuck. I don't want to go to work. I should still be in bed with godsolite.,401.59796962786714
1999,Listening to Bjork's All is full of Love... crying,402.0752212378912
2000,but.. but.. but.. I'm not a big fan on camilla belle,402.6841825301533
2001,"just been given ma marching orders, gotta go do some work, yay.........",403.48798227929836
2002,Can anyone recommend an air filter for cigarette smoke? Neighbors smoke heavily &amp; my son's asthma has gotten worse. Needs steroids now,403.6546029238943
2003,'s nanna just passed away,403.667567733545
2004,nearly about to go out tonight but don't no where???? where ever we go its going to be boring luve M.R sooooooooo much oxoxoxoxoxooxoxox,403.8389933131565
2005,Missing Unwell still so having phoned the office am going back to bed. It seems empty this morning. *sigh*,403.9857194368614
2006,studying econs at 1 in the morning. boo this song's awesome! monay monay by poetic ammo,404.0302780933093
2007,I'm so sorry I hope you feel better soon!,404.6187374292251
2008,well im someone's bitch. I cant say no cause i feel guilty. Even though i hate it. And my arms are sore from moving fixtures,404.88691799430933
2009,Royal bank of scotland making tonnes of techie redundancies. More competition for me then,405.22332064537005
2010,She now wants an mmmf except I have to only play a supporting role would mind but the other two guys have huge cocks what am I to do?,406.0398608520439
2011,"WAH I can't see clip, must be el-stupido work filters. Can't wait 'till I get a 'puter. Something else 2 blame ex 4. He broke mine",406.23762039846025
2012,"Also too much candied ginger, agh. It was supposed to be for curing motion sickness on the bus, boo.",406.3044714109802
2013,LOL it was epic pwnage but I had to go,406.34796762438737
2014,time to read Cold Mountain....,406.5030139132836
2015,i suck at making jelly cakeeeee.,406.6815074777964
2016,Biking is hard ya'll,406.6965383908393
2017,"That needs a pre warning .. yuck , topless or not",406.70183453755345
2018,bored outta my effin mind...not hungry but i need to eat something to take my meds,406.82426632754465
2019,felling like complete shit &amp; i still need to write my paper,407.107457212627
2020,nothing is working,407.2050675395905
2021,another snowy day in northern ohio...,407.85546668747844
2022,"[-O] Soooo full! And surrounded by dragons fans yay, but I still wish I was at tuggerah",407.89754825400894
2023,hanging with friend. and doin hw. guy went to brunch.,408.08514029664406
2024,I'm working and I'm mad about it,408.1177110586211
2025,"that just totally made my night, LMAO. They were like screaming at me and I couldn't focus on the 900 mph song",408.28708553819666
2026,Still snowing here..,408.4028195773019
2027,violently ill on spring weekend,408.5242737598857
2028,"iLearn is down and out, great considering finals are this week...",408.57049774868256
2029,wants to go to #smc_mcr and #phpnw &quot;real meets&quot; sometime.... not going to happen today though.,408.58264329773147
2030,ChiefDelphi is down,408.6344420246423
2031,i just left my lover. i miss him. &lt;3,408.87701853201014
2032,"ordered a pita...it NEVR came! why they say the fax machine broke and the driver left, what about my empty BELLY",409.0967118406699
2033,its so hot in frankfurt,409.1791469210005
2034,"I think I need a coffee, Iï¿½m falling asleep here",409.64304866531904
2035,Hahah no where near enough snow for a snow day. Just enough for cold. Plus Pitt never has snow days,409.7778362450452
2036,"aww, ellie fears the wicked bad thunderstorm! sad, but cute.",409.81017188299097
2037,Looks like #1 son may have to have surgery -- this really sucks.,410.14068214520563
2038,really not looking forward in going out tonight but have already commited to going.,410.3232119381037
2039,aww,410.34244036243365
2040,"So what, all the new Canon SLR's record video now?? New Rebel T1i comes out in May: 12,800 iso, video, 15.5 mpx.... *sigh*",410.3783638015764
2041,So far not much going on today. We will have to wait and see what today brings I guess. Another yucky day out though.,410.527964607751
2042,"Loves what #drupal file framework module could do, but is sick of Bitcache errors making it impossible to upload files",410.9450827457494
2043,Man what a ruff day! Dow is down 129 points. dollar is up thank god LOL best news all day lol,411.07921266358517
2044,Not Fun &amp; Furious? The new mantra for the Bay 2 Breakers? It was getting 2 rambunctious;the city overreacted &amp; clamped down,411.09491001840763
2045,A snow covered morning... In April. So depressing,411.4926262005339
2046,Aw sorry to hear that! I don't know what I'd do without jeans in Winter,411.5068270165395
2047,yuk my nose is peeling again and it hurts,411.6628628675101
2048,my cat is sick again... congestive heart failure .. not sure if she's going to make it this time,411.7392393465732
2049,": Bad news! the combo tickets are sold out . go 2 web,they still sell single day ticks, let me kno xx.",412.2694964585067
2050,Napoleon is missing,412.39623986000674
2051,if only I didn't work an evening/night job,412.70619283169333
2052,so am i!,412.7407407200933
2053,"me too!, although im still going hehe",412.79604247318593
2054,at coachella once again waiting for my camera to be charged. It died yesterday while Morrissey was playing,412.9718799269352
2055,Are you a Vfactory fan? Cause I am ^^ and i'm french. But they don't answer me,413.2802103323362
2056,where the heck is my friend? Lol what u doin? Haven't talked to u all day!,413.59769632748396
2057,i just want to go awayyyy,414.0782228751495
2058,sorry babes. Wanna message me and tell meh what's wrong??,414.08135477763886
2059,"heh, yeah, I shakily conquered the ladder. Pointless job, tho. We're too far away to receive digital signal w/ antenna.",414.1043772098612
2060,- I wish they fit maybe I can just stuff them...A LOT.,414.38023530306504
2061,"After a week of holidays lot of work to do, answer emails, create some changelogs etc, not a pleasure work at all",414.43262000122985
2062,...why did I wake up at 8am on a Saturday. WHAT THE HELL IS WRONG WITH ME.,414.4494759785917
2063,Unfortunately he saw my sneaky advances and has already squirrelled it away deep under his desk,415.30454471458785
2064,My God I really love my big sister. I miss her.,415.65738656468346
2065,loaded with class tests,415.7230828413828
2066,the crossword is too hard today.,415.7517473022519
2067,"- I was up at 3AM btw, congrats on winning album of the year. You deserve it, I can't not shed a tear to White Horse!",415.8273090232059
2068,argh ive eaton so so much today,415.8967302244877
2069,You and Ru aren't even working in the same office anymore and you still get sick?! Feel better!!,415.99508182770114
2070,Let's Get Clinical is on RCRD LBL I want the full album #maximopark,416.03920321038555
2071,on the coach gonna be fun!,416.0437835118754
2072,me too,416.17433494327724
2073,Sick again??! Or the same mystery disease... docters later.,416.2136639943228
2074,"its sad cause that was the last GSM company owned by Egyptians, also Orascom was inforced to sell its share to FC",416.46673701799295
2075,banging headache....AGAIN grrrr,416.93557322075054
2076,..for my finals...,417.19601032162836
2077,Horrible day so far and it's only 7:30 am,417.47896331048014
2078,"don't, please I haven't spoken to him! in all the times I've known him, I have never had the chance to be alone with him!",417.98512589554264
2079,Flight today! I woke up an hour later than I wanted to. Boo.,418.47259447691016
2080,It's snowing again,418.55007038551486
2081,aww poor bradie stuff those vegies! Take a stand!!,418.6412444601965
2082,great. She's gonna be too drunk to party at my place,418.75124376857184
2083,its day one of my ivf injections so let the fun begin,418.83362381318096
2084,Watching Buffy /sob... Is sad...,419.0995721607464
2085,"That was it folks, spring's gone and winter is back...it's snowing outside",419.92349668430785
2086,"sorry, just saw the post, signed up even before i finished reading lol....these guys are gold. feel bad for those who paid 600",419.95363999530815
2087,It's possible I'll have a haircut tonight... We'll see. Not feeling awesome.,419.99518771249814
2088,yes..yes they are. I saw a chick the other day with an outtie belly button and a belly button ring. it made me sad.,420.0872874782869
2089,it's 11:18AM in hawaii &amp; i just woke up! i love saturdays...even though i have to work in 2 hours at least i get monday off!,420.1260886856935
2090,WUT? I THOUGHT I WAS SUPPOSED TO MARRY YOU WHEN I GROW UP,420.29614240876685
2091,Just a silly wee illness. It has self resolved. I'm back to work on Monday anyway; time foe the daily update.,420.34982367524407
2092,I wish i could go 2 bed with out having 2 take an allergy pill.,421.1993330567321
2093,Can't smell Tyson any more ...,421.21381952343216
2094,I wish I could. North Ontario here.. Still cold as hell,421.32205425867375
2095,At a Civil Procedure review lecture,421.4940473174117
2096,"just got home, long day at the office again",421.61036577078215
2097,minus out the sand I'm envious...wish we could go to the beach sometime sorry you were sick that day &amp; had a sand blowing day,421.7777880569223
2098,is going babysitting! and my neck is in pain!,422.0882843726268
2099,All my places of solitude on line are being taken over by a stalker Is nothing in my world to be sacred anymore?!,422.21375648294827
2100,the cupboards are bare,422.36463831618374
2101,I'm really sad,423.19164465861485
2102,U/CHF got stopped out this morning for a loss of 80 pips. That Swiss is an erratic pair.,423.6887747953869
2103,"Rain is so nice. However, I want to go run",424.01640168001956
2104,"Me too, I've got a week at head office this coming week",424.2229928108424
2105,is nt understanding the twitter phenomenom,424.4027787197521
2106,Out! I'm gonna miss the first hour of the game ...poop,424.46101107160416
2107,NEEDS SOME FOLLOWERS,424.49347480132235
2108,On my way to skool late as hell nd I dnt feel gud,424.73615307381647
2109,"Friggin hate having so much college work to do, soo didnt realise it was that much.",424.8658012883287
2110,Vomit. Urgh,424.98882538527425
2111,I hope he comes back.,425.0946975248243
2112,"I need to get more Tang at a bodega, my orange/strawberry mix is gone today",425.09634192658785
2113,I guess I'm out of funny,425.121999871733
2114,What about Robert Englund?,425.4185413737394
2115,is down to just jelly beans in my easter basket,425.45440763114766
2116,"just tried the 'audio captcha' while posting on Craigslist, and i swear the sound will haunt my dreams tonight. crazy stuff...",426.3330650795888
2117,Cant seem to shake the blues away,426.5101682533704
2118,my current contract will be up before then - damn,426.5272210531282
2119,"can't keep it up girl, i'm sorry",426.5276549965698
2120,Does anybody know how to get your electrolytes back in order? With a vitamin work? I feel sick.,426.9046292041168
2121,Oh no. No no no. Getting sick...this is gonna be a bad one,426.9365809599575
2122,is so very sick and just wants to be in my bed at home,427.20635818783336
2123,Going to sleep with lily and rocki &lt;3 Johnathon is too busy watching batman movies,427.30593509502114
2124,Waiting for something that I know will never come.,427.4406557455214
2125,"No hubo The Big Bang Theory otra vez, hasta el 13",427.73233708050634
2126,anyone reply! this is going so wrong,428.0257497363918
2127,I'm ready for the weekend already. It's only Monday.,428.1562423311755
2128,*cry*,428.38954080827034
2129,Good morning everybody! Hope you didn't wake up to snow on the ground like we did. Arggghhh! My poor tulips; I can see them shivering,428.40450016544685
2130,I'm pretty sure I have a small cold...ugh baby germs,428.43079265235315
2131,"So funny because I watched 'Only The Strong' today, what are the chances? I miss Capoeira Zoom Zoom!",428.4938499089003
2132,if i had the bravery tooo,428.9257817970891
2133,"Heating is now on and it smells sooooo bad here now, gloss paint drying",429.10296652935665
2134,b******s Wycombe and Bury already 1-0 up!,429.35083295552994
2135,hope it wasn't a bee!!,429.7189844593331
2136,: lolz ryann. im skipping all day. i wont be in bilology,429.8397135888395
2137,It looks like it is going to be a nice day in Lynchburg today! Too bad I'm sitting in class right now,430.5669343332928
2138,Wish I could come see everything but i'm at work all day,430.7312400213432
2139,"don't worry, I grabbed a branch halfway down. there're just no hand holds to grab to climb back up.",430.79068312846744
2140,mine too,430.8540768653231
2141,i hope we won't be like them in a distant future,430.8664272247544
2142,my hurley baby got shots,430.976921710878
2143,"Still happy that I'm a Spartan!! Now, wishing this terrible sore throat would go away!",431.0253517173556
2144,- Forgot to add my Ewwww,431.2013080226557
2145,Studying for a final...too bad it's beautiful outside,431.30047812865433
2146,we don't get to see season 5 of hills till may,431.4123024644759
2147,I'm so bored But its sunny for once but i can tell its gonna rain,431.83161520165277
2148,"Okay, Chaotic is a repeat today. Damn, I got up early too.",431.8772774352518
2149,Doesn't it just make you feel all sparkly though? I miss having a tan,431.9180003269015
2150,So sorry about your dog.,432.09566347286193
2151,the link seems dud,432.46691977609464
2152,you were pretty much my fave...not much reason to watch now,432.5547118706462
2153,"A night a Norah Jones Jazz, honey and lemon, bear porn and beachams flu plus...PLEASE don't lemme get too ill",432.59199001060995
2154,How was the TJ dinner tonight? My freezer melted down.,432.6323269066451
2155,"i want Sykes back, really bad",432.76847178530335
2156,course work boring,432.8635689669743
2157,Just woke up. Apples gig was ace last night. Seriously tired now. Work begins in one hour...,432.93100567609207
2158,i will be in vegas,432.9483028921001
2159,PENALTY TO CARDIFF...NOOOOOO Missed. Now I know its not gonna be our day,433.1305095184342
2160,is she still up ?? is she is then u shud be online.. dunno how to find out,433.69398729730983
2161,i had 2 put my dog down today too someone ran her over,434.02668997673464
2162,is pretty sure she is sick!,434.1238383822255
2163,you looked pretty! I eloped... No wedding pics for me,434.14893809106246
2164,Friday: Biked 10.62 miles in 70 minutes (www.logyourrun.com). Tried out another bit of the Trans Pennine. Got lost again.,434.16413162019694
2165,grabbing some food before class maybe... 11:05-12:20 &amp; 12:30-3:10 then nap or swimming and some speech thing for class at 6ish ewww! bye,434.71069621954075
2166,sexi boi u so fly wish i could give u a try but my manz @ home waitin on me by the fone sry cant get my groove on,434.79253281951964
2167,aww why not?? They r the cutest things in the world so easy to love them n they love u back so much (sniffles),434.98158200006054
2168,"Dizzy, I am not feeling well today.",435.31382790608785
2169,one of my site's PR dropped,435.3405009036467
2170,im going to lose followers by doing this but i have no one to tweet to! lol,435.49819170151534
2171,Back to work!,435.7800283992413
2172,what a day! Was rescuing a Sun Cluster And time to give wife more attention...,436.1729376779588
2173,i hve a billion papers all over my desk. and 5 half empty cans of diet dr pepper. come clean mine too?,436.2396778243857
2174,exactly! i'll grab the sheets tonight and do them tomorrow. i's forgot,436.80779761806457
2175,watching hells kitchen has turned me off Jody Latham.. he's a bit of a prat,436.9003335471556
2176,are you going to do the show in cardiff...nothing ever seems to come to wales.,437.01522653562887
2177,Editing as diddy would say &quot;Let's Go&quot; LMAO hahahaha,437.09308050180846
2178,Not looking forward to Sunday. Would rather be doing something else. but I am now obligated.,437.2123453918321
2179,it's going to be nice again tomorrow and then the rain comes back. no nice weather for my birthday,437.32259040983683
2180,Oh wow I just saw ur msg as well. I'm not the best @ twittering,437.70428150195033
2181,"Oh boy, Spammer Ed is back and he's targeted Fresh Ink Books.",438.17292620917164
2182,Yaawwwwwning @ the office! ......,438.33289640674366
2183,lol yeh ill be studying stupid uni. only 2 more weeks and im on holidays! YAY! plus my birthday next week woot,438.68431290226863
2184,My tea is cold,438.8275242365843
2185,i cant sleep ugghhh,439.1169651582094
2186,"omg, i am soo sorry to hear that!",439.5612659363447
2187,yes i miss you here.,439.63830486618303
2188,"It tastes so bad, I just can't do it",439.8050742503232
2189,So sorry to hear you did not find your dog yet,439.92212022798145
2190,Keri Hilson - Tell Him The Truth.. Makes me cry,440.0439414295416
2191,In San Diego Airport... flight delayed,440.0805423525442
2192,Having nerves shredded by the atrocity known as Vista. gates and ballmer should really be executed for this evil garbage.,440.1846367961772
2193,unfortunally i forgot my #macbook at home in #bremen so i have to work with a windows pc and to be honest: and i hate it ;-),440.6758655120803
2194,All of em???,440.6892632972286
2195,Tell me about it. And we are out on Spring Break this week too,440.959351457423
2196,Chi?u nay h?p chu?n b? t? ch?c m?y s? ki?n ? tr??ng ! Bao nhiï¿½u vi?c,441.0877784274171
2197,Clean Me!,441.4069492315776
2198,"oh jesus, thank god im not there to be watching that with you. its only 8 here.. im not used to the differenceee",441.8696283727972
2199,Amazon mp3 downloads down to 29p So much for my 10% Cheers,442.28311093325243
2200,shot 900 photos today in Kyoto. A few had a black dot on them from dust on the sensor Fixed now. Sorting them all will be a nightmare.,442.4726053120212
2201,"Friend's wedding tomorrow. But the venue is so far away from my place, and not very accessible using the MMTS either. What do I do",442.4800643964313
2202,no one will make one with me though,442.4929005323965
2203,I'm dying of a stuffed up nose ... gotta get to the grocery store for food and afrin - that is if I can breath till then,442.6114962905391
2204,YEEEE! \o/!!! I has work in 30 mins waahhhhh,442.6401250249922
2205,"haven't seen it yet, we watch it on netflix once it come online. So well probably see it tomorrow.",442.72346365819374
2206,"Worst dream ever, and not my usual nightmare either. The worst part is its probably gonna come true",442.86292124062084
2207,I am disappoint anon,443.0120811911896
2208,wot?! *hugssss* I'm sorry... Something's better might come up,443.03087024125455
2209,re newing my twitter,443.11507082841354
2210,i miss you too!,443.1423453706992
2211,i always get 'the evil eye' of mine WOOO METRO STATION IS LURVEE &lt;3 what songg is it??,443.22143331149755
2212,Going into work...even though I feel a little nauseous...,443.3846614587223
2213,This is really weird I had a dream about Lucas Cruikshank I guess that shows ya how much I love him. If only he would follow me.,443.6177317845199
2214,...if only I didn't feel crippled today. I can barely move my shoulder and neck,443.68168826646166
2215,very grey morning,443.91266038710114
2216,"I am so bored right now....goin a little crazy! It's 70 degrees out, want to go on the Wine Walk but I'm broke! Sad Sad Sad day",443.9864044097933
2217,Practice. It's so freakin hot,444.4818531894557
2218,i came up with an ez mode pull for her. We would have been deeper in last night but we had some healer tech issues,444.62407606577955
2219,"yum yum eating chocolate, visited ol dschool was very sad",444.6470018531329
2220,"whats gotten into me these few days, going into the state of bad luck again..keep breaking stuff",444.8694899094011
2221,I wish we had a Dunkin Donuts in Holland Today my moms back from Japan. Can't wait to see her!,445.13331636633836
2222,hi Ahmad. Thanks for this...but Flckr's blocked in UAE... ... no words... :-S,445.23387120390896
2223,sitting in an apartment in san francisco and wishing i was at home,445.28153628910786
2224,Pixies! I woke up late because I forgot to set my alarm correctly! Woe is me for I shall be hungry without breakfast in my stomach,445.3726582481811
2225,Stuck at Secaucus Junction for another hour and a half until our train comes.,445.43214773497914
2226,I don't know what i should eat for dinner! Again Pizza??? ;-) -,445.61641677191307
2227,It stillllll hasn't arrived,445.77650866605364
2228,"Happy Birthday, ! Too bad you also are travelling today.",445.7967094910878
2229,aaa migraine poo k time to go to school i slept in buaaa hate tuesdays 8-8 =(,445.8482358237846
2230,"i'll miss him too, bb the episode seemed unimportant after foreteen found kutner, so i stopped watching.",446.2488891239982
2231,Up since 3:00. Going to be a looooong day.,446.310171488403
2232,ok so HOW do I post a photo from lappy on here? cant c button 4 it,446.33571881464354
2233,"i wish we were in a fanfiction it could be &quot;with me&quot;, do you like this one?",446.35505564066995
2234,wishes he wasn't ill,447.07812617549376
2235,"linkedin is being really mongy for me tonight... in fact it has just sat spinning, doing nothing a few times recently",447.2263943369428
2236,"The Swanage fieldtrip is legendary for carnage, it's the only reason I chose Geography... pity my uni doesn't run it #theinbetweeners",447.3101854567735
2237,Completely addicted to my iPhone. It's like a bad habit.,447.38346650073396
2238,sorry to hear about the bike,447.9226337784364
2239,Sleepy head.. chances of actually sleeping? Slim to FUCKING NONE!,448.0633313881856
2240,tired I think petsmart may have liiiied to me,448.5273695232537
2241,Taking Angus for a check-up today. I always quietly dread it but this time he's poorly so I know the lung function tests will be crap.,448.530793879089
2242,"i really wanna hear this, not working for me",448.6035469760316
2243,aww Steph I know me too!! we'll make it up tonight though,448.7549842261903
2244,my headache isn't going away and i want pancaakkesss,448.88784777214386
2245,Bored. back to school on monday. dont want to go. Math &amp; History homework to do Grrrrrrrrr. Pe moderation on Wednesday. my life sucks.,449.0142728179109
2246,really really shoulda said something i blew it,449.0192764204084
2247,"has Finland sleeping for the night, not really enough time",449.0923606488408
2248,I wish I was at Coachella,449.2846735682477
2249,doesn't feel good,449.811326442788
2250,I do hope Gisburn in in Robin Hood this week - missed him and his magnificent hair last week,450.54966883124706
2251,"Had a nice time last night. Wish we would have hung out longer overall a great day capped off by a great night. Friends, drinks, fun!",450.9334802828209
2252,"QR + Veolia FAIL! Translink, the buses and trains don't align, so the early train is just as late as the bus one hour later",451.098443251063
2253,yup dupar chi match baghel.....sandhyakali class ahe,451.53095960193735
2254,and here you were worried that you weren't going to get anymore. See! (Ours all melted ),451.6257490900783
2255,OMNIAAAA!!! I said no to the crackberrryyy. Time to depart with my flip phone,451.95908269814345
2256,Simon Felice is no longer playing with the Felice Brothers. I'm not sure how I feel about that.,452.3944595223689
2257,He hatez me.,452.4796290243247
2258,Google Profiles... This is weird. Shame I can't change it,452.5863625430917
2259,I hate working when I don't feel pretty.,452.6160840795994
2260,"Trying to work out which of my projects need the most urgent love. Tempted to go with the easiest, not most pressing",453.0921183273837
2261,not twittering in the past 22 days obviously. 1:40AM and taking a small break from ochem.,453.2199681915491
2262,me jealous now,453.2951496044441
2263,can't work out whether I have hayfever or a cold. It will result in a red nose and a bad temper either way,453.5458228134147
2264,damn! ur having sooooooo much fun it seems.......hmph! my schedule....WORK hopefully.,453.6668024047847
2265,I can't believe this cool Day/Night Street Rock doesn't even have a single heart _listing.php?listing_id=21362047,453.94348839358935
2266,WHY IS IT SNOWING AGAIN ?!,453.96629259967455
2267,NOOO!!!!!I hate when this HAPPENS!My mom wasn't able to get the paper sighed and now i cant go skate with my friends in NH. (boho),454.16717780970765
2268,Damn i miss the application specially made for IPL at cognizant! since i don work there anymore. it was more like cricket fantany league!,454.66195216509976
2269,Sigh. Am sitting here working with my leg propped up. It's making my ankle feel better but also making my knee hurt,455.1789756286072
2270,Aaaarh!!!! I was doing fine from 1 till 50. Questions 51 to 65 were the a to n kind. luckily that was part A. Part B was much harder.,455.5237537969539
2271,urgh im tired impatient and over boys and their silly games,455.6253916389186
2272,- this shit ball didn't come down,455.65681222411956
2273,"is sooo hungry, to bad the dc is closed",455.84006059592
2274,"Almost 1 am, still not asleep yet although I have to wake up at 6 tmr",455.9747440861629
2275,I want to go see 'the boat that rock' but I've got no one to go with,456.0486986468149
2276,That IIS-Crash is a tough nut Posted to newsgroup:,456.2186052777801
2277,"im lonely keep me company! 22 female, Jacksonville - Florida",456.71643409253375
2278,"Difficulties with GTalk Closing the Division for the day. Later, everyone.",456.72267406677315
2279,Sorry hun Just not sure if I can any more time off atm. Could meet up after Hammersmith tho? You staying in London then? x,456.85138993841093
2280,trying to find a good vet around here. i think one of my kitties has asthma,456.9673292403207
2281,Its bad that we cant buy it here,456.9789062842252
2282,Going through the motions when I just want to go right back to bed.,456.98395466727874
2283,Ugh...I was doing so good too.,456.9889284858035
2284,just watched marley and me...such a sad movie!,457.0232333970668
2285,eeeeew get coffee beforehand,457.8039304107254
2286,"My Dad and Julia will be home the end of May! For two weeks only, though I might take my vacation then &amp; I better see you!",457.8887533198828
2287,"eh....don't ask, it'll just depress you study hard for exams!",457.9411970473503
2288,#asot400 only see colours no picture,458.07903153111164
2289,Dad insisted on having a carwash at this friggin hour. I'm so tired already he won't listen to me now I have to sit and wait.,458.11166083277226
2290,"All I want to do is sleep today. &amp; clean, not to mention all the baby clothes I have to organize. &amp; my own clothes! Oh bother!",458.22758365675065
2291,I feel like someone punched me in the lip!!,458.4682279420278
2292,now thats stuck in my head,458.5830094042322
2293,*hurt and sad*,458.59010625542766
2294,Flight of the Conchords album has *vanished* from Spotify What gives ?,458.9328215791494
2295,Last day in Ohio. Last day with Kip for 6 weeks. But then NY watch out!!! I'm coming out!!!,459.0872120190055
2296,"i am gutted that we lost, fabianski ballsed it up so bad",459.2482352296381
2297,Actually my phone was supposed to be on silent but it chose not to be Dumb phone,459.3758910992659
2298,Why do other pet care people try to run others out of business? Or send suspicious e-mails fishing for info?,459.63111056339727
2299,"Grey morning is killing my happy buzz I wish it were sunny. Going somewhere soon, not sure where though.",459.73687344419864
2300,"Awake after six hours. Win2k desktop PC still works, but network still flaky I think USB is screwed up or something.",459.8429275186782
2301,you'll have to wait a few more months... the backyard is still snowy.,459.93311599365785
2302,crashing. night everyone!,460.00495362102794
2303,"I want to go clothes shopping so bad, but no money to do so",460.02207481347034
2304,so jealous about the BF show - couldn't make it this time Are you going to Milonga de Laura tonight?,460.11366647787565
2305,trying to do some homework. its due in 30 min!!!,460.1322332875535
2306,Waiting for my flight. Slumming it in the departure lounge.,460.40928164791535
2307,Dreading school today and tomorrow. Im going to get in sooo much trouble one of the two days.,461.34427137472903
2308,wha so now its 4GB! yay! haha no more laggy computers! but my mba cannot upgrade,461.5465164885188
2309,I'm going to bed feeling a bit depressed. Not really looking forward to tomorrow,461.56896284240986
2310,"hmm, this beta of Nambu has ping.fm and friendfeed disabled. boo.",462.2557738119758
2311,"let me give you a hug, its cold here too",462.2811049107738
2312,DANG!! physics at lunch timeeee ?? really? it sucks .. but im gonna b with Vicky sooo its ohhhkayyyy! i loveee tht ladyy !!,462.33356836144367
2313,19 pages of transcript to analyse Nearly finished coding!,462.3696373896693
2314,ugh uhhhhh...w/me? I'm soo hungry [tear],462.42491176976216
2315,Nope I'm not a fan of the Carrot Cake. Sorry,462.4419653545276
2316,"thanks, I know that video is harrowing, especially the last 2 minutes I must admit I cried",462.7115675096437
2317,you guys I can't sleep but I really need to cause I have work &gt;_&lt; FML,463.0684787932555
2318,Monkey just woke up. She must not be feeling well. She also wet her sheet,463.2284264844673
2319,i need a pick me up. probably should be tackling cardio right now. like that's gonna happen...,463.43107691302424
2320,Uh oh... I think I am getting sick,463.4355380191667
2321,it's 4 am now. . . i need to go to bed. I am dying of football,463.55925181020496
2322,played another hand very bad and lost half my stack,463.56531236057134
2323,don't talk quietly!,463.6881042817057
2324,I tried to get off work so I could buy bread and milk since it was snowing but my boss wont let me,463.988139225369
2325,"chriss im havin a hard time doin the geog well put it this way, ive not even tried them table things i got so confused!",464.0706768425495
2326,seekin'for a new job..,464.09694650678165
2327,i could not update at all yesterday,464.22844777406686
2328,Please watch this vid and tell me if you are not moved ?v=EUJSME0TORw,464.4654383162926
2329,My bed just feels too amazing. Dont make me get up!,464.9095309920325
2330,I just watched House and got really sad I liked Kutner.,464.98218071723664
2331,stuck at home,465.38047757701673
2332,it is cold in the A too,465.4435737221853
2333,I love the hills but I missed the show tonight,465.609723972913
2334,At Joy 102.5 today. It's too nice to be working inside,465.6434715437815
2335,no they are not.. stupid changes! Why they did last year and not this year?,465.8212527428052
2336,is watching the extras disk of &quot;Star Wreck&quot; - all the items but none of the menus,466.60080199496997
2337,"its 3:24pm here, and i dont wanna go to chemistry course.. i dont wanna meet jordi! thats the main reason..",466.6929984885211
2338,wanting some sunshine so we can lay in the pool,466.9319589913246
2339,has hurt her ankle!! and is going to the dr,467.084127304777
2340,Headache,467.09626545216565
2341,Carol! a gun was held to my head as i booked my flight. Ciara made me do it. I didnt have a choie lol,467.29549519881533
2342,"So excited for dairy bar, but just found out its closed",467.3107591928894
2343,At University of Hawaii's Hamilton Library. Doing HW drinking orange soda,467.43201754614955
2344,"Sometimes, walking in Brooklyn really makes me miss Columbus.",467.434918576526
2345,Grr...you need sex every hour on the hour,467.46277153045634
2346,can't write anymore papers five to go,467.69966029749577
2347,is going to work,467.9965198228641
2348,I MISS YOU GURL!,468.0814209451032
2349,hey missed ya at the meeting sup mama,468.16574058104516
2350,"Off to bed now, sick n can't sleep but will try w/ help of meds :s",468.2944714577085
2351,Poor Joshy is sick??? those damn tejanos!,468.46056829539964
2352,"going to support ! Also, my voice is worse than ever",468.49768066382217
2353,Been sent to the naughty boys corner in work,468.5470036500038
2354,the sun sets way too early,468.9481908670988
2355,I know! Stupid fox.,469.74558787198185
2356,Good news - went frolicking in the sun. Bad news - got the first sunburn of the season.,470.0912846364384
2357,&quot;the dating expert&quot; is following me on here ............................,470.1353627610182
2358,"ya srsly but I had to kiss TVXQ members, it wasn't that bad 8)..",470.28432317587215
2359,thanks! my mom won't give me pain pills to make the pain go away though.,470.3799199940025
2360,im not on aim rn,470.4667963471119
2361,"arg, might go home early today... not feeling so hot",470.58934671757595
2362,been rather tempted by a Premier Projector on eBay... But then thought that a fifth drumkit might be a bit excessive...,471.4786376648899
2363,"Not much achieved, time to rethink plans for day Neck pain not helping matters.",471.62885949491516
2364,Ate a piece of angel food cake and another Laffy Taffy,471.64716431869965
2365,how come ur background covers the screen but mine is in the corner?,471.8394420842268
2366,"nothing new here, same old boring crap but at least theres sunshine...and tequila! whats new with u?? have fun :*",472.82906984990143
2367,alright there was no reason to share that again! awful,472.91756847842663
2368,Too bad everyday can't be a Follow Friday...what are we supposed to do on Saturdays?,473.8116435243867
2369,Looks like I can't find anyone to host tonights broadcast therefore its CANCELLED. Sorry guys,474.0447016322767
2370,What A Great Start To The Holidays Im ILL,474.5293919731524
2371,"I'm trying to work on my last assignment of the year, but I just can't get that spark. All I want to do is lay in the grass and read.",474.5637531020577
2372,poor pizza man,474.76246378854256
2373,Just got a phone call from my mom. Mine and great grandmother passed away today She was 95 years old. RIP Abuela Fela.,474.77080411263444
2374,I miss u tore whore,474.84790631888313
2375,wtf are you doing this weekend...HATE that I dont know since I havent seen you in about hmmm 23 days.,475.15508289384013
2376,spent 1 hour to reach to Axis bank only to find out today is holiday for Mahavir Jayanti contd..,475.4757122448982
2377,I cant stop sneezing,475.5423276560323
2378,"We watch My Name is Earl, Reaper, Chuck, Castle and kind of Dollhouse together and also watches Sarah Connor Chronicles.",475.5787014007052
2379,at riot room waiting for the hot wife of fohp's guitar player,475.6504609269489
2380,Nambu getting some good reviews as an alternative to TweetDeck - sadly Mac only,475.7112465537673
2381,dam bezzy what up wit dat you neve reply back,475.87199791409915
2382,Gonna be a great day: 4 of the 6 members of our team are off,475.95678924441404
2383,"just woken up, finally got to sleep last night, alone, on the couch watching one tree hill eating cheese and crackers!",475.9590019975046
2384,just jammed my finger in the door,475.96936381240556
2385,I hate when I have to call and wake people up,476.05604421448896
2386,"i miss u miranda, pleez come back online",476.0943191115761
2387,I can't even pretend I understand what is going on. Ps. your stinkpad is dying,476.1313455525633
2388,"Do it!! Don't be grumpy though, that makes the internet a sad panda",476.67454114449725
2389,"looking for friends, im new to this twitter",476.6882606109414
2390,says napaka hostile tuloy ng environment dito sa office ngayon...,476.69613781223853
2391,*huggggs* i'm glad you're here to help me through this he was my favourite character. the white house sucks for stealing him,476.77253091821234
2392,phones internet is not working,476.93751576092546
2393,last picture of the countdown before I had to erase it,476.9978586410046
2394,Completely disinterested in the FA Cup this year what with it being hidden away on setanta/shitv.,477.09937100106305
2395,Actually I had 503 maybe I should put my web cam on,477.3363664534633
2396,my prince was watching me while the photograph took my photos.... embarrassing...,477.346363003024
2397,"got woken up this mornng at 7am - damn Lorry , van and car accident just outside on our main road also causing car alarms to go off.",477.88828166441647
2398,i cant believe boys like girls actually considered touring in brazil! i wish they'd come,478.08823466238687
2399,well time to pack up now,478.12074913538873
2400,"today is such a sad day! ok, idk why, but i feel so sad! i have NOTHING to do... MISS U NATIE!",478.1810754923556
2401,"Your bike messenger look is so hot right meow: Except that you're on the train without a bike cause it's raining today. Aww, so sad",478.2501851889797
2402,leaving tomorrow!,478.4313744193798
2403,FCKINQ HEAT3D AHH SHT! (TH3RE AINT A D4Y 1N MY LIF3 DAT QOSZ BY DAT I DNT QET HIQH SIT BcK &amp; WANNA CRY),478.45649722347514
2404,i didn't even hear of it until i saw the story last night of her being found.i havent been doing news tho.sad story,478.72064314445555
2405,I find that almost un iversally true,478.76452319667146
2406,...well there was this really cool part where... i wont spoil it,479.2535799285338
2407,That really too bad.,479.3066535557294
2408,I woke up to a headache...,479.906561162439
2409,judy in disguise reminds me of my old job,480.19852108236057
2410,"Oh yay, that means I'll get here soon. &gt;_&gt; I never used to suffer but each year it gets worse",480.4754515291597
2411,nothing to do ...i wish today would be sunny!,481.03393605554805
2412,I just saw that they found that Tracy girl in a piece of luggage... How fucking terrible,481.29073113508815
2413,is at work,481.4062276290032
2414,I've finally given in. Now at Malaysian restaurant waiting for nasi lemak and teh Tarik. Mereka tak faham bm...,481.7015453400849
2415,Beware of impending MacHeist spam (i want Delicious library 2 ok? sorry ),482.19169123531094
2416,"Gee, 4 1/2 hours of sleep is definitely not enough. It's going to be another tough day.",482.25118362025967
2417,"im lonely keep me company! 22 female, Springfield - Massachusetts",482.26492960078957
2418,"Getting my brakes fixed, then shopping for shoes. But first, I need to talk to Celina.",482.96186754068344
2419,awww. why. omg i really wana c ure new show but it is not out here,483.2213602534098
2420,Early Twitter Buzz: Star Trek Has Secret Premiere in Austin - Holy crap! Wish I was there...,483.2304118820157
2421,lol sorry haha I thought a try a hot Bath didn't work... still awake and I am so hating on u and ur ability to sleep,483.6911951211815
2422,dyed her hair... not all the way black sadly just got a job at arbys,484.1591567902304
2423,"I didnt have a choice, she was trying to get you against me, she told me she'd do it too she's a cunt, she doesn't care, and",484.2778880836762
2424,Does anyone know if networks are down in italy? not getting replies from friends,484.65637354588375
2425,"For some reason I can't explain, I know St Peter won't call my name",484.72712110118783
2426,"I reaaly miss john mayer's twitters. fuck rude people. Remove him if you don't like his tweets, bitchfucks.",484.8897584608402
2427,Who will stop this bloodbath the Yankees r currently n and its only the 3rd innin,484.9963332511126
2428,i hope you feel better,485.03815276915986
2429,Hey there!!! what a game! but i was glad to be there.,485.4164545395101
2430,so bored,485.61829328214674
2431,"Ugh.. Im tired but i don't wanna go to bed btw, 17 Again was AWESOME! Uh.. im so bored. Well well, i always find something to do.. XD",485.6853024313626
2432,eating frenchtoast &amp; coffee in bed w dave! i had orange juice too but i just poured it all over myself,485.88124512058516
2433,Just got back from the Celtics playoff game. Worked the gate giving away free Championship towels to all. Such fun! Celtics lost,485.9448906393301
2434,just cut herself with her belt. it hurts.,485.9799546491239
2435,would they exclude Rufus 'cos of his orientation?,486.06325655823457
2436,I'm so screwed.,486.1095580621368
2437,Homework,486.19042223832076
2438,having a major head ache!!!! this sucks men! arrrrrrrg!,486.40195829264036
2439,seeing that shouldnt have made my stomach flip like it did,486.54393849623875
2440,"Dinner was just ok. Had the mussels as an appetizer, followed by the chicken stew. The &quot;stew&quot; was like a pot pie and WAY too creamy.",486.7895280839507
2441,He called me a shorty!!,487.0236874817764
2442,Gossip Girl was a repeat,487.1258117685835
2443,"Just woke up, god I feel lazy. Shower time then off 2 the bank before work at 11",487.27714716908565
2444,"Amber i don't know how often you check this, but i really miss you right now. Like, really really. So friggen much i want a hug &lt;/Beth&gt;",487.69210291926674
2445,gross i have a pimple,487.69650515279625
2446,"yesh it's a bank holiday but everyone else is working. trains, traffic, everything screwed as usual",487.8530807121173
2447,i just got a text from sarah,487.90333049167594
2448,wants a G1 or a Prada 2 CONTRACT!,487.9789312086346
2449,Hayfever attack! Looks like I've got to get back on the Flixonase again,487.9795637308555
2450,nothing.. still no picture,488.77840504993634
2451,why is it so cold? my old lady knees do not like this jazz,489.3391207520082
2452,Destroyed my diet and ordered Chinese,489.39557873389987
2453,i miss you sooo much come back to my home!,489.41635814221894
2454,finally broke my exercise bike this morning urgently need a new one...hoping to pick one up at lunchtime!,489.81636544445183
2455,hey you said matt was gonna go all ballistic... i was disappointed good ep tho mostly,490.077779846685
2456,still lost on designing AIR apps. might need to start from scratch.. off to bed for now. need to clear my head.,490.20279646298246
2457,nasa US na sis ko... learning how to be independent. hahahaha hmmm... sya nga ba? lemme think some more...,490.3789490360095
2458,Work is dragging... Pretty tired only got about 2 and a half hours sleep,490.64574458110036
2459,"I KNOW, MAR!! I saw it in my updates!! I don't understand.. are they changing again?",490.8132535409043
2460,- Your blogs RSS feed for Posts seems to be broken in Google Chrome,490.8163486115115
2461,"Wrote exactly three lines of dialogue tonight, then gave up.",490.84228476392656
2462,"One more hour of painting and I'm done, for today anyway. I let my mini roller dry out &amp; it's making a right hash of rolling now",491.178494276665
2463,Oh hunny! I can use all appliances in the kitchen. I love to cook and bake! I just don't always have someone to eat it,491.4242159528848
2464,is not feeling to good 2day,491.7688880224507
2465,"oh no owies, when will that happen?",492.17710062672126
2466,Lame!!! That's a big bummer.,492.35721650455696
2467,"I do have TweetDeck, but it seems to crash my computer every time I use it.",492.4136619378894
2468,just watched 90210 dun dun duuun. and I'm going to tidy my room and do some coursework for the remainder of the day. Bad times,492.66070054283983
2469,Had to change plans for tomorrow so I did a 60 miler today with lots of hills and will see what I can workup for tomorrow,493.11353101402943
2470,"The pictures and video in the media break my heart. It's just devastating to think so many hurt, dead, and homeless!",493.11575167865726
2471,that long! things are never simple! I wanted to pierce my tongue over this holiday but couldnt because of the healing time!,493.2545649957439
2472,Sat on the beach in Woolacombe. Sun is out but it's cold,493.2555544764934
2473,It is snowing in Tennessee too!!,493.44373712271124
2474,has been neglecting Plurk.,494.293469123234
2475,no one better not upload the videos i swear if i see any clips i will fcuking kill you. LOL,494.41548813334305
2476,still figureing out how 2 use this,494.42723116829575
2477,Broken my wrist snowboarding,495.0519472733917
2478,Eating brunch then heading to work... Vacation time OVER!,495.3859144299074
2479,I hate to see parents cry when their kids move out. Makes me think of how my parents felt the 1st time i moved out.,495.44730009835087
2480,did they play polite dance song?? only my fav. please dont say they did. or course they did. damn me!,496.18145431588687
2481,homework. because i have nothing better to do,496.41196105410927
2482,they stopped @ mechanical A7 comes aft that .. keepin fingers crossed for 2mor !,496.6278006985201
2483,witnessed not one but two car accients today,496.8897014181962
2484,Looking through a speedpaint thread in an art forum. Everything is digital. I'm depressed.,497.0215010561924
2485,it's already 10p.m and i still can't sleep.,497.0877463938659
2486,Ternyata hanya gue yang make twitter ....,497.5473156342918
2487,dang i have work in the morning,497.66235488319063
2488,"just watched the repeat of Zain challenge...smart kids!! i feel so blonde What day &amp; time does the show air in TZ, anyone?",498.05655379932307
2489,"Aw, that sucks.",498.20972569083284
2490,Congrats on your win last night - I was at Wembley last Sunday (pm) and was gutted you didn't get to dance the Bolero,498.2884793287964
2491,Yeah! Interview... Don't know even when it is...,498.62001746132285
2492,I just lost all my emails! Not impressed,498.64040899337806
2493,Just have got a cold But still so happy cause a new lovely love have took over my heart ?!,498.6946615311291
2494,I'm obssesing about my weight! Gah! I can't stop thinking about the lbs. I've gained!!! It's making me upset,498.7798885148725
2495,"Got sucked into a movie last night. Am paying for it now in tiredness... and this is my long work day, too",499.1026493369565
2496,"Going to bed now, Leaving france tomorrow",500.17349461292423
2497,sigh... CSK.. you're screwed,500.23115972207074
2498,Its so hard to sleep out of my bed! After being up for 24hrs and airport hell I thought I would sleep more,500.3225648841643
2499,So sad. want to cry.,500.3245821486328
2500,Ah! won't be at rehearsal tonight We are awaiting the imminent arrival!,500.43271607924174
2501,damn...i just SO bored.....,500.5439264682852
2502,This face mask is rlly sticky,500.6035843021261
2503,very emotional. just found out n cried gna miss u all xx,500.79781673911805
2504,reluctantly on my way to school. hurray atleast i can ask shyla how my dexter is doing &lt;3,500.8203384779808
2505,phormalll was phantastic!! off fb in 3 days,500.9234849710522
2506,Completely trashed last night and i dropped my freaking phone in my drink. No water damage but its all sticky,501.42191775101804
2507,I'm still working,501.6328806222496
2508,why must I have so bad dad??? he is sobad person trust me,501.88172415685784
2509,oh my goodness!! a student really said that?,501.98015828217575
2510,I hope that Motte's performance is not an indication of what is to come.,502.6672474495318
2511,"And B'fast always adores SM,really glad its included on the tour. Every1 likes playing here. 10yrs ago nobody played here",503.0282910752941
2512,Keeeerrrrriiiiii!!!! I really have nothing better to do then post on this thing at 224am.....wonderfullll. Says alot.,503.05154254292717
2513,"I can't come tonight, Geo. I'll be stuck inside all evening commenting on papers.",503.3080638174027
2514,"Sandy got a sitter for thisafternoon. but all festivals are rained out... no Crawfish, Green beer or Wild Game BBQ today.",503.6055794385695
2515,Ouch... no Cafeteria open in the morning on Saturday's.... wish I had eaten dinner yesterday...,503.8265950319143
2516,SNOWING?! HONESTLY?! I heard that it would but... grrrr! I had to dig out my winter jacket and put my sandals away,504.7364825465534
2517,"Painfully slow night, made more painful by a serious lack of sleep",504.9642420412111
2518,Working today and microbiology homework.....,505.079593835794
2519,I do think Vegas is out for me. Have a virus &amp; my sinuses are an issue,505.4831866067969
2520,"fuck after yesterday, whats the point in chasing after her anymore....for once in my life i guess its just not ment to be",505.6347851394076
2521,You simply drive me nuts... just ashame... it's a travesty of life really. some guys have all the luck...,505.7529211519275
2522,so snakes are incognito!!!!!!!!!!!!!!! that niggah is gonna bite coco,505.9699045518697
2523,doesn't want him to go,505.9705313204326
2524,I am working yet again! Woo Whoo!! It's way too pretty to be cooped up inside,506.24909913395356
2525,Feeling like a loser for not completing any work today.,506.34660642110396
2526,- SHE is beeeautiful,506.35427876311
2527,haha im not THAT ballin. I still got bills to paaaaay,506.4755499774995
2528,man I wish I could! But imma be in &amp; out with fam today. Grandma's still not good so we gotta pick up soup &amp; essentials,506.5236677420335
2529,Omg revisions revisions revisions! I feel like I wasted an amazingly beautiful day today doing pointless work,506.55004851371
2530,I am on a healthy eating kick! I could only have shetland pony.,506.5701436507529
2531,[at]dhewlett your web site is down again.....................,507.0671646598772
2532,"Gah! Its +15 outside, and i'm stuck in this shit hole building till 6:00! Why me!?!?",507.2361616787214
2533,I'm still not feeling very well. Why is it that recently i'm getting sick so often,507.3468474956911
2534,fell asleep a couple of times during vocal group today,507.4229056003317
2535,Can't find them in my Rhapsody Mayhap you can share sometime?,507.48224236099514
2536,wheat bread from the dollar store just doesn't toast nicely going over my taxes and calling it an early night,507.865759360495
2537,"Enjoyed This Is Project last night, mixer later tonight...then studying for finals tomorrow.",508.3029057558033
2538,It is! I have the docs so morning off and then into work Freecycling? What you getting?,509.6460225715579
2539,I just ate some cheese that tasted horrid!,509.95923030969686
2540,i know. it sucks. why does that happen to me all the time. i need a different brain.,510.04399579384756
2541,How'd you guess!? She's deaf actually. She's orf to t'clinic soon. Lost all her high frequency &amp; will have tinnitis forever,510.20598821947283
2542,So the weather officially got worse it is now snowing here,510.3135457742304
2543,"is so nervous about the idea of ISP's capping monthly bandwith. Not like butterflies nervous, but puking all over the desk nervous",510.50944342344127
2544,your phone doesn't like it sorry,510.7957697578838
2545,Just had half of my medical tests done today for going to China. . ... Not a fun experience.,510.9458146616726
2546,still up trying to finish a mix,511.145470396107
2547,Tried to make this cake bowl thing and it looks like pudding more than cake. I stink and all I had to do was add water and microwave,511.2339825716699
2548,"Today is very cold, so cold I may have to start wearing my jeans again yesterday was raining but I did get some good shots of ducks",511.3425570404997
2549,Is sick This sucks.,512.2823210916282
2550,I coach too. Forced into retirement a good few years ago due to injury You coach in the US?,512.3981507869944
2551,i was so excited about going to Ocean City... but now im not going no polish ice for me...,512.9489225251272
2552,getting ready for a 2nd day of Faith-based and Neighborhood Partnerships - still happy re OK visit - although no Braums this time,513.113043592453
2553,and the dont do 3D,513.7813551267417
2554,Losing at Risk. As usual,514.208004123626
2555,But! I'm useless if I don't sleep It's not fair! I want all the fun as well!!!,514.2210081387344
2556,"is wishing i was with my line sisters eating cinnamon rolls, eggs and bacon",514.4393088765125
2557,It was in the 80s F just last week!,514.589425234592
2558,cannot change my profile pic. Aaarrrrrgh! now I'm just Agent double o,515.4267831175207
2559,eh too early,515.7172815398347
2560,"facebook is being a 'tard -.-'' I can't get a hold of my cousin and don't want to go out alone, 'cause that's no fun",515.9939742397546
2561,I don't really wanna mention much about it online. People might plagerise.,516.0632811365728
2562,its such a sad situation. Though 1-in-3 of us will be beaten. In US every 15 seconds &amp; 3 killed a day. It's sadly commonplace,516.0696997248143
2563,Not really sure,516.1958101546822
2564,"Quite possibly - though with the cat, its more of a slang phrase to describe his defiant behavior",516.3676673227095
2565,it was a one off special I'm afraid. No proper series this year,516.3820130258835
2566,Lovely weather outside. Stuck inside.,516.3827690076979
2567,"ha ha ha, *cap doffed*. Okay you are right. Camping in the Cotwolds AGAIN for me. ;)",516.4954397047403
2568,Alas no: is a &quot;buy the MP3s&quot; set-up.,516.7714649504904
2569,"Yes, it is. Or maybe half of my subscribers left - Again.",516.7905591667102
2570,"Update, the computer with the moniter = 2053.98 very far from now, because i am starting a 0 lol",516.8223984257921
2571,Sick at work took Monday off... Gonna take tomorrow off.,516.9999992840659
2572,Bored of Sims for today Still thinking of a name for me and Lukes youtube account to post our awesome new vid on ideas people!!,517.2263799859829
2573,Is feeling like dancing in the rain like a pixie......but the rain stopped ohh well....lol I'll watch flight of the conchords instead,517.4573195046376
2574,wondering if could join you,517.8476588448012
2575,#asot400 i duno how to work twitter haha,518.1061273010047
2576,has wasted alllllllll of her day,518.1362275832944
2577,"dunno..I've emailed their website + a&amp;r, sent a tweet, but no replies.They've probably got bored of fan-remixers bugging them",518.2954959254666
2578,It has been so long since I made ramen that I forgot how to make it the way I like.,518.3166146409461
2579,is having a wonderful morning....NOT! Oversleeping is not good!,519.2136799257686
2580,- remember these days? neither do i. siiiiike. i miss my old body someday soon u shall be miiiiine.,519.5211766201062
2581,True. I never ever win the AMAZING giveaways.,519.7453329755471
2582,hmmm the twitter I sent from my phone last night didn't get posted,520.0340057721933
2583,I hope you feel better enough to be productive.,520.1052550175557
2584,Sitting inside as the rain has ruined my plan for a walk. Oh Ireland,520.4551999738992
2585,Ah I had a dream that I woke up and there was a snow outside. AH it sucked but it's a nice day! Got a meeting at 1:30. Work from home FTW,520.7332037605515
2586,The only bit that got me really was when he said Babs was a bad mum I'm sure that hurts her even though she's laughing.,521.2477104217041
2587,i forgot the other L but yeah no cobra or all time low if i dont get this grade up,521.4066537981548
2588,"uhm, had pft 2.4 run today and i failed.",521.6399651896782
2589,need to do some work.,522.1254249255942
2590,9:30PM! So I asked my teacher if I had to speak about my project and she said noo! I am so happy. I might have spewed up!,522.283320970629
2591,"4SkinMusic, more like",522.4857490265891
2592,im doing 4 weeks worth of homework and going to london till tuesday,522.693201364476
2593,"oh well, timer was funny, when the next In the World?",523.5663839408098
2594,So I didn't go Jogging (yet) Got caught up making the Family breakfast that I can't eat *Carbs I Miss YOU Soo Much*,523.6273268780146
2595,Wow it's taking me about 10 minutes to find a parking place big enough! - I miss my small car!,524.0493127304184
2596,"Valium, I needz it",524.1985350982252
2597,i would love nothing more than to go back to bed and sleep all day... definitely not feeling up to par today,524.3326594434164
2598,i actually dont know i'll call around and let you know in a sec.,524.4221222293443
2599,Working but lots of happy guests 'cause the weather is good - then catching the end of the Bruins game - you?,524.6077232642201
2600,"im lonely keep me company! 22 female, Grand Rapids - Michigan",524.748325594982
2601,"You sure did do some tweets, and i missed them glad to see you're enjoying urself, always nice to hear from you. x",525.1007553651259
2602,"To the people who called out to me on the red carpet, I was blinded by the lights!",525.1149436160441
2603,I want to go swimming but no one to go with,525.3028913109767
2604,I just did 10 chin-ups. I dont know if I can do another set,525.4294620736557
2605,My mom made cupcakes and put jello in them. Jello! Why would someone put jello in cupcakes?! I can't eat them now.,525.5658806953132
2606,"listening to britney and cleaning the house! I have a TON of shoes to get rid of, haven't even worn half of them",525.7113805459477
2607,just finished dexter season 2. Love this friggin show. Season 3 in netflix queue but doesn't look like the dvds are out yet,526.1107026006038
2608,I accidentally locked Myrtle in the bedroom all day - I fear there may be cat piss somewhere in here now,526.5090085304433
2609,Not matter how much time I spend in the sun I don't ever get a tan just get silly freckles.,526.8387459551652
2610,i don't have internet! Don't even know when i will so i don't know what to tell you,527.0226081012801
2611,New pocket god won't launch under 3.0b2,527.0497423010278
2612,Landed funny on my foot this morning while jumping down the stairs and I twisted it. Quite sore now..,527.1991174821505
2613,"Ugh, I hate working Saturdays! That makes 45hrs this week. It never feels like I have a weekend.",527.3216856450623
2614,is very disappointed.,527.3928396186795
2615,damnnn! i missed 11:11,527.4994378517272
2616,Goin to work on this beautiful day [PIZZA = MATH],527.9439052411313
2617,Work till 10:00pm. I wish you were right now so I'd have something to look forward to when I get out tonight,528.1895930469702
2618,"I agree, Saturdays are stupid. I have to work all day as well.",528.8516969477513
2619,i am until upset for the videochat yesterday.,528.9052779047826
2620,Worried about Steve's () eye.,528.9416424745606
2621,YA TEXTING WOULD BE COOL IW SIH IAD IT TOO,529.0777376056695
2622,well im just upset about this houston weather. its been ruining all my plans,529.1423255355237
2623,nope,529.415443768535
2624,Wow really?? that's crazy! I swear I knew what that was since I was like 14... how sad of me,529.5111083037767
2625,ye im not very sad...but weirdly enough shes lettin me go 2 da party?? how confusing parents r?? lol,529.5371294968617
2626,"I'm being set up again except now I'll have to watch her with 2 huge membered guys, I feel like a hat stand",529.6065359818105
2627,I am NOT jealous of my friends with iPhones. I'm not! ...I'm not... Really...,529.8615331389731
2628,GAH!!! I have this one project where somehow Cucumber tests just refuse to run,529.9397595278389
2629,Unfortunately not many lollipop ladies on the 400miles of motorway I drove =p I went alone,530.140189787331
2630,Bummed because she is bummed but kind of happy Lent is over in FIVE days.,530.3829148973963
2631,"dang near snowing, its snow flurries from sandals to boots again. crazy",530.505322101833
2632,Missing my girls in Dallas,530.6701850555152
2633,Looks like the squirrel is in particularly rare form t'day!,530.6814231439021
2634,So tired! Didn't go to bed until almost midnight,530.9041491366288
2635,is hoping the posty delivers my pink tickets,530.9462201994955
2636,- mmmm Girls! i think Mr Carter leave us lol,531.4408935196916
2637,Red ant bites really smart,531.4581829565986
2638,Yayyyyy day 1 of coachella almost over. So tired,531.5260619634166
2639,"Mmmm, i want eatser show on the 14th; not 15th this is bad for me Maddie D:",531.9297159058369
2640,I also want Easter Break / Pï¿½sklov!,532.092511928601
2641,returning to work,532.4598292625783
2642,"Just bought 2 more games for my PS3 : Haze and Skate 1. Only had 40 bucks with me, so couldn't buy any better game...",532.8779922436315
2643,i feel unloved. dropped 2 tweeters,533.1629791516021
2644,Got me what again? I'm sorry I can't understand ur last tweet,533.424991143146
2645,Is sad that they killed Kutner on House.,533.6375182902673
2646,Damn... I need to learn,533.6493116106637
2647,wishes stephenie meyer wud reply to my message!,533.7868589168417
2648,don't think i can get anything right today,533.9225041833457
2649,"Going to the dentist again I mean, tooth spa right ;)",533.950907444725
2650,Drink exploded in my bag,534.0325364057153
2651,- exactly! We could have!!!,534.3330706901945
2652,i didn't have enough sleep,534.6076908951007
2653,Wish I could get some in Mangalore also,534.7035457250682
2654,April SNOW showers bring brown edged tulips. To this I can attest.,535.1550824394501
2655,: The same problem? I can't believe it!,535.2469739715509
2656,talking to a boy hating work though,535.5085151337216
2657,We can expect more of that txt speak when the txt message levy comes in,535.7381605307532
2658,That's great about your license! Wish you'd got the rest of it back.,535.7933314685565
2659,laying on the couch with a verry painfull back... wishing someone would know how to loose this pain!!!! OUWIEEEEEEE!!!!,536.0673507816848
2660,I can't believe I still have 6 more hours of work left.,536.2293110772941
2661,"Really cold and miserable morning. Didn't get a workout in last night or this morning, this sucks",536.2861176713599
2662,tooo early. im running late.,536.3048373136705
2663,We just saw a raccoon in Central Park...everyone says it must be rabid,536.3068517793005
2664,Caps dominating shots 6-2. Rags up 1-0 #caps #capstwackle,536.3851331658793
2665,Why do I fiddle???? I've just broken the shift key on my laptop,536.5180898253194
2666,at work... forgot my phone at home,536.7592197845082
2667,I'm not special!,537.0116395405989
2668,ok on my way to the airport...no I not going anywhere picking someone up,537.5615885808867
2669,Gutted about arsenal result...especially as other half a chelsea fan,537.6226259670856
2670,Watched Smallville 8x18 last nite ep could've been so much more but yet again the decisions made fail to impress,537.8944644765069
2671,Why is my ice-T not cold,538.020319257651
2672,Sprained ankle...... Hollies house with a shot ton of people......,538.0755200974594
2673,"Missed the train to York, no Wifi and blackberry battery is going to die soon - not a good start to the day",538.1411364232418
2674,I am wondering why my lovely wife doesn't check or respond to my tweets,538.7673639223271
2675,understands that he doesn't want to talk right now,538.8920432140486
2676,"Neti pot following directions = massive sinus pain, congestion yesterday, drainage/bronchial cough today.",538.8970759588517
2677,I almost broke it again right off the bat! But Powerade is good,539.1629823968979
2678,Tired eyes from playing guitar hero and making dinner... Made white choc brownies but don't feel like eating them,539.2970004486058
2679,"is photographing This Is Hell tonight!!! Damn, I really want to go to Groezrock",539.5380098456147
2680,my friends are bailing on me,539.902737980163
2681,Of course the baby is screaming in the crib the night before my first day back at work. So I let him cry it out? Boooo,539.9937821713761
2682,"Thank you! However, I hate to be on the same list that includes 2 convicts.",540.2083969851979
2683,last night with the dangerous summer. im sad,540.2084190972248
2684,"sorry, my twitpic account has been suspended",540.5493554351951
2685,"Getting dressed, so much to do today and not enough time at all",540.553540585564
2686,misses Delfin E. Deloria III.,540.900203558367
2687,"Urrrr, I should be waking up right now instead I'm just going to bed too much on the brain!",541.7977672354895
2688,"it appears that jQuery plugin for making round borders in navigation doesn't work on all OS, in Ubuntu round borders aren't visible",541.8226102995386
2689,Just had a great time... that is if I forget about the fight on the way back...,541.9088913547062
2690,No! The bb thing is starting so sad. I think i am going to die :x,542.1161906837671
2691,"Have to go to my church to get some community service hours for school. I slept in to 9:30, but I'm still tired.",542.1251127322372
2692,watching stepbrothers. yay! still sick though,542.8523780548991
2693,me too come here let's have a girls night,543.1313333418735
2694,Sorry,543.3568901216373
2695,ive been in the bed since saturday.... and its tuesday,543.8927635207788
2696,awww damn! At least I can be safe in the knowledge I was pretty close. =D,544.1795549716685
2697,No Watching Rushmore though!,544.6996913184917
2698,Up early and off to work till 6:30pm.,544.9054936510547
2699,Been up since like 5am,545.097542069619
2700,Oh My poor SUGA! Make Me cry... &lt;\3JLP,545.1020870285882
2701,"Awww, Sorry Jiggy! I am sure something better will come up!",545.1672899363133
2702,I love how I get a picture every 5 minutes from my family in key west...I also love how I was invited.,545.1878587547019
2703,instead of voluntiring at international karate tournament I have to work. the tournament would be more interesting,545.5225634543635
2704,No Sound No Video Nothing :///////// :S #asot400,545.6941524771266
2705,...hurts but u just gotta keep on goin or crawl under the duvet and hide,546.3084947692344
2706,i really don't want to go to work tommorow,546.8133362406735
2707,Shockingly not!,547.0696079349112
2708,"been arround, int acct II exam tonight",547.1557682927008
2709,Nw more confused then ever!,547.2734145432072
2710,"wakey Wakey, I'm bored '.' My dog is annoying He weights 20 pounds and doesn't want to come off of my knees",547.4514741613656
2711,i briefly had a follower but she left me - now i feel so alone,547.6685032362477
2712,I really hope I'm feeling more like myself soon. This waking up &amp; still being exhausted totally stinks,548.0788273543168
2713,I think someone is mad at me ......,548.204056234594
2714,haha! its amazing isnt it! miss you! i wanna come back,548.2949623675686
2715,"just been given ma marching orders, gotta go do some work, yay",548.3782489138229
2716,i didnt see you at the merch table,548.6065468852019
2717,I LOVE the rain....uh....but I did sleep until 140pm Too dark in my bedroom!! Now I am latched to the computer until 6pm,548.6094260746368
2718,Woke up and feel like Rubbish Rest? Or Chill indoors and play Xbox with a cold drink?,548.70439462721
2719,"yo,yo.... hope your well, haven't seen ya'll in a minute",548.7244396357477
2720,"Sitting, waiting for the parents to finally come home",549.1646178564603
2721,What the.... Didn't have time to tweet since more than 24hours ago!!!,549.3119129117032
2722,"Rain + Sore leg = no MTB racing Sunday. Bummer, i love Flat Rock Ranch.",549.5039278710053
2723,Got my ass KICKED at the pool function last night... I've never been so sore!!!,549.5178385941763
2724,I almost forgot. We in the FA Cup finals. Go Chelsea! Go Blues. Now back to work.,549.5307780746646
2725,isliye call nahi kiya baad me..thinking ki ab to tu movie dekh raha hoga,549.7118174124139
2726,*sigh* Nothing to tweet about,549.9150602455923
2727,dude lauren txt me back,550.1476406332262
2728,Rain rain go away! Cloudy and rainy in GA.,550.3742773804235
2729,"Fuck! Len Wein's house caught fire earlier today. The family is safe, but they lost their dog.",550.4333000323757
2730,Idayu's away!! And my phone is bent!!,550.5237796063908
2731,You tease But thank you,550.5657972986014
2732,is bored and haven't a clue what to do,550.7471851892163
2733,Can't seem to get over the dissapointment of haveing absolutly no one notice I am gone. Sad I must not be boring I must not be boring...,550.77722100255
2734,Eww snow,550.7903591525745
2735,"Good job, Stevo! That game was dismal",550.8165487361392
2736,for that confirmation stuff? I think so but I don't want to. I'm tireddddd!,550.9316110782094
2737,nobody is talking to me,551.119830924846
2738,i agree!,551.418320643109
2739,I am worried that I won't get my $900 even though I paid a buttload of tax last year !,551.5788526552103
2740,jquery is bringing me down,551.6608712597217
2741,found out my twitter password. LOL &amp; Macbook Blew up.,551.6905203971355
2742,Packing to leave. Not ready to go,551.9677661088801
2743,Twitter has said i have reached my maximum for searches for now.,552.1163901991683
2744,Guy with laptop hasn't showed. What a feckin' waste of time,552.1464850818855
2745,"Only 18 more days left in london, where did the time go",552.2994047352956
2746,prepping for moot court interviews... very nervous,552.5476256996809
2747,"Audi A6, fender gone, insurance claims it was a $3000 damage, and the Merc I hit even more",552.5801550604365
2748,"i love you maybe it's a good thing if i don't care as much. and tell me, please, how many chances have you already had?",552.7753613858176
2749,Looks like McG lost his R-Rating battle over Terminator Salvation. Watered down Terminator movie?,552.8645427343577
2750,gaaa i want some peace and quiet! hard to find wen living with 6 people living in a small 3 bedroom unit!,552.8773699880686
2751,"???????????My friend was supposed to be having one, but it hasn't been arranged yet",552.8807890676983
2752,"wait?!?!?! darn, I thought this counted as productive",552.941519585504
2753,Lol he wasn't yesterday but we're alright now Aaghh i have to go to work when its nice and sunnyy... Typical!,552.9712177143853
2754,Setting up a new VMWare Image for .NET dev. 2 hours later I'm on my 4th windows restart and still haven't got everything installed yet,553.2743237496113
2755,dude there was no doubt that carolina would whoop up and man they won every game by an average of 18 points...till next year,553.8048127145051
2756,Car got broken into last night. Feeling violated!,553.8189427693335
2757,Byee everyone *sadly goes* xxx,553.9253936213677
2758,HELP! I need a new boyfriend... I'm stuck in a rut,553.9648988680173
2759,he's not paying me any attn,553.9977841610337
2760,good luck meghan! tests suuuck,554.1372881473411
2761,is not impressed she accidently left her ipod on all day n its now dead,554.3157653781594
2762,lost ma phone... man this is da worst bday weekend ever...i wish someone can brightin up ma day!!!!,554.3802905900399
2763,is at shisha with NJ and Syarif. heheheheh. using Syarif's new laptop. LOL budak poly,554.9797048409602
2764,Nicola Ruth White. Your stoopid hoegarden burnt my face,555.0989664486967
2765,hehe..making more competition for myself! .. I'm going to try to pen something for your cartoon of Mariel &amp; family,555.2568785690142
2766,Jury duty boooo,555.6070425620267
2767,I'm sorry your gift card ran out.... That suck.,555.6464042657981
2768,waiting for 17 again i want my hat and glasses,555.8364942821532
2769,wants his hat back,556.2559822130007
2770,"Sick as an MF'in dog, hate my immune system",556.4804421878544
2771,is going with her father to the emergency room.,556.7446665967684
2772,"alarm... hmm. They usually put the playlists up on rage's website at the end anyway, right? My TV's busted",556.9624146906053
2773,"&quot;Sorry, an unexpected condition has occurred which is preventing Google Reader from fulfilling the request.&quot;",556.9832544801882
2774,i don't want to get out of bed,557.1041054773707
2775,"Also, why don't I have HBO?!!??? I just want to watch Grey Gardens",557.5665584625286
2776,empires is the only band/song/thing that just will not upload on that site.,557.6055738784968
2777,almost bedtime,557.6502058163128
2778,"Looking at it, I seem to be getting a completely different config.. Finding shared hosting hard not having control",557.8427634702362
2779,I feel your pain. Forced to use my daughter's computer w/vista while my machine with mandriva os awaits repair. &lt;sniff&gt;,558.1729404059791
2780,in LOveeee &lt;3 and it hurts,558.1912197090004
2781,Apparently Twitter is experiencing some delays - my text tweets are showing up like an hour after I send them. Sad panda.,558.4203350270831
2782,getting ready to leave in a lil while....and i think i broke my hairdryer,558.6503138059414
2783,I go to the show to McFly in Brazil,558.7016659092778
2784,"- hey, I tried to respond to the wine invite yesterday, but issues with Twitter.",558.7859957100071
2785,Giants first game tonight! But I have a meeting during most of it,558.8061418452726
2786,UpdatingFFE. That gives me nothing to do for a good twenty minutes!,558.8214506374027
2787,you tooo baby! You got your own 'concert' in God's land. I am envy.,558.8392380795918
2788,just found out that my mum and my adopted auntie are on twitter.. check them out my mum is TessM64 and my awesome as auntie is tania38,559.1625020929349
2789,the waterfront is still chilly,559.5258342912765
2790,I can't go out today.... IM SO MAD!,559.7122141694723
2791,"Will you be videoing or streaming or podcasting, Tweeting or anything else? Can't make it unfortunately.",560.0048866582912
2792,So. Fell asleep at 630. Class in 15 min till 12.,560.1490344673339
2793,"Wig buying on eBay as I'm too chicken to dye it because I'm a fool Arse... 11pm already, forgot to eat dinner... off to fry an egg",560.1765217648942
2794,38.4 miles in 2:40. 14.4 avg. I am out shape,560.3645273966041
2795,"i feel bad for che ming wang though, he cant seem to get it together... and has an ERA of 30+",560.3793358188199
2796,Yet another designer gives me webpage designs in PSD (PhotoShop) format.,560.396493408451
2797,I'm sick face too,560.7491511577583
2798,"truck went in the shop in denver, leaking radiator fluid student prolly not gonna stick it thru; no likee da lifestyle.",560.7770288101865
2799,I hope not too! Maybe its cause I'm tired from the work week. Hopefully tmrw I'll be ok.,560.9615970591213
2800,"i have a headache , runny nose , cold body even though covered with 2 thick blankets , &amp; a cup of cordial. horrible combo",561.1119158993184
2801,"im lonely keep me company! 22 female, Lansing - Michigan",561.1416797226436
2802,I had a dream about Twilight. Dream Fail.,561.9449725090667
2803,I wish I was there 2 participate,562.0518805477186
2804,On the train sans Guardian,562.1861955261686
2805,Blazing row with boy. Tantrums all round. Missed train and now standing on platform feeling guilty,562.4136490713183
2806,un-crash my car,562.4436704321948
2807,"oh Tittch, sorry you didn't get to say goodbye *hugs*",562.5336365815112
2808,tired but cant sleep,562.6201592868293
2809,Brrrr...it's cold,562.8931935547041
2810,Yahh!!! But ur going to L.A. right? Im on the opposite side of the Us...Travel safely Shin...*kï¿½ssen*,563.0912870062149
2811,"Oh no, my server has just died support (e.g. brother-in-law) are onto it though",563.7901380668353
2812,Argh. Driving into London today. Made a wrong turn at Kings-X - stuck in an extra 30 minutes of logjam traffic,563.954286539388
2813,Another assignment to be done! an dinner with dad tomoz!,565.0932145593832
2814,Wow I was really excited about that music video then it was pretty lame,565.0998709072987
2815,Aw Frank Airport people are always dead grumpy. They've got like 24/7 jetlag.,565.6552871003148
2816,My twitter avatar isn't loading,565.8118646659062
2817,sorry,565.8417885576363
2818,I'm definitely not winning this tournament...,566.3823472372894
2819,No my hair place closed down no Wtf where am i suppose to get my hair cut?,566.4143272467738
2820,is at Beso in Hollywood... so tired,566.4947593788636
2821,"is going to priceline (city) tomorrow, but lost her 'must haves' list",566.5223637734446
2822,i wish i could go to san diego today but i've got to work today,566.5598854344464
2823,Do it!!!!!!! Start feelin' guilty,566.5924685966017
2824,going to go sleep. i wish it was the weekend already! 2 more days of work to go!,567.0509082739106
2825,Super worried about everything,567.0958391520372
2826,is feeling old today.,567.1525558663208
2827,"I don't want to study, i want to go shopping instead!!",567.2061128088629
2828,"Decided to give windows another re-install, its obvious I fluffed something up, which is why the DVD drive isn't reponding",567.2223238956777
2829,"ten years ago today I was running around in shorts and a tee shirt in nice weather. 2009, it's fucking snowing and freezing cold",567.3379980213708
2830,All this negativity sucks,567.8400046333055
2831,"This is messed up, possibly to block the Sling Box with any service that AT&amp;T is going to offer",567.915771902018
2832,everyone is talking about britney's concerts... i want to go,568.1148605776896
2833,Same - Had an unproductive morning too.,568.222523209535
2834,i hit the car. he turned out in front of me.,568.2869568621642
2835,sorry to hear that. it will be um unsore and shit soon...or stuff.,568.6412019359061
2836,"I wanna go to the beach, but the rain starts shit!",569.0930729035935
2837,started Day II of Vegas with horrible dreams of his friends being beaten up quite severely.,569.1549029380338
2838,No! Ad-hoc meeting spontaneously turned into code camp.,569.3001709515419
2839,Yes exams in two weeks...,569.3209849082934
2840,"going to grab some pseudo food, then attempt to get this wordpress shit done.",569.5100038846589
2841,can't find any friends on here,569.6174509633348
2842,Finna Clean,569.8826469263365
2843,Feeling shitay,569.9944563598425
2844,It's not available here I may have to look for a Google image....,570.0264242035086
2845,Checked with the Ushers too. Nowhere,570.3983144246172
2846,"waited for him to go online.. lucky me, i was eating when he IMed me. 8-| :| :| And now, he's offline. dayuuum.",570.8626794494305
2847,Wants to watch Primeval... But can somehow never find the right time...,570.9487534135081
2848,"our timing in the last days is bullshit x) And next week, you're in holidays But I hope to see you soon (THE weekend)",571.0265750702403
2849,OOOOOOOO who with? (im not neither but thats because i need to study ),571.2175958042641
2850,I can't go back to sleep. My buddy spots will soon be no more,571.2572402843999
2851,I feel like DEATH. My throat hurts.,571.725396191057
2852,"wow, thats really cool. i need to do the opposite of u! i need to gain weight",571.7657258430539
2853,Brain Hurty Squishy Mess,571.794372788214
2854,"Please.. loved the idea of the black soap, but my pump wouldn't work let me know when the new improved version is out!!",571.9969443613018
2855,"OMG! Kelly really responded. Diddy never responds to me,",572.0038452383692
2856,I wish I had been home in time to sleep next to my husband before he went to work for once.,572.5702331336782
2857,Angie is working at the mall today,572.5715420339415
2858,Brittany needs help fixing her BlackBerry!!! Sad day,573.0004931295634
2859,the mikey worm! It's a virus. Some kid hacks into ur acct. I don't know how 2 get rid of it! HELP!!!,573.3088947827938
2860,tweet! I wanna troll stroll,573.5429148655759
2861,Still no keys. Sigh. This is going to cost a lot to replace,573.5684240412206
2862,no emobeans.,574.0957408299315
2863,I miss Angiii I miss talking too her I love you Angiii!,574.2596390549403
2864,"wish i was in florida with everyone, but instead i'm stuck in rainy kc",574.364076444611
2865,So bored. Need something to do on a Friday night.,575.0143940215225
2866,Painfully hungry... Bring my appetizers plz.,575.2883942673113
2867,Not feeling well today Reading fashion mags &amp; drinking tea.,575.4575130039849
2868,"*txt* I'm alright. I'm so sore. It hurts to do anything, even breathe.",575.5716525469821
2869,that's just a scream in a desert. Some bugs that i've pointed out wasn't fixed in last 8 months... I'm just... Kinda disappointed,575.6128702089155
2870,Wish I had a car It's record store day AND Marley Fest!,575.6831731454469
2871,I've had a headache for the last 3 days. I don't want to go to school todayyyy,576.0357766010267
2872,HEY. LOL. BTW U Know How To Upload A Picture? I tried But It Never Shows XO,576.1247075553404
2873,waiting... waiting... waiting... for janis so I can dye her Hair,576.1260901169416
2874,Why do only two of my friends have twitter! on monday ill try to convince my Mates. No more hols then,576.4754477990397
2875,Is at work....boo....and isn't feeling very well....double boo,576.48161987425
2876,No shit man. I *almost* went back when they first got there before they started production. I guess I'll just have to wait.,576.8104953618799
2877,is bored cleaned all day,576.8352514479675
2878,You should set up a video channel for your podcast on Miro. Just checked and you're not listed there.,576.882401254196
2879,Is fed up being on her own..............must be more to life than this shite,576.8997414889974
2880,"Fellow Philip Glass lovers, have you seen this? (+ he's in concert @ Miami U next Wed but I'm speaking somewhere",577.4060453862858
2881,Fraking app store is pissing me off,577.8954636255199
2882,My uncle passed today,577.9244544186313
2883,Writing reports is such a pain in the arse...,577.9332220553376
2884,No way I'm gonna sleep tonight,577.9471213960607
2885,I am officially alone on my Twitter,578.1299359829018
2886,Su yin Huen tweeted I feel unbearable guilt. I made my staff cry,578.2658759333926
2887,university coursework,578.2751937292595
2888,UGH. don't wanna edit anymoreeee So lost.,578.4801495223061
2889,Poor Tippy Let us know if we can do anything for you guys.,578.4969008426932
2890,nick I'd love to blame my oven I may have to blame the fact that I'd had a shed load of wine and was watching Top Gear!,578.792156041907
2891,ahhh i just got a twitter yay but i can't put up a pic it won't let me,579.0048198448031
2892,"with someone I know I hurt you, and that's why I'm sorry",579.1894564437614
2893,fed up of being ill,579.3137189682975
2894,Grrrr.. Its only tuesday...,579.6685767036574
2895,The Indians are looking like the 27 Yankees.,579.7831258117106
2896,i feel really sucky right now,580.2741166847676
2897,"It's good, but buggy like a motherfucker.",580.5628977498111
2898,we're meeting them today. I woke up with an eye that was sealed shut with conjuctivitis!,580.5767681368417
2899,I can seriously never listen to Paparazzi again without getting the chills. That was my jam.,580.6802214026511
2900,zeitgeist is far away,581.0750843587188
2901,I feel like an asolute pile of shit,581.1507283717555
2902,shutting off twitter,581.2494572894966
2903,drinking pepsi as a substitute for the starbucks i couldn't pick up this morning before work... how wack is that? im sad.,581.4493748731754
2904,so today is apparently cuddle up day. and i have no one to cuddle up with.,581.7046363398753
2905,thinking my birthday is going to suck again this year.... so much for my Champagne B-day!,581.7508921447411
2906,Steaks - checkSide dishes - checkPropane - whoops,581.8131845144767
2907,"Yearning to see Jonas Brothers the 3D movie, since its not out yet in sweden! im dying",582.1069764108609
2908,- something came up and i'm going to miss your show on May 2nd in Jersey. It was my birthday present from my girls -,582.3730077734382
2909,my friends and I were JUST talking about how we wanted to see you perform ! and now your leaving NY that sucks,582.4124796937174
2910,Please don't call school off.,583.5245101623836
2911,have installed the much talked about tweetdeck... My hubby does most of the geek stuff in our house so am a little bemused,583.5335610842081
2912,Hang on. Does anyone use fax machines any more???,583.7008073064787
2913,"UPS trackers are really niffty. My phone is in Tyler, TX! Yay... I miss it",583.7472709129448
2914,"Dreading the fact that she's at home, and not still in the Dominican",584.5307897300194
2915,"Apparently, a TWAT (Tweet Squatter) already claimed the name Sketchbot.",584.7167539831362
2916,sunburnt from lying out in the sun all day undeterred from continuing to lie in the sun tomorrow,585.2325320857655
2917,i miss you girl! 2 days and school and then enlace !!! anacecii!,585.28931662204
2918,Guess Whose Back :L Charging My Ipod Coz It Died,585.3106780133763
2919,Representative only with the 'dunno'. Frittenbude was the only other response i got,585.5005351555342
2920,why at the airport if your not going anywhere?,586.0959670488529
2921,"back home. had fun, but not fully de-stressed",586.1717388152019
2922,oh god i am so sorry,586.2149731567507
2923,I'm watching House and I need a hug,586.3302486659902
2924,Bah. I'm going to the pub. I can't resist it any longer. I hate being home alone.,586.4139676413196
2925,student poverty I was down with. It's supposed to be over now,586.6980099277934
2926,I know and VHS won the format war...,586.7919266010941
2927,"I wish people would stop doing stupid things like that! I leave mine on 365, I guess that proves the opposite",586.9986418611494
2928,"True and, lo and behold, it just happened again",586.9993875093601
2929,- The one day i'm not in norwich,587.5329802976623
2930,just realised how gutted she is to return back to London without The End,587.6217745325093
2931,"just couldn't sleep last night. Working 7a-3p, than dinner with Megan. Happy Bday JL!",587.8970081340908
2932,still working,587.9009577911577
2933,"Great, it just started to rain",588.0825771778683
2934,I need my Double Chocolate Chip Frappucino!,588.1965206286578
2935,is seriously wondering what the Australian public were thinking by kicking my baby Kat off of SYTYCD! I miss her already...,588.3693296063374
2936,"i love st. louis, but i miss memphis right now. sometimes i wonder why i decided to move away and leave my best friends",588.5335010928585
2937,havent heard your new cd yet,588.5712516962052
2938,Man...now CollegeHumor has a thing on their site about real life achievements. we should of capitalized when we had the chance.,588.7121805634005
2939,"So much for goin bikin today, it's snowin like crazy",588.8022358164147
2940,trying to do my 1st twitpic but my phone is not cooperating!,589.0056699538889
2941,I'm still so cold and tired.,589.0336036979674
2942,"So tired of being unemployed. Last few jobs were so varied in what they wanted...I had experience in all but 1 area, choose someone else",589.1880196186744
2943,"The big toe is doing just fine... jeans are in the trash... Wait, an excuse to go shopping today!",589.2182435183445
2944,"At work, and actually working close with Ugam (India) or the moment. Bad news is they are about tolay off 30 people here",589.493950748563
2945,"Eating one of the kids' Easter Eggs Oh dear, I have no will power ......",589.7446113101716
2946,Another night without mum &amp; daday at home. and I'm feeling lonely,589.9520594151052
2947,is taking a break from reading BIO!,590.3238090931276
2948,Arse! And I mean that from the heart of my bottom,590.641401551719
2949,i havent eat for almost a day,590.6492644108964
2950,"agreeeed. i would love to twistori, but honestly, i'm not quite sure how to..",590.7920469591317
2951,"Stressing, everytime speedy tries to make it right he makes it worst",590.846387365773
2952,Too early,591.0043514622593
2953,"i wont b able to do anything for contest today/night. Tu bzy, in car ryt nw 2.",591.1705414223054
2954,no eyeliner. i feel naked. leaving the flat now to get to the shops for my mum. and i might text my boyfriend. i miss him,591.1793243972966
2955,"ugh, that's disconcerting",591.2040998255928
2956,Mum says I'm WRONG its www.pikipimp.com - cold autumn paws here - sorry #pussycatisland,591.2227550616108
2957,haha oh well....grrr connor...,591.4941191571509
2958,please don't leave. stay for grant's bday,591.8801375479045
2959,long day ahead...weening off caffeine,592.0791916012179
2960,"dragging @ work hearing tons of sirens going off also check out 's KRZY rants, omg, wtf !!",592.1170556720159
2961,Trying to complete my assignments for Monday,592.3642111323151
2962,your mean,592.5688650433016
2963,Seems like twitter is glitching again... Last two tweets have been stuck @ the top... *crawls back under social networking rock*,592.6589636675428
2964,Feeling CRaptastic today And its so pretty outside.,592.690720249535
2965,shit... that's horrible! poor kid...,592.7673419076918
2966,Wales Has Not Got Talent Sadly,592.8212613353909
2967,School... but at least theres only 2 more days till break!,592.9111226303074
2968,Why do we have to gv xams! isn't knowing just enough!..........generations of oppressed students must have felt the same way as I do...,592.9241197274814
2969,the &quot;hopeful&quot; music video is not ready ... going crazy on how i want to do it ...,593.2514531184971
2970,Bored I think i may watch the dark knight.,593.4395324076028
2971,oh man that sucks! I'm hoping to go to school HAPPY tomorrow or else it won't be good ahhh,593.6696757699855
2972,I STILL don't understand how to setup subversion for a website,593.8763241334852
2973,Working til 5 on very little sleep,594.4066576330761
2974,lucky!!! I went to a funeral than staired at the wall all day my phns my only entertainment,594.5060485645042
2975,yeaahh havn't you seen the promo on sony?,594.5475526837699
2976,"I bought an iPhone 3g off eBay like 2weeks ago, still hasn't come",594.9105695375978
2977,IS PHONELESS ...NOW OFF TOO SLEEP,595.1312126282913
2978,apparently not living in Tridelt next year.,595.1397611713174
2979,"No maga, have some work at BSNL head office",595.1412370796378
2980,..im barely hanging on ALMOST OVER! then we can playyyyy,595.4673017743671
2981,"yeah, i know, i am! duh. thats so upsetting",595.5326829992144
2982,What is it about him? I know I shouldn't but I find him strangely attractive.,595.5509560311068
2983,"One of the hardest thing with this schedule, no one I can chat with at the end of my day usually",595.8592060535133
2984,Someone needs to give this baby a home!!! I would but it's a bit too soon,595.961857692004
2985,I wish I lived in England so I could watch the Doctor Who Easter Special on 4/11! There's only four more David Tennant episodes left!,596.6269064556293
2986,no facetime for u either huh?,596.7096440471764
2987,like ohhh crap. 13 more days of high school. i miss you losers already &lt;3. i so do NOT wanna move,596.7805928874673
2988,"Ugh...going to school, bye bye",596.9590302754114
2989,Kitty came back. With a mouse...,597.1491759022115
2990,My Saturday appears to be vanishing quickly,597.3585009412691
2991,"Haha, well i have lived in texas the past 12 years, i think that explains itself. Lol. Si habla espaool.",597.5676130074008
2992,Damn... I don't have any chalk! MY CHALKBOARD IS USELESS,597.7440133828816
2993,Omar gave me a goodbye card 2day in work and wrote some beautiful things in it. I just read it aloud to my mum and started crying. x,597.7489387371052
2994,my baby just went home,597.8268612933653
2995,Jacked up morning already. I'm in the emergency room.,597.8593515332685
2996,And how hard do Volvo make it to check spark plug gaps? I have a degree in engineering and it is still daunting for me.,597.9079731943314
2997,woke up a year older,598.0076596735141
2998,"IPL schedule for SA now online , but none of Joburg matches are bookable yet #cricket -1Ynyy",598.0643729414832
2999,"Holy crap, it's 9:45am and 66 degrees already. w00t! (Apologies to Tiff who is buried under snow right now. )",598.2784052848107
3000,Beeen Awake for awile.. Sick,598.5558289954533
3001,have fun tonight. I wish i could gooooo,598.5703551815445
3002,My octopus exploded in the Microave,598.5880402157864
3003,Not very happy because my laptop decided to delete all my music,598.6853521220011
3004,in the campus pc lab because i don't have photoshop.,599.0070507161247
3005,Sorry for the next tweet...,599.3783431049635
3006,i ate so many cookies that I think I'm hallucinating...,599.5829146035747
3007,"sorry, i tried messaging you awake",599.6471605248965
3008,soon! i can't believe im moving to NYC before california! life is so backwards sometimes. i miss you &amp;want to see you soon!,600.2558502942536
3009,"Is finally home. Glory! Next on the Sat. list - nap, clean room, then last paper of the semester! But I still don't want to do it",601.035905510656
3010,New lost ep is awesome. Don't wanna stop watching and get back to work,601.0517169095792
3011,"i was getting like 10 followers a day on old username, now its 1 a day if im lucky I cant find anyone with my interests &gt;.&lt;",601.1686642278372
3012,"Maybe one of these years I'll get a tax return. A girl can dream, right?",601.3208903340595
3013,"spa spa spa, shop shop shop.... I want my old lifestyle back",601.9618458465204
3014,oh i'm really sorry to hear that,602.2884355462489
3015,"Arghï¿½ Fantasy Surfer Carnageï¿½ Dane, Marlon &amp; Nat C all out! #fantasysurfer",602.3797082409195
3016,"im lonely keep me company! 22 female, new york",602.4556711684561
3017,i is - but i'm leaving at 10 to go to new staff orientation bleh. when you be back?,602.6017109240253
3018,Will Prop 8 make California the next Mississippi,603.0593847785905
3019,please! I need someone to go to IT with me.,603.1051535532183
3020,"Super hungover today hmm a few glasses of Pinot lead 2 a couple shots of Stoli and so on, and so forth! Wine is like my gateway drug!",603.7495878015022
3021,APRIL 9TH ISN'T COMING SOON ENOUGH,603.9248017530898
3022,I don't understand... I really don't,604.2802215789553
3023,telfer etc etc. fucking bunch of wangs.,604.6582754117379
3024,i...wish,604.8853757098213
3025,Ecg and doctor appointment this morning. 9 hours of sleep is not enough when you're sick!,604.9324466634785
3026,"A new twitter name without telling me? Boo. By the way, I think Oberon is dead Haven't seen him for ages...",605.5171774897839
3027,"Oh look at all the snow outside, please go away! &amp; My eyes are about to close I am so tired",605.5689756079996
3028,not going to makke it to boling today got no money!,606.0729642299866
3029,Amen to that,606.1806947113519
3030,chillin with my 1 year old bff Juanita for the day. She's becoming acquainted with the West-Indian &quot;eye&quot; lol. tiredddd as hell,606.263746320733
3031,ugh i have to go to work.,607.1638640653246
3032,Of course I'm excited too! Pictures! You know me! LOL John has to work though so it's a bummer....,607.2767249846816
3033,Love it . Didnt Like Cying you Cry x,607.3047355380952
3034,needs a hug,607.6344363963077
3035,so i signed onto Curly Tail's twitter site and i have NO IDEA how to get it to work on my blackberry - i feel like my mom drea,607.6488149250216
3036,it was supposed to be warm today. now its raining,607.7557129446192
3037,I'm so worried about it!! No Robert Englund...how can it be any good?? I loved that movie,607.7784161584914
3038,Laying in bed and contemplating the meaning of life with a half empty glass that is leaking on the bottom.,608.3029802493188
3039,i had a extravagant yet time conserving plan lined up for today.......which ive now forgotten,608.3431853378611
3040,writing my bachlorthesis =&gt; developing a bachlor crisis,608.5557746886824
3041,Up having my Brazilian Starbucks blend...Missouri is still too far away.,608.5681527235297
3042,well frankmusik is on the uk store but we can't buy it from there...,608.6519558218353
3043,Hahahah I think a church choir just walked by... I need company,608.7168367708255
3044,"here for a pesticide trng, region said it would b less expensive to have it here than in SF. Would rather b in SF tho.",608.8904148974704
3045,oh no! How embarassing in.,609.079794897629
3046,I can't sleep either,609.3248302986206
3047,I know right. I dunno what is going on with twitter.,609.3387239623414
3048,"being sick really sucks! Especailly since this is like the 4th time this winter...(ok its spring, but you'd never know!)",609.6248334612928
3049,My guess would be &quot;no&quot;,609.6586562523568
3050,hm. sorry for never replying to you.,609.8926318555586
3051,I'll be there soon enough,610.2950354853008
3052,about to go to a pary i dont wanna go to.,610.7350628288028
3053,bye every one im going to stop being a 3tfan i cant do this any more im a fan only becouse i want to date taryll and he dosent want me .,610.9154946652181
3054,i KNOW!,611.0752070946672
3055,"is one again, locked up in my bedroom, i'm really sick of spending all my time in here, i just want friends yo.",611.2747890402703
3056,my phone and fb are going crazy with all the b'day wishes.. Can't believe I'm a year older...,611.4380409525268
3057,why can't even women close doors without slamming them? jeeeezzz,611.4952040280249
3058,"Oh! And my friend, Carole Shelley, is IN &quot;Billy Elliot&quot;. She = sweet in RL. The play kept her from coming to the wedding.",611.5002392641845
3059,"Bloody iPhone, it will go on net, get emails and send texts but it refuses to make/receive calls. Hows that? :s",611.5123633587452
3060,equinux.com just crashed safari tks you!,611.7565797629734
3061,being sick again!!!!,611.9263725839529
3062,Daaamn it!!! Mikeyy! is back on Twitter,612.5719234728244
3063,Just about to leave for another exciting day at work,612.5973195491663
3064,"persons who read my twitter can't catch up for another week. Can't talk about it here. But yeah, saaaaad.",614.4104496872476
3065,"I did the PET course last time I was in SF. OK on theory (which I knew), not so good on tools (what I was after)",614.8827068034809
3066,@ work...feeling super sick!,615.034140970716
3067,Did you know that I havn't played my 360 in over a week I just can't seem to find the time just now,615.0806477797003
3068,"ah, likewise; had the pleasure of having a packet of stuffed vine leaves explode all over me though",615.2684776882618
3069,I'm sooo sad!!! they killed off Kutner on House whyyyyyyyy,615.4860789014333
3070,trying to pick out a profile pic with the help of but whenever i like one he says it's bad. 12 yr olds are stupid,615.5552340992484
3071,- Ok why am I on the east coast missing all this skin,615.5786474551455
3072,"This will have to do, I lost the password to the version without the _",615.7477047701605
3073,"I know. I lived in it in Mexico, applied it constantly, and still burned.",615.9357859564743
3074,I liked the idea behind it but yeah it wasn't well done but think that about most horror movies,615.9427298519633
3075,"i know same, but i want to be able to sing more than anything. it'll never happen with the crap aka vocal chords in my throat",616.0076281180163
3076,Spring time is over,616.2508796529868
3077,I'd love to come shop with you. Sadly I am in MN at a stupid dance competition for my friend though. MOA in MN? yes?,616.4822916699519
3078,I'm looking for cancer treatments and for lymphoedema treatments.,616.5338645573966
3079,watching Family Matters... Steve always says the saddest things...,618.0570857072364
3080,I miss my buddy ill be in NY on the 25th,618.0875257175342
3081,i think the chem and applic tests tomorrow are going to rape me,618.3738553720486
3082,Work work work! no play today,618.5918596248648
3083,Waiting for Ryan to get here. My phone doesn't work,618.631416705438
3084,"Wanted to get out for a sunrise shoot, but I couldn't get to sleep last night, so I axed it.",618.9550056886486
3085,"Got 14 hours of sleep! On the other hand, I had another bad driving dream.",619.1454954030045
3086,New Post!,619.1898860911779
3087,so many insecurities and stress - just because im moving to a new room,619.2267722089284
3088,"Thank you!! I spent ages on Thursday tidying up, then along came everyone and it looked like a right tip again",619.3697255514555
3089,"Had stress relieved, now it has returned",619.6202764044183
3090,takes Finnie to the vet later today; he's lost weight and she' worried,619.8185075064662
3091,woo back to uni 2morro! ahh exams,619.8648209162363
3092,heading to the doctor woke up late so hoping my xanax still has time to kick in before we get there.,620.0502924611578
3093,See u later - time to move and do work! Don't have smart phone to carry around with me and send tweets on the run,620.1856145593264
3094,aww I'm sorry,620.3759828527536
3095,i think im getting a cold oh noooooo. im finally hanging out with becca todayy too! I havent seen her in months!! and im visiting nickell,620.877941857312
3096,finished ma pasta gotta get on and do my homework now..grrr,621.5639362514884
3097,I just realized that I'm going to miss &quot;The Lawrence Welk Show&quot; because I'm not working sports tonight!,621.688943294836
3098,not off the side of the bridge I hope?,621.9779165394974
3099,There are no cats in Boston. None.,621.9828346909828
3100,There's a pretty sweet flea market goin' on down the street in some parking lot. Just started for the Spring/Summer. I wish I had money.,622.6255972102747
3101,cant get full screen though,622.6906389606793
3102,Got to finish this work... Exam stuff...,623.0600877909975
3103,gotta calm the weekends down monday blues carrying on into tuesday,623.252845835073
3104,"yay, I can txt to twitter but can't receive to my cell bcos im in New Zealand",623.3403579789283
3105,is with the flu...,623.5825139874369
3106,MMMM.... dyslexic fingers agian,623.9841189634624
3107,thinking the shorts and flip flops may have been a bad idea,624.2422483263852
3108,Time for work. Have fun sleeping,624.2485361620651
3109,text me back then. don't be made at me stink please,624.3451381001393
3110,"You cant just pull out troops like that, troops protect civilians (Women and children) from Militia its a slow process",624.3516273994568
3111,"Wow, I'm glad I don't live in Italy right now. Death toll's up to 207.",624.5054067081477
3112,is feeling better but still not back to herself... also pretty sad that Adrian is going out of town again tomorrow... stupid job,624.5849607716711
3113,"Having trouble finding one. Sark never even got A HUG or anything sappy. He said Lauren loved him, but we never heard it",624.6835331294253
3114,"Sadly not Wet, grey and really quite yuck again. Any better over there?",624.684275859394
3115,So sad. I just learned there is no episode of Dollhouse this week.,624.8898839535367
3116,no jonas adventures now im actually in this competition in my school if u win u get 2grand so i can go to a JB concert!,625.5943358606944
3117,Twitter is really playing up! Braces...brings back memories of bad gagging reflex,625.6043031017327
3118,Ako sa lahko a lacno dostat ku knihe Normana Fairclougha Analysing Discourse?,625.8016771814509
3119,has missed breakfast and is bummed out,625.8831676685894
3120,Heading out from the Mariners game. Sitting in traffic,626.0580266910302
3121,The worst part about this is I left the cutest earrings at their house &amp; now I'll never get them back,626.1246569862784
3122,It was pretty gross,626.1781391256245
3123,Time to sell my first motorcycle Pass this on to friends #fb,626.6524445928123
3124,You guys should do your acostic performance at 5! I have a championship meet tomorrow that won't end til then. -Cami,627.2487234297644
3125,Those genius' at Homebase have made their laminate flooring half a mm thinner than it used to be so it won't line up with the old stuff,627.4683438711755
3126,Yea she did! :O ya im broke aswell ugh back to reality on monday let the boredom continue,627.5485087004772
3127,I tried.....and failed,627.6264601711595
3128,Working out my relationship issues with Kaze. It doesn't seem very promising yet.,627.7486649358863
3129,Awe it always sucks when you cant sleep in your own bed Hope your dad gets better he is in my prayers .,627.757023523169
3130,"Urgh, it was just the video, and they cut the Robots part!!!",627.8434329321766
3131,Everyone's gone,627.8689791802923
3132,I work all week and I'm fine. Saturday I wake up... I'm so sick WTF,627.8801945932416
3133,my back is in bits,628.134724729097
3134,Yet another day -- working thru a weekend sucks,628.3163673785074
3135,Our dog is not feeling well and is moping. I always feel so helpless when that happens. Even Baby Tylenol didn't help this time.,628.3921262327084
3136,"see thats why I never go to bed early, cause if u sleep u miss things!! I slept I missed Joe!!!!!!!! Unhappy And!!",628.6184368809821
3137,VOC Emission Controls.. Can't wait for ffffffffffffFffffffffffffriday.,628.6611597530192
3138,"#flylady ok, just glanced in lr, boys in there, I think they are part hurricane!! I need to let them have some time b4 cleaning",628.7469183120761
3139,Rob Thomas &amp; Prince best male!! Female.. Don't really have a fav,629.1073070999369
3140,"#asot400 he said video should be up... but it is not. Lovin' the audio, tho!",629.6523077486336
3141,i want my money from kevo to hurry up,629.7411946342772
3142,hope it goes away soon,629.8601428466104
3143,"Yes, seems to have been much worse than normal over past few months",629.9786087633332
3144,and i wasn't happy then either. i just don't like him. stop teasing me...i'm still in mourning over my Stars! heehee,630.5353472038437
3145,OK...NEVER start painting a wall and NOT put on shoes you dont care about.,630.5597174777303
3146,Vacuuming your apartment with a dust buster is not fun.,630.6857873399115
3147,Uh oh! She's complaining of a headache again....this is no good.....,630.838184958482
3148,I don't know *::realizes that boycotting a computer would be stupid::* SHUT UP!!,630.9260130364595
3149,i would do anything for it to be ridiculously hot right now,631.3581795423031
3150,Didn't sleep too bad considering I have a workshop starting today. Beginnings of a sore throat though,631.4290743512403
3151,Oh noooooo.....That is horrible. Pets are our babies - our family members. It's never easy. I'm thinking of u - be strong.,631.9947837757443
3152,its the holidays and i still bloody insist on waking up at school times,632.4674160762954
3153,that dancing with the stars sound fun but i live in the UPPER MICHIGAN and i wish i could go.,632.5418511276885
3154,"&lt;- likes to go out on this beautiful sunny day, and drive his cbr but got work to do",632.6676216754861
3155,Nothing happening D is MIA,632.6820706642294
3156,is going to bed.,632.739265043558
3157,Greaaat my lappy won't turn on wtffffff,632.7859904179842
3158,EYES ARE HEAVY need to take rest the doll is breaking down,632.8165758299193
3159,desperate times call for desperate measures. record high of car break-ins in #btv. i was one of them,632.8504415790533
3160,didn't beat the rain to downtown,633.0268923217808
3161,really hope it goes aright,633.0445845410038
3162,I don't understand why things get taken away. I didn't have enough time with him its unfair. I want him back!! He was like my baby,633.1108121548741
3163,Going to have a lovely day at court pleaseee go easy on me judge! I'm just a sacred little gay boy,633.6252894736069
3164,says ayaw magload ng Pet Society haymsad stupid office computer,633.9604039076743
3165,oh! i'm so sorry i didn't think about that before retweeting.,634.170332949127
3166,Is stuck in history,634.3293661830335
3167,"if your BEST friend in the WHOLE WORLD died in a sudden car crash, what would you say to her parents? that just happened 2me",634.4168584475516
3168,"Today was a less interesting day on Twitter. , , and were all kind of quiet today",634.5173623933103
3169,I'm broke,634.5993229181418
3170,"aw, i hope you're okay! maybe take it easy and do treadmill or low options? or just go for a walk.",634.6191947541978
3171,there is a gaslight anthem 10&quot; but i cant afford anything right now spent my last dollars on resin to make toys,634.6890213006257
3172,man...my allergies got me again! can somebody please rub my head??,634.727094393208
3173,"Aww poor froofroo, this is way too late for you",635.3489198328307
3174,Sorry about that,635.6001870107026
3175,"d'oh! At least you're getting a decent exchange rate at the moment, sterling is still getting flogged",635.6185985247847
3176,Extremely jealous...,635.6603359396582
3177,Heading back home on Thursday evening after work I'm afraid.,635.7024591732613
3178,anyone else having problems accessing TTB??? I cant get on!!!,635.9225006853297
3179,"*sigh* And yet again, my hair is ruined",635.9650072220519
3180,Cheesey Ads,636.7861959137717
3181,"incredibly, immensely indecisive",637.0524718426113
3182,Has just realised he works with a bunch of racists.,637.162365773985
3183,"Is off to bed, long day of work ahead BOO night night x.",637.1723954489863
3184,I wish i did tooo. my sister went! and brought me home a cup hahaha.,637.2976375347295
3185,Gearing up for a long workday...I strongly dislike people who arrive late to get their kids!!!!!!!,637.4766193399938
3186,ear infections blow,637.5024638952906
3187,how is she doing on it?i havnt spoken to her in ages,637.5258820969303
3188,"i hate having to go to specific stores to buy booze, especially because they're few and far between with shitty hours.",637.7059770622304
3189,Yea I just call it STRESS.,637.9361944325085
3190,Didn't get a chance to buy yarn today Maybe tomorrow. Long day at work.,637.9954274270543
3191,ouch I can just imagine a toothpic in the eye or something,638.1324218290658
3192,As if you won't tell me,638.3771561543632
3193,"working on saturday,",638.5059271537312
3194,I almost got killed by a softball. great. someone take me home.,638.5935184468085
3195,is wishing he loved me,638.665475640577
3196,"HAHAHA according to him when he was in Ellen recently, he doesn't have a facebook or a twitter Yes let's!",638.8513762478931
3197,Yawn woke up. Time for another day of ignoring my &quot;friends&quot;. Goody.,638.9134870273215
3198,Yikes! Now i have no clues what to do!,639.1227413854757
3199,"oh wow, a little chubster. You cant invite ppl to play uno on facebook at the moment",639.3233434228362
3200,*Hugs* I was at the park on 2 metal bars and I slipped and hit my rib cage.,639.6157048360153
3201,Get's worse if you live temporarily in the US and have European issued Visa card. Can't buy ANYTHING online then. Been there,639.6350773249968
3202,My word processor doesnt work. So I have to type this crap in a stupid email.,639.6782391205887
3203,is thinking he's going to have to reinstall WoW as it simply refuses to update to 3.1.0 irritating times It'll take forever,639.8077458752424
3204,No free day for you?!,639.8966019877377
3205,I hate when that happens...,640.3661483479901
3206,today sucked. I'm gonna die without chris and callum! wahhh!,640.7976811882285
3207,"aaw, aren't they great? We have two silly cats and our little pooch, Daphne, who is smaller than both cats. The cats are huge",641.1020475726905
3208,why isn't BumpTop out for Mac yet?,641.2552031914371
3209,how sad! i hope u feel better!,641.2713670425868
3210,...out that bugs me. They surely could of let us know sooner,641.7988309021703
3211,"after battling in 3 extra innings, the A's lose",641.8451841501684
3212,was painting the bench white.. but then it started raining now i have to start all over agaiin,641.950779602194
3213,"Bored, watching the hockey game. BUS251 final at 8:30 tomorrow.",642.5911776269942
3214,still trying to learn gmaps and flex and php and mysql. how will i be able to write to database?,642.7227749654862
3215,Someone in ROMANIA didn't like Mystic Myre,642.7722690297965
3216,Hungry - and all I've got is a bag of crisps Looking forward to dinner tonight.,642.9188051881983
3217,"Fourth day of holidays, im sooo bored!!!",643.0737281556217
3218,Doubt anyones even reading these. Lol. I have no followers!,643.138643561982
3219,MY FAST REMAINS UN BROKEN,643.1805869928611
3220,At work.....and its snowing,643.5046544545911
3221,can't wait for bring me the horizonnn. too bad Curtis Ward is not in the band anymore,643.9459314062979
3222,wont get any rudd money for those in doubt... ?CONTEXT=&amp;KBS=ESB.xr4&amp;go=ok,644.1089830813722
3223,mines too... I'm finding it well hard to get fit...,644.1462317218487
3224,sorry to hear that babes,644.2782106681137
3225,Feet hurt from standing on concrete for the last 8 hours.,644.307761683644
3226,"Please talk to Sprint &amp; ensure a Million+ SERO Plan Folks don't get screwed out of the PRE! We did on the Instinct, Bad idea",645.1562790932053
3227,Is fucked to go back to IC,645.6452421664486
3228,I am sooo tired and soooo guilty,645.8418533752266
3229,Had a great 21st birthday but is sick as with the flu,645.9255355500039
3230,Foot is out of commission ouch! Running this morning did not help...not smart.,645.9860179255911
3231,What's wrong? why do you need an inhaler? I didn't even know you were sick Hope you start feeling better,645.987942155306
3232,Off to work I don't think its gonna be a good night,646.2097194576955
3233,PLEASE TELL ME THAT'S SOMEWHERE CLOSE TO CALIFORNIA!!! LOL!,646.4459846731174
3234,Ugh back to work,646.6983540664888
3235,Just saw a rabbit hopping through Central Square. Felt bad for it.,646.876931714993
3236,"UFC 97 is gonna to be spectacular! Wish I could be in Montreal right now... ugh, stupid exams... WAR Silva!! WAR Shogun!!",647.5979210486953
3237,wish I could come,647.9487555829543
3238,what a shame! you can't type persian &amp; read persian tweets with tweetdeck So bad cos it's a good app,648.0821468239985
3239,I feel so sorry for the women that lost her husband to those disgusting thugs! Hearing her story made me cry,648.2052466892649
3240,North carolina baby!! Aint nothin stopping them but the nba draft,648.7764723867291
3241,yeah! and did i leave my charger at ur house? if not i left it at graces? and i cant come until 5,648.8066213099107
3242,now day 2 i hope yours goes away asap!,649.1350424175397
3243,can I get download version of the Dvorak Interlude... since streaming is banned at work...,649.18567589329
3244,em th?y dï¿½ng b?n ï¿½ s??ng nh?ng mï¿½ b?n ï¿½ ko h? tr? wifi Vn l?i ch?a cï¿½ 3G nï¿½n c?m giï¿½c h?i thi?u th?n,649.619118778303
3245,on my way to becky's wedding... byebye sister,649.67862142408
3246,Twitter hates us both then.,649.8885742054694
3247,"&quot;Blip.fm is undergoing maintenance.&quot; sorry, no music tweets for now. I'm shaking already",650.3390197167954
3248,"Feeling a little better, but sound a whole lot worse. I wonder what this is? Is there a doctor in the audience?!",650.4105606735062
3249,"aww, thank you so much! i want to see it too",650.8190819991781
3250,your blog won't let me comment again!,650.8274026156381
3251,"Naah im juss playin .. aha i just cant put one person on there becus thas unfair to everybody else , then ppl gonna hate me",650.9910676441181
3252,GAAAH Now I have Monty streaming in my head. I thought I had kicked the habit,651.0422054065446
3253,huhuhuhu i wish i was with you guys... having chickfila... boo school ruins EVERYTHING!!!!!,651.4444478121469
3254,my boyfriend has decided to depress me by putting in Paradise Lost.,651.658549099508
3255,is going to miss my dentist who is retiring ......because I'm a dentist wimp? No..because he let me run a tab LOL,651.778168420081
3256,My brain hurts. Talking about digitisation is very complicated,652.1410057913247
3257,"i hate being awake! going to school, western civ presentation andn a really awesome lunch.",652.4949722551931
3258,Stopped at the grocery store before work and picked up some salad. Wings won last night. So sad about MSU,652.5188709409147
3259,connection not good too much intruption #ASOT400,652.5708271811751
3260,17 Again was pretty darn good. Now its time for work,653.245323573099
3261,is incapable of getting anything done,653.5487557765055
3262,it'd be great if some opensource luminary would record 'talk' files for #rockbox the daleky voice is unimpressive,653.9195334044917
3263,I forgot my phone at home,654.3563528260338
3264,"can you not find a list of songs by each band on blipfm, or do you have to search for each song title individually?",654.3813794927972
3265,Yess the sun is finally out ! NOO i gotta go to work,654.6704014548986
3266,*hugs Aubs* sorry,654.7104677558602
3267,Wish i could watch! Im out of town and only mobile *_*,654.9784597045923
3268,- Its a baby duck... Cute until they diddle in you hand,655.0213041465688
3269,y isnt it as sunny as yesterday,655.2204528415015
3270,"oh, with only 45-minute presentations, there isn't much time for presentation and questions #tltsym09",655.2500662946026
3271,oh no!! i missed an blog tv show bummer,655.3629468336246
3272,you have more then one,655.5655202622235
3273,AND I JUSS MADE A VIDEO BUT I GATTA DO IT OVER. THE AUDIO WUZ OWNED LOL,656.2813333360228
3274,"Stayed home from school, little sick",656.3156326446441
3275,"I just can't spell today, i totally suck",656.3272102562563
3276,Here we go again. Same old same old.,656.9055182113997
3277,holy crud... i just did it again... made it back up to #16... that's it... it's a sign... i'm not supposed to be doing this silly game,656.9744571517073
3278,Maybe it's all the pollen in Raleigh rt now.I've been waking up w/a headache evry day 4 a wk. Exced. Migraine not helping!,657.6074919640262
3279,Me too,657.9180176366422
3280,Talked to &amp; &amp; now i wish i could be there with them at Sixx nightclub instead i'm stuck working.,658.2921900356154
3281,"I still don't understand Can you get me up to date, please?",658.3765495921981
3282,...or frequantly? Spell check has ruined me.,658.6253504192225
3283,I'm sick and taking a nap,658.8960098391788
3284,In College doing nothing!,659.1974179048275
3285,I can't use the upload managers on any of the upload sites. They all do that to my files,659.5245544732926
3286,is not having a good day today.,659.5612718354345
3287,I'm pretty sure I have strep throat I can't eat or drink. I need some TLC,659.78640777063
3288,whitout friends,659.907013153511
3289,thanks you!! how ya been? i forgot to do one this friday,660.2272418412645
3290,"for now, i just want to spend some sweet quality time with danny. even if it is through internet/phone only.",660.4530129737002
3291,bored. sam cant come over,660.9170116374986
3292,"yes, I hope these shocks are going to stop soon - I think I'm getting angry with Earth itself",661.0751353080739
3293,nahhhh...tell me y JJ Fad &quot;Supersonic&quot; came on this morning and I got sad,661.0806822385883
3294,Steam is rejecting mah money,661.2540479441012
3295,yay no work todayyy but working for the rest of the week lol,661.3587655263851
3296,i have no money left oh well i don't anything really!! I can wait for 2 weeks unitl i get paied again.,661.3602929004759
3297,I don't like goodnights,661.523928269716
3298,thanks have been looking for some info on John Lackey....not the information I wanted to hear though,661.5728485626024
3299,feels sick and has to go to work,661.6108594026566
3300,i just almost made the biggest booboo of my life.,662.2897687586672
3301,reeeeeeeeeealy wants some Mickey D's dollar menu cheeseburger. I'm huuuuuuuuunnnnnngggggrrrrryyyyy,662.3317356154654
3302,Why ya'll didn't tell me the Rockets play tomorrow and not tonight...man I was ready to watch the game,662.7104407406533
3303,Depressed. Our new app's Alpha 0.0.10 is now even more complex than our last app's version 9.5. I long for those small dev teams days.,662.873243508176
3304,you are enjoying this far far too much!,663.0481005192065
3305,might be getting banned from twitter,663.321288608549
3306,it's summer in the Philipines and I have tons of work...no summer for me this 2009,663.4273155093263
3307,Im up... I slept an hour last night... Death....,663.4332078168652
3308,ughhhh. i'm getting sicker. but i'm still going to prom. if only i could convince my parents to let me stay in a hotel with my friends,664.2320981111773
3309,Finaly the test is over......... math test is very very very very very very hard,664.5346077060352
3310,yeaah I hate that!,664.5944540029665
3311,Sorry sweetie. How did your contest deal turn out?,664.6809153365886
3312,lol gladly! i made a lot! but I can't bring it to school,664.9840906908579
3313,I was just thinking that today - how deprssing it all is! Makes us appreciate life more.,665.1560580308675
3314,Unfortunately they've not managed to find a stable method of bottling up luck yet.,665.3905871832644
3315,"can only fit 4 people max and its full otherwise, you know, it would be yours .. sowwi!",665.4096447333864
3316,"Well, that sucked.",665.4851374338732
3317,Fuck you Channel 7 and iQ for the damn show running over time and me not getting to see the reunions,665.9946890660964
3318,"Just got to work..... here til 4:30... still no internet @ home will get it up ASAP, tho!",666.0278570940065
3319,"thanks.. a bit better now, but still..",666.0308312485085
3320,Didnt goto town in the end. Tidying flat instead. Am on an 18 month contract which started last month,666.5434678130891
3321,class then work,666.6127661816159
3322,56 min till home time and counting! I have a craving to visit the MAC store but they will have closed by the time I get there,666.8900841942082
3323,poor mel. Feeling your pain.,666.962954110659
3324,Morning all. Gave the cat his tablet this morning... What a mission that is! He knows what we're up to now and prepares for battle,667.5400615695426
3325,i'm being selfish for sleep i think.,667.8324927567281
3326,its so nice out and I'm chained to my school books.,667.8544651084072
3327,"Aw. She's, what, 7 now? 8?",668.3547800603671
3328,surely is.... this is the first time I have tried to do this,668.7421628108774
3329,thinks should stop sending him work to do,668.8353006009776
3330,hoping my new kitten is well - as she isn't eating or drinking - hopefully just stress of a new place,668.8568480188322
3331,"love him, he never answers me back though mind u all i say is hi",668.9303085047554
3332,I just got denied ~sexual contact for a Disney movie with The Rock in it. I am none too pleased with this.,669.9895432648289
3333,aaaww..it would have given me an excuse to shop,670.238651995304
3334,caydence hates me.,670.2757914197001
3335,looks like baby is going to be born in PI,670.2987230100485
3336,Sleepin. halo tonight before you leave,670.332498113126
3337,you know i'm broke! how high maintenance would i be to spend my non-money on nails i'm sure yr sick of the same excuse but BROKe,670.5195232619029
3338,"damn it, Craig can;t make it",670.5892554708315
3339,- My dog was attacked by another dog. Had surgery to reattach muscles,670.6172956199034
3340,"awwwwww, i love this photo, is so cute, look at him teeth HAHAHA little poynter is grow now baby",670.6881962381933
3341,"Yes, &amp; you aren't the first person to think so. Adds credence to the fact that our virtual selves *are* extensions of us.",670.8256243393555
3342,hahaha im sorry i didnt mean to. and you're supposed to film the day of silly! thats cheating doing it the day before!,671.3748298978163
3343,LOL...u know it's true!! so how's the preparation for tonight coming along?? I'm still bummed I can't make it!! LOL,671.4389474576831
3344,ARGH! GEESE ATTACK!!!,671.5296736811814
3345,I will. Our Denver event had to be postponed to next week due to storm,671.6182981126922
3346,Just seen 'Little Big Planet' for ï¿½11.99 I just spent ï¿½38.99 in it.,671.6520791109815
3347,lol i know,672.1407400220119
3348,Why is the net so slow today. So many sites are not opening,672.1445552633983
3349,"come on man, don't jinx the Pirates",672.4972029637505
3350,"They have a 2nd show right after, so I don't think we'll be able to Unless we hang around Detroit for two more hours!",672.5491538996774
3351,"HAHAHA not rajin lah. Just REALLY STRESSED, can't go for parties, competitions and REALLY NICE SHOWS!! mom FORCING me.",672.7959147006162
3352,very tired today! struggling to muster up energy!,672.8440634102463
3353,I want new shoes...,673.0167315563032
3354,Is taking jamie to the airport,673.1361314482002
3355,Jack can't wait until he gets hom from the Vet. My leg hurts,673.5221784978777
3356,Finally going to the Social Security Offices. -__- Text me! I heard theres always a long line.,674.0997629614163
3357,Yikes! Hope it's not too serious.,674.1820243002413
3358,What's the best tool for sharing pictures on Twitter? I noticed that created dznr.org but I'm not invited to that party,674.2174808700461
3359,just what am I supposed to think?,674.2437490131131
3360,Call me if you feel like talking,674.7106424609788
3361,"Suppose i better do another post, i been slack latley",674.7852002165216
3362,"Yeh totally dig FireBug but enuff is enuff, gonna start using Safari4/Charles + ditch FF and see how debugging goes, too many FF crashes",675.5781504464528
3363,"Uhhhhh, Spring arrived a week or two ago, and then left. Heh.",676.4327211346351
3364,"picked up my new glasses yesterday, and when i woke up this morning i thought they got my prescription horribly wrong! it's snowing",676.4357856862565
3365,I'm at the vet with my chandra. Bless her heart her tummy is bloated.,676.537593513463
3366,"Just been playing with the new Mobbler v0.4.0 and it adds some great new features, but won't play music on my E71, like v0.3.5 did",677.1229499708535
3367,Fuck. My capo is gone.,677.518285442485
3368,"oops havnt been on 4 a while... so much school work, hardly any time 4 myself!!",677.5479334526352
3369,"Stephen just left, i miss him sooo much....",677.5904123532436
3370,poor socks luvvvvv the golden retriever!! I want one sighhhh,677.592830520466
3371,wishing I was in SkegeeLanta * R. SIMONE *,677.6799075041913
3372,agghhh phillies its because I didn't have my lucky towel!,677.6970476891162
3373,I'm still stiff and ready to rip my spine out. Ow! But it might feel better,677.7762861156198
3374,I want a hair wrap. Someone do one for me pleaaaase,677.8760941117006
3375,I don't think I want to see that episode of House,677.881179954985
3376,Having a 'working from home' day - got one of those lingering cold bugs that won't leave me alone,677.9265480466099
3377,Morning!! I'm baggered! Been the gym then off to work later,678.1664859768186
3378,"I've advertised on our blog, through career sites and used agencies... not sure how else I can go about it....",678.1909242283709
3379,I don't want to. Will phone back one of his colleagues and hope I don't get put through to him I think.,678.3158723075999
3380,was playing around putting in random twitter usernames. so many wasted blanks!,678.3629099576729
3381,"I envy you too, neither my phone nor my Nabaztag managed to wake me up before 1pm today.",678.4167695387486
3382,"Writing a new song on the fire escape enjoying Captain on the rocks, mmmmm, so delicous, playoff hockey is over for the night",678.4397734259271
3383,the retr bar quiz is hilarious. done it twice and come last both times the guy from behind the bar gave me his number!,678.5480348316365
3384,I'm sick... But I have to venture out anyway. I gave ro my second pair of gloves only to realize I kind of need them today.,678.5549350298782
3385,Hope I have a great weekend but for now I'm at home!!!,678.8308568177993
3386,I concur w/ ur feelings about ppl,678.8952405433209
3387,I don't want to go to class.,678.9587009571867
3388,I wonder if this is somehow related to my nose being freezing yesterday But I drank orange juice and got 8 hours of sleep... *sad*,678.9613937746492
3389,"on my way to sales training, really don't wanna i want learn, but i'm afraid i have to",679.0154841773999
3390,Lol mean head ache and tired from the bootcamp earlier... But cant sleep,679.1302934040751
3391,Still trying to Win Britney tickets to the Phoenix Show,679.1679254837458
3392,"But why must it be complicated? If I want to see something that's prob not there, why can't I do that w/o ppl commenting?",679.2708005536871
3393,Just played abit of &quot;Left 4 Dead&quot;...Scared to bits now,679.3470585490733
3394,I can't sleep. There's a fight outside. How inconsiderate. I wanna go SLEEP!,679.5931197191293
3395,no not that i know of. I should annotate it. The slides are minimal and don't contain all the good bits LOL,679.8578507311017
3396,G'day. At the evil highschool right now,679.8835949608283
3397,Well everyone. after a super adventurous 2 days Luke has gone home Let us all morn the loss of a hero. Im off to continue playing Sims 2.,679.9020530801891
3398,U sound like me just b4 I hit 1.5 hrs. Sadly today I was outlasted by a woman who was clearly 70! No jokes! She's a machine!,680.0591293418918
3399,off to teach Spinning...and hopefully find my missing shirt,680.1204978356157
3400,Some things... they just never get old. I miss Maya.,680.2837689757022
3401,"going to miss #TheAgee5K - hopefully someone archives it-least I caught the test last night, which was fun.",680.8681869076837
3402,loaded up with words to type,681.0321127942832
3403,you fell off my list...did I offend you?,681.1027176888364
3404,is having a boring day in iowa,681.2957512371773
3405,Poor Sandra Cantu &amp; the Cantu family! My prayers go out to them! What a sick world we live in. She was only 8,681.7281835706387
3406,*lol i wish i only had bad sync. in germany right now where the subtitles dont work at all. lol,681.833981165284
3407,I have no money until my mommys check is put in,682.0298989521024
3408,My stress always culminates with physical pain.,682.153106722119
3409,Remember my bum leg? Strikes back this time its serious,682.2096018502278
3410,why is my raster symbology being so unpredictable...? Keeps randomly deciding to not display some colours... Grmph,682.7028559344265
3411,Kinda glad this crappy and weird week will be over soon....gotta deal w/ all the NCNSs @ work first tho,683.1474923143264
3412,Super Kings lose,683.4735302229037
3413,Been with O2 for 18 months now. In need of phone upgrade. iPhone comes to ï¿½500+ over contract life Need smartphone with cheapo talk plan!,683.6692623947605
3414,Trucks and cars &quot;braving&quot; the flooded street are stalling. I think I'll be here awhile.,683.9377366347044
3415,The Company I work for shuts down on Thursday... Joblessville here I come...,683.9836058219826
3416,lol.. wish they understood daylight savings has ended though and breakfast is an hour later They keep waking the kids up too,683.9913245982491
3417,Sitting in work,684.0039274901548
3418,"Back to work after 9 glorious days in FL/Bahamas. Wish i was still there in the 80+* weather, rather than in the 35* weather here.",684.149810622357
3419,"Oh no, it looks like it's going to rain, and I have neither a jacket nor an umbrella with me. Rain right through Easter, too",684.6136187767116
3420,is hearing family drama coming from the other room.,684.9091266191566
3421,why aren't you a happy camper?,685.5627538951937
3422,interesting. that laptop charger was 80 bucks!!,685.6528321199173
3423,ah thanks...i've been workin out hard for like 4 months and you go and call me fat...,685.760547044404
3424,"UGH tequila got the best of me, I'm sorry but we are ON for tomorrow, don't let me drink tequila! ride ovr latr!",685.815698265224
3425,yup replacing daniel kandi since he couldnt get a passport unfortunatly #asot400,686.5490088929415
3426,can't find you on ustream iPhone app,686.8090271414682
3427,jealous. trail runs - my favorite!,687.265482011176
3428,Got my baby's shots today. He flipped out. I wanted to cry,687.2754308652088
3429,yoyoyo. my internet has been rude tonight. it JUST reconnected and I'm about to go to bed.,687.3083775218942
3430,it's overrated,687.3768919133776
3431,"I want watch a movie, but i dont find my DVD!",687.3989615583118
3432,Wishes his vacation started today,687.7602489356157
3433,my phone rang at 2:08 am...,688.0561615234692
3434,"I hate the limited letters,too.Hope you and the guys are fine?I pray for my dog,sheï¿½s not well",688.2223158670632
3435,I miss bentley,688.2819526972004
3436,doesnt want school to start because she havent had enough fun!,688.4177508512228
3437,i just finished sharis birthday present !! since today morning i have headache i think i should drink more......,688.5429261789841
3438,I drug my feet to long on spending $30 to see Turbonegro tonight and the show sold out.,688.8503529373723
3439,Well twiter dont work with O2!! just with vodaphone,688.9468186773256
3440,-------,689.2159343420151
3441,Tried to take a nap...it didn't happen.,689.2287026811772
3442,Bad night.. sore bottom and arm.. no fun,689.7466639139208
3443,her performance was pretty poor,689.8390119725249
3444,Sure do wish it would stop snowing,689.9500990378646
3445,has been sick and her back is veryyy bad. watching american history x. wanna watch american beauty though. buy it meeee.,689.9912322771895
3446,lol awww she's cute. But cats give me allergies,690.220244076156
3447,my birthday today. feel so old,690.6326294294212
3448,Sitting down relax I feel so sick,690.8018715123061
3449,"Tried to install a Twitter-application on my phone. Didn't work though, boo!",691.3756564648713
3450,"grew up with Werneth Low large outside my bedroom window, now I do my running round Trafford Park",691.494085745087
3451,"I am indeed, the one with my RLC interview in. Good stuff, thought I'd finally found something no-one else had",692.1945911535215
3452,on east coast time even though im home. so annoying. must get back to sleep,692.938809518801
3453,It makes me sad to realize I haven't seen you in a couple weeks,693.1879153006636
3454,Yea!! Time to go to Holt Renfrew!! shopping!! Need to haul so badly. Havnt shopped for 15 days!!,693.3225362751388
3455,boo I'm sorry Stupid eyes...why are they so important anyway?,693.6920567554839
3456,yes I am and yall have a G'day as well! *smiles*,694.1868928872535
3457,there are days when I am so thankful my daughter goes to her school!!! Today is one of those days... everything I say has been a fight,694.3144955861443
3458,Some people make me so angry,694.4582486712903
3459,ï¿½ber sick Trying to muster up the strength to head into work....,694.6026372267053
3460,im in pain with my knee.,694.7847772583189
3461,"no use for me. I stay in the mountains, next to Yetis cave. No coverage for me...",694.8021538346559
3462,u r crazy!! SD is the best city in the world!! I left 3yrs ago &amp; I am dying to go back,694.9971871040328
3463,That's fine. Not sure about forecast though,695.6003002948787
3464,Hates it when the itv player malfunctions,695.6361115216996
3465,"oh awesome, shit i missed it",695.9136129955726
3466,im not bad i just had to start over ok i wish i didnt have to but i couldnt live in funkytow!!!,695.9621812370939
3467,introduction to laboratory tests and procedures. Lol. I usually don't leisure read during school. Brain overload,696.1979102437483
3468,Psych exam tonight,696.3408679308662
3469,Apparently One is not to take a B12 pill without eating first lol,696.7999063713766
3470,spring break is almost over very ready for tonightt!,696.9183991231974
3471,Had a call fm 000-000-0000. Did not answer. Who could it be? Going outside now to wrap my house in aluminum foil--shiny side out!,697.1688353149844
3472,My zippo is out of gas,697.4498223349339
3473,*whispers from bed* I'm not either.,697.5182429563384
3474,"LOL yeah it has. It's now raining just thought u would like to know btw don't put ur iPhone in the canal, it's too nice a phone!",697.6223687224486
3475,"It was a bad week at FerretsFirst. We lost Rosie, Smeagol &amp; Sakura",697.7746214742549
3476,the're perfect 2gether i want a love like this,697.8252272310665
3477,very angry,698.2058393187286
3478,Is waiting for a tow,698.3319305382641
3479,"hi ho, hi ho... it's off to work...",698.4901721533313
3480,Not calorie wise I wish junk food was calorie free! I ate a thing of sour skittles and a big ass cherry coke!,698.4928335470398
3481,hey so steph texted me this morning and said that they would be picking me up around 4,698.5615098961041
3482,"sorry, must of left a corel install cd somewhere in you room then..",698.784175646515
3483,I need to find a battery for an Elinchrom Ranger. Nobody in Canada has any in stock,698.874994274186
3484,Oh no I lost a follower again Gee as soon as I just share and talk they leave. No I don't have an exciting life nor am a celebrity,699.0852660463847
3485,Is off to get some work done,699.5128775965052
3486,"Hey, #blockparty #notacon people does anyone have a CD or DVD that they wouldn't mind my using? My webserv breaks my compo entry.",699.9296571993771
3487,missing tweetdeck,700.1204213443617
3488,My body is giving in to the being sick urge. Must resist. Do not want,700.1443073557352
3489,street reach is finished for another yera and now jst to heal the sun burn,700.180062875391
3490,revision over- for now. but did manage to type my entire drama play without script &amp; withut mistakes.,700.2677459510988
3491,Re-pinging : Custom icons I made! =] look cool but the edges could be less square might look bad on a diff background,700.3743724900777
3492,I want my cereal! But we're out of milk,700.5707834978235
3493,"Started his 12 week training, it's going tobbr tough with so many birthdays, currently at work",700.6768041996572
3494,So sad it's raining outside *tear*,700.7900807320333
3495,thanks for the links and news update. that's really disturbing.,701.1420120218709
3496,"and i am officially hungry again, it is going to be a long day today",701.3398045345872
3497,"actually it done it all its self. it jumped off my lap, I did try to stop it",701.464940318359
3498,CASH RULES EVERYTHING AROUND ME,701.7232993065313
3499,I'm sorry. Maybe walking around all goofy at the store would help...HINT HINT! &lt;3,701.7369773836837
3500,Honey I'm home! Oooh crap!!!! It's back to reality! I hate vacations!!!,701.7572919806533
3501,And snow to go with it,701.7727736325254
3502,I have for the first time EVER gone to perezhilton.com! He has videos that I can actually watch! God bless China and her censorship laws,701.8287584682597
3503,im a smut i know,702.0891749547204
3504,so bored!,702.1579162138502
3505,My throat is still really sore. I was meant to be going on a 5 day camp from Friday but not so sure now,702.2463244989227
3506,"Damn you, Noah Wyle, and your depressing polar bear commercial!",702.3056848742746
3507,KENYAN TEENAGE Girls seek solace in cow drugs to induce abortion,702.3549703830008
3508,"Whatever my mother is cooking, it's making me retch",702.3943307392757
3509,yesyesyesyesyesyesyes. i completely agree. but he needs to bring back the curls... i miss them,702.4371210415152
3510,"Had one commuting crisis of note today, though - had a Catastrophic Squeaky Hula Girl Failure! (see )",702.7883195059808
3511,havent update this in a while bin stuck with my gf during the week. non im bk in class learnin,702.8327131366514
3512,has a very sore hand,703.0118614318808
3513,too much to do not enough motivation,703.3260913523056
3514,are you coming to play at Plymouth again this year cus i cant go to the ucap tour cus you arent coming anywhere near me oxo,703.4179383187961
3515,Looks like the Nobel peace prize is simply a popularity contest,703.4511119697019
3516,"I quarantined myself. I hev my orange juice, nighttime flu gel caps &amp; soup...I have to feel better by Monday",703.5976286920203
3517,More boring job hunting..,704.1335379997709
3518,apparently we have new neighbors upstairs that are making noise.,704.2189094965711
3519,i just heard my crush like scream 'shes african' lmao hes so cute,704.6688026315
3520,The line at petrol pump was killer and the guy at subway (food joint) is too slow. Missing #ipl,705.5997261846265
3521,kills you in what way?I can't drink red-gives me heartburn,705.8895867939503
3522,Watched Cannibal Holocaust last night and had screwed up dreams. That is not a movie for the squeamish. They kill a real turtle,706.0460629062906
3523,"I'm there with you. Of course, when I get home, I don't feel that way anymore.",706.3263076329775
3524,"I need Coffee, lol, I saw you tweet this on McInTEC Net lol it comes up before Mibbit, Mibbit is so slow on Twitter, it sucks",706.6099017769003
3525,didnt get to go to the party last night,706.803275519627
3526,i want diana F+. it looks great...,706.8335055781507
3527,Haha wow. Sounds interesting. My company actually has myspace blocked so I can't see your link.,706.839745212109
3528,"Bummer, I didn't think so!",707.0380121879874
3529,now i feel bad for unfollowing.,707.2269623188446
3530,summer camp or summer school?? Both are boarding lol.,707.5693534814462
3531,was supposed to wake up at 4 so I could write and go to the gym. Well... you see the time.,707.6053982515671
3532,"chocolate covered strawberries and cottage cheese, you have defeated me",707.6670427457137
3533,gahh im at my brothers game,707.9446389371202
3534,"Well I'm gonna go get ready for school, then I'm going to school",708.1502693344471
3535,Awkk!!! Ive Only Got Two Followers.... Not Good!!,708.7398852385213
3536,Bye bye plane. anyone want to offer their private jet?!!!!! (C why we need one?!!!!),708.9328346240841
3537,"Wow, ME TOO!",711.0679412918103
3538,Not been the best twitterer today - first one of the day and it's nearly the afternoon. Working too hard again,711.8637463465113
3539,too sick to be here,711.9119811914893
3540,Grr i want to keep reading but if i do i wont have anything left to read,712.2524631621134
3541,- So now im not sure if this is really Andy,712.2838200843169
3542,This is a bad time to be hooked on Twilight..........11 assignments due by May 29th,712.4963373711166
3543,"dozens ideas for b-fiction, average amount of writing skills, lack of free time",712.6507904928507
3544,"r.i.p. fave jeans. If you weren't discontinued &amp; unavailable in chicago, I would buy you again and again. like I have for the past 4 yrs.",712.7073737970884
3545,"WHY CAN'T I BREATHE?! Yes, an over-exaggeration in terms, but still. I hate being ill.",713.3395095521224
3546,woke up to milo having a seizure.,713.3841356486391
3547,Music is the only that I love because have no girlfriend,713.6779632514393
3548,sunny and windy here now the rain didn't last long,713.7028798304443
3549,Deal!!!! oh no I didnt save any Oh well come on over Mary we will make some more ~grins~,713.9607649471326
3550,Playing PKR online poker and has a headache,714.2751571198977
3551,im having twhirl problems Again!,714.6276846229734
3552,oh no morning.!! suppose i better get ready for work,715.7491451284492
3553,no phish tix,715.7573551194881
3554,2 months to heal? No fun But a whole lot better than not ever healing! Feel better soon!,716.2288661606356
3555,poor Sandra Cantu. My heart goes out to her family and friends. Rest in Peace Little One!,716.5817962086755
3556,hope you find your cat soon! have you gone to the spca or posted flyers around where you live?,716.8945085299785
3557,Thursday i am doing nothing. is working though we can still hang out though. what are your Easter plans,717.1309855120663
3558,"haha no, she isn't here unfortunately this is the one person in the house who isn't cool.",717.3908921653269
3559,That last tweet was meant to be sent before the nap I just woke up from. D'oh!,717.4912665845767
3560,": Haha. Yeah, they were that band from MMC! I used to have a CD, but I lost it.",717.6745287717756
3561,Time to gett the dog from the wett what a shity day,717.7780896926347
3562,Figures that I'm sick as a dog on the nicest day of the year so far... Anyone wanna play frisbee with a sickie?,718.1247272695358
3563,what has the country come to? Just b/c they do that in iraq that doesn't mean we do it sad day,718.2452252087878
3564,...last night hilarious &lt;3 work all dayyyyy,718.4853098883921
3565,I'm really sad I didn't speak to you at #tuttle yesterday!,719.0285704952685
3566,Not wanting to get rid of her rabbits. This is going to be a great day..,719.1797117945465
3567,Did the walk for autism and took a nap. Ugh! Now back to the homework.,719.1836928223833
3568,That is a chilly wake up call and $$$$ to boot. Bummer,719.7554771579887
3569,all the photos i try to upload are too big,719.797920546135
3570,"Oh dear, all the pups died 1 by 1 last night, perhaps it was because Princess rejected them",719.8783291472188
3571,"had a blast at the Getty Villa, but hates that she's had a sore throat all day. It's just getting worse too",719.908805293667
3572,"home for dinner, major headache.",720.6097972731745
3573,My printer / scanner / copier in on the fritz,720.6305193599385
3574,HAHHAHAH i can imagine that would have caused GREAT laughter...wish i had the guts to do that,720.6615563329585
3575,I've given up and am going to the doctor...being sick 3 times in one month is rather annoying,721.0787112564126
3576,wanna go 2 my dad's house,721.5016006714447
3577,"We were suppose to go camping this weekend, bad weather changed those plans",721.5242581280839
3578,"Oh, and it's officially my birthday. Happy 23rd birthday to me! *looks around* Yet no one is here to wish it to me Erik's in bed.",721.5249261917534
3579,"Watching RealKidPoker (Daniel Negreanu) lose $160,000 in four hours real time via twitter. He's losing it",721.7407199711047
3580,"I love my netbook, I really do. It really can't handle a 32k row spreadsheet though",722.1027905337448
3581,I can't wait for summer to come! I had snow on my car this morning,722.1324194500467
3582,Sitting here Waiting for Kaleb.. Will see if parentals dont drag me to party before he gets here,722.1332526347101
3583,home from the gym. showered and fresh. going to catch up with #lost and #theoffice. what a fun filled friday night home alone. *sigh*,722.4703697180119
3584,Strugling with OSx86 10.5.6. Legendary error &quot;Still waiting for root device&quot;,722.7838200719065
3585,i actually prefer twirl but seem to be having issues with their new update. doesnt want to install on my comp.,723.1688887112285
3586,Im not a morning person! Never have been prefer the night!,723.4142602279121
3587,so i have an exam tonight -- beautiful day -- BUt i have to study,723.5798538594476
3588,can do everything except add a twitter field in the comment..,723.8629259077923
3589,Alas MusicBrainz does not recognise the mp3,724.2564335816184
3590,Wow! What a llllllllllooooooooonnnnnnnngggggggg day,724.4032117273586
3591,happy birthday!!! Why is it so bad?,724.7114813678121
3592,I miss u tore whore come back home,724.7119808800384
3593,"thinks she's done something, but isn't quite sure what it is.. oh where are you when i need you?",724.8876864793936
3594,me too ? whats wrong ?,724.925383214331
3595,i neeeeeed to start doin some workkkk,724.950781432202
3596,I really don't think people choose to be that way. But I think he chose not to accept my family's help He might be dead by now,724.9594240091831
3597,girl me too I will just have see yall Monday night cuz this rain has everywhere flooded,725.2561113190351
3598,I'll give you this rain. The FOB/Fiddy show got cancelled because of the weather.,725.3656190363068
3599,NOOOO it's cold this morning,725.4255255089558
3600,I think im coming down with something.,725.4840091372024
3601,i wanna sleep but dont think its gonna happen so soon with all the loudness of relay,725.5874388637899
3602,You a lost cause girl ;),725.749361737552
3603,Spending a beautiful weekend in bed with the flu really sucks.,725.8122643206318
3604,I want to quit my life ~Michisan,725.8851267327833
3605,"i want a phone that i can FB,MS, and twitter from!!!!",725.941744739575
3606,I think the East Coast is stealin all the good weather,726.035076905351
3607,I am not digging the taste of water right now at all.,726.0661564022306
3608,Darn! Can't open it on my work computer. Not supposed to have fun at work But thanks anyway!,726.3259217435045
3609,Masha is alone and sad,726.5585638101231
3610,WTF!?!?!? WHY is it snowing in April!?!?!?!?!?!?!?! Makes school THAT much crapier,726.9938788653158
3611,"finally back on track in the studio, lost my cubase dongle in miami",727.1941791651292
3612,hating to go to school,727.2303274239287
3613,"Lycos 14 year old mascot spider &quot;Rex&quot; passed away this morning. RIP friend, you will be missed. Her story:",727.4431692377422
3614,I couldn't get the stream to work when Colin was on,727.5257923906345
3615,Pretty good coaching with exceptional talent trounces exceptional coaching and pretty good talent. MSU,727.7897070814778
3616,and - I can't I have another doctors appointment at 9 and another one at 11. Sucks.,727.8072133024993
3617,Thanks so much for getting up w/ us. The lack of sleep causes wrinkles &amp; wt gain. But love my job!,728.044489564885
3618,off to class...,728.4198558561194
3619,In school taking a test soon.,728.5599517087197
3620,had a fab day fought the migraine off before party lack of sleep is catchin up start on case studies again this next week then final exam,729.1861755240117
3621,"Just got home.... Its raining, Cant go out I want some hot coco and cinnamon rolls NOW!",729.2550419830105
3622,tell him i'm so sorry that makes me sad,729.285545730151
3623,Itï¿½s such a nice day outside. And hereï¿½s me stuck at my PC,729.4169123191081
3624,is off to work. Three more days,729.4502985854498
3625,They didn't do a good job with mine either,729.5491756283163
3626,Where is Nico? I'm dying...,729.799007547555
3627,it's raining! But it doesn0t matter... I stay in home because I'll be study,730.0529801274054
3628,"Wow, the kids in the neighboring building/complex are being 5 thousand decibels of obnoxious",730.086987262692
3629,is watching Glawster getting chewed up and spat out by Cardiff. Glad I'm in the pub and not at Twickenham.,730.1137722541625
3630,pizza night and i feel too sick,730.2559194324809
3631,dissertation and it is hatefull,730.3721297929117
3632,Blimmin' heck i'm slightly tired! And i still didn't see no Otalia,730.6208854097008
3633,"Hi Gerry, I'm in Dublin most of the time; college",730.6488954794335
3634,To answer both of you: I studied for FOUR hours before the exam and I'm pretty sure I still fucked it,730.7509386148043
3635,laying in bed with no voice..,730.8844459463006
3636,My stomach hurts - i think i'm gonna be sick,731.2405855074709
3637,still haven't got my coffee. I'm done. Help me,731.4313690615245
3638,"received at least 5 phone calls today already, Telemarketers!",731.5928738990744
3639,burning flesh smells good in the morning...ouchies got the sun burn real bad!,731.9412703913864
3640,"Crap. Okay, okay so clearly I love Canadians. I forgot about &amp; too. Y'all make mass enslavement hard",731.9808005316208
3641,".. You on the tyra show, i will have to watch that online, they dont show it in the UK i dont think.",732.2093150611922
3642,Is Meant To Be Getting Ready To See Sophie At Half Past But I Havent Even Got Dressed Yet xD I Have A Headache Oh I Better Rush &lt;3,732.3497550727941
3643,"no, don't think it is",732.4682565549331
3644,needs someone to talk too,734.0369904750379
3645,We're going to San Antonio in 4 hrs and I need to get some sleep- I'm sure it aint helping that I'm eating and whining about my gray hair,734.1918105620324
3646,The one day i really need to go into school and i'm not well,734.481880888296
3647,haha .. i dont have many 'followers' or 'followees',734.8754085695371
3648,hanging of with the &quot;corps&quot; for the last time...,735.1734684264156
3649,my allergies are messing up real bad!,735.2018284102044
3650,I wanna c &quot;No Doubt&quot; soooo bad!!!,735.2202193951342
3651,New boss looking agitated again today. Been keeping quiet... heard he's used the sword by his desk on new employees before,735.3055613322841
3652,"I was so sick, I was wide awake last night. Damn because I totally go out it's so nice out wtf I hate colds. ;__;",735.3570046384978
3653,It still wont let me log in I know my user's thier cos anth sent me a friend request,735.3606534314778
3654,at work while friends are biking around central park on a beautiful day...,735.3754614874421
3655,they stole your stuff at work? :O that's even worse..i'm so sorry *hugs* did you have insurance? x,735.4388738930993
3656,Taling the train in sigh,735.4714548703041
3657,yeah but i can't drive to Apple right now soo Best Buy's my only hope. I think i've only seen the black and white there,735.4782228155283
3658,About to walk through the gates of hell and rot for 6hrs with hundreds and hundreds of students. Ahhhh!!!!!! I hate it here,735.6884185045224
3659,it killed too many of my brain cells,735.8519083156377
3660,I'm sorry... if I didn't have to pay 450 for rent I would be going lameeeeee,735.9713376922301
3661,thinking in Italy. So sorry,736.2438416007863
3662,"Nope. I searched vanilla ice, vanilla, winkle, and rob van winkle, and got nothing...",736.4111025191391
3663,i lost my nintendo DS,736.4217094082676
3664,i love carbs!! ...too much,736.5149685210777
3665,still high from primer fumes... and joe said i have to put on a second coat,736.5337143560016
3666,Off to the doctor's today emily has a rash which looks like the measles,737.248046236892
3667,Not sure which one she is! There are too many,737.3898583245925
3668,Spring is finally here! Cherry Blossoms galore! Such a shame they are so temporary,737.5541965490125
3669,Had a very long day.beat. getting ready for saturday to be a same,737.5575628458756
3670,"im lonely keep me company! 22 female, Amarillo - Texas",737.5792412218785
3671,as usual ... cooking what I hate,737.7485079367758
3672,wishes someone could whisk me away from all this studying xxx,737.8629616605792
3673,"Just about to leave. Have a good Saturday night guys, i'll be studying all DAY tomorrow",737.9057533388235
3674,running nose + spinning head = not a good combination for a meeting!,738.1044512956688
3675,"still disappointed been riding with for a long time, plans r the best but not the handsets",738.1807930941659
3676,wish the sun would shine more. i have a cute yellow dress to wear. COME ON SUN. COME OUT AND PLAY. stupid england.,738.2595564312701
3677,none of my friends have twitter,739.0274310408726
3678,"Gah, of course. HUGE mess.",739.0999487609337
3679,"oookay, installation is done, no errors. but it doesn't work. nvidia and glx modules are not found",739.1832719605712
3680,"english, bummer...",739.255777809569
3681,Bus seat to myself,739.3609373610104
3682,all the old shows were better,739.7456038046473
3683,"ow ow ow, tummy ache, too much candy. i never learn",739.7838557075347
3684,but isn't having any luck,739.9765961685762
3685,Ahhhh Chipotle! The nearest Chipotle is the one in downtown CS... 102 miles away from me.,740.012533370489
3686,12:20 i don't know what to do,740.2808671971902
3687,Had another amazing night with Tyler :* now off to work .... gotta make coffee for the early birds,740.4385172520424
3688,dnt feel like gng out but have to go,740.4633822242197
3689,I missed you... is wednesday your day off? or is that thursday?,741.260293170837
3690,"So.. Our tire got F'd up and we're 30 mins away from our exit, and AAA can't help us woe is me",741.6230032397107
3691,"BRB, will look for our sis",741.8091939774089
3692,Back to classic rainy Amsterdam days,742.0313834295413
3693,"blech, it oozes out to make its own pyramid.",742.2285280633922
3694,i'm sorry. well i couldnt wait....ooommmmggg it was so good. i promise we'll go together when you get home.,742.3003826366689
3695,Oh Noele.. Huntsmans are beyond any horrible scary word.. i HATE them.. they FREAK ME THE FUCK OUT!!! &amp; theyre freakin HUGE FUCKERS!!!,742.5033056957612
3696,i know it should but people think its lame... they dont love me enough,743.1393334255642
3697,"I LOVE &quot;ERYN&quot; YOUR MELODIES/NOTE SELECTIONS WERE VERY VERY DOPE! THE SONG IS HOT AS WELL, I WISH I HAD THE FULL VERSION.",743.9739391784957
3698,It's been a rough couple of days. My grandpop passed away and Birdie has not been sleeping well thus causing me more stress.,744.3232650066601
3699,Hopes Pappaw Frank's heart surgery helps him today! Keep thinking good thoughts.,744.5424100359203
3700,Argos was disturbingly uneventful. I'm disappointed.,744.7387030929087
3701,"yeah 3 more hours, maybe sooner (please pray). 50% of my health is all I need to make money. But Ban I'm developing a minor cough",744.7944520065377
3702,Morning folks 7.00 am ..yawn! Up &amp; away to see to horses - hope Twitter is better behaved today! Last night was a travesty,744.84565434268
3703,on the way to uncle funeral,744.9480438176864
3704,"When I saw the twit trending on virtual assistants, I was hoping down inside it was something to do with AI agents. But no.",745.5483149283386
3705,"#asot400 &quot;back to you&quot;...beautiful, yes. but PLEASE can we have some kind of action from Area 1! i really wanted to hear Mr. Sam now SVR!",745.58589365326
3706,Its all ending so fast,745.7741930418729
3707,"I know they have trouble, but I never heard a thing. I had MANY recommendations from MrTweet.",745.8792642484101
3708,"no money yet, i dont know anyone who has maybe its all just a lie!! hes having us on so we all like him a little bit more lol",745.8909480458589
3709,Neighbor's boy was killed in a plane crash when on his Easter holls teh sad,746.6912108425946
3710,"Sofar, this is hella boring",747.2393400781896
3711,trying to embed live video into robotbrighton.com. Failing,747.3375087823682
3712,Only got about 3.5 hours of sleep. Insomnia sucks,747.6870154877652
3713,"emailing OceanUP about today's event, even though I didnt go!",747.8725991970707
3714,12.20 and still nothing,748.1495962784614
3715,Still don't have the confirmation email Technically I could give up already ;-),748.3255576913898
3716,Can't sleep again,748.3485929803138
3717,"Give Adriane my Love, I'm not feeling to well or I'd call your phone and sing Happy B'day",748.5783850803416
3718,why are we all inside on this sunny day,749.11862052928
3719,Working on it now,749.2885395963981
3720,ok so yeah . . . it's still snowing,749.6468600972903
3721,I just got a model job. And they thought I was 18. WTF,749.6963039436325
3722,I hate College right now,749.8145078549211
3723,"dude, where you @?? What drab sky... Sun, come out already!",750.3299344467928
3724,I am layin in bed @ 3am cos my tummy is beatboxn so bd so I hd 2 wake up. can't eat. Unburnable calories nt gd for my &quot;abs&quot; I am hungry!,750.4920427443197
3725,Grrr.. my ipods acting weird too! Jai ho and thinking of you aren't playing the full songs.. ughh.,750.5316693738606
3726,Only good music !! Too bad I don't live in the UK anymore...,750.7302392095401
3727,Grrrrr its snowing i hate it when its cold!! It sure doesnt feel like spring,751.1658801123643
3728,I came second in 2 games of squares today... Always a bridesmaid,751.6058311337069
3729,"Honestly, you can only speak to urself because no 1 cares airport. Someone will always direct u 2 the next person",751.6488927328646
3730,gonna buy some books. tmrw is my bday and its snowing today.,751.9131201737495
3731,"On the other hand, my sister's health is poo and I'm going into hyper-nurse-and-older-sister overdrive. Feel so bad for her.",751.9428988744864
3732,spring break is almost over_ but at the same time about it,752.3361976068845
3733,Another blow out on the turnpike. More tire fun.,752.5075781544099
3734,"yeah, its nifty I think I did it right lol. it costs monies though!",752.5498731383864
3735,hey who is anthony anderson? get your sweetbadazz to invite me again to tweet with you...I couldn't log in so I lost the link,752.6637311098935
3736,"I hate it when i think of something to do and just as i'm about to do it, i forget wht i was gonna do....",752.6724247747046
3737,i reckon! im wearing bed socks for the first time this year boooooooo to winter,752.7782908859958
3738,The world is gray. I am depressed,753.3566576557378
3739,Are you online dearest? I don't know if my messages are going through.,753.6287996176457
3740,i feel kind of down rite now,753.7010882069771
3741,"Benny, when is AFS gonna start touring again!? I miss all of you!!",753.7099695183185
3742,Being sick is not the business...,754.0117362150036
3743,"wants to use the 8-directional dance pad, pero di compatible sa TV yung game.",754.5414986980766
3744,Got a cold Hate this Dutch weather!!!,754.7198144804464
3745,buttload of homework!,755.1327341471823
3746,Twitter is not working very well for me... and Marc Faber over dinner is exahusting fare...,755.2817651489707
3747,cuz like troybolton is the hottiemcsuperbob. omfgz. my nail buds - cries -,755.3222163846593
3748,I dunno what to do,755.5649544782624
3749,"I miss pretty ricky too I love them, they didn't even come here.",755.8608275663985
3750,I feel soooo bad for my doglet! She is not understanding why her mouth is so sore! Poor little thing,756.1440289793053
3751,it was a repeat tonight for Gossip Girl,756.3352421521909
3752,- I have been told by friends that constantly circle the globe that the flight from the UK to downunder is the worst ever!,756.6954964623906
3753,Oh poor wee thing Nice to hear she's been rescued though.,757.0061825802685
3754,"So sad when animals are unhappy, my dog has mastered the reproachful-youre-breaking-my-heart puppy look.",757.2552981081603
3755,you have my name. it has made me very sad. I wanted to be twitter.com/scroobiuspip,757.3888955185416
3756,Mm. I really don't wanna go tonight.,757.4135417305887
3757,sway sway tour in julyyyyy! exitedd muchh follow me pleaseeee? i need more followerss,757.5235702295518
3758,Watching my brothers game their losing 6 to 1,757.6663460462659
3759,"My mum is making Veg Curry tonight, i dont understand this, i asked if she could make it with chicken, she said no",758.2701750175961
3760,needs a new 'looking good for Jesus' mirror..mine broke..,758.3232946721554
3761,Chapped lips...I wish I knew where my Burt's Bees was.,758.7382176365344
3762,kids are on holidays,758.763045022759
3763,i thought i found another tweet from someone who also loved mongolian.. but it was my own,758.8893212384432
3764,It's going to rain today and I forgot my umbrella. Hopefully I can get to work before it does or I'll have to dodge raindrops...,759.2731913220667
3765,"unfortunately no, it's in the non-nkotb section i'm still trying to figure out my AS spin-off..",759.5402066074449
3766,Tried to get up earlier today........didn't work out,759.6345438038633
3767,"Dear Pidgin development team: Please please please can we have a notify for the IRC client, as I never read it until they have gone again",759.6793724420824
3768,Still doing my homework!!!,760.1619544087868
3769,"i agreee! clearly they only want attention, SORRY I COULDN'T CATCH THE TRAIN MATEEE",760.3012765677785
3770,Time to move my posterior and lose some fat. My articulation are creaking so no more running but Iï¿½m drool for some swimming,760.6773713069322
3771,"After spending a couple of hours cleaning the car yesterday, a bird decided to take a bathroom break on the front end",760.8283367148593
3772,is the Dallas sky really as overcast as it appears to be? The sun escaped to the Windy City,760.8661113618934
3773,gettin' ready for the wedding love my new pumps - but they are TOO BIG :S ugh this' gonna be a problem tonight.. xD,761.6355288856223
3774,YAY!!! ... as all who choose to NOT do right ... even the one I voted for this time ... Thank You and follw UR happy,761.7854966291579
3775,VW forums are a nightmare for that. Enthusiasts on forums always results in politics and bitching!,761.8958439980911
3776,Got a really bad throat Gonna see if we've got any yoghurt in.,761.996523631643
3777,not loving the new eminem,762.0979684971321
3778,is totally out of his depth trying to do the final essay for the Development of Political Thought module,762.182362620788
3779,Doing freaking tally sheets for my survey project I wish I would have finished this in school and didn't have to do a bs chart,762.2453715713519
3780,i want to be somewhere with no rain its not very nice here today,763.3085570354353
3781,i can't believe it's snowing,763.5671811129408
3782,", loving your #randomfacts! tell us more! - cant DM - my DMs been broken on twitter for 2 weeks can see, cant send",763.6817447862736
3783,going to attempt a walk to see if that eases things,764.0503285691318
3784,ate too much oysters. BAAAAHHH.,764.1014210041226
3785,worried about furry sun who has bad tartar on teeth and needs dental treatment,764.2128575884086
3786,Back to work.,764.2884844848211
3787,"hehe. Maybe. a load of it will certainly be going towards driving. Need to get a new driving license, I've lost mine",764.6898848095504
3788,"Not yet, no. Doubt I'll get a chance to until tonight. Work's mental, thanks to BT cutting off 70,000 customers today",765.0047869878649
3789,"didnt get tickets live in MK, gutted xx",765.0916936523458
3790,"Hello, I can't seem to get the site to add my business listing to the shopping cart.",765.0918825210736
3791,shud be sleeping but cant! im guna be so fucked and grumpy for this 6am flight! but hey... im going on holiday so good times!,765.1212836368978
3792,Hmm I'm trying to upload my picture but it isn't working,765.1368130378199
3793,"So we got the images back for the magazine spread, Woop Woop! Would love to share details but we can't until the editorial comes out",765.6250403909677
3794,I wanna sneak into the zoo and play with the kitties,765.850865724215
3795,Now you can't see other people's number of updates,766.1286597189988
3796,"The themes are: imaginary friend, aliens, pirates and self-portrait. The last one isn't much of a problem, but the rest... ugh. Help?",766.2276099034846
3797,"okay okay, I shall go to sleeo nowwww Mom, could you please stop nagging me???",766.35987512503
3798,"Watching a movie, eating a lollipop, and then hitting the sack. I have govt. to do in the morning.",766.4468115731256
3799,The Print Shop can't actually print 11x17 posters. How the hell do those things get made? This wrinkle is gonna cut into my nap time.,766.735854644033
3800,drunk tweeting? hahaha I am sick and drinking was out of the question last night,766.7672997671191
3801,i really hate how people diss my bands! Trace is clearly NOT ugly!,767.2528677135999
3802,Went to the dentist today... totally as a last resort... totally broke now too!! God damn the dental industry needs competition policies,767.3822708438126
3803,fever has started anyone have any miracle cures for a cold?,767.3987955080013
3804,of to the hospital for an x-ray,767.5327812636746
3805,"#travian Total cost of the atk for the aggressor: 273,310 resources all said and done. I'm guessing he's not going to let that slide.",768.6978106253453
3806,i hate this stupid hat,768.8545372286113
3807,I am strongly considering improvising. I missed last year I was so sick.,768.9278844351576
3808,yes,769.011973411314
3809,my interwebs is so fraked up that I can google maps something on my iPhone (3bar GPRS ..no 3G!) faster than my 10Mbps cable connection!,769.4868689937631
3810,"at work, although I think I should be at home, in bed, instead...",769.4883505485988
3811,"im all sore on my days off, WHY?!",769.559865672897
3812,At work,769.7623828894729
3813,Ugh. I am sick for the second time in a week. This one is worse.,769.7806707249239
3814,What's wrong with being an attention whore?,769.8116628433979
3815,"thanks but aka-aki app for iPhone seems to be blocked by french operator bouygues telecom, it only works in WiFi",770.0118954611908
3816,"i'm never guna be able to give up on you, even though i have no chance of getting the old 'us' back..so please don't push me away anymore",770.037188951473
3817,has kinda given up on twitter...sorry guys,770.149521190103
3818,Oye!!! Me too!!! I'm also pumping...,770.2123968624796
3819,": If they're not showing, I'll just have to resort to their live ticker. At least it's better than hearing 2nd hand news.",770.2572509870123
3820,hey Mama! U still at the studio?? Woke up in the mid of the nite,770.2779697304435
3821,MY TWITTER ISN'T WORKING,770.2894391464253
3822,miss you roomie,770.5881761561078
3823,I just want to take a shower but I can't do that yet. Damn perm!,770.9469694147738
3824,very,771.2581859751394
3825,I wish the rain would stop...its so ugly here in Houston right now,771.3349970471337
3826,AHHHHHHH! Everyones doing laundry except me,771.6255488558351
3827,I want three goats!! But I can't keep any here.,771.677267715505
3828,Hand made.. manufactored in Italy...Ravishing...Why the eff did my heel break after 4 wears??? Im irked...Those shoes are irreplaceable,771.9586600762484
3829,I'm wearing my Jonas Brothers Shirt today... I feel beautiful! Had an amazing dream last night... too bad it's not real.,772.2348692739763
3830,AUUUUGH I just spilt freezing water all over meeeee,772.4644956491795
3831,yesterday was a bad day. found Bernie Mac died last year where was i??,772.7193687427584
3832,Ok battery almost dead. Need to stop twittering and watching scores.,772.7809063214803
3833,"I never stretched either, thought nothing would happen. Now I'm in a cast and can't go running.",772.8701912455405
3834,"instead of giving to charity, give to individuals in need. charities have too much overhead,it just goes 2 salaries.",772.9802484564999
3835,14 runs in one inning... what's wrong with wang this season?!,773.0081980108923
3836,listening to some dance music getting dressed for tonight yeah no booze tho,773.0555630464874
3837,aiyo! chaa max.. I was waiting for IPL matches..,773.1553265898667
3838,"you probably did okay, nehaaa~ i hope you have rainbow-filled dreams of g-dragon. &lt;3",773.226305248339
3839,mama bear i miss you,773.6359914092947
3840,Journalist throws shoe at Chidambaram -throws-shoe-at-chidambaram/89666-3.html,773.6581538685601
3841,nice seeing you last night doll! i wish it was still everyday,773.8650553559988
3842,"I wish I could be at GMA this year, it's a fun time. But I couldn't get off work Have fun!",773.9008367779666
3843,nite!! I still cant go to sleep.,774.09299087079
3844,What happened to last night's twits? They've gone and run away!,774.1780712487376
3845,'When the going gets tough' 'The tough get going' N I ant tough,774.1931949736722
3846,Darn! Forgot that tonight's shoot was postponed. Will be at a loose end now!&quot;,774.240277461268
3847,"done nothing useful with myself today. watched futurama and got a bit teary, need to do work feeling a bit down, don't know why",774.4347760784402
3848,I jus noticed you wrote to me yesterday sorry naaaattttyyy what uppp,774.4534444054091
3849,Hope my flowers make it,774.494918289859
3850,I want a rainbow lei and I has no cash!,774.8968519748867
3851,You're so lucky! I wish I did.,775.1099540929665
3852,"First session not good, lost quarter of stack with KK and down to just over 3K now. Will be in need of a double up soon if no improvement",775.1323564845849
3853,DONT do thaaat or else i cant call you hot-dug anymore HAHAHAHAHAHA,775.1763849611541
3854,"Baby girl fed, breakfast done, now working on coffee for 2nd day back-to-work. My muscles are very achy",775.4064558925346
3855,"Reading &amp; crying at Eclipse, Rosalie always gets me",775.4182022275653
3856,not tonight just having a bowl of cereal as the house is snack-free (,775.4342989181296
3857,hallmark its almost over tho,775.7087081143818
3858,"Dunno how u can keepup w/2 accts. I could not. Good luck w/that!! ;) If I followed, I'd get randy 2, but it's bad for biz.",776.4361651850539
3859,danielle is leaving my place at 10:00,776.5946696134962
3860,oh did you see the disaster? really an horrible situation,776.7046162290278
3861,"I'm sure I could get in almost as much trouble here in Tally but I'm stuck on campus, not in a bar...",776.8471162561244
3862,Flickr's not letting me view it - says it's private,777.3299467748292
3863,"it is beautiful, but a bit out of my price range right now",777.3494216862988
3864,god we have a blizzard here,777.3752248053763
3865,No TravoRadio this morning. BlipFM is down.,777.3908763098916
3866,hope so - I don't have an iPhone (),777.4016404804505
3867,i slept for too long last night. my head aches now,777.5696947861016
3868,Given up on PDF parsing,777.6944316617135
3869,"Yep, i wish they would say it too. I hate when people make fake trailers for new films. It gets everyone excited",777.7643804702784
3870,killed my itunes uninstalling.?,777.8678340609995
3871,"I really wanted Joel to say &quot;Jesus&quot; on CBS this morning. Alas, he did not #fb",777.9943355192104
3872,Getting eyebrows waxed. More pain,778.1820016011618
3873,ahh the sweet sound of neighborhood electricity transformers blowing. looks like the neighbors across the street are SOL.,778.2977024120883
3874,not till later.. I gotta move all this shit into the apt today.. Awww maleia wanted to see blaiseyyyy,778.5258851003534
3875,"It's terrible isn't it. Don't expect many earthquakes in Euruope, certainly not bad ones",778.5586166005568
3876,is it seriously snowing in April,778.6243448046447
3877,I could go for some loving right now,778.6924007709789
3878,"Dear , Why do I have to wait for it to reset and have a limit on getting tweets? Can you eliminate that problem?",779.4999639477188
3879,"that song isnt there,",779.5977124826414
3880,Never went 2 sleep... and i got class at 2... i need 2 do dis homework...errrr,779.808544628343
3881,Tried to have my picture taken with but got turned away was great though,779.8874101347363
3882,"might Sky+ it, don't think i could stay up and watch whole thing tonight",779.900053902815
3883,"ahha, back from walk. was tres cold",780.0694671985198
3884,"I did. It always snows on or around hubby's bday, the 24th.",781.0871782188261
3885,you made ONTD. The entry also happens to be Flocked.,781.2375258579391
3886,Still a bit sick But working on 2 articles today,781.2687446125643
3887,oooh deaaar a good friend of yours?,781.4712096835126
3888,ummm...really??? but i wasn't there,781.5204803779341
3889,Going to sound vain... but running out of my fav lip gloss,781.7373822584677
3890,is tired and has an upset stomach,781.8786866061204
3891,Only managed two this morning. Bit depressing really.,782.1269350115459
3892,"hey, you remember that time we used to be friends?? ;) ugh. vomit. sick. i need sleep",782.5521915250265
3893,i'm appreciative of these few minutes of safety and freedom of thought. better go back into the fray,783.0449075714927
3894,Done with marathon Saturday meeting - missed being outside on a beautiful day.,783.1463540611231
3895,ive been good! i dont even see you on campus! how have you been? miss you!,783.4097646668304
3896,I can't believe shes going to be gone in less than 24 hours. I'm going to miss her so much.,783.6731984161245
3897,"oh that's horrible about Innocent Smoothies! we love them, but if they start putting rubbish in them",784.1374627063573
3898,Mam i need me some sleep. Stuck in class and wish i was in bed.,784.1443880431957
3899,Tied at 3 bottom of the 7th 1 out &lt;~*LizaBeth*~&gt;,784.2529186853224
3900,bye,784.4170753707361
3901,Fuck I feel like I could cry right now,784.4867706194841
3902,"Yeah, just 7 weeks left, but all of them will be spent working just on uni work and no M Cubed stuff",784.4876131641004
3903,hey emily you lie!!! meanie,784.59640262657
3904,Ever have a bike tire with 65 pounds of air pressure explode right next to your ear? My ear is still ringing.,784.6589507926516
3905,can someone make this hang over go away? my brother needs to come back w/ my car so i can clean it. homework all day? beautiful weather,784.9098734725576
3906,"is totally wondering if the real vanessa hudgens is the one in my 'following' glory... if it's not, that sux...",785.2924933157345
3907,OMT love you! opening it in a new tab now. IM SUCKERED I MISSED DANIEL KANDI!! #asot400,785.3537234450562
3908,Ah! Can't decide what to buy for birthday,785.3940733663601
3909,Off to bed Bye bye twittizens from twitterland lol!,785.5801475738904
3910,Wishes I was on the Spring Fling Tour with Dawn &amp; neecee Sigh G'knight,785.8870134555935
3911,Going back home,786.0046535806658
3912,i wanna make my video. it costs 3 hundred something dollars to get my laptop fixed,786.065134870802
3913,On the bus going to work! booo!,786.2452962796747
3914,why wont the fanfic place send me the password :S:S:S,786.6103346134231
3915,Doing my taxes. Not in the best mood because of this,786.631647458389
3916,"Knight &amp; well done Wolves, bad luck Charlton",786.6620770127603
3917,i had twitter for a month now and still can't figure it out.,786.8946075590076
3918,"Ah the sweet sound of chaos that is school holidays, I wish I was fit to work all day and let wifey deal with this..alas it's not to be",786.9952195730303
3919,"Good morning! Ready 2 go, but I want 2 go back 2 bed",787.214422028723
3920,I'm not good at it I gotsta learn myself!,787.4473080108174
3921,mending my banjaxed back and watch daytime tv not fun,787.9581256737745
3922,power is out,788.0298077839594
3923,"Just bought Sour gummi worms, peach gummi O's, and cheeto puffs... AND a 44 ounce soda... I'm such a fat ass Had a huge dinner too.",788.0465485082568
3924,"Getting ready to go out with Jolie... and being a girl, since I have nothing pretty to wear. I mean, I do, but I'm just being fickle.",788.2461520005556
3925,looks great outside... too bad i have to run a remote today.,788.3294504563164
3926,has just discovered the downside of going away for the weekend - the food shopping still needs done,788.3846783106962
3927,dontcha just love microsoft corrupted open XML documents.,788.4377023883239
3928,goodnight all...workin late tomorrow then movin the next four days!! so blessed to have amazing people in my life...missin my sweets,788.9365372435255
3929,Man. I have some bad sleeping patterns.,789.0803027076536
3930,sorry to hear that Hope you get well soon!,789.2143544853984
3931,art is calling! easter almost over school on tuesday,789.3768828252363
3932,"I like your new background. I'm trying to put a kerchoonz background on my twitter, but, it's not working for me",789.4389580434598
3933,"Hrm, your last two posts make it sound like I'm holding you back.",789.5650287065142
3934,wish i had some x,789.8193404155348
3935,"Anyone else having trouble accessing their @ replies? When I click on the link on the right, nothing happens. I can't access them",790.1257006446664
3936,"Blooming great, change of weather now I have a cold, just my luck, don't seem to be having much luck lately... life sucks at the mo",790.23844651306
3937,Living on Neurofen for another day. Please go away headache.,790.2654791849952
3938,i asked everyone how they were doing yesterday and not a single tweet back,790.7048829613404
3939,Cant wait I miss yal soo much,790.7803022236128
3940,House completly surprised me last night. I can't believe I cried watching an episode of House. So sad.,790.8061996502256
3941,"is sitting at home, copying presentation notes onto index cards. would rather be eating movie popcorn and ogling zefron.",790.8723400037779
3942,I hate waking up early,790.875631972449
3943,I hate going to bed alone at night,791.017783234108
3944,"Oops, accidentally installed WGA on my Laptop Vista install.. I had a pirated copy on there because my laptop is Japanese",791.0205850646229
3945,"Having casual, unprotected tweets with twats I'll probably never see again. My mom will be so dissapointed",791.1848072789217
3946,is home from Sydney but didn't bring back any doughnuts,791.438747575949
3947,Noooooo the orioles beat the Yankees 10-5 need to get to bmore to see derek jeter!!!!,791.552885276231
3948,MAKE IT STOP fu headache and cold why the hell do you come at such wrong times.,791.59494844882
3949,The rain is keeping me from riding bandit It feel like someone cancelled Christmas.,791.67981375258
3950,why is it so cold in the morning in april in houston,791.9607406503142
3951,@ doc appt #2 before our trip to suprise my baby boy 4 parents wknd. Wishing it did not have 2 be Easter wknd. I'm gonna miss out @ FRC,792.1248351510002
3952,Tony has changed so much. Why did he have to change?,792.1778826382127
3953,what? I would! And me horny too,792.2354614564517
3954,se cerrï¿½ to',792.306302825748
3955,I had to get an HD tivo and just got it set up tonight in order to get channels 40 - 59.,792.4380849141221
3956,exactly I dont want to think about tomorrow...so sad I guess the best things in life are temporary #asot400 asot400,792.4821791128724
3957,"Um, Tweetdeck is being difficult for me. Farmers Market today though!",792.4897562798208
3958,*cough*cough*cough* that's all I seem to do right now,792.6240863580066
3959,"alas, I have no Pimms",792.9742248973662
3960,Ask him why no-one is following me...LOL..I feel very unloved and lonely,793.2634330811878
3961,Wow! NW001/002 are now operated with A330! We can get AC power! cool...! But ticket price is hyper crazy expensive,793.2637457802952
3962,"I want to buy shoes today I had brunch w/my sister, my cousin &amp; a few girlfriends so I'm sleepy now.",794.5165850787043
3963,Suppose to be going out tonight but feel ill so it's Family guy marathon on bbc3 later and CDWM now. Rock and roll,794.8403243759025
3964,Why do I like to say &quot;record&quot; about albums when I am referring to an entirely digital thing,794.87751229122
3965,is getting to saint louis tomorrow!!,794.9599699088658
3966,Today is the day the government kills us all,795.281139594668
3967,"I was going to watch the end of the Mariners game (I have a thing for Kenji Jojima), but it's over already",795.4240898934056
3968,"wow, that was a great nap- wonder if the heart attack and the accident was just a dream? um... no",795.4431735299873
3969,... im not worthless,795.8050024239272
3970,leaving mexico in a few hours it was an amazing trip cant wait to come back!!!,796.1830438923158
3971,I have to go to school now,796.2444477907545
3972,F'n self-fulfilling prophecies!!,796.2903146399907
3973,"Desert + Running == Death. Hmm, I seem to have forgotten that little fact.",796.4535429908584
3974,ok... maybe i'll sleep for an hour or two. Then I MUST rise to work on my thesis,796.5579080571297
3975,"Missing the girlies- house is empty &amp; i've run out of Grey's to watch hmmm, what to do??!",796.7104184810415
3976,"Oh, God, ow. That must have hurt like a bitch.",796.9539388025477
3977,has a cold and is working... I sad...,797.3695123170811
3978,ive never been so sad in my life lets go back and get her!!,797.733013177935
3979,"last two weeks r coming so fast, dont want it to end",797.8526880611071
3980,first swim in about a year arms empty after 35 mins of drills and free style used to be able to swim for an hour plus,798.316264642562
3981,its amazing but i feel awful!,798.4206251781046
3982,so hungry...should have ate,798.5171457373732
3983,It's funny because it's true...,798.8997757080564
3984,back to the grind on monday...depressing,799.1328019775673
3985,really don't feel like getting up today... but got to study to for tomorrows practical exam...,799.3424096950063
3986,"Up and showered, now to get dressed for the late shift lollypop",799.6009394151803
3987,is having another crappy day,799.8100208546576
3988,i hate sleeping alone,799.9348004231474
3989,"People are Fucked up dawg, Caitie i wish you were here boo. [ily Fishy9.04]",800.171687340221
3990,Definitely not enjoying all this rain. Especially since my house got flooded.,800.4857646991345
3991,I hate Tuesdays,800.641114969848
3992,lookin forward to the day i have enough energy to stay up past 10:30 on a fri nite. not since 2007 will i ever have those days again?,800.701714803889
3993,On this and bebo...Sore tummy,800.9233106773821
3994,"Quite busy today, attended 2 appointment. Well, tomorrow going to be another busy day",801.1043806814633
3995,is out apartment hunting!!!! sidenote: sad dat none of her friends r on twitter...feels like shes talkin 2 herself lol,801.5276314563346
3996,babysitttinggg... ALL DAY. and my puppy's sick at least i think.. oy. gonna be a long one.,801.7490467528208
3997,"Arrrggh, #failwhale strikes again",801.8842719824363
3998,Waking up is probably the worst part of my day,802.0077224321093
3999,DC tomorrow... I m nt prepared!!,802.3671208121856
4000,flo the dog has had all her hair cut off she's bald!,802.3893747440212
4001,think i may have to go to the er today,802.5667283303549
4002,Stick with the Intel drives or the other ones given decent reviews on Anand or you will be sorry. I've seen so many bad SSDs,802.6993092407372
4003,Hurt my ankle. Have to answer phones,802.8162557215882
4004,"im lonely keep me company! 22 female, california",802.8527745470776
4005,At molly malones. My company is aggitated.,803.1179207261579
4006,"OK, I'll hold back the tears. C ya in Kansas City!",803.2416315330761
4007,"is warning you, if a physio tells you they want to do 'soft tissue manipulation' this, in fact, means they want to KILL you and be EVIL!!",803.2712933268947
4008,"Debating if I should just shower now, so I can sleep a little later tomorrow",803.5129683275072
4009,I'm up way to late to be working for a client 12:10 AM #fb,803.5390315349919
4010,"I was able to DownThemAll! before TA was able to delete my account. Didn't lose any photos, but I lost almost all comments",803.584901392342
4011,"Ok, no gold, Nate lost the first round",803.7354023069819
4012,awwww it'll b ovr by 2moro......damn #asot400,803.9934228078273
4013,Marley and Me should not be that sad!,803.9965929251904
4014,What is common between Chidambaram and George Bush -journalist-hurls-shoe-at-p-chidambaram.html,804.160180181521
4015,Got Back From Mah Lil Bros baseball Game We Won Last Nite Lost 2Day Ugh!! I Was Mad!Home Now Wit A Tummy Ache!!,804.2891421910768
4016,nice. tell deana i'm sorry i didn't call her.,804.3016274014303
4017,"hmm, my local copy of a site is having intermittent DB connection issues with a live DB server, yet the beta of the same site isn't.",804.3510916613186
4018,I just re-pierced my ears,804.4779386868811
4019,"Thanks man. That's what I thought, but PS seems to lose them when the file is reopened.",804.619192070204
4020,hates maths tuition on a holiday..wanted to sync my i-pod with the latest tracks nd podcasts ! Will have to wait until im bck #fb,804.808588540927
4021,"i suck!!!! how was last nightï¿½?! i fell asleep! never woke up, until midnight! i'm so lame",804.8628589222133
4022,still waiting for &quot;the noble art of irony&quot; ....that sucks....,804.8722425291985
4023,It's playing at the West End? Too busy seeing Equus to catch it before it closed. Blame Dan.,804.9834969540019
4024,DAMIT! That was my idea for today's comic!!!! Just wrote it down. Will give credit then.,804.9839384197643
4025,Oh thats great,805.1190198012788
4026,hey saw u guys play @ pushover..didn't get 2 meet u tho cuz of th HUGE line i was very upset lol..a msg would make up 4 it!,805.1329973895982
4027,Solo/Ensemble today and i feel like shit :/....i should of not done anything last night TEXT ME,805.2172811229331
4028,Jeff Gamet is out sick for this week's Design Tools Weekly podcast. I miss him,805.2410827030442
4029,doesnt youtube have videos?! I donno where it would be streaming live video sorry i am no help,805.6335089071071
4030,you aren't connected with me back...so I can't DM you...,805.679666368155
4031,is sooooooooo tired,806.1716476319217
4032,I'm sick Come take care of me? hee hee,806.3214412367273
4033,Do you want your possessions identified? No I'm still only on Level 1!!???! My Nethack Mojo has well and truly gone missing,806.8245662777146
4034,wishes Restaurant City or Pet Society could be ported to the iPhone/iTouch.,807.0991489500008
4035,"sadly, yes. i think i need counciling now",807.3928918215901
4036,is sleepy and hates Tuesdays more than Mondays. blaaaaahhh,807.4654459915257
4037,am getting myself to concoct long paper proposals,807.6309428987396
4038,That's quite a bad break. I drop my mobile a fair bit too.,807.8477863912063
4039,i want the sims 3,807.8968024356604
4040,sore throat!,807.9818449127678
4041,"How did you conclude that w/o any details? Anyway, I could barely walk by the end of the night. And yes, prob working too hard.",808.1523295147542
4042,SF is hard,808.1682384899116
4043,I'm afraid to fly too. I straight up REFUSE to get on a plane. It sucks because it REALLY limits where you can go,808.3085975190705
4044,about to file taxes,808.3391743446226
4045,immm sooooo lowwww,808.3587601072522
4046,"Hmmm, I'm on holidays, but working. How does that work?",808.4746505212553
4047,Britney was fucking amazing!! After we just went back to the hotel...I hate travelling with cheapos.,808.5220095710739
4048,Well thanks for the encouragment. I lost to the only good guy in my court. Rooting him on to win our whole division.,808.7616969245229
4049,upset that some of my favorite bands aren't playing Warped this year.,809.3595056792512
4050,yea it was - suns gone now though booo lol,809.4316493992606
4051,ooohhhh! finally call vodafone to sort out new handset and they don't have it in stock... might not get in time for hols...,809.8149267315517
4052,"Thanks for the invite, but no bowling for me today.",809.8525371378903
4053,At airport having a glass of wine while waiting for flight....without my gooder,809.9173258543891
4054,'s WoW skillz are a little rusty.,810.0095935008283
4055,they threw away my water bottle annoying on more than one level.,810.4858186711326
4056,off to work,811.0558828879703
4057,is going to have another busy day at work,811.1511088672021
4058,finished off da heavy packing..cannot sleep though oh well ill just hang out,811.3168165440134
4059,wondering where this cold weather came from,811.4984881745962
4060,"SOMETIMES YOU HAVE TO SMILE, PRETEND EVERYTHINGS OK, HOLD BACK THE TEARS AND JUST WALK AWAY",811.5390178856132
4061,glues not coming off. it is sooo irritating,812.0415361406442
4062,"Yeah, I've heard that method is the most effective. The Indian food I had last night sure didn't do the trick.",812.1831126835426
4063,You were amazing Rach! Thank you for the music! I waited outside but you never showed up! There's always the next album!,812.5744397247948
4064,I am not a fan of sleeping alone baby boo,812.7796873327976
4065,I need SIMS 3. Gaah!,813.1553930236535
4066,"Glad you still like it! Still want one of my own hahaha, but i don't have the time to make one...",813.3364763640524
4067,"- I hate pet-stores, I mean the fact that the animals are in cages But check this weird-cute puppy out, fell in",813.5354868254951
4068,"Aww, you've ruined my evening",813.5769356153778
4069,i miss my kitty cats,813.7022438280723
4070,Kumar died #House,814.2956495369363
4071,&quot;Flight of the Conchords&quot; suddenly disappeared from Spotify,814.8499136357038
4072,chillin chillin my kitten hurt her foot,814.9443151877606
4073,i wanted to go to that but we thought it was tomorrow!,815.2860767459132
4074,"i wanna write, but i'm not cool enough to make up a storylineee.",815.9200187884944
4075,has the night off to do school work... there is lots to do.,815.9943736303409
4076,Laying in bed unable to sleep. Very sad and caught up in thought...,816.1669425247419
4077,"...and, India missed out its 100th Test victory n 10th consecutive win without a loss.",816.2181254646218
4078,Noooooo! One more day of 'Freedom' then life gets tough again... I don't want to go back and I will try everything to stay at home...,816.2848103235898
4079,I was thoroughly disappointed at tonights Britain's Got Talent. It was nothing like last Saturday Will miss it when I'm back in NZ,816.5103752636201
4080,Yummy pizza for dinner. Top of mouth burnt now though,816.6266996470863
4081,today i wish to get out of australia. tomorrow i will have the same wish,816.6698013584668
4082,Ah...out in round two.,816.7483498225444
4083,is really fed up,816.9256909465734
4084,got some bad news *cries* Can't go out now,817.1803725252622
4085,I hate money...,817.182018465578
4086,week off sounds so good but sucks with no cash gonna have to watch all of heroes ha,817.2505747312529
4087,"Had a great night last night, except for the fact that my bike was stolen",817.5351754795145
4088,"I'm ok, thanks so much for asking Sorry I can't respond to DMs atm - darn TweetDeck is playing up",817.7133648755167
4089,I wish I could have been there! I'm bummed hope you had a good time!,817.7238274816391
4090,"WHF?? T:SCC killed Derek Reese (Brian Austin Green), I actually liked that character!",817.9744277334081
4091,Stuck in traffic on the Cross Bronx,818.0984081643146
4092,My son has milia...baby proactive anyone?,818.41079159761
4093,"wow #epicfail on me. I did a search for epicfail and didn't see many entries but apparently, it's widely used. I'm depressed now",818.4451023720457
4094,NetBeans updated and is now completely trashed. None of the default modules now load. Looking at complete reinstall,818.4497996070423
4095,I call white castle burgers Belly Bombs----so yummy but 15 mins later my stomach is aching!!! Might be that I just ate 10 of them,818.5898621032779
4096,no-ones tweeting,818.7952574851238
4097,I'm sick and broken hearted not a good mix!,818.8460270792237
4098,just got pulled over! i guess the whether had me way too hype! lol listening to that dern Juice Man!,818.9334245669148
4099,Soooo....who moved my FrontPage case? I need my key...please give it back (pretty please).,818.9890741291698
4100,you swallowed another hair,818.9923103892712
4101,and its done now i need to curl it omg i need someone to do this for me then my make-up then get dressed then tidy up ... all befor one !,819.7577989084226
4102,OK. Got to go 2 the gym now. Streamyx really hated us 2day...,819.7694604721572
4103,"wow! i got sick out of nowhere and now i cant think straight....and mtv hasnt posted the hills online, wtf!",820.0912203097146
4104,Well Monty seems ok now. Hyper in fact. Ii think it clicks back in,820.4947694724091
4105,Damn us and our sickly bodies! Lol. Ouch i hurt!,820.5320191746755
4106,"After watching the F1 qualifying and procrastinating doing various things, I'm finally cracking on with some coursework.",821.0421960727341
4107,Graphics card don't work - some kind of conflict or something,821.2446677553039
4108,I am up in West Branch at the lake with the kids.,821.3554499661738
4109,"can't wait for the deets, all alone in the newsroom writing about Delrisco with a little vino and a little coffee",822.0505731244591
4110,"renting.. but very cheap renting, and awesome house. We had 3 buying attempts fall through",822.0854477528894
4111,I'm freaking out about Zachy going to the dentist I wish he didn't have to go thru this. I'd like to go outside but house is trashed.,822.1015599467229
4112,"goood morning sheffield, who the fuck text me this morning? a kfc and 3 mc'ds in 2 days is not healthy",822.1089684763684
4113,just found the most gorgeous pair of vintage dior sunglasses... they are ï¿½125 though,822.256959663247
4114,agreed,822.2818341810945
4115,In the UK you need an appointment to go to the apple store!,822.7607262923678
4116,on my way out with gonna miss,822.8722159725103
4117,whose evil plan? lol no the evil plan is having no date ugh lame lol... i guess... idk my school is lame,822.8862792163611
4118,noo... It's rainy!!,822.9445248292369
4119,i hate being sick damn cold,823.211379302044
4120,"This is like my fourth visit. I usually feel pretty good right afterward, but I don't know if it's helping over all.",823.3392149256994
4121,it so tired that im crying for no reason at all. im about to try to get an hour and a half in for tonight. half what i got last night.,823.5086537516055
4122,I think my #macbook is demaged Got a green line on the top. During a reboot I can still see my last screen...,823.9456046848907
4123,OMG... I forgot our pretty and delicious APPLE...so sad,823.9590018745082
4124,There is pollen all over my car but it does NOT feel like spring.,824.009470908222
4125,missing my boyfriend who im on the phone with but its just not the same TWEET,824.1945121080084
4126,/ Great. That'll make for a long adventurous commute!,824.2587865509731
4127,"The gassy girl wasn't there, and new girl did so awful I want to cry!! Not even Coffee Coffee will make this better.",824.3005770975033
4128,"I wish, but no more tickets we'll watch it tho",824.4378399049228
4129,Hey everyone... Have a good weekend... it's a dull grey day here.,824.90395893155
4130,the notebook so sad.,825.0535242289953
4131,can't believe that i have to wake up so early on a saturday!! wtf!,825.055581122686
4132,Is not going to sleep tonite.,825.1087126674621
4133,I just wanted to say how amazing your Wolverhampton show with the Script was. I can't come to your next show Gutted,825.2032495030322
4134,"I Still Cant Find My Phone , And I Cant Call It , Cause Its Dead",825.3811466613816
4135,"Finger hurts, can't sleep even after my vicoden &amp; alcohol combo...",825.8675487181
4136,haha i already did im such a bad student.,825.9882079861068
4137,Jake is spending the night at Nicks bc we*re going out of town tomorrow and all I want to do is cry I miss him......goodnight,826.3099732261057
4138,"girlfriend having surgery tomorrow, let's hope this does get rid of the goddamned abscess",826.4643916067303
4139,"I can't believe that it's cold outside and it's April! It's Spring, but I had a hot winter, so now I'm going to have a cold Spring.",826.5201059361714
4140,Still at 151; disappointed with how badly 256kbps shoutcast works on my phone over 3G,826.5950516064371
4141,Riry is being a pain and nomming on my hand. Should not have sprayed her with that cat nip mist as a joke. now she is craaaazy,827.4397813804377
4142,wasting time.,827.5525879096002
4143,sad to know arsenal lost to chelsea in fa cup,827.6518951919254
4144,"Haven't tweeted nearly all day Posted my website tonight, hopefully that goes well Night time!",828.134717622995
4145,WANT MOOOOOOOOORE #asot400,828.6965050367874
4146,"preparing for d bournvita quiz contest,i've got only 2 days 2 do so! .",828.8257366378616
4147,Tuesdayï¿½ll start with reflection ï¿½n then a lecture in Stress reducing techniques. That sure might become very useful for us accompaniers,829.0580650375354
4148,is super duper sad i can't go with vanny and michelle to the mall,829.335717861231
4149,"the new eminem single, &quot;we made you&quot; it's got zero plays on aftermath's myspace, i wanna hear it soo bad",829.4658386629197
4150,my mom has it. I wish you the best of luck,829.5827251006348
4151,I.m terrified of bee's and i can't get my work done cuz there over there,829.968381753822
4152,Waking up to say goodbye is never a happy start,830.0019830285198
4153,Is thinking she should get some work done ! ah well and needs to sort out her costume for drama exam and theatre performance !! xx,830.2980065523091
4154,no bloody poptarts at the co-op. i hate random cravings,830.422247788239
4155,wish i was goin to spain,830.5052062393082
4156,its amazing what a bonehead I am sometimes. I need to start paying attention I think.,830.599935045241
4157,It's getting yukkie and chilly outside Well outside enjoying what's left of the sun while I can,831.3299523753235
4158,i wish i had money to see Death Cab sunday tomorrow,832.173837743092
4159,"Hey peoples...I am working on homework Sucks but it will be worth it in the end, I AM A PHOENIX!!!!",832.3276401480235
4160,is working at Region 5 Gymnastics meet while everyone else is enjoying the beautiful sunshine!!,832.8218709921103
4161,"Texting, e-mailing, tweeting, and so much more while waiting for phone to ring with news from far away.",833.1946214590336
4162,"Have 100 followers. W00t! Probably all SEO spammers, though. Bah",833.3296945776411
4163,i lost my cell phone. gunna go hangout with my friends again. peace out girl scouts. lol =],833.5522009693562
4164,"Wow, last night was the worst night of my life",833.5859550446978
4165,Think I saw some magic on Sunday against Salford - I saw Hull FC come out onto the pitch but after that they vanished!,833.6059095416515
4166,am sad my sister and niece have gone away,833.884764686322
4167,Won't be tweeting much tonight Maybe all tweets will come out in form of Tweet vomit later at about 1 in the morning.,833.8975871222801
4168,Going to Gulf Shores. But not for fun. For work,834.0134723337808
4169,The music in Arbys is depressing.,834.3284965021398
4170,april use to be my fav. month,834.9404257298944
4171,Sad movies make me think of things that I don't really wanna think about,835.655360626933
4172,"Aw balls. The new shirt I got at Aerie today doesn't fit. I wear a medium, but they only had a small in the one...",835.7123050714683
4173,I really luv and I wish he would reply..!? MUCHA.. MUCHA..!,835.8281585368779
4174,aren't they always? remember the college. the 'private' connection used to block everything good.,836.3573240714604
4175,Is searching the job boards for new and exciting opportunities and turning up nothing,836.6908007790391
4176,dreads going to work with Bill and Lola!,836.9073717514976
4177,WHY is our line is messing up,837.0236562251915
4178,Soooo hungover. Still. Horrible night last night,837.0722725247061
4179,Done with breakfast. We're out of Milk,837.4254351261158
4180,"_secretgarden_ I haven't gotten any porn spammers I don't check my followers, but haven't had any tweets like that.",837.7974492617873
4181,Just watched this week's episode of House. Oh my God - it was so sad made me cry.,838.0589692573897
4182,"Back from italy, suffering the consequences of coming back to cold weather again",838.2785591848117
4183,grrr my tv signal is really bad! its not even picking up one single channel,838.3175692575766
4184,You're a stranger,838.3426693286807
4185,"my thoughts and prayers go out to the people affected in the earthquake, Italy",838.4429247432837
4186,Clean Me!,838.8089768365899
4187,I'm at work ...although I do have a day of tomorrow!!! yay! what u doin?,839.2926875449534
4188,Missing the fab five,839.3083759491489
4189,Cost of 5 tickets to Monsters 3D $56. Popcorn and drinks $24. Fried chicken for Big Sarah $12. Spending quality time with your fam $112!!,839.415367103061
4190,"Bummer...can't get in to see my bf sing at the Ernie Els gig So i guess it's just you, me and my dog, Pockles, tonight!",839.4795139788296
4191,"Ah well, Neverending Story is a worthy winner... Was looking forward to reading your analysis of the Arkwright books though",839.6284508947515
4192,Watching &quot;a league of their own&quot;...makes me miss mint chocolate ice cream cones and my grand ma fuck.,839.6731435016803
4193,sick all day yesterday with the flume so upsetting. watching pretty in pink right now to recover. this movie hurts me.,839.7467910507129
4194,Cant wait to see my man.... I miss him,839.8706199915512
4195,"clouds rolling in, hard to believe I got a little sunburned today..",839.9559232802666
4196,Not drunk at all,840.1447879237656
4197,ughh don't do dat -falls on me ass again- brb,840.1708352801079
4198,"~Yawns~ Grrrr Darn the Early Starts! I don't like getting up before the sun, its cold",840.2216024672587
4199,is watching the hill . . .and its making me sad,840.3113861724528
4200,"just kidding man. RIM doesn't even have a sync client for Linux, and the opensync package sucks at least it can charge lolz",840.3747613598185
4201,Already hungry for lunch and it's not even 11:00 am yet.,840.4673334881063
4202,My baby turns 9 yo today! I'm feeling a little old!,840.5080249993056
4203,I'm losing followers lol,840.6330274394994
4204,Awwww! &quot;Our state is better than yoooooours!&quot; *grin*,840.780584013233
4205,Can't sleep I close my eyes and all I see is work and a billion ideas moving in all directions.,840.8388208220296
4206,"wow, welcome home eh that's well shit, especially just coming back off holiday!!! Some fucking people!",840.8661232258363
4207,Trying to add Transporter 3 to my DVDaf but they only have the DVD version,841.0142424631167
4208,most confusing hour of my life.,841.1237520620635
4209,I know! I went and stood on the balcony but it had already moved a few houses further up,841.2696699198314
4210,Nothing was sick all day it sucked im just up late cant sleep,841.2964126508829
4211,i dont think i can cause its my cousins birthday party,841.4263512790446
4212,"OMG recap Sorry you had a crazy day, Laura!",841.5266670934396
4213,Yea this is NOT normal,841.7806258317688
4214,I lost my voice. if anyone finds it please let me know.,841.8210619429609
4215,is not happy with his team,841.9615699613615
4216,she sed puerto rican,841.9661144520163
4217,have got a slight hangover,842.0326843581878
4218,"my baby boo, love of my lfe, best friend evar is finally tweeting. or twatting.",842.0544639816025
4219,me wants beach,842.1711604884789
4220,"oh everyone is going to sleep, how much i wish i could its only 4.45pm, and im @ work!",842.2061474475965
4221,"eating breakfast, work at 1....",842.3059524158908
4222,I'm having such a hard time dealing with everything I can't help but think about her alot :/ I wonder how shes handling this. Is she ...,842.3070714550106
4223,is working on sat when who is on,842.4630476462819
4224,Best place to be! Much better than a silly office Although it is sunny out so a beer garden would be great right about now!,842.5244341779847
4225,"Off to London for the day on Thursday, it's gonna be raining, oh fab won't see much on the London Eye! Still Robbie won't care bless him",842.8761097900301
4226,"im lonely keep me company! 22 female, Duluth - Minnesota",843.0029606209482
4227,"I know I'm a loser, I really feel like crap. how's it going?",843.1867416217152
4228,"I bet you are I remember Easter as a kid was so excited, you'll have a great day!",843.1992515677763
4229,"no, but my blackjak's media player is corrupt (even tho it's in ROM) so also won't ring. They say I need to get a replacement",843.2793847266646
4230,I am having my coffee. I see frost on the car windows I suspected there would be some this am. I hope I am not so tired today.,843.4447804876862
4231,has to do coursework today,843.5353777286269
4232,sorry to hear about your dog.,843.5821946893908
4233,"it's good, Ken. Sorry, I still don't really get this whole twitter thing and didn't know you responded to me",843.6047804906752
4234,oh no!!!,843.7190590036516
4235,Just been the docs &amp; she give me some antibiotics for my throat. No alcohol for a week,843.7248556141161
4236,they ignoring me,844.488396433049
4237,I really hope I dont forget Im wearing contacts ... I dont wanna end up with swollen and sore eyes tomorrow,844.5303775297539
4238,I feel like I am the only &quot;twitterer&quot; not on TweetDeck.,844.8790557436675
4239,"Your show is whack. Way worse than whack, it's wiggety-whack. :*(:*(:*(",844.9175316924554
4240,I heard somebody is going to be killed off of CSI NY!!! NOOOOOO so sad,845.9035660876597
4241,"im lonely keep me company! 22 female, Detroit - Michigan",846.6242758488341
4242,my brain is mad too. but i don't imagine as mad as yours. *pat*,846.7928801124928
4243,and i still want to go pleasure beach at blackpool,846.9536651246483
4244,"Due to my watching YouTube videos wandering about the premises, I missed an opportunity to smoke a clove with my baby on my lunch break.",846.9972849185326
4245,Waiting for my love to get home... and getting sad that there won't be hot cross buns after next week!,847.5728617185569
4246,Dear FBDimms please give me my 4GB of memory back.. I used to have 8 Running 90% full = crippled PC,847.6156591165012
4247,"I dvr'd it and went to watch it, apparently the dish network went down SO I MISSED IT I will have to catch a rerun!",847.6692032048412
4248,i'm moving more of my stuff to my parents house tomorrow... and telling them that I'm giving Izzie up. sad day,847.9471384921701
4249,Now I have to wait for her she says.,848.0428331314355
4250,"Hey gorgeous, what is going on this eve? I'm at work hella bored. Phone battery is dead xxx",848.4690738119518
4251,"Recovering my PC from an epic hard disk crash. According to the program, estimated time remaining is 1012 hours, 7 minutes Wowza...",848.5607254419064
4252,sadbean.com,848.5893181407905
4253,i can't believe this cough!! i've had it for three weeks,848.7131481353836
4254,I know that would be so sad,848.8307464931322
4255,Ergh I feel like crap...I'm so sorry,848.8854591201147
4256,lol I bet. don't want to go to work xx,849.0150523626223
4257,You just have to watch it!!!,849.5120116302508
4258,will be going to dentist later in the day for braces readjustment,849.5224940426011
4259,Is there a way to save a copy of a PM sent through Access? I don't think it saved the one I just sent.,849.6094362993659
4260,sing away... (wish it was to me....),849.7279547936301
4261,"Nice morning for our walk. A breeze out of the N., clear skies. Still not done with the taxes.",849.7656962301571
4262,jealous of my friends who got to see the new Star Trek film in Austin tonight.,849.9347518035758
4263,"im lonely keep me company! 22 female, Ithaca - New York",849.9392335903792
4264,And I am now a division of one,850.0733856104733
4265,My little boy has the croup () again he was coughing all night...,850.1991550911463
4266,Poor cubby...he got called in today to work at the library.,850.2333084181771
4267,Why do i fly US Airways? I think only 1 in 10 flights are on time,850.4329676984188
4268,why is it sooo hot,850.9000771908875
4269,crashed two time while creating new note after my last update... (Mac),851.212368527855
4270,how I wished there were zune for mac... not liking to have to move to use windows for interacting with me player,851.446209415578
4271,It's snowing! Really wish it would stick though,851.7385651293757
4272,I hate my life. Why does school exist in my life. 3 days.........,851.7943189413108
4273,LMAOOO mornin baybeeee. Don't lie?! A peaceful journey?! My train is straight boring not even a hooded teef in sight.,852.049884079903
4274,In a big hurry! Late for appointment due to my work on my site,852.057061337354
4275,been to barnard castle and bowes museum. got a mountain of work to do,852.1904947225776
4276,haha its so cooooold in the d! and no but you should still go to the show. they do some incredible stuff,852.2475482549243
4277,i didnï¿½t even get an answer if he will be in germany........ hahaha.,852.2640057494782
4278,Broke my tooth yesterday it feels like it's spilt in half.,852.4807091622282
4279,ul man,852.4972219521496
4280,NO YELLING AT YOUR MOTHER,852.5940020558025
4281,"Heard AT&amp;T selling mini laptops for 50 bucks. Got excited, then learned that the special was only for Atlanta/Philly.",852.6024958648144
4282,Aw he just won an aerial :-O,852.634897075759
4283,says im scared for mock exam on monday,852.6521623586634
4284,The ONLY negative about my new Panera office? The elevator music...snore. Kind of annoying actually. Forgot headphones,852.6703599539862
4285,It's cold out and my breakfast sandwich is hard,853.3734077845652
4286,I can't believe I am bored already,853.4092853701193
4287,"Signed up for classes bright and early today, turns out I have one on the other campus next semester Its the only class that day though!",853.6814680956074
4288,oh pants! I'm hanging out with the old folks back in England Defo b up 4 1 when I get back. tho,853.7485532394123
4289,COME ON CHELSEA!!!! WISHING I WAS WATCHIN' THE GAME.... LOOKIN' FORWARD TO SEEING THE BOYS TONIGHT AFTER VICTORY IS OURS....YEP YEP! X,854.0707024512149
4290,"its morning. way too early. way too little sleep. really dragging myself to the gym, and I don't have my mp3 player. this is gonna suck.",854.1084195072716
4291,"Coffee &amp; Carrot Cake Slices... Mmm, still lost for ideas for art help!",854.4324869046817
4292,Are you going to let us know HOW exaggerated it is then?,854.4734296615043
4293,Left my coffee at home,854.609444642537
4294,Sitting here wondering why &quot;ED&quot; still has such a strong hold on me,854.6215288323125
4295,"ME ME ME!! although, from Cambridge, to be precise. i want Mr.Sam though #asot400",854.668799121416
4296,I have few followers....,854.7036484060111
4297,Wondering why we have snow in the springtime Chillin inside 2 day,855.0714199315474
4298,green tea with lemon..YUMMMM!!! Wish I had peach detox tea,855.1545130576081
4299,I get to wear a skirt again tonight! yay! my wonderful pants are dirty,855.2318421000491
4300,oh dear lol the trailer looks alright. May have to watch torchwood trailer again...,855.3154840780803
4301,this week is not going as i had hoped,855.8454168666503
4302,"Pizza Hut,well so much for the new deals Waited 30 mins to get served,and then guess what no pasta no salad and 30 min wait for pizza",856.2609238704084
4303,someone stole my iphone lastnight! im devastated i cant beleive people are like that man! seriously!,856.3684043450876
4304,"traffic not as bad as normal, so super early for meeting",856.4329645591033
4305,Thought this being a 4-day week would make Tuesday more bearable. I was wrong,856.9103738840674
4306,"Why did I ask, seriously? Asking always leads to answers I don't wanna hear",857.2562816632554
4307,"doesnt everyone, exams are so close too. It sucks",857.4729503059207
4308,this request show is pointless. you have like a million people requesting the jonas brothers but you still haven't played them,857.528821979038
4309,I get like that when I am around the sweets! I just love them so,857.7928936847267
4310,The Estate? What's that? Really don't go out on the wknds cause I work,857.9660735777921
4311,"lol, i still gotta work. always do",858.4487139494124
4312,no time for breakfast...,858.5376064442142
4313,has much to do today before her housewarming party! And she stupidly picked up a shift a month ago and will be hosting til 9 (hopefully).,858.912775187394
4314,one less follower tonight,858.9752066041812
4315,Seriously having to force myself from doing the music today. Term papers are unfortunately more important today and that's not fun,858.9937212568483
4316,here at the house..jus came from the hemotologist.gabbers is good..now focus on kilo..pray for my baby boy,859.012248142009
4317,don't know - I would suggest US$ -the site itself is registered in europe somewhere - but is not EU$ - so US$ would be my guess,859.1035110573366
4318,Oh no - it's all gone to shit,859.3725337109878
4319,"When I tranferred kbcafe.com to GoDaddy, Network Solutions immediately erased the DNS settings on the NS causing an outage",859.8401732391859
4320,But unfortunately I'm going to the beach that day,859.9728569479432
4321,....i just got real sad,860.001195450802
4322,"Can't belive it.. We're home!! So sleepy 4 hrs today.. in Round Rock, TX",860.1775379630435
4323,we use to have an amusement park here that always smelled like vomit. I miss that park.,860.243090390283
4324,and i didnt end up seeing it bumma...some ppl are being a pain,860.2497190874581
4325,"Have fun! I, on the other hand, have a boring day. I have an exam in the afternoon.",860.2745977196422
4326,i wish i could afford to get my wisdom teeth out..they are killing me this week.,860.3485347250563
4327,sigh me too mostly i miss hsnging out with my friends damn growing up : p oh yeah i miss being able to spell too lol,860.6162113292538
4328,I'm held up in LA,861.2659669809565
4329,Why is it that when I'm really in the mood to rp everyone dies on me?,861.406220632765
4330,I had a wonderful cat for 20 years. She is in kitty heaven now. But we have next door little girl with allergies,861.8715239226368
4331,"it's beautiful out, and i have a 30 page outline to do",861.882824217646
4332,yeah got no choice.. 5am not to study.. 5 am to reach class on time for the paper hows eco treating you?,861.9660287219556
4333,NZ the place to be! Miss my own bed a bit though,862.0117103294474
4334,but they don't care of the implications of that information. Frankly too few care about sec when lives are at stake,862.0324315876862
4335,"o that's fantastic. i hate timesheets, but they are forcing me to do them now",862.2568698858156
4336,"Photo: got this from marjï¿½s multiply. awww, iï¿½ll miss you masci,",862.9186302837334
4337,Thanks! R &amp; R is my original on the album. I just realized that u r in Finland and lastfm is going to be charging there soon.,862.9580434217179
4338,is very tired and has no energy as she has the cold,862.9910965942049
4339,where did spring go??,863.0744461614555
4340,Normal Grading system vs Asian Grading system. LOL ITS SO TRUE I went through that,863.4158214932595
4341,This is a bad time to be hooked on Twilight..........11 assignments due by May 29th,863.4779597472818
4342,"Just uni, ruining my life as per usual",863.9612174805073
4343,w/ every person there. I didn't get a pic my phone died but he signed my shirt so amazing words cannot describe should've skipped mel lol,864.2120650819537
4344,trying to write an essay in english. Painful,864.4312359906357
4345,he's so sweet. not going out with his friends to sort out things with me. I don't think it's gonna work out though. Too much has happened,864.4449749587282
4346,happy birthday love sorry im late i hope u had a great one love ya xoxo,864.4467069110163
4347,I knowwwwww I sukkkk !!.... .. Take care of my gurls ...,864.669895398118
4348,hmmm that's a good question! -I'll tweet you when I do! I wish I could go on now! x,864.8180337958544
4349,hmmm well good luck with that.....,865.2692582485865
4350,is awake at a sensible time and is doing alot of coursework bohoo,865.2993871273892
4351,"As one of my 10 followers, ,do you fancy coming along to my son's christening 1st birthday and christening party in june?",865.6498389744588
4352,Can't find my brown shoes.,865.7067154199312
4353,i miss my mum havent seen her for almost a week and i still have to wait another week she just called me i miss her,865.7177083706281
4354,will have a photoshoot on hmm...Saturday??i think i can't..,865.8373435680542
4355,i dont understand. i didnt mean to break anyones heart.,865.9713023710187
4356,went with the kids to go watch 17 again!! it was way better than i thought it would be but Alexis threw a fit and didnt get to finish it.,866.0299677652491
4357,my sight is blurring a little bit lately... i hope i dont need glasses,866.2193007491481
4358,ARGH finally figured out whats killing 'Inquizitor' games on Jailbroken devices. About 30 1 star reviews too late though! Fix on the way,866.3801267465255
4359,Rain hope it stops soon,866.4014336531508
4360,I wish I could install Japanese input on Windows 7 beta,866.5849947898878
4361,Busy day... going to the Doctor now...,866.7108475408339
4362,heeeby jebus im on twitter but oddly no one else i know is seems a lil pointless,867.0270527315664
4363,"sorry hun ! kids screaming grrrrrr, I would stay up but am feeling poorly promise i will play another day xxxxxxxx",867.1482398078477
4364,"ooh...hungry... before anything creeps out of the kitchen with legs...and/or arms...*attacks fridge* ah, cold chicken how exciting",867.6193707329988
4365,hates the waiting game. she hates uncertainties too.,867.8960881988129
4366,I am fine thanks - tired,868.706408355605
4367,Is never going to drink again .. I make an ass out of myself,868.8319011913762
4368,"wants her step brother home im so worried, you dont even know. i hope he knows how much i care for him...",868.881015786379
4369,"who made this mess?! oh yea, i did crap. cleaning...",868.9337404419388
4370,Just got to work a 1/2 hour ago.....wishing i was still in bed,869.042432040074
4371,Playoff time!! Kinda weird not watching the Suns. Let's go Cavs Bron Bron needs a ring.,869.1732282577825
4372,yeah i think i will have to do that as well i am working at K-Mart tonight.,869.1807274575136
4373,In the Apple store today Jack said &quot;Mommy I have to pee...Awwww too late!&quot; Opps!,869.2210370715572
4374,Singapore is too boring,869.3369189848784
4375,using twitter for teh first time and that too from office... waiting for other members of car pool to be free...,869.4101438188643
4376,work work work. need i say more?,869.6506194016614
4377,no free comp lol,869.741982761026
4378,So yep got about 2 hours of sleep,869.8263712427657
4379,birthday party turned into puke fest for my 4 year old,870.1582997985064
4380,does not know how he got home last night,870.3708099152735
4381,Dammit... I need to stop buying furniture,871.6807167855925
4382,"were you having sushi????? I miss sushi sooo bad, haven't got any in way too long",871.8802929875292
4383,"GreaterLansingWelcome back party for the Spartans! Breslin Center, 10:45 this morning! Team arrives about 11:15 a.m. Wish I could go",872.127903047597
4384,BOB SAGET!!! I'm jus bout to go to sleeeppp I think ;( blah,872.212289389267
4385,at this rate i'm never gonna finish all of my papers,872.4351273307461
4386,"IM GONNA WAND YOU TO DEATH. Makes me want to roll a mage rofl also, ?v=XclDFI02X-Q",872.5454772708596
4387,"A few catering gigs, very cool, getting ready for the normal week. Working on Easter.",872.6766180857383
4388,"it is, but alas, i am stuck inside doing college work x",872.9728650630523
4389,I miss my Sister. why'd she have to move to stinkin Alaska?,873.0352328733735
4390,"yeah, well my son is 10 and its like he is 3-4 6 year olds some times But we are in therapy with him. I am hoping that helps",873.0408301315653
4391,yeah they're gonna put a forever 21 in its place. I miss that store. so many memories.,873.5602739520843
4392,didn't get shit done today ~ i'm so screwed,873.5822839742094
4393,I have mouth ulcer so painful to talk and eat!,873.9458115480985
4394,is depressed he isn't going to be able to see David Archuleta.,874.0305036196496
4395,"baby, it makes me feel sick looking at those buzzing bees........................",874.047640942387
4396,Im up guys lloll,874.1212348311637
4397,"Yeah, she's lovely, it hurts to hear her calling for the others though she will be fine in a couple of days I hope.",874.217235448808
4398,I'm back from library,874.4364065091169
4399,is very bored in work,874.955988763478
4400,working is crap.,875.1005353452317
4401,ME...I'm up.,875.1282493033452
4402,OK-I have to get off twitter-got 2 get up early &amp; take one of my teen-kids to dentist-has 2 b on a Sat. Holly asleep by my feet-poor pup,875.2753588172449
4403,LOL im trying to be too but for basktball but idk i like it sometimes LOL,875.3660750012998
4404,rainy day. so bad. (trying to make my hair look great -_-,875.3748538788134
4405,"Guten Morgen. Up and off to get ready to go to Phantasialand, Cologne. Yay! But booooo, last park of holiday",875.6650405680779
4406,Scratch that: du in heif (two in a half) cookies. My tum just can't take anymore shoog. Poots,876.157113984068
4407,"|H|ouse made me sad. Oh, Kutner",876.3286656685991
4408,"haha well what makes you think you don't use big words too? SADISTIC! :p what did i say any way? and no i don't, sorry babe",876.6214788206338
4409,"yeah, there used to be Solo in Truro, that's closed down now",876.6220861032938
4410,I often feel like I'm going to have a panic attack when I have to register for classes.,876.8070666268691
4411,lol im sorry! love ya! stupid dating coach that makes me feel self-conscious about my hair,876.8188218440771
4412,I cried when I heard the girl from Tracy was found today. It was soooo sad May god bless Sandra Cantu.,876.8233938339293
4413,At Thunder! But they are telling people to take their tents down. Well we aren't until all the other hundreds of people do! So there.,876.9683425494986
4414,aww i already did,877.2360780602518
4415,i dunno how to use the forum and i get frustrated with it. i'll miss talking to you on here.,877.4121620874713
4416,So the money they hid in Golden Square has long gone,877.4524400076783
4417,"oh gosh, please be okay hunwick. ruptured spleens are bad news bears",877.5909840406426
4418,I cant give up smoking... I tried but it's not easy..,877.6018737464528
4419,been shopping then got home to fine i have no drink,877.7845245584475
4420,"sorry, twitter was having issues last night. You picture dissapeared",877.9661404782464
4421,Hello everyone! I'm sorry about yesterday all my updates kept disappearing.,878.1432394752694
4422,feels lonely every1 is going bk 2 uni,878.409887265361
4423,trust is hard,878.5149079872558
4424,Day One of the MS 150 canceled.,879.0079167415523
4425,She's not coming down until May 4th now,879.0204075191531
4426,aaaah.. jadi tiba2 pingin butter sugar toast huhuu,879.1721356156966
4427,Hates the cereal at the end of the box,879.4433566190004
4428,pssht! i miss u! u don't respond to me,879.4479844856862
4429,what is this?? I feel hotter.. I'm sicker than ever,879.8503063931802
4430,"Also, Rivers and Spires will probably be rained out. Rainy day and a goiter.",880.0172052955039
4431,Alcohol + Deadlines =,880.0640808836971
4432,"really want to go v fest the saturdays, lily allen, lady gaga AND katy perry! not fair",880.2158680931141
4433,firefox e lanati ! hey crash hey crash!,880.4944370201235
4434,Wahh no CSI anywhere! DVR'ed I Love Money 2 though - gonna watch it then sleep - Goodnight Tweeters&lt;3,880.4979063362392
4435,couldn't climb due to the rain,880.8611614457343
4436,"Watching Dream Girls. This movie reminds me of someone. Gah, I miss my Loser buddy.",881.1650061130537
4437,Working...and hoping feels better,881.3949755505857
4438,Setanta has now encrypted on Sky,881.4153343087638
4439,watching Holland's got Talent. I so wished we had a Susan... I can safely say we don't,881.4297705839341
4440,i don't want a friday lab next semester,881.4375524037774
4441,No more hassle with vintage instruments Good thing you (the band) help keep the flame alive.,881.7441448195204
4442,I still have major belly itch. Bummer. Dagger is getting a haircut tomorrow. It's cold in my apartyment. My toilet won't stop running,882.3018658246273
4443,is still feelin sick...worst than yesterday,882.438536575905
4444,'study group extraordinare' about to leave campus...some of torts outline finished-good thing-but sleepy as h*#@...will be back@ 7am,882.467633252272
4445,my paronychia hurts,882.5015902805916
4446,Meet Bingo my friends wendy puppy. He looks like my dolce right?,882.6255862946919
4447,ill test you if you want but i gotter get off computer,882.6409176159121
4448,gonna go read out in the sun for a bit then work at 4:30,882.7518999794622
4449,"im lonely keep me company! 22 female, Charlotte - North Carolina",882.7830082591485
4450,Why is it I feel unwell at the weekend when the sun is shining?,882.9220428152837
4451,I'll have to say no...,883.3537051627435
4452,In savannah wt the other family,883.437329302779
4453,Leavin for shauns. fuck grandparents get around slow. text me or tweet me. you stopped textin me,883.4423687224744
4454,i have a phobia of owls tooooooooooooooooooo!,883.4747231425006
4455,so sucks that i cant see MIA and lil wayne do sunshowers,883.756169044768
4456,"Still watchin the Cards, ain't looking good.",884.1874974250969
4457,i miss the molly song! and ALL of your songs,884.5122619785548
4458,I'm great thanks! Ugh! I have school today.,884.7748158118187
4459,Training class for my other job. Hopefully it won't be boring! But I think it might be,884.7804126951247
4460,/me gets molested by pedos,884.8461421842156
4461,this is absolutely soul destroying.,885.1534494701689
4462,"you have 1 day till easter? no fair, i have two days and two exams till my easter break",885.161657019278
4463,I do have a big head,885.3730990412535
4464,&quot;JennnymayI had a dream that replied to me on twitter! doubt it will really happen about 17 hours ago from web&quot; awwww!,885.4447524581512
4465,my fingers hurt,885.9622314423995
4466,Does anyone knows anyone who works for NISSAN???,886.0196802468879
4467,woops! you did get it and replied!! I am having a dumb day i guess x,886.0322934478105
4468,I don't want to be a grown up yet...,886.190060610446
4469,"I'm SO behind in video games, and everything for that matter. I'm yesterday's news",887.6993657066037
4470,My old phone is activated again. Didnt want to do this but my new phone is takin too long to come in the mail,887.7076561634261
4471,doing some crazy ideas for album! im soooo tired,887.9483264860323
4472,"Hmm Musical is not really my thing, but I'll see what I can do for you. I'm off to bed now, have a headache NN! xoxo",888.1780769265184
4473,Home from St Lucia! but I have my doggies,888.4439948519623
4474,just missed one of the most important parties in my highschool life,888.5943655987667
4475,"A king sized bed is nice but sad and lonely with no hubby, puppy, or kitty I am over this whole conferenceing thing.",888.8982809310342
4476,i am sorry to hear about your grandma anything i can do for you?,889.19268078796
4477,New hair but all my pictures look horrible Xx,889.3030527596709
4478,having my first lie in in ages has given me a headache,889.5018499225729
4479,"I am very excited to see RK and Owl City, but I am still wanting to go to Anberlin's show...If only I had someone to go with me",889.7447186422321
4480,- I feel so bad for the band right now,889.8973331080165
4481,now that im on sugar overload... wishing i had a jar of claussen's,889.9617213514618
4482,I'm laying in bed facing the wall and trying to relax but I'm hearing so many things plus the air conditioning sound is so louad,890.1072322932249
4483,No frickin way! How come I've never heard of this before!!! Maybe it's been canned Scared just by the vid.,890.6236559833286
4484,can't quite see 'em from Barclaycard,890.6410426671553
4485,"I'm just a girl, With a dream that got the best of me.....",890.6848519655254
4486,"After two weeks holiday, im really not looking forward to going back to work on monday",891.1245064892603
4487,I was at the park yesterday and I slipped on 2 metal bars and hit my rob cage..,891.6982469720141
4488,sorry i had to be the one to confirm your darkest fears,891.8557276259402
4489,i forgot about twitter i'm sorry twitter.,891.9274642158667
4490,Waiting for a Guy-less Robin Hood,892.097425374525
4491,It'S OnLy A MaTTeR Of TiMe 4 My GpA N I GoTTa Do ThIs All OvEr AgAin,892.1020526542064
4492,Is waiting for the scrappers to come to pick up his old Saab,892.3672651272216
4493,"why didn't you twitter during the gig, tom? im upset ;)",892.4289088672667
4494,ooooooooooooh my headddd uncle johnny i never should have agreed to work the town election for you when I got that drunk last night....ow,892.8930036597155
4495,Or not booo,893.293246622445
4496,good morning.... i wish it were nicer outside but that's boston for you,893.2958246267875
4497,is so sick. my body hurtssssssssssssssssssssss.,893.327542952249
4498,Just updated one of my science scripts but Dreamweaver doesn't want to play nicely,893.9157149211986
4499,mine is 1/10 how do you get it up?,894.1747522435874
4500,Well thanks for saying i would rape with style but i think it was just another jibe at my lack of manliness,894.3038515865169
4501,"yeah I did, I was a slacker over the winter &amp; gained 15 of the 50 pounds I lost since starting to work out, so ashamed",894.3762177341009
4502,Ugh. I look like a mental patient. Now my grandma is gonna find out that I'm in the play,894.3856959298596
4503,My anger is getting bigger for every minute that goes by. I got some uglycomments on one of my videos.,894.5936957695305
4504,wishes her fiance wasn't so sick feel better Matty,894.7006611681647
4505,no updates,894.7479208650936
4506,its about to be a loooong day,894.9660288167772
4507,"is laying bloody slabs in the front garden, and I thought I could spend the weekend potting",895.0627278926818
4508,"JUST FINISHED CRYING HER EYES OUT, PARENTING A PRETEEN IS HARD",895.0983715041707
4509,"First season yes, descended into creepy teen boy humour in season 2 Still &lt;3 Mulder/Moody though.",895.4070179035658
4510,haha yeah that's the one :] and I tried with my Flickr but I can't even remember my Yahoo ID :S Added you on my one,895.4103522874756
4511,APRIL 9TH ISN'T COMING SOON ENOUGH,895.5425323279093
4512,I'm Not There is on HBO in 30 minutes! Got excited then remembered I should get some sleep tonight. And why is it not on again soon? Sad,895.5539613507113
4513,"i get too suspicious of little stuff, especially when it's night and i think and remember",895.9110948561043
4514,Trying to send DM but won't work,896.3759675348387
4515,you are amazinggggg.... I wish i could come see you guys live,896.6292394028354
4516,"I pay just over a hundred, for me and occasional kids in a house, but not metered. Yours does sound high then",897.2492340417012
4517,"...not yet unfortunately, another few weeks I've been told How are you? I've been a little bit busy with my latest project.",897.255463368946
4518,Lost the game Going out to dinner with parents....,898.0963104665991
4519,omg.this is the horrible mindset i've been having for a month now. hope u r doing well! o &amp; enjoy ur weather. its snowing here,898.3704266954418
4520,i have to go feed Herman in a minute. and then clean my room. then let herman out. pretty much what i do every morning.,898.4681757918877
4521,I also hate the word 'older' in that context Lush should be reserved for describing vegitation only,898.5982724337066
4522,"I went to the international education exhibition in Dubai yesterday, and nothing at all, haven't chosen my university yet",898.7959921515346
4523,Leanne is angry at me,898.9315888319026
4524,"My heart is abused with so many hurtful lies and truths. I hate being sappy about these kind of things. I hate it Gold for syf, k?",899.1010546754205
4525,I wish I was there! Stuck at work,899.4422977218054
4526,it seems like my in-laws are coming over easter. we will have to meet another time.,899.5442906559908
4527,I wish i'd be there with you guys,899.5570086405097
4528,wow i didn't get an &quot;hello&quot; u suck,899.6889094033324
4529,ur beta off with her... im beta off without u...everybody wins yet somhow ive lost,899.7275728029236
4530,im bored and my fingers hurt from playing the guitar all day,900.5532518636888
4531,hates goodbyes.,900.5577933429051
4532,maybe an insomniac.. or just nocturnal,900.6662036167696
4533,i want a guy like carmello or jimmy,900.7322180860805
4534,"I was excited @ getting back nto the studio 2 record this weekend, but now I gotta check out a band instead. Gonna miss my Winna's sess 2",901.0501951918654
4535,Everything hurts...uh!,901.197923328924
4536,got canceled so upset! what are you doing today,901.5102270623148
4537,Just has the worst presentation ever!,901.5377491373408
4538,is still in pain a tonsillectomy is the worst,901.97697071718
4539,"goin to bed to start, what I'm assuming is going to be a short weekend",902.3107641630006
4540,"Doesn't know why, but is feeling very down. And a trip to the gym didn't help",902.3127721280096
4541,"Is going to work, missing playoffs RIP CITY!!!",902.3934320719694
4542,"yeah, Jordan said you were their but I didn't see u!",902.4507382133488
4543,"Damn, I just broke that wooden writing pad. which I usually uses when sketching.. and writing while on bed.. or relaxing on chair.",902.5443044924293
4544,Freshly Squeezed lied. They only showed the video in the end!,902.802044793148
4545,why do i always misplace my camera cord? i know i had it not to long ago,903.0053299312046
4546,WICBT (Wish I Could Be There) Snowing here .....like our class song said...&quot;The Sun will come out...tomorrow&quot; ::gagging::,903.0139038115167
4547,I am without words. Oy.,903.2682763553285
4548,My grand daughter is sick,903.985158785614
4549,Streaming is down in here #asot400,904.104157883467
4550,still hasn't gone to sleep at it's past 5 30am! Feeling sad,904.2728626697223
4551,Anyone tell me why I can't sleep for some reason? Maybe I should try again.,904.4647698869124
4552,Please put the ROH shows on your Xbox 360 channel. I don't get your channel so I don't get to see ROH.,904.7529717320347
4553,is off to work. but he's already falling asleep!,905.3559551114757
4554,Stressed about Tmw.,905.637598535393
4555,damn!!! I m missing twitter... have been very busy off late and have not got enuff time to be active on twitter... missing all d action!,905.8420842871049
4556,rainy day,905.897727961286
4557,Good Afternoon.....hope everyone's day is going well....gotta work on such a pretty day AGAIN ugh... i'll be fine i guess...lol,905.9273094216098
4558,"Aah, freshly showered and shaved, just wish I was outside in the sun rather than stuck on the laptop working!",906.0273956069952
4559,hey gurrl. i hate how we're so far awayyyyyyyy. we should be out together miss you x,906.4199225533214
4560,"is still waiting for a dispatch, and just got up about an hour ago, after sleeping 4 hours. Guess I'll go back to bed",907.2035790765111
4561,Meh... Almost Lover is the exception... this track gets me depressed every time.,907.5051392012007
4562,"exactlly , that what happend to me inshallah i will change that SOON",907.6205040091345
4563,it does + no trophy whoring = sad Ulti,907.763314273878
4564,"Wish I could do something to help. Sorry you got the overnight shift. Yuck. (If you get bored, &quot;dc&quot; can play Go Fish! lol)",907.950841266908
4565,"lmao damn have you done the other one yet? i got up at 7am to work, where did all the time go",908.0837049074643
4566,why won't twitter let me change my picture?,908.274240807389
4567,CLEANING DA HOUSE,908.4674461781825
4568,should have been leaving New York City today if only i hadnt fucked things up miss him,908.6731954726432
4569,Another gorgeous day! Dry here. Need the four rain days coming up. Ct. wildfire.,908.6781760114625
4570,"I totally get you, why you did it is beyond me, I rediscovered some new bones on my back after Sundays escapades",908.7068078398272
4571,Sick on a Friday night.,909.3213685829995
4572,They don't get hyphy on the east coast ...even to E40,909.7305013624742
4573,that does look good. If only they had scratch and sniff Internet.,909.7425870066925
4574,My Achilles heel for spending is X DVD's for ï¿½20 in HMV,910.0471601539128
4575,"wow, I missed the Thai songkran again",910.2682119046166
4576,I just gave an msu fan a car rental discount.. He looked so sad I just couldn't turn him away..,910.5926552341991
4577,"I tried to private message you, but it wouldn't let me",910.6117470776907
4578,Just stopped in at Subway. They didn't have the Fearless songbook at Music Cellar Spent 6.50 on theory books I don't even want :/,910.7512199289874
4579,eye hurts,910.8005448580562
4580,"fiuhh, nice to get info from you, i'm one of your fans from indonesia. and still waiting for your movie in my country thanx",911.396971292883
4581,Lol byeee time to go,911.5738903377849
4582,"Morning tweeties~ Well it is a cool, windy..snow on the ground day..more expected next 2 days. Trying to be chipper about it.",911.7908267606165
4583,Trying desperately to find a particular 'fandom secret' about Gert Yorkes but failing miserably,911.7992295906871
4584,So many channels.... yet so so boring... lazy day again may have to find a hobby,912.1769055383495
4585,#asot400 Stream froze,912.2429649960675
4586,"well, my foot odor problem is def. back! hmph.",912.4460613679936
4587,So sleepy now. My head hurts,912.5678540407479
4588,that was so sudden!!,912.6306857275795
4589,Simba is already missing Sally &amp; Zac,912.7802285281018
4590,i suffered from writers block the entire day yesterday and then after midnight ideas started hitting me and i havnt yet been to sleep :O,912.9563112321197
4591,i had 7 hours of sleep and now i cant go back to sleeping im thirsty,913.0188550221112
4592,i was out most of the day so didn't get much done,913.1351948652066
4593,I hate when software update downloads updates without telling me. I never know what's downloading when it is,913.1838015732267
4594,Ewwww just woke up and now I'm about to start tonights hw...... please someone save me??! Hehe,913.4422974436113
4595,my picture looks stupid,913.6438288394118
4596,why can't i change my picture&gt;?!?!?!? arghhhh ... at work all day,913.6792610042935
4597,"Tutor Time! Here until three. Not many kids because they are on spring break. So, I get to study strengths!",913.9823117570362
4598,"just got a 25euros fine, a bad sore throat, and a horrible running nose. what a great weekend",914.0955518066327
4599,but not a fun one,914.5977459286078
4600,I brought everything with me but left my ann pass at home. Are we going to disney after ikea?,914.7676968335674
4601,Was headed to bed when I realized I have Tafe and my designs will defult to helvetica when I arriive with out all my fonts,914.7892597234312
4602,"thanks, now that's going to be in my head all night. i'm upset you never gave me my other wishes yet,",915.2945988478158
4603,Sittin in tha car on my way to dads.,915.333565847345
4604,"Eww. Hershys kisses are ok, but not amazing",915.36300123738
4605,Arrgh I wish I could download that but it's impossible,915.7111132041254
4606,"I'm so sad u feel that way! I hope u meet him afterwards, he's totally awesome and nice",915.838991509783
4607,mornnnninggg. ugh by cub has gone to work without a phoneee. got no one to textt,916.1522646319544
4608,"Oh my eye, my knee is well and truely knackered. I can't even sleep it's that sore Need Deep Freeze!!!!!! It was worth it though!",916.2234004575228
4609,"its a sad, sad day Im selling one of the puppies today",916.71034141572
4610,"I have chapped lips, boo",917.0856371754743
4611,Sorry to hear about Maggie. Thoughts to your mum.,917.1353998905525
4612,Rake-compiler seems to be conflict with Passenger,917.393463683623
4613,day 2. a lot harder than day 1. let's see how day 3 goes tomorrow.,917.4282785088044
4614,"........*sigh* long distance i fucking hate it. but on the brighter side,random ass road trip to famu today.then fort valley monday! oboy",917.698446011976
4615,my tv husbands rick and grimmy are doing freshly squeezed this week not me waaahhh! HI GUYZZZZ,917.7398097581633
4616,Time to get me ass in gear and start the day,917.8027652230063
4617,Rock band 2 endless setlist is long,917.8932588964211
4618,work til 5. quick dinner. class til 9. I haaate tuesdays,918.281388537501
4619,I snickered for like twenty minutes thinking that was the awesomest name ever.,918.3329755640013
4620,We are on a one way road to hell &amp; I don't think Obama can do anything about it,918.3787306446983
4621,nobody ever speaks to me now,918.4093145276581
4622,I burned myself on this giant dbl sided flat iron grill @ work...I was reaching n nudged it ..long story..hurts doe,918.4399834861892
4623,Laying in bed. Carnival ride hurt me,918.6289453106211
4624,awe babes!!! I so would if I were not broke myself,918.6468634645836
4625,Just missed you. They're out of Tomato &amp; Basil soup though,918.8485884679232
4626,so happy at home. Watching the 3rd X-Men w/Ryan and Champagne. &lt;3 Lexie didn't want to watch the last one.,918.8529080023332
4627,Just woke up! Soooooooooooooooooooo tired....,918.9736251270447
4628,I want the chowmein and shrimps that I got from Spring Rolls (Go) but they don't make the same kind at the resto,918.9835510329156
4629,Why is that when you have time off from work you get sick?,919.2692442471539
4630,*ouch*!,919.2753902907867
4631,": you won coz i created &quot;avenues&quot; for you! and yeah, i made the mistake of choosing TANGO over ZONE",919.6791634536756
4632,What footwear is responsible? Converse All Stars shred my poor feet,919.7853815436833
4633,uhh yeah... u better find out!!! that would be way awesome!!! for u... i am not a WOW fan,920.0732406890128
4634,ME too!!!! Its so boring no you and no Kirsten,920.1027746972776
4635,homework homework homework,920.4731393494358
4636,doing homework...,920.8553100680239
4637,"Oh, Shawkey I just commented on your &quot;MyFace.&quot; I'm so sorry. I'll send a big envelope of healing glitter.",920.9399883138373
4638,"I am a work martyr. Give me chocolate, coffee and sympathy. And now my cat's decided she's dying",921.2733971552744
4639,- I love mountains.. but i live in belgium..,921.5587252218158
4640,"dentist later, I'm hoping it's my teeth plates and nothing as NASTY as last time...",921.6623825451542
4641,"OMG you are starting to be my magazines, i haven't seen your vids for about a month i'm too busy now!",921.851773936247
4642,just got done hanging out with sonie and benji. now my stomach is making disgusting noises b/c i'm hungry...make it stop.,921.913360115981
4643,"So tell me, how do I get Spotify in Ireland? Have had no luck with poxy proxies so far",921.9292458291877
4644,So the island won't be available before easter i hoped it would be an easter present for the players,922.2676307702097
4645,"Work work work, I hate weekdays",922.3534506273814
4646,off today...really bummed that a week ago today britney wil be in vegas and i wont be able to go,922.4235574498778
4647,"Why is it that I have 46 followers, none of whom acknowledge me?",922.6397656262848
4648,has a mild left inner ear infection.. and its got this irritating &quot;blocked&quot; feeling since sunday..,922.684044185433
4649,just got home... can only tweet from the web until may 15th,922.881954361892
4650,"Apparently the laundry room burst in flames... but now it's all cleared up. Still smells like smoke though, even on the top floor.",923.2891854414544
4651,Maybe I'll try reading it over the summer... seeing as I won't have a life cause I have to work two jobs,923.9125456237533
4652,Kids are still a little sick. I'm getting it now to. Going to do a light school today. Get lots of rest!,924.0068776234484
4653,Oh no is it the laundry powder maybe? I'm allergic to some and since jeans are usually so fitted it makes it worse,924.4574144160595
4654,"hi peeps. im so bored, dont want the holidays to endddd",924.5545907718695
4655,I think it's Mac only. Sorry,924.556142614255
4656,The Life is cool. But not for Me.,925.0216357571957
4657,nope. nothing.,925.0674277979513
4658,no way!? Ur at a game right now!?,925.4018544789654
4659,"cursing consciousness, then catering....uhm, with my mom. I was hoping for some alliteration.",925.5877114576012
4660,I95=massive traffic,926.0780831970974
4661,I'm sad... 'Cause doesn't reply me yet...,926.3539231576812
4662,So tired. No money for lunch,926.3743620495312
4663,This always happens to me its not fair to get ur hopes shot down on a daily baises ...,926.6033094853184
4664,hope you feel better. why cali?,927.5621546801414
4665,"okay, about the applepears, I've talked to a few people and they've ALL had them before. No one ever told me, never",927.674195075711
4666,Staying home on Saturday night!,927.7879515097305
4667,You doggie dazzler!! im trying to work a bit today if you want we coule pop ovr and say hi later?,927.9948843177124
4668,"workin, again",928.0087442161479
4669,"Getting changed in the hopes that, that means we can go to the store now! Poor cat is out of food...oops.",928.1602702772058
4670,please come to manchester soon. please please reply .. x,928.3117435289781
4671,ah..I hate flu..now its third day. guess what happened accidently I shaved my eye brows off. I need glasses,928.406798183918
4672,I need food,928.4905132077907
4673,Are you starting to feel any better?,928.8557998746404
4674,I've just discovered I'm busy around lunchtime I don't suppose dinner is possible?,928.8823495542362
4675,Surgery 2day cant eat until like 5 or 6 im hungry!,928.8895806373996
4676,"And thanks for eating that bagel for me, because I never made it to Panera today.",928.9657261581307
4677,ur phone and its breaking disease has spread to my phone it doesnt ring any more just flashes agh only one moth till a ...,929.1224420209278
4678,"im lonely keep me company! 22 female, Houston - Texas",929.1614936619684
4679,My blog is slow,929.366777229813
4680,why,929.3972521219922
4681,It's Sat.. My day off. And I don't know what I want to do.. I'm so board!,929.786872700216
4682,"Fun morning getting new servers into racks (with a helper this time!). Afternoon less fun, writing up documentation. Still 4 hours to go",930.2007400708344
4683,bored looking for something to do any ideas?? xXx,930.596853441887
4684,Can't get past 43 in flight control,930.6713651986784
4685,that is so infuriating.,931.4346978609086
4686,Superneej: Morning! Bah Car won't start.. waiting for the ANWB....,932.4211028498793
4687,"blehhhhhhhhh way to early , *feels like puking*",932.4590215233703
4688,Saturday night tired and bored. !,932.5389866170707
4689,"Monday unfortunately You? Oooh, I love Mario Kart, haha.",932.5415325368178
4690,nevermind being a life guard. I don't have 130 Dollars for the classes,932.5423071853453
4691,just came back from college. assignment really piles up like shits. SO DEAD TIRED,932.5943629425713
4692,I was just mean on the internet. Somebody spank me.,932.7080940605022
4693,just watched Taken again! love that movie! going to get a good night's rest busy weekend awaits me.,932.8523198483865
4694,Can't fall asleep,933.0766150228783
4695,"seriously, I should not be this tired. I need deep sleep, not this pissy tossing and turning moan moan moan!",933.1690487746492
4696,listening to the FA Cup semi final between Arsenal and Chelsea as I don't have sky neutral fan but siding towards the gooners,933.1871582765683
4697,Id go but the madre is commin up...,933.6030830209712
4698,"Oh Delicious Library, you make it so hard to find my model of iPod...",933.6638033456437
4699,is ready to go to bed.. last night in a bed until sunday night.. but I am ready for tomorrow's activities.. watch for updates!!! :p,933.7554498182571
4700,I hope not. I blocked the guy immediately ..still kinda embarrassing,933.797032510451
4701,Thunder bolts &amp; lightening around here! 5 inches of heavy rain late in the afternoon made it a no go for a road ride....,933.9348098907585
4702,miss fla. already,933.9975408972279
4703,absolutely bored out of my mind,934.7545155827391
4704,Hope you aren't getting what's going around. It is awful. I've had for a week now.,934.770544377017
4705,watchin channel AKA and doin horrible work,934.8382253407311
4706,Sometimes its hard to drop my son off. . .,934.9456615002485
4707,"Yep. Definitely forgot my daily comic yesterday. Actually, who am I kidding? I remembered. I just didn't do it.",935.125586555575
4708,These people are crazy!! Its like they are always watching me..waiting 4 my next mistake. They already attacked me multiple times tonight,935.5086081709453
4709,Out of pickles...,935.6215028098601
4710,I hate being sick I want to be out enjoying my weekend but I know I need to sleep this off.,935.9894113194661
4711,"In France, Today it's raining",936.1497778328344
4712,"honestly, i'm more than a little bit bummed about the 5* thing",936.492531580854
4713,"dejavu ... I drove a 69 yellow camaro and loved it, sadly no photo",936.639761005638
4714,"I wanted to cry, the poor thing was trying hard to get out of the way after it got hit",937.0485958170842
4715,Ï ï¿½??k **pouty face** Shitty day out in Boston again ugh no wonder I'm sick,937.5338387835501
4716,Struggling hard with Inventory,937.7595836643159
4717,it appears i have been away from the fountain pen network too long... do they delete inactive accts?,937.8718725953202
4718,I feel so bad for you!!! love you honey and get well!!!,938.0418416803342
4719,"Would really like good tracking info for Girlie's Easter dress. It was sent USPS, and their tracking system STINKS.",938.0667173042291
4720,bed time. work early tomorrowww,938.143891124775
4721,"aww.. I missed it, I had to go tuck the kids in bed!",938.5017858395121
4722,i think i will be even more in denial after i watch,938.5165013587136
4723,"All the fightin and name callin, i can still run 2 my sister! nite...",938.6361656387329
4724,Last day at MV Apple Thank god I dont gotta hang out with joesoliman anymore,938.759553833905
4725,Thats messed up,938.8763118139854
4726,"It was going to be sunny today, right? Why do forecasters always put my hopes up? #fb",939.4220508953105
4727,"having a coffee and going through my twitter, facebook and other social networks ..... it seems to become a full time job to keep up",939.5893199929493
4728,"we can't go to robina, all the shops will be closed because its good friday",939.6075838694314
4729,Too many errands to run today.,939.6802685929426
4730,r u gunna change it,939.8009710556286
4731,Good Morning Twitterbugs! Not feeling too well today....went to Margaritaville last night to party...should I say more?,939.8700270607492
4732,Hoping I can get some decent sleep tonight since I didn't get any worth shittt last night Goodnight World! XOXO,940.2404062800365
4733,I wish my cold or watever I have goes away SOON! Dang allergies. I wish I was in bed right now,940.5165076800067
4734,Awww my Whitestrips are not staying on,940.6293201809488
4735,"will have a meeting in an hour to explain &quot;which version of oAW we use&quot;. What to say? None? atm, it's just a heap of unbundled EMF tools",940.9591279375073
4736,this my movie! I'm at work wasting the day away. Supposed to be hanging out with my cousin later. Idk if that's happening now,941.1605080758011
4737,where can I buy FOAR if I'm in Russia? HMV and iTunes do not sell to Russia,941.4404582767216
4738,"aww damn, sucks for us!",942.0889995768676
4739,At mobilityvic.org launch. No grog nice video from PWC though,942.2222631899361
4740,update: a/c isn't fixed. dress accordingly.,942.2720361807355
4741,"stayed home from school again, i ache",942.308865965292
4742,just made an adjustable camera hand strap from my old camelbak strap! FTW! I lack smart sewing skillz tho #fb,942.5469459164317
4743,"Alas, nothing new for me there . I'm already following , and",942.5922458116266
4744,"currently sitting in jeans that i've worn way past their use by date... can't stop wearing them, mainly cause they're my only pair",942.6346782123065
4745,Very nice!!! U r a pretty young lady! But I'm no loser tho...&quot;holding up the L like that&quot; LOL!,943.035998046622
4746,Sadly that's true! Football is definitely better than cricket,943.0502854977834
4747,may not be able to hang out tonight because of the undeniable amount of work that I must unfortunately do,943.142564163117
4748,"despite a 14 hr sleep, i am already starting to fade this morning. i think i might have gotten sick on the flight home...",943.2499860673747
4749,Burnt my finger on hot steam it really hurts. Don't want to go to work today.,943.3664040503456
4750,totally zzzz believe holidays are ending hmph,943.7745368769497
4751,should really be doing her work. Ive been slacking way too much. I hope I do not pay hard for it,943.8253404353559
4752,I missed the ending credits (your highschool photo) because I had too pee so friggin bad! lmao the movie was GREAT!!,944.292525769072
4753,Ted had to drive to Hilton Head this morning,944.431067822502
4754,Flo rider has sampled that blue song he messed that song up for me,944.7936502863989
4755,"Rally's going well, a few minor issues. Very limited cell coverage here",944.8251608805317
4756,- I want a Sofie! She's helllza cute.,945.0443330996923
4757,haha i know eh. but i'm thinking about vet science at sydney uni. cept that the guy wasn't there last night. he was in hostpital,945.3128687476873
4758,I get like that too. But then I miss it. it's so complicated lol. At least I can still see you here!,945.5176742747078
4759,Lol; my team already played and lost in da week x; nice to just chill; got a busy day 2moro so making da most xx,945.645489121775
4760,Clean Me!,945.8004282099456
4761,it's crazy how much i miss you already,945.8152950070847
4762,going to watch julian play bball. i want phoebe,946.0068036426385
4763,"God, please help me... i don't know what to do with a father like him",946.0617696666085
4764,"Hahaha, yeah xD Oh, no.. she's scared of my really scary laughter I have to shut up now :-D",946.1208568220194
4765,Would like to know why the Internet is failing today #fb,946.3052153529014
4766,i want one i just want anything that supports 3G really.,946.5637813397773
4767,I have a brick... err... laptop that did the same thing. My condolences.,946.601166033095
4768,Really miss &quot;real&quot; college. . Def not the same vibe at hair school. .,946.751721957473
4769,one of my teachers died yesterday,946.9031285476865
4770,Weekends can be so ho-hum on the internet.,947.0220585503954
4771,"For example, it simply won't send direct messages. Well, it will pretend it did, but it actually doesn't. Kind of a deal breaker",947.1030874283879
4772,old people talking about dopers who steal anything thats not bolted down...i never want to be old,947.21179547471
4773,"you laughed on that poor tree's face-branch? OMG! how rude of you!! hahahaha. Poor tree, must be a boring, stationary life",947.2221371724702
4774,Am bored anyone want to talk to me???,947.5501510183534
4775,"High: clean salon, great customers! Low: Birds tweeting at 5a waking me up, result super tired!",947.5992793060603
4776,my damn filling just fell out!!! Half of my tooth is GONE!,947.7112084168324
4777,Stupid schoool. Dnt wanna gooooo. rah. Less than 3 more monthsssss. and3 more days till spreeng brake! x__x,947.7417934549127
4778,Not having a good day thus far,948.0949519205893
4779,"wake up in Paris, but it's grey .. need more sun !!",948.10375500688
4780,same with me,948.4986432441241
4781,still has tooth ache,948.5816327385662
4782,"heading for home, sick",948.6177039413452
4783,": shooting!?!! be careful, luisa",948.6537668180096
4784,gonna go now feel like shit bye tweeple,948.8436194583874
4785,workingggggggg ughhh and my phone wont let me twitter,948.8630525589836
4786,"I love Chinatown and its cheap stuffs, but I hardly communicate with the sellers, they can't speak English",949.0898222466485
4787,yeah is it bcoz kal penn is a visiting lecturer somewhere n cant be on the show anymore? im gonna miss him,949.121099335223
4788,suuuhleepy in class. zombie for the day. essay kept me up last night,949.539935743236
4789,"Well the truth is, I didn't want to hurt your feelings &gt;&gt; Stick to the day job lol ... it's all luv still xxx",949.8174718043327
4790,"Another try by the blues again, not good!!!!, gloucester have no chance now",950.103190221239
4791,michigan state you make me sad,950.2954186865926
4792,"Hope to ride first TT of the year, Bangor 5, if I can get away from work in time, looks like rain too",950.3431181198131
4793,not having a car sucks.. what a bad week to get my car taken away,950.488322855327
4794,"back from school, now doing the papers",951.2912466652633
4795,i'm hoping to see her june 27th in phili because when she's here it's the day or the day before my ATL jonas concert.,951.299778375675
4796,You guys have no idea how bummed I am that I'm still sick. This week was supposed to be awesome. I was going to learn things.,951.3432060093755
4797,i know! and im on spring break,951.5539431158504
4798,Webview (one of control of iphone sdk) is too slow that even for loading local custom page it takes a marginal time,951.8332939638058
4799,Feeling blue...And almost everybody says that my jokes are bad.,952.0319323074665
4800,Also heard about #spectrial is there anyway to donate towards their fine?,952.21884856665
4801,is super pissed cause she missed the guy she like on Chat...,952.4202921346464
4802,shed a tear for &quot;gran torino&quot; another vintage from the clint eastwood stable of movies,952.5804578309298
4803,"feelin sick. can't slow down though...school, other school, rehearsal, tennis match, rehearsal again.",953.663423916271
4804,"yea I'm pretty sure they will, until something else crazy happens lol.I find myself randomly saying it tho, I'm ashamed lol",953.7751143645157
4805,Listening to the last Shallow Thought good one ohhh and now listening to the feedback show...,953.8990296316317
4806,Damn it. I hate this stage of the breakup process. I miss the boy. We had just fallen in love. DAMN IT. WHY???!!! Poop.,953.9594778659814
4807,"Awwwww *virtual flowers, chocolates. hugs, and kisses* &lt;3",953.9773535574842
4808,You would think they would be worth something but Google says not,954.0120748412355
4809,i kinda want to put my bio up here but it wont let me goin on facebook now,954.1669725431968
4810,oh so the &quot;Legend Of Zelda&quot; movie was an April Fool's joke? I was excited!,954.6803183332644
4811,japanese &amp; their hiragana.. &amp; that's saying something.. since i'm japanese. man do i hate my own culture! couldn't they've made it easy?,955.3969915568802
4812,i miss those kinder easter eggs! i can never find them here,955.7865510988173
4813,that sounds horrible. it's nice and sunny down here in florida,956.1500816778772
4814,how was it last night? Sorry I couldn't make it out. Hit me up later.,956.2893350010959
4815,Well so much for time with the hubby...he's been stolen to go off to a car show.,956.5341014050363
4816,"It honestly is me Gillyette, I just want to be me I think I have your email somewhere, I have been so busy with my Mum, 2 secs",956.6228245642588
4817,im ok I guess had a hard day,956.8311662282176
4818,Having some lunch &amp; watching The Women with mother... throat hurts sooo bad!,956.9852300629353
4819,I gotta check out that new eminem song everyone is talking about.He's getting some bad reviews by Twitterville that i hope isnt true,957.0268136210984
4820,OH MY GOD ITS WELL SAD sean's a beeeyyaaatch! xx,957.0522249566534
4821,I don't have nice things,957.398792358562
4822,"i dont know how i got that many followers but i think ive peaked i wish i didnt have to work tonight, drinks outside=amazing!",957.6568862046308
4823,absolutely adoring my son!! He's growing up too fast though,957.9337056286549
4824,probably just broke her foot.,957.9400834977703
4825,My back hurts,958.10138276885
4826,"I've got return tickets booked for this weekend If the exchange rate wasn't so bad I'd go, but don't mind missing it really.",958.1116507974174
4827,i wish i was on spring break...,958.1509737110287
4828,feeling down,958.5130045538768
4829,wants gtalk on my phone.. haha.,958.8445237570622
4830,At work,958.8997013865135
4831,"Congratulations! I didn't catch my 2222 mark. Oh well, there's always 3333...",958.9203801528688
4832,Sooooo bored at the bay,958.9636633439969
4833,"can't say it in public, keshkesh i'll go online on y!m.",959.3484872139942
4834,I hate the 360 degree view mirrors in changing rooms. Now having a bad hair and fat day,959.5885321042524
4835,Yeah,959.5905781538913
4836,it's almost over.,959.6165251530398
4837,Got a bit of a hot and poorlyish boy on my hands atm. Poor baby,959.8303345919205
4838,I have the sleep eyes I think I need to go back to sleep lol..laterz twitters,960.047165431212
4839,discovered that it was (someone else's) lemons stinking up the fridge. I never knew lemons could go mouldy!,960.0515659848029
4840,Morning everyone! Stuck in registration for a while then assembley! Nayyy,960.1880647799157
4841,I am listing more items on ebay to sell! Takes forever..meanwhile Coleman is watching The Hills season premier without me..,960.320078369716
4842,the link u sent me contains a &quot;malformed video&quot; so wasnt able to see,960.7268329756629
4843,/yawn 18h til unshaped. its been 4 days of 64kbps hell,962.3108189723557
4844,Blah.. Warez-bb is down atm.. *sigh* - Have to use Spotify for the time being then.,962.9981598968299
4845,TRying to eat some pasta..but not doing very well,963.0976081369271
4846,"Rescuing T's twin, not by birth, but definitely by love! Just an excuse to see the sheep again, but sadly no top down on the convertible!",963.2244153561774
4847,sooo not motivated to do work,963.2834567170049
4848,"Anyways, I just woke up, I'm pretty much a physical mess right now and I'm also sad my dream of seeing Sorority Row with Rudd wasn't real",963.4256460582586
4849,how'd you know? -sniffle,963.8239486444695
4850,This whole tweeting under my real name thing is sorta scary. So much need for self-censorship,964.0014894528972
4851,I broke the zip on my trousers.,964.6626754709656
4852,OK... Gotta find some friends or something it's shameful giving updates to myself...,965.0700941832038
4853,I HATE WINDOWS MOVIE MAKER.... SONY VEGAS COME BACK!! I cant download it anymore. My brother banned me from downloading.. ? (,965.3327753492891
4854,school whats up with this snow?,965.3891221354819
4855,ee sheft shloon,965.963351774514
4856,I absolutely HATE it when you get to tweet that,966.4995814190004
4857,I just don't get it. What in a persons mind could even have them on some ish like this??? My prayers are with her fam for real,966.5253952092751
4858,"STILL writing an essay for church, while my new drum set waits in its box, unopened.",966.6814323871631
4859,Settling the house.,966.7258412239951
4860,JODIE? ARE YOU AWAKE? ARE YOU HUNGRY? DO YOU NEED ANYTHING? coz i'm leaving. coz you wont talk to me,967.0321833979889
4861,true... i usually dont take summer classes....but i have a week or two to rest up before Field School *cheers*,967.7230698954406
4862,Just got reduced to tears by Jeremy Kyle!! Off to the doctors now i hate the doctors its so scary! Arghhhh!,967.7272519823741
4863,Why have people forsaken ICQ? This makes me sad in the pants...,967.8549436599424
4864,Lost everything on laptop Won't be able to CG anything properly untl about 6,967.9251380745476
4865,WANTS TO GO OUT BADLY,967.9679616503502
4866,"I am trying only to spend if I have paypal funds, which I don't right now. Plus cat might need to go the vet again this week.",968.0683497396915
4867,"Forgot to turn on the espresso machine this morning....sigh....guess breakfast is going to have to wait. Not happy, am I.",968.1148063309466
4868,"Hi Sherri! Love you! My daughter has Diabetes, she's almost 4 Love what you said about someone needing you today ...",968.1489097708846
4869,"I'm filling out information for PRS, it's horrible",968.2597933859755
4870,I still haven't read the 9th&amp;10th Princess diaries Saving Francesca made me cry at the end. Hmm those are easy books.,968.4222576139942
4871,last day at work im gonna miss it,968.7317334415857
4872,still has to do school work and is not looking forward to it,968.7565990576887
4873,Oh-uh... my phone gonna ran out of battery soon... I wanna go home...,968.9974635329662
4874,are you mad at me?,969.0887028900013
4875,"Just woke up, it was supposed to go shopping today but I've got too much homework so I'm not going hate school... 61 days!",969.0939695715364
4876,very very busy - not getting a chance to Twitter as much as before,969.3419411696468
4877,homework,969.3788356518695
4878,Windows 7 bluescreened for the presenter,969.5997665900737
4879,Has too much overtime at work,969.6876505271262
4880,"I tried to tweet you about how annoying LS was when I just installed trial, but it wouldn't let me. Uninstalled.",970.0593324281493
4881,"Yea, tell me about it It's frustrating! Thanks for the message, I'll let her know in case she doesn't log on!",970.0985608029192
4882,Can't get onto my computer gotta wait for slow ass IT to get up here,970.1182377373018
4883,Disappointed about where the House Season is going. . . . . . sigh. . . Used to be such a great show!,970.1290008640661
4884,"Jamie is on now too! Upset, every 1 he wants 2 follow is fake 1",970.4518918938313
4885,I want to watch dedication! but can't find it in stores great movie by the way!,970.5942208472493
4886,Working at uni.. Red Bull and a packet of sultanas for dinner,970.9989117067962
4887,that's me every morning,971.2848903808763
4888,laptop charger is broken - unless a little cricket set up home inside it overnight. typical at the worst possible time,971.3611420969135
4889,I don't envy you! I should really be doing my own DIY,971.3813793924301
4890,has paint in his hair,972.199858854971
4891,"Waited an hour to be seated, an hour to get our food and then the food was cold. Tres Agaves resturant",972.2902414160778
4892,I thought you could buy Silent Hill for the PSP on the PS Store? I can't find it anywhere?,972.306176915251
4893,Is pissed off that there's no ASBA's for a radio station.,972.6247814662312
4894,At the RBS waiting in a long queue.,972.8215489067601
4895,Ignored by who? Hubby? I'm sorry,972.9386980073073
4896,how come?,973.1374869241063
4897,"trying to cheer up my Girlfriend, because her GRanny is sick",973.697782200321
4898,CRAP! After looking when I last tweeted... WHY AM I UP SO EARLY. It's 10! I shouldn't be up until like... 12.,974.2520078194898
4899,"Ugh, big migrane this morning",974.2576168956873
4900,cleaningg,974.3259315862451
4901,i am off to bed gotta be up early for work night night sexuals lol xx,974.3556558439558
4902,"So glad Eddie's okay... really sucks about the car, though",974.4839727802002
4903,i miss my 808 fam,974.5070349151101
4904,"No jobs today, not in the mood to apply for any even if there were, I want to go home",974.5656419503965
4905,Ugh it's APRIL not DECEMBER there should NOT be snow on the ground &amp; -6 outside,974.7181525084998
4906,Doing homework.,974.8727383606988
4907,"But I'm not drunk now! I needed it last night, I was sounding a bit desperate I think",975.2613539970916
4908,'s cake has sunk so off to learn more database theory in the sun and forget about attempts at domestic-goddess-ity...,975.4642721370644
4909,I was wrong! The Sun is not shinning! It was the light on in my room! haha! It's raining here!! And cold and WINDY!!! LOL,975.7722608702611
4910,"Virgin again today, I'm afraid as I'm pushed for time. Having said that, I was delayed 40 mins at Brum",975.918746487246
4911,I'm struggling to type this morning...maybe I'm still suffering from day-glo overload from Friday's 80's Fest,976.1816861513236
4912,Disappointing...so many videos not available here in Canada.,976.2426886371684
4913,i have toothachee,976.3214048572374
4914,ouch - sounds very sucky,976.4143061771947
4915,"Seriously, what is up with my connection the last few days... CoD4 is not fun right now",977.3277101684611
4916,ok. hope you can make it,977.4715098768955
4917,On the train i'm so sleepy i miss my daniel i think he hates me atm,977.5158960016765
4918,Why is my server always the one the dies,977.6276662633682
4919,that happened to me saturday night. along with my glittery green lighter!,977.8091791114925
4920,so do exams,977.8272763182531
4921,Ooh - all caps again,977.9123849985288
4922,taids ZB! str??i atpaka? beidz?s PedS?de. uff! fucking thing,978.0752544057136
4923,so sorry about little Oliver.,978.4375282547513
4924,Is at work and sick blah,978.5298407609794
4925,I just want you to feel good,978.5724989937115
4926,Brian don't make me fuck u up LOL I replied 2 ur message...did u get my # ? I miss u,978.5961332616425
4927,"Pondering food, pondering updating my Zune, pondering being an uncle to a pair of nephews 2300 miles away. I has a sad.",978.7637784425895
4928,Up bright and early...with a cold,978.9299805414122
4929,"I was crawling out of bed about the same time but I don't even work nights! I feel so lazy, I guess I have a good excuse though",978.9863138163385
4930,"I know And others shouldn't even be mentioned on that paper. In any case, it's unbelievable to read that stuff.",979.0072901221672
4931,Aw what did the poor donkeys ever to do to you?,979.078521455887
4932,im still putting on weight,979.2688277546389
4933,sorry to hear that Ben.,979.4115262692751
4934,"lol the 1st one is hilarious..yeah but anyway, enjoy yourself..I'm jealous of all those ppl who are gonna see you guys lol",979.6167306595192
4935,Sitting on the couch. ill,979.7640772754637
4936,"There is much to be said for drunken singing. Shopping time now, plans for party under way! Doctors apts but must be done. SPRING HERE!",980.9119878956096
4937,Accidentally hacked into 's online store and created a 10% auto discount. CEO is Must make up for it by increasing sales 10%,980.9545467476872
4938,grr....i was indoors in teh smelly hospital,981.1058081803396
4939,the maine- please out me to sleep! i have tests in the morning!,981.4047994362867
4940,i have 0 followers,981.5234208275665
4941,Please don't go and hurt yourself.,981.6074851420672
4942,: staying away from tea all day today,981.6308702819915
4943,Getting lots of dentist time myself at the moment. Very stressfull and sore take it nice and easy for the rest of the day!,981.8854306676221
4944,right..therefore i'm doomed,981.9368417571999
4945,"really really unwell, this cold is killing me",982.0452960978687
4946,"HOH??? I think you added me due to my stunning personality! But seriously, I can't remember..",982.0638373827024
4947,Allergies kicked in already. Runny. Nose and itchy eyes can't wait for a few weeks of this.,982.1523285140596
4948,I'm the same way.,982.2494729148179
4949,"Oh hi guys, just woke up again, I hate being sick cause all I do is sleep!",982.8687018271029
4950,ugh I'm pretty sure this is what dying feels like.,982.9172643946041
4951,my computer can't open any files from the university so I can't do any work! I don't get it,983.0793916898394
4952,Shit! I think I sprained my ankle... What am I going to do for my 1.6km NAPFA run tomorrow?!? Damn.,983.1390886455579
4953,im like it goes from north face coats to cotton v necks...i cop jackets for no reason,983.445594175865
4954,I'm too poor,983.8718959615568
4955,yeah i have. looked/phoned/knocked on doors/put up 'missing' posters. and....nothing....,983.878993031707
4956,is the worst girlfriend in the universe!,983.9110615608862
4957,"Summer cannot come fast enough! Unfortunately, I don't think I've ever had more obstacles separate me from warm weather and relaxation!",983.9182320181823
4958,"Wondering where I can find the last ep of Old Harrys Game... the R4 website redesign is pretty, but not helping me atm",984.7941019687291
4959,"It annoys me that a 250 GB hard drive doesn't actually hold 250 GBs. In fact, no drive holds the number of GBs it claims to hold. Sucks!",984.9339759328745
4960,I've never even been to a drive in movie. I wish we had that. Sounds like fun. Glad you enjoyed it.,984.9823812822121
4961,just woke up kinda not feeling well...,985.0026342778115
4962,me wantz more vacation,985.0063797171227
4963,sad 'cause of some people,985.1873580256663
4964,just got home from work...work again tomorrow morning. shower then bed now...,985.2790335365285
4965,...flooded in at work. not cool.,985.4104025414827
4966,just got hit with something - sick as a dog with less than 48 hours before I am supposed to fly with lucia to Texas....,985.5003395092028
4967,Oh i received an answer for a ticket that is 6!!!!!! month old. This is really really fast #cob #ticket,985.9054209593485
4968,What a nasty rainy day out today,985.9588461665585
4969,. yes I am thanks for reaveling to the world bro fuck my life hahaha,986.2783947392749
4970,"I love being single, except.............when I'm sick.",986.6200157914211
4971,What format are the templates? I don't have any adobe software,987.0188987890256
4972,"#mlbtv #fox why are you making me watch a 16-2 game when there's a a rivalry game, split by 1 run, *you're broadcasting live* elsewhere?",987.3322200262392
4973,"Just spent 30 minutes knitting, tinking, re-knitting and re-tinking a row of lace on my Swallowtail shawl. Lace is so relaxing.",987.5689241444219
4974,has a lot on her mind. I needs to make some moneys. And ideas. Nowhere is hiring!,987.6842033254644
4975,Hello! Im out of coffee this morning..that's what i get for winding you up yesterday!!! Lol Have a good day!,988.72254205464
4976,cant be bothered gwtting dressed x,988.88244073876
4977,tierd whats pt swagger mean.. i love the sound of it,988.9827418180452
4978,oh my god internet explorer 6 and 7 i just don't understand you guys,989.9261355427308
4979,Go to class??.... Or study....,989.9350313257972
4980,"As a kid, I chased my cat with a spray bottle , LOL #randomfacts",989.9879077390586
4981,miss you too!,990.0533522052178
4982,at work and tired. doing reports... fun! no not really,990.0984985244769
4983,wow... i miss the philly ballpark a little. but i really miss center city philly fun,990.1968692362324
4984,except for the fact JW stuff is out and it rocks... shame I'm skint!,990.596845573787
4985,CURSE MY SLOW INTERNET. I miss YouTube,990.5998112973563
4986,Just saw my old house for the first time in a long time. It's so beautiful they've done a ton to it... I miss it,990.6540815766907
4987,is now waiting and wanting people 2 follow her,990.7346447199673
4988,About to ge ready for work as i have a 9 hour shift ahead of me x,990.7641706347232
4989,-Doing coursework,991.0160827167333
4990,only a quarter of a percent babe darn,991.3149112351884
4991,No new csi tonight. FML,991.4312288534386
4992,this rick ross album makes me wish i had a car,991.6883726406609
4993,"I'm actually salivating! NEED SWEETIES, chubb says no",991.9432901108709
4994,: i dont know im in the UK so isn't out here yet so jealous,991.9478451255842
4995,"i feel sad, i couldn't travel to see you guys in Amsterdam! can you come to Norway soon?",992.566675830991
4996,"I got to my store early (thought it opened at 9, but it opened at 10). Was going to grab a few for friends, but 1 person limit.",992.9612611127817
4997,Stuck on my own at work super stressed. I wish i was somewhere else,993.1777758964912
4998,Off to work to do some IT strategizing and then strategize fixing my own computer at home.,993.1951273392093
4999,5am bedtime last night?! i am sleeeepy! gloomy day in CO today. boyfriend left for nepal,993.2344385696407
